source,label,rules,sentence
Zordan (fiume),venetian,template_boilerplate,"Jordan RiverEnçiclopedia Britannica, Encyclopædia Britannica, Inc."
Klemens von Metternich,lombard,template_boilerplate,"London: Weidenfeld & Nicolson, 1999."
Joan Fuster,neapolitan,template_boilerplate,"València, Lo Rat Penat, 1957."
Gabriella Pession,venetian,template_boilerplate,"Gabriella PessionAllMovie, All Media Network."
Gabriella Pession,venetian,template_boilerplate,"Gabriella PessionRotten Tomatoes, Flixster Inc."
Tanacetum balsamita,lombard,template_boilerplate,"Oxford University Press, New York."
H.P. Lovecraft,standard,template_boilerplate,"Adriano Monti Buzzetti Colella, Oscure Radici."
Gana,venetian,template_boilerplate,"GhanaEnçiclopedia Britannica, Encyclopædia Britannica, Inc."
Gabriele Falloppio,venetian,template_boilerplate,"Gabriel FallopiusEnçiclopedia Britannica, Encyclopædia Britannica, Inc."
Achberg,piedmontese,template_boilerplate,"Achberg a l'é na comun-a dl'Almagna, ant ël distret ëd Ravensburg, ant la region aministrativa ëd Tubinga, stat dël Baden-Württemberg."
Achim,piedmontese,template_boilerplate,A aparten al Samtgemeinde  ëd Oderwald.
Achstetten,piedmontese,template_boilerplate,"Achstetten a l'é na comun-a dl'Almagna, ant ël distret ëd Biberach, ant la region aministrativa ëd Tubinga, stat dël Baden-Württemberg."
Adelberg,piedmontese,template_boilerplate,"Adelberg a l'é na comun-a dl'Almagna, ant ël distret ëd Göppingen, ant la region aministrativa ëd Stocarda, stat dël Baden-Württemberg."
Adelebsen,piedmontese,template_boilerplate,"Adelebsen a l'é un munissipi dl'Almagna localisà ant ël distret ëd Göttingen, stat dla Bassa Sassònia."
Adelheidsdorf,piedmontese,template_boilerplate,"Adelheidsdorf a l'é un munissipi dl'Almagna localisà ant ël distret ëd Celle, stat dla Bassa Sassònia."
Adelheidsdorf,piedmontese,template_boilerplate,A aparten al Samtgemeinde ëd Wathlingen.
Adenbüttel,piedmontese,template_boilerplate,"Adenbüttel a l'é un munissipi dl'Almagna localisà ant ël distret ëd Gifhorn, stat dla Bassa Sassònia."
Adenbüttel,piedmontese,template_boilerplate,A aparten al Samtgemeinde ëd Papenteich.
Adendorf,piedmontese,template_boilerplate,"Adendorf a l'é un munissipi dl'Almagna localisà ant ël distret ëd Lüneburg, stat dla Bassa Sassònia."
Adenstedt,piedmontese,template_boilerplate,"Adenstedt a l'é un munissipi dl'Almagna localisà ant ël distret ëd Hildesheim, stat dla Bassa Sassònia."
Adenstedt,piedmontese,template_boilerplate,A aparten al Samtgemeinde ëd Sibbesse.
Aeropòrt_ëd_Atlanta_Hartsfield-Jackson,piedmontese,template_boilerplate,L'antërnassional Maynard H. Jackson Jr.
Affalterbach,piedmontese,template_boilerplate,"Affalterbach a l'é na comun-a dl'Almagna, ant ël distret ëd Ludwigsburg, ant la region aministrativa ëd Stocarda, stat dël Baden-Württemberg."
Affinghausen,piedmontese,template_boilerplate,"Affinghausen a l'é un munissipi dl'Almagna localisà ant ël distret ëd Diepholz, stat dla Bassa Sassònia."
Affinghausen,piedmontese,template_boilerplate,A aparten al Samtgemeinde ëd Schwaförden.
Agathenburg,piedmontese,template_boilerplate,"Agathenburg a l'é un munissipi dl'Almagna localisà ant ël distret ëd Stade, stat dla Bassa Sassònia."
Agathenburg,piedmontese,template_boilerplate,A aparten al Samtgemeinde ëd Horneburg.
Agensìa_Spassial_Europenga,piedmontese,citation_shape,L'ESA a l'é stàita creà ai 31 ëd magg dël 1975 da la fusion ëd doi organisassion preesistente: l'ELDO (European Launcher Development Organisation) e l'ESRO (European Space Research Organisation).
Ahausen,piedmontese,template_boilerplate,"Ahausen a l'é un munissipi dl'Almagna localisà ant ël distret ëd Rotenburg, stat dla Bassa Sassònia."
Ahausen,piedmontese,template_boilerplate,A aparten al Samtgemeinde ëd Sottrum.
Ahlden,piedmontese,template_boilerplate,"Ahlden a l'é un munissipi dl'Almagna localisà ant ël distret ëd Heidekreis, stat dla Bassa Sassònia."
Ahlden,piedmontese,template_boilerplate,A aparten al Samtgemeinde ëd Ahlden.
Ahlerstedt,piedmontese,template_boilerplate,"Ahlerstedt a l'é un munissipi dl'Almagna localisà ant ël distret ëd Stade, stat dla Bassa Sassònia."
Ahlerstedt,piedmontese,template_boilerplate,A aparten al Samtgemeinde ëd Harsefeld.
Ahnsbeck,piedmontese,template_boilerplate,"Ahnsbeck a l'é un munissipi dl'Almagna localisà ant ël distret ëd Celle, stat dla Bassa Sassònia."
Ahnsbeck,piedmontese,template_boilerplate,A aparten al Samtgemeinde ëd Lachendorf.
Ahnsen,piedmontese,template_boilerplate,"Ahnsen a l'é un munissipi dl'Almagna localisà ant ël distret ëd Schaumburg, stat dla Bassa Sassònia."
Ahnsen,piedmontese,template_boilerplate,A aparten al Samtgemeinde ëd Eilsen.
Aichelberg,piedmontese,template_boilerplate,"Aichelberg a l'é na comun-a dl'Almagna, ant ël distret ëd Göppingen, ant la region aministrativa ëd Stocarda, stat dël Baden-Württemberg."
Aichhalden,piedmontese,template_boilerplate,"Aichhalden a l'é na comun-a dl'Almagna, ant ël distret ëd Rottweil, ant la region aministrativa ëd Freiburg, stat dël Baden-Württemberg."
Aichstetten,piedmontese,template_boilerplate,"Aichstetten a l'é na comun-a dl'Almagna, ant ël distret ëd Ravensburg, ant la region aministrativa ëd Tubinga, stat dël Baden-Württemberg."
Aichwald,piedmontese,template_boilerplate,"Aichwald a l'é na comun-a dl'Almagna, ant ël distret ëd Esslingen, ant la region aministrativa ëd Stocarda, stat dël Baden-Württemberg."
Aidlingen,piedmontese,template_boilerplate,"Aidlingen a l'é na comun-a dl'Almagna, ant ël distret ëd Böblingen, ant la region aministrativa ëd Stocarda, stat dël Baden-Württemberg."
Aitern,piedmontese,template_boilerplate,"Aitern a l'é na comun-a dl'Almagna, ant ël distret ëd Lörrach, ant la region aministrativa ëd Friburgh, stat dël Baden-Württemberg."
Aitrach,piedmontese,template_boilerplate,"Aitrach a l'é na comun-a dl'Almagna, ant ël distret ëd Ravensburg, ant la region aministrativa ëd Tubinga, stat dël Baden-Württemberg."
Albbruck,piedmontese,template_boilerplate,"Albbruck a l'é na comun-a dl'Almagna, ant ël distret ëd Waldshut, ant la region aministrativa ëd Friburgh, stat dël Baden-Württemberg."
Albershausen,piedmontese,template_boilerplate,"Albershausen a l'é na comun-a dl'Almagna, ant ël distret ëd Göppingen, ant la region aministrativa ëd Stocarda, stat dël Baden-Württemberg."
Albert_Eckhout,piedmontese,citation_shape,Le piture a son stàite vëddùe da lë siensià alman Alexander von Humboldt ant ël 1827 e da l'amperator dël Brasil Per II ant ël 1876: tuit doi a son stàit frapà da còsa a l'avio vëddù.
Alberto_Varvaro,piedmontese,isbn_doi;citation_shape,"Cheich tìtoj ëd soa produssion literaria: Storia, problemi e metodi della linguistica romanza, Nàpoli: Liguori, 1968 (2. ed. 1980; 3 ed. 1985. ISBN 88-207-0697-0) La grammatica e l'uso: grammatica italiana per le scuole medie superiori, Nàpoli: Liguori, 1978 (2. ed. 1981)."
Alberto_Varvaro,piedmontese,isbn_doi;citation_shape,"ISBN 88-207-0701-2 La lingua e la società: le ricerche sociolinguistiche, (Tascabili; 56) Nàpoli: Guida, 1978."
Alberto_Varvaro,piedmontese,isbn_doi,"ISBN 88-7042-363-8 Parlare e capire, 2."
Alberto_Varvaro,piedmontese,isbn_doi;citation_shape,"ISBN 88-207-0695-4 La parola nel tempo: lingua, società e storia, (Studi linguistici e semiologici; 20), Bològna: il Mulino, 1984."
Alberto_Varvaro,piedmontese,isbn_doi,"ISBN 88-15-00364-9 Linguistica romanza: corso introduttivo, 2."
Alberto_Varvaro,piedmontese,isbn_doi;citation_shape,"ISBN 88-207-3271-8 Il latino e la formazione delle lingue romanze, Bològna, Il Mulino, 2014."
Aldingen,piedmontese,template_boilerplate,"Aldingen a l'é na comun-a dl'Almagna, ant ël distret ëd Tuttlingen, ant la region aministrativa ëd Friburgh, stat dël Baden-Württemberg."
Alfhausen,piedmontese,template_boilerplate,"Alfhausen a l'é un munissipi dl'Almagna localisà ant ël distret ëd Osnabrück, stat dla Bassa Sassònia."
Alfhausen,piedmontese,template_boilerplate,A aparten al Samtgemeinde ëd Bersenbrück.
Alfstedt,piedmontese,template_boilerplate,"Alfstedt a l'é un munissipi dl'Almagna localisà ant ël distret ëd Rotenburg, stat dla Bassa Sassònia."
Alfstedt,piedmontese,template_boilerplate,A aparten al Samtgemeinde ëd Geestequelle.
Algermissen,piedmontese,template_boilerplate,"Algermissen a l'é un munissipi dl'Almagna localisà ant ël distret ëd Hildesheim, stat dla Bassa Sassònia."
Allensbach,piedmontese,template_boilerplate,"Allensbach a l'é na comun-a dl'Almagna, ant ël distret ëd Costansa, ant la region aministrativa ëd Friburgh, stat dël Baden-Württemberg."
Alleshausen,piedmontese,template_boilerplate,"Alleshausen a l'é na comun-a dl'Almagna, ant ël distret ëd Biberach, ant la region aministrativa ëd Tubinga, stat dël Baden-Württemberg."
Allmannsweiler,piedmontese,template_boilerplate,"Allmannsweiler a l'é na comun-a dl'Almagna, ant ël distret ëd Biberach, ant la region aministrativa ëd Tubinga, stat dël Baden-Württemberg."
Almstedt,piedmontese,template_boilerplate,"Almstedt a l'é un munissipi dl'Almagna localisà ant ël distret ëd Hildesheim, stat dla Bassa Sassònia."
Alt_Bukow,piedmontese,template_boilerplate,"A l'ha 15.13 km² ëd aira, e soa popolassion dël 2019 a l'é staita stimà an 478 abitant."
Alt_Krenzlin,piedmontese,template_boilerplate,"A l'ha 37.57 km² ëd aira, e soa popolassion dël 2019 a l'é staita stimà an 754 abitant."
Alt_Sührkow,piedmontese,template_boilerplate,"A l'ha 25.32 km² ëd aira, e soa popolassion dël 2019 a l'é staita stimà an 392 abitant."
Alt_Tellin,piedmontese,template_boilerplate,"A l'ha 24.32 km² ëd aira, e soa popolassion dël 2019 a l'é staita stimà an 395 abitant."
Alt_Zachun,piedmontese,template_boilerplate,"A l'ha 8.43 km² ëd aira, e soa popolassion dël 2019 a l'é staita stimà an 352 abitant."
Altbach,piedmontese,template_boilerplate,"Altbach a l'é na comun-a dl'Almagna, ant ël distret ëd Esslingen, ant la region aministrativa ëd Stocarda, stat dël Baden-Württemberg."
Altenhagen,piedmontese,template_boilerplate,"A l'ha 11.05 km² ëd aira, e soa popolassion dël 2019 a l'é staita stimà an 312 abitant."
Altenmedingen,piedmontese,template_boilerplate,"Altenmedingen a l'é un munissipi dl'Almagna localisà ant ël distret ëd Uelzen, stat dla Bassa Sassònia."
Altenmedingen,piedmontese,template_boilerplate,A aparten al Samtgemeinde ëd Bevensen.
Altenriet,piedmontese,template_boilerplate,"Altenriet a l'é na comun-a dl'Almagna, ant ël distret ëd Esslingen, ant la region aministrativa ëd Stocarda, stat dël Baden-Württemberg."
Altheim,piedmontese,template_boilerplate,"Altheim a l'é na comun-a dl'Almagna, ant ël distret ëd Biberach, ant la region aministrativa ëd Tubinga, stat dël Baden-Württemberg."
Althengstett,piedmontese,template_boilerplate,"Althengstett a l'é na comun-a dl'Almagna, ant ël distret ëd Calw, ant la region aministrativa ëd Karlsruhe, stat dël Baden-Württemberg."
Altkalen,piedmontese,template_boilerplate,"A l'ha 45.54 km² ëd aira, e soa popolassion dël 2019 a l'é staita stimà an 789 abitant."
Am_Salzhaff,piedmontese,template_boilerplate,"A l'ha 15.45 km² ëd aira, e soa popolassion dël 2019 a l'é staita stimà an 515 abitant."
Amelinghausen,piedmontese,template_boilerplate,"Amelinghausen a l'é un munissipi dl'Almagna localisà ant ël distret ëd Lüneburg, stat dla Bassa Sassònia."
'O_sole_mio,sardinian,english_text,"Giai in su 1957 ""Bill Haley and His Comets"" nde ainat intzisu una versione, cun su tìtulu Come rock with me."
'Onne,sardinian,isbn_doi;citation_shape,"Manlio Brigaglia e Salvatore Tola, Fonni, in Dizionario storico-geografico dei comuni della Sardegna, vol. 2, Tàtari, Carlo Delfino editore, 2006,  pp. 207-209, ISBN 978-88-7138-430-6, OCLC 888708482."
420_(cannabis),sardinian,citation_shape,"Is manifestadas principalis in Nord America funt organizadas me is logus chi sighint: Hippie Hill in San Francisco's Golden Gate Park acanta a s'apendìtziu de Haight-Ashbury; University of Colorado's Boulder campus; Ottawa, Ontario, in Parliament Hill e Major's Hill Park; Montréal, Quebec, anchè is monumentus de Mount Royal; Edmonton, Alberta, Alberta Legislature Building; Vancouver, British Columbia, Vancouver Art Gallery, de su 2016 fintzas in Sunset Beach."
420_(cannabis),sardinian,url_metadata,"(EN) 420 Meaning: The True Story Of How April 20 Became ‘Weed Day’, in huffpost.com."
420_(cannabis),sardinian,url_metadata,"Mom and Dad now know about ”4/20”, in santacruzsentinel.com."
420_(cannabis),sardinian,url_metadata,"The new high life, in latimes.com."
ABBA:_The_Album,sardinian,english_text,"""Take a Chance on Me"" – 4:03 ""One Man, One Woman"" – 4:37 ""The Name of the Game"" – 4:53 (Andersson, Stig Andersson, Ulvaeus) ""Move On"" – 4:45 (Andersson, Stig Andersson, Ulvaeus) ""Hole in Your Soul"" – 3:43 ""Thank You for the Music"" – 3:51 ""I Wonder (Departure)"" – 4:34 (Andersson, Stig Andersson, Ulvaeus) ""I'm a Marionette"" – 4:05"
ABBA_(album),sardinian,english_text,"Mamma Mia (Andersson, Stig Anderson, Ulvaeus) – 3:32 Hey, Hey Helen (Andersson, Ulvaeus) – 3:17 Tropical Loveland (Andersson, Anderson, Ulvaeus) – 3:06 SOS (Andersson, Anderson, Ulvaeus) – 3:23 Man in the Middle (Andersson, Ulvaeus) – 3:03 Bang-A-Boomerang (Andersson, Anderson, Ulvaeus) – 3:04 I Do, I Do, I Do, I Do, I Do (Andersson, Anderson, Ulvaeus) – 3:17 Rock Me (Andersson, Ulvaeus) – 3:06 Intermezzo No. 1 (Andersson, Ulvaeus) – 3:48 I've Been Waiting For You (Andersson, Anderson, Ulvaeus) – 3:41 So Long (Andersson, Ulvaeus) – 3:06"
A_Manca_pro_s'Indipendèntzia,sardinian,citation_shape,Giassu ufitziale Archiviadu su 24 cabudanni 2010 in s'Internet Archive.
Achille_Bonito_Oliva,sardinian,citation_shape,"The different avant-gardes, Milano, Deco press, 1976."
Achille_Bonito_Oliva,sardinian,template_boilerplate,"Arcimboldo, Parma, Franco Maria Ricci, 1978."
Achille_Bonito_Oliva,sardinian,template_boilerplate,"La Transavanguardia Internazionale, Milano, Politi, 1982."
Achille_Bonito_Oliva,sardinian,isbn_doi;citation_shape,"Palazzo delle Esposizioni, Edizioni Carte Segrete, Roma, 1992, ISBN 88-85203-53-1."
Achille_Bonito_Oliva,sardinian,template_boilerplate,"Renato Mambor, Milano, Galleria Breton, 1971."
Achille_Bonito_Oliva,sardinian,template_boilerplate,"Isgrò: Kissinger, Milano, Galleria Blu, 1974."
Achille_Bonito_Oliva,sardinian,template_boilerplate,"Neue Nationalgalerie Berlin, Berlin, 1974."
Achille_Bonito_Oliva,sardinian,template_boilerplate,"Giancarlo Gorsenio, Milano, Studio Ennesse, 1983."
Achille_Bonito_Oliva,sardinian,citation_shape,Video intervista Archiviadu su 22 austu 2022 in s'Internet Archive.
Adelàsia_Cocco,sardinian,isbn_doi;citation_shape,"Tallia, Aletti Editore, 2019,  pp. 10, ISBN 978-88-5915-779-3."
Adelàsia_Cocco,sardinian,isbn_doi;citation_shape,"Giovanna Vicarelli, Donne e professioni nell'Italia del Novecento, Il Mulino, 2007,  pp. 110, ISBN 978-88-1512-066-3."
Adelàsia_Cocco,sardinian,isbn_doi;citation_shape,"Vita, morte e miracoli di quaranta personalità sarde, Sestu, Domus de Janas, 2019, ISBN 978-88-97084-90-7, OCLC 1124656644."
Adriano_Olivetti,sardinian,template_boilerplate,"Adriano Olivetti, Società, Stato, Comunità."
Agalbursa_de_Cervera,sardinian,isbn_doi;citation_shape,"Massimo Rassu, 2006, ISBN 8888246959."
Agnese_de_Càlaris,sardinian,isbn_doi;url_metadata;citation_shape,"Alberto Boscolo, Agnese di Massa, in ""Dizionario Biografico degli Italiani"", Treccani, Roma 1966 (IT) Raimondo Carta Raspi, Storia della Sardegna, Milanu, Mursia, 1971, ISBN 9788842506850, OCLC 462998915, SBN IT\ICCU\TO0\0752056."
Agnese_de_Càlaris,sardinian,url_metadata,"Raimondo Pinna, Santa Igia, la città del giudice Guglielmo, Condaghes, Casteddu 2010 (IT) Antonietta Uras, L'ultima regina di Torres, Curcio, Roma 2014"
Agèntzia_Ispatziale_Europea,sardinian,url_metadata,"Istòria de sa cooperatzione ispatziale europea, 1958-2005, CLUEB (Bologna), 2006 (EN) Situ de sESA, in esa.int."
Agèntzia_Ispatziale_Europea,sardinian,url_metadata;citation_shape,Sos archìvios e su progetu 'Oral History of Europe in Space' de s'ESA sunt cunservados in sos Archìvios Istòricos de s'UE in Firentze (EN) Earth Snapshot Archiviadu su 20 santugaine 2020 in s'Internet Archive.
Alan_Lomax,sardinian,url_metadata,"(EN)Mister Jelly Roll, New York 1950 (EN)Folk Song Style and Culture, Washington, DC, 1968 (EN)Index of World Song, New York 1977 (IT)La terra del blues."
Alan_Lomax,sardinian,url_metadata,"Cun su babbu John A. Lomax: (EN)American Ballads and Folksongs, New York 1934 (EN)Negro Folksongs as Sung by Leadbelly, New York 1936"
Alan_Turing,sardinian,english_text,"In su 1937 at publicadu unu de is traballos de cosa sua prus mentovadu, ""On Computable Numbers with an application to the Entscheidungsproblem"" (A pitzus de is nùmeros computàbiles cun aplicatziones a su problema de sa decibilidade)."
Alan_Turing,sardinian,english_text,"""On Computable Numbers, with an Application to the Entscheidungsproblem"" est un'artìculu de meda importu pro sa lògica matemàtica e s'informàtica."
Alan_Turing/campidanesu,sardinian,english_text,"In su 1937 at pubricau unu de is traballus de cosa sua prus fentomadus, On Computable Numbers, with an Application to the Entscheidungsproblem, est a nai A Pitzu de is numerus chi fait a carcolai, cun un'aplicatzioni a su problema de sa Decidibilidadi."
Alan_Turing/campidanesu,sardinian,english_text,"On Computable Numbers, with an Application to the Entscheidungsproblem est unu artìculu de meda importu po sa lògica matemàtica e s'informàtica."
Alaró,sardinian,template_boilerplate,Alaró est una comuna ispagnola de 5.327 abitantes situadu in sa comunidade autònoma de sas Baleares.
Albina_Angioni,sardinian,isbn_doi;citation_shape,"Albina Angioni, Inbentu sa luxi - Poesias, Patiolla, Grafica del Parteolla, 2002, ISBN 978-88-88246-16-1."
Albina_Angioni,sardinian,isbn_doi;citation_shape,"Albina Angioni, Sa littra de mariedda e contus de su tempus chi currit, Turistel, 2006, ISBN 9788890230905."
Albina_Angioni,sardinian,isbn_doi;citation_shape,"Francesco Casula, Letteratura e Civiltà della Sardegna - Volume III - Il Teatro in Lingua Sarda, Patiolla, Grafica Del Parteolla, 2020, ISBN 978-88-6791-231-5."
Albino_Bernardini,sardinian,url_metadata;citation_shape,http://www.albinobernardini.it Archiviadu su 30 ghennàrgiu 2014 in s'Internet Archive.
Alcalá_de_la_Vega,sardinian,url_metadata;citation_shape,www.alcaladelavega.com Archiviadu su 6 santugaine 2015 in s'Internet Archive.
Alcúdia,sardinian,template_boilerplate,Alcúdia est una comuna ispagnola de 19.071 abitantes situadu in sa comunidade autònoma de sas Baleares.
Alfabetu_fonèticu_internatzionale,sardinian,url_metadata,"Pagina ufficiale de s'IPA, in internationalphoneticassociation.org."
Alfabetu_fonèticu_internatzionale,sardinian,url_metadata,"Scarica sa tabella IPA in pdf aggiornada a su 2015 (PDF), in internationalphoneticassociation.org."
Alfabetu_fonèticu_internatzionale,sardinian,citation_shape,WikiTeX Archiviadu su 6 cabudanni 2004 in s'Internet Archive.
Algaida,sardinian,template_boilerplate,Algaida est una comuna ispagnola de 5.050 abitantes situadu in sa comunidade autònoma de sas Baleares.
Alice_in_Chains,sardinian,url_metadata;citation_shape,"William DuVall - boghe, ghitarra ritmiga (2006-como) Jerry Cantrell - ghitarra solista, boghe (1987-como) Mike Inez - bassu (1993-como) Sean Kinney - batteria (1987-como) Layne Staley - boghe, ghitarra ritmiga (1987-2002) Mike Starr - basso (1987-1992) (EN) Jassu Ufitzialle de is Alice In Chains Archiviadu su 21 trìulas 2006 in s'Internet Archive."
All_About_Eve,sardinian,english_text,"All About Eve est una pellícula drammàticu de su 1950 dirìgidu dae Joseph L. Mankiewicz e basadu a pitzus de su contu  ""The Wisdom of Eve"" de Mary Orr, mancari custu non siat acreditadu me is tìtulos de sa pellìcula."
Alpitour,sardinian,url_metadata,"In su 2008, su Grupu lantzat Alpitourworld.com, su portale e-commerce in ue si podent comporare sas bagàntzias de Alpitour, Francorosso, Villaggi Bravo, Volando e Jeans."
Amblyocarenum_nuragicus,sardinian,english_text,"Decae, A., Colombo, M. & B. Manunza, Species diversity in the supposedly monotypic genus Amblyocarenum Simon, 1892, with the description of a new species from Sardinia (Araneae, Mygalomorphae, Cyrtaucheniidae) in Arachnology, vol. 16, nº 6, 2014, pp. 228-240."
Anatomia,sardinian,url_metadata,"Anatomia virtuale del corpo umano in 3D gratis sul tuo PC, in abtechno.org."
Anatomia,sardinian,english_text,More 2000 slices MR and CT scan to create an interactive atlas of whole body cross-sectional anatomy.
Anatomia,sardinian,url_metadata,", ) (EN) Free online anatomy atlas, in innerbody.com."
Anatomia,sardinian,url_metadata;english_text,"Anatomy of the Human Body by Henry Gray, in bartleby.com."
Andreas_Fridolin_Weis_Bentzon,sardinian,template_boilerplate,"F. W. Bentzon, The Launeddas."
Andreas_Fridolin_Weis_Bentzon,sardinian,isbn_doi;citation_shape,"A Sardinian folk music instrument (2 voll. Acta Musicologica Danica n°1), Akademisk Forlag, Copenaghen, 1969 F. W. Bentzon, Launeddas, Cagliari, 2002 ISBN 8888998004 Cirese A. - Murru A."
Andreas_Fridolin_Weis_Bentzon,sardinian,citation_shape,"Il mondo poetico di Ortacesus nelle registrazioni e negli studi di Andreas Fridolin Weis Bentzon con 2 CD Audio, Cagliari, 2006 Unu de Danimarca (in sardu) Andreas Fridolin Weis Bentzon - Sardegna Cultura Archiviadu su 5 martzu 2016 in s'Internet Archive."
Anibal_Troilo,sardinian,citation_shape,"Tito Reyes (su pius chi es' restadu cun Troilo: undig'annos finas a sa fine) Comente e composidore aiat iscrittu unu numeru immensu de tangos, zitende sos pius famosos: Sa domo de Pichuco Archiviadu su 13 nadale 2009 in s'Internet Archive."
Anna_Cristina_Serra,sardinian,isbn_doi;citation_shape,"Anna Cristina Serra, Bellebbatu - La parlata di San Basilio, Domus de Janas, 2009, ISBN 978-88-88569-87-1, OCLC 731501700."
Anna_Cristina_Serra,sardinian,isbn_doi;citation_shape,"Anna Cristina Serra, Lentores = Drosies = Rugiade, 1ª ed., Soter, 20 austu 2019, ISBN 978-88-97943-90-7, OCLC 1137754087."
Anna_Cristina_Serra,sardinian,template_boilerplate,"Anna Cristina Serra, Alientu, 2004."
Anna_Cristina_Serra,sardinian,isbn_doi;citation_shape,"ed, Selàrgius, Domus de Janas, 2006, ISBN 88-88569-61-8, OCLC 77504100."
Anna_Cristina_Serra,sardinian,isbn_doi;citation_shape,"Grafica del Parteolla, 2013, ISBN 978-88-6791-018-2, OCLC 931462627."
Anna_Maria_Jopek,sardinian,citation_shape,"Upojenie (e Pat Metheny) (2002) BMW Jazz Club Volume 1: Jo & Co (live) (2008) Nie przychodzisz mi do głowy (1997) Księżyc jest niemym posłańcem (1999) Na całej połaci śnieg (e Jeremi Przybora, 1999) Nadzieja nam się stanie (1999) Henry Lee / Tam, gdzie rosną dzikie róże (e Maciej Maleńczuk, 2001) O co tyle milczenia (2002) Małe dzieci po to są (2003) Tam, gdzie nie sięga wzrok (2003) A gdybyśmy nigdy się nie spotkali (2006) Cisza na skronie, na powieki słońce (2008) Situ d'Anna Maria Jopek Archiviadu su 2 làmpadas 2009 in s'Internet Archive."
Anna_Oppo,sardinian,isbn_doi;citation_shape,"Anna Oppo e Sergio Lodde, La Provincia di Oristano: il lavoro e la vita sociale, Cinisello Balsamo, Silvana Editoriale, 1991, ISBN 9788836603084, OCLC 879841144."
Anna_Oppo,sardinian,isbn_doi;citation_shape,"Anna Oppo, Simonetta Piccone-Stella e Amalia Signorelli, Maternità, identità, scelte : percorsi dell'emancipazione femminile nel Mezzogiorno, Napoli, Liguori, 2000, ISBN 9788820730222, OCLC 237396927."
Anna_Oppo,sardinian,isbn_doi;citation_shape,"Robert King Merton, Teoria sociologica e ricerca empirica, tradutzione de Anna Oppo, Carlo Marletti, 1972  [1949],  pp. 278, ISBN 978-88-15-07654-0, OCLC 886570503."
Anna_Rita_Del_Piano,sardinian,citation_shape,"Popolari) (2008) Arie di Napoli regia di Pino Cormani (2009) Ombretenue omaggio a Billie Holiday, (2009) Monologo “Portapporta” Premio Fiorenzo Fiorentini ”Amore per Roma”  (Finalista) (2010) “Come prendere 2 piccioni con una fava”, Concetta (2011) “Nulla è Cambiato”, Angela, (2011) Il Rondello, Anna Rita Del Piano Archiviadu su 14 cabudanni 2013 in s'Internet Archive."
Annalisa_Diaz,sardinian,url_metadata;citation_shape,"University Press_Ricerche Sociali/Cuec, 2013 (IT) Annalisa Diaz - X legislatura, Parlamento italiano, in legislature.camera.it."
Anthony_Muroni,sardinian,isbn_doi;citation_shape,"Mortu in die nodida, Ulìana, Ethos Edizioni, 2012, ISBN 8895226283."
Anthony_Muroni,sardinian,isbn_doi;citation_shape,"Francesco Cossiga dalla A alla Z. Il vocabolario del sardo che viveva per la politica, Ulìana, Ethos Edizioni, 2012, ISBN 978-88-95226-24-8, OCLC 795156541."
Anthony_Muroni,sardinian,isbn_doi;citation_shape,"Appunti sparsi di un cronista, Edizioni La Zattera, 2017, ISBN 8885586066."
Anthony_Muroni,sardinian,isbn_doi;citation_shape,"Cossiga e l'alfabeto con la K, Santelli Editore, 2020, ISBN 9788892920125."
Anthony_Muroni,sardinian,isbn_doi;citation_shape,"Anthony Muroni, Mario Melis: il presidente dei Sardi, Casteddu, Arkadia Editore, 2021, ISBN 978-88-6851-326-9, OCLC 1258021853."
Anthony_Muroni,sardinian,isbn_doi;citation_shape,"Antoni Murone, In s'àndala de is gigantes: Un'istòria ispantosa, tradutzione de Tore Cubeddu e Micheli Ladu, Casteddu, Edizioni La Zattera, 2023, ISBN 979-12-2205-530-5."
Antine_Nivola,sardinian,citation_shape,"In su 1962 at insegnadu in su dipartimentu de arte de sa Columbia University e at otentu reconnoschimentos in New York (medàllia de prata de sa ""Architectural League"" e diploma de sa ""Municipal Art Society""; in su 1967 medàllia de oro e in su 1968 ""Fine Arts Medal"" de su ""American Institute of Architets"")."
Antine_Nivola,sardinian,english_text,"In sos annos imbenientes Antine Nivola at sighidu cun sa faina de s'insegnamentu (""Carpenter Center for the Visual Arts"" in s'Universidade de Harvard e s'Universidade de Berkeley) e est istadu fintzas membru, dae su 1972, de sa ""American Academy and Institute of Arts and Letters"" de New York, fintzas si non teniat sa tzitadinàntzia americana."
Antine_Nivola,sardinian,isbn_doi;citation_shape,"Giuliana Altea e Antonella Camarda, Formal Autonomy versus Public Participation: The Modernist Monument in Costantino Nivola’s work, in Inbal Ben-Asher Gitler (a incuru de), Monuments and Site-Specific Sculpture in Urban and Rural Space, Cambridge Scholars Publishing, 11 maju 2017,  pp. 134-162, ISBN 9781443892711."
Antine_Nivola,sardinian,isbn_doi;citation_shape,"La Sintesi delle arti, Nùgoro, Ilisso, 2015, ISBN 8862023359."
Antine_Nivola,sardinian,isbn_doi;citation_shape,"Costantino Nivola, Costantino Nivola : 100 years of creativity, a incuru de Renato Miracco, Milanu, Charta, 2012, ISBN 9788881588367."
Antine_Nivola,sardinian,isbn_doi;citation_shape,"Maddalena Mameli, Le Corbusier e Costantino Nivola: New York, 1946-1953, Milanu, FrancoAngeli, 2012, ISBN 9788856846287."
Antine_Nivola,sardinian,isbn_doi;citation_shape,"I disegni di Costantino Nivola, Tàtari, Agave, 2011, ISBN 8896547083."
Antine_Nivola,sardinian,isbn_doi;citation_shape,"L’investigazione dello spazio, Nùgoro, Ilisso, 2010, ISBN 8862020597."
Antine_Nivola,sardinian,isbn_doi;citation_shape,"Giuliana Altea, Costantino Nivola (PDF), Nùgoro, Ilisso, 2005, ISBN 9788889188132, OCLC 60436870."
Antine_Nivola,sardinian,isbn_doi;citation_shape,"U. Collu et al., Museo Nivola, Nùgoro, Ilisso, 2004, ISBN 88-89188-26-X."
Antine_Nivola,sardinian,isbn_doi;citation_shape,"Sylvie Forestier, Nivola: terrecotte ; opere dello studio Nivola, Amagansett, USA, Milanu, Jaca Book, 2004, ISBN 9788816603059."
Antine_Nivola,sardinian,isbn_doi;citation_shape,"Roberto Cassanelli, Ugo Collu e Ornella Selvafolta, Nivola, Fancello, Pintori : percorsi del moderno : dalle arti applicate all'industrial design, Milanu, Jaca Book, 2003, ISBN 8816603046, OCLC 54511432."
Antine_Nivola,sardinian,isbn_doi;citation_shape,"Micaela Martegani (a incuru de), Costantino Nivola in Springs, New York-Nùgoro, Parrish Art Museum-Ilisso, 2003, ISBN 8887825645, OCLC 53373537."
Antine_Nivola,sardinian,isbn_doi;citation_shape,"Raffaella Venturi, Dore Ashton e Diego Mormorio, Costantino Nivola : biografia per immagini, con testo di R. Venturi e saggi introduttivi di D. Ashton e D. Mormorio, Nùgoro, Ilisso, 2001, ISBN 888782522X, OCLC 48108087."
Antine_Nivola,sardinian,isbn_doi;citation_shape,"Costantino Nivola, Costantino Nivola: sculture, dipinti, disegni, Milanu, Electa, 1999, ISBN 9788843572861."
Antine_Nivola,sardinian,isbn_doi;citation_shape,"Alberto Crespi, Fred Licht e Salvatore Naitza, Nivola: dipinti e grafica, Milanu, Jaca Book, 1995, ISBN 8816601698, OCLC 34193622."
Antine_Nivola,sardinian,template_boilerplate,"Museo Nivola, Nùgoro, Ilisso, 1995."
Antine_Nivola,sardinian,isbn_doi;url_metadata;citation_shape,"Profili, Il Bagatto, Roma 1986 (IT) Costantino Nivola, Memorie di Orani, Milanu, Libri Scheiwiller, 1996, ISBN 8876442251, OCLC 35221970."
Antine_Nivola,sardinian,url_metadata,"Composizione, Monza, Musei Civici, in wwmm.org."
Antine_Nivola,sardinian,url_metadata,"Roggia nel Parco, Monza, Musei Civici, in wwmm.org."
Antine_Nivola,sardinian,url_metadata,"Ritratto di Marino Marini, Monza, Civiche raccolte d'arte, in wwmm.org."
Antine_Nivola,sardinian,url_metadata,"Recensione della mostra di Nivola al Palazzo Regio di Cagliari, di Roberta Vanali, in exibart.com."
Antine_Nivola,sardinian,url_metadata,"(IT) la tecnica del Sand Casting, in YouTube."
Antonangelo_Liori,sardinian,isbn_doi;citation_shape,"Antonangelo Liori, Demoni, miti e riti magici della Sardegna : un viaggio affascinante e singolare tra i misteri millenari di una regione straordinariamente ricca di tradizioni, in Quest'Italia, Roma, Newton & Compton, 1992, ISBN 978-88-8183-533-1, SBN IT\ICCU\CFI\0248081."
Antonangelo_Liori,sardinian,isbn_doi;citation_shape,"Antonangelo Liori, Racconti della montagna, in griot, Casteddu, AM&D, 1997, ISBN 978-88-86799-22-5, SBN IT\ICCU\CAG\0040459."
Antonangelo_Liori,sardinian,isbn_doi;citation_shape,"Antonangelo Liori, Il processo barbaricino : teoria e pratica della vendetta in Sardegna, Milanu, Giuffrè, 2003, ISBN 978-88-14-09992-2, SBN IT\ICCU\RMG\0103437."
Antonangelo_Liori,sardinian,isbn_doi;citation_shape,"Antonangelo Liori, Storie e leggende dalle Barbagie, in Trenino verde, Casteddu, Condaghes, 2006, ISBN 978-88-7356-072-2, SBN IT\ICCU\CAG\1149137."
Antonangelo_Liori,sardinian,isbn_doi;citation_shape,"Antonangelo Liori, Sardegna da divorare : le ricette mitologiche di una terra perduta fra inganno e magia, in Soliana, Sestu, Zonza, 2007, ISBN 978-88-8470-242-5, SBN IT\ICCU\CAG\1469617."
Antonangelo_Liori,sardinian,isbn_doi;citation_shape,"I Templi del Sonno: storia e storie delle cumbessias, Casteddu, Abbà, 2019, ISBN 978-88-942411-4-3, SBN IT\ICCU\CAG\2084718."
Antonangelo_Liori,sardinian,isbn_doi;citation_shape,"Antonangelo Liori, Religione e sesso nella Sardegna antica, Casteddu, Abbà, 2020, ISBN 978-88-942411-6-7, SBN IT\ICCU\CAG\2100181."
Antonangelo_Liori,sardinian,isbn_doi;citation_shape,"Antonangelo Liori, Un sentiero per la santità : la mistica semplice di Fra Lorenzo da Sardara, in Mistici, Casteddu, Abbà, 2021, ISBN 978-88-945598-5-9, SBN IT\ICCU\CAG\2118243."
Antonangelo_Liori,sardinian,isbn_doi;citation_shape,"Antonangelo Liori, Tràmuda: l'ultima transumanza, microstoria di una tradizione perduta, in Radici e memoria, fotografias de Francesco Pintore, Casteddu, Abbà, 2021, ISBN 978-88-945598-8-0, SBN IT\ICCU\CAG\2120505."
Antonangelo_Liori,sardinian,isbn_doi;citation_shape,"Antonangelo Liori, Un mondo rovesciato: armonia e rimorso nei bronzetti nuragici, Casteddu, Abbà, 2022, ISBN 979-12-80927-04-0, SBN IT\ICCU\CAG\2134313."
Antonangelo_Liori,sardinian,isbn_doi;citation_shape,"Antonangelo Liori, Contigheddos po Argo: Favolette del nonno al nipotino, Casteddu, Abbà, 2025, ISBN 979-12-8092-725-5."
Antonangelo_Liori,sardinian,isbn_doi;citation_shape,"Antonangelo Liori, Sa messarítzia de is Sardanas, Casteddu, Abbà, 2025, ISBN 979-12-8092-726-2."
Antonangelo_Liori,sardinian,isbn_doi;citation_shape,"Epicurus, Massime e aforismi, in Centopaginemillelire, tradutzione de Antonangelo Liori, Roma, TEN, 1993, ISBN 978-88-7983-274-8, SBN IT\ICCU\LO1\0339136."
Antonangelo_Liori,sardinian,isbn_doi;citation_shape,"Epicurus, La felicità, in Grandi tascabili economici, tradutzione de Antonangelo Liori, Roma, Grandi tascabili economici Newton, 2007, ISBN 978-88-8289-734-5, SBN IT\ICCU\RMB\0782125."
Antonangelo_Liori,sardinian,isbn_doi;citation_shape,"Sa cancione de is frades Barraccas: edizione critica con un introduzione e glossario, in I libri dell'identità, Casteddu, Edizioni della Torre, 1993, ISBN 978-88-7343-246-3, SBN IT\ICCU\CFI\0251518."
Antonello_Mura,sardinian,citation_fragment,"Cardinali Joseph Hippolyte Guibert, O.M.I."
Antonello_Satta,sardinian,citation_shape,"La Barbagia, Jaca Book, Milano (1991) Sa scomuniga de predi Antiogu arrettori de Masuddas: edizione critica, Edizioni Della Torre, 1983 Opere: ""Politica e istituzioni"" - Identità e sottosuolo"" (a cura di Alberto Contu), Condaghes, 2009 Emilio Lussu e la cultura popolare della Sardegna Archiviadu su 5 martzu 2016 in s'Internet Archive."
Antoni_Arca,sardinian,isbn_doi;citation_shape,"Antoni Arca, Isabelleida, València, E. Climent, 1991, ISBN 978-84-7502-310-6, OCLC 25718020."
Antoni_Arca,sardinian,isbn_doi;citation_shape,"Antoni Arca, Els Catalans no dormim mai, Tarragona, El Mèdol, 1992, ISBN 978-84-86542-48-1, OCLC 807586286."
Antoni_Arca,sardinian,isbn_doi;citation_shape,"Antoni Arca, Alguer, 1821, Bartzellona, La Galera, 1996, ISBN 978-84-246-7904-0, OCLC 36087003."
Antoni_Arca,sardinian,isbn_doi;citation_shape,"Antoni Arca, Per una història del meu poble i de mi mateix, Lleida, Pagès Editors, 1998, ISBN 978-84-7935-476-3, OCLC 977630828."
Antoni_Arca,sardinian,isbn_doi;citation_shape,"Antoni Arca, Ussicheddu, illustratziones de Marco Fara, Casteddu, Condaghes, 1999, ISBN 978-88-86229-53-1, OCLC 804104261."
Antoni_Arca,sardinian,isbn_doi;citation_shape,"Antoni Arca, Buc, tradutzione de Miquel Zueras, Bartzellona, La Galera, 2000, ISBN 978-84-246-9513-2, OCLC 807574583."
Antoni_Arca,sardinian,isbn_doi;citation_shape,"Antoni Arca, Golondrina, in Rondalles a teatre, Tàtari, EDES, 2000, ISBN 8886002343."
Antoni_Arca,sardinian,isbn_doi;citation_shape,"Antoni Arca, Bono d'Iknusa: la terra dels gegants petits, illustratziones de Ignasi Blanch, Bartzellona, La Galera, 2001, ISBN 978-84-246-9531-6, OCLC 807215311."
Antoni_Arca,sardinian,isbn_doi,"Alberto Melis, Antoni Arca e 5A e 5B Scuola Maria Immacolata Alghero, Arleppino a Frugolafrù, Casteddu, ISBN 978-88-86229-77-7."
Antoni_Arca,sardinian,isbn_doi;citation_shape,"Antoni Arca, Marina: di libri, di pulci e di ratti, in Il Trenino Verde, illustratziones de Bruno Olivieri, Casteddu, Condaghes, 2000, ISBN 978-88-86229-62-3, OCLC 804144771."
Antoni_Arca,sardinian,isbn_doi;citation_shape,"Antoni Arca e Classe IIIA della Scuola media n°3 di Alghero, Lo scheletro francese, in Il trenino verde: ex-libris, Casteddu, Condaghes, 2000, ISBN 978-88-86229-76-0."
Antoni_Arca,sardinian,isbn_doi;citation_shape,"Antoni Arca, El ximple de Xina, Lleida, Pagès Editors, 2002, ISBN 978-84-7935-970-6, OCLC 51666960."
Antoni_Arca,sardinian,isbn_doi;citation_shape,"Antoni Arca, Pâris et ses femmes, tradutzione de Jacques Thiers, Albiana, 2002, ISBN 978-2-84698-013-5, OCLC 470041624."
Antoni_Arca,sardinian,isbn_doi;citation_shape,"Letteratura per l'infanzia e animazione alla lettura: dalla culla del principe al ciberspazio, Casteddu, Condaghes, 2003, ISBN 978-88-7356-026-5, OCLC 470424229."
Antoni_Arca,sardinian,isbn_doi;citation_shape,"Osservatziones, ideas e propostas apitzu de sa limba sarda, a incuru de Frantziscu Cheratzu, Casteddu, Condaghes, 2003, ISBN 978-88-7356-009-8, OCLC 918052399."
Antoni_Arca,sardinian,isbn_doi;url_metadata;citation_shape,"Antonio Gramsci animatore alla lettura attraverso le ""Lettere dal carcere, Casteddu, Condaghes, 2004, ISBN 978-88-7356-052-4, OCLC 469425130. (IT) Antoni Arca, Ester Pinna e Giovanna Pisano, Carezze, brividi e Harry Potter: mercati letterari per ragazzi, Casteddu, Condaghes, 2004, ISBN 978-88-7356-054-8, OCLC 254760081. (CA) Alunni Scuola Sacro Cuore e 1° Circolo Didattico di Alghero 2003/2004, L´Escola Vella fa cent anys, a incuru de Antonella Marruncheddu e Antoni Arca, Casteddu, Condaghes, 2004, ISBN 978-88-7356-053-1. (IT) Antoni Arca, Fabulas."
Antoni_Arca,sardinian,isbn_doi;url_metadata;citation_shape,"Per una didattica della fiaba, presentatzione de Pino Boero, Novara, Interlinea, 2005, ISBN 978-88-8212-521-9, OCLC 878809033. (IT) Antoni Arca, Corsicana."
Antoni_Arca,sardinian,isbn_doi;url_metadata;citation_shape,"Fiabe corse, in Il Trenino Verde, illustratziones de Patricia Satta, Casteddu, Condaghes, 2006, ISBN 978-88-7356-089-0. (IT) Antoni Arca, A scuola di identità."
Antoni_Arca,sardinian,isbn_doi;url_metadata;citation_shape,"I libri per ragazzi la suggeriscono plurale, Milanu, Franco Angeli, 2006, ISBN 978-88-464-7411-7, OCLC 67225851. (IT) Antoni Arca, Animazione alla lettura: teorie e tecniche, Brèscia, La scuola, 2006, ISBN 978-88-350-2023-3, OCLC 441629751. (IT) Antoni Arca, Alghero, città catalana d'Italia: la letteratura popolare a tutela delle lingue locali, Roma, Carocci, 2006, ISBN 978-88-430-3827-5, OCLC 1169871670. (IT) Antoni Arca, I racconti di Nino: in viaggio tra le lettere dal carcere di Antonio Gramsci ""ai più piccoli"", in Il Trenino Verde, illustratziones de Annalisa Masala, Casteddu, Condaghes, 2007, ISBN 978-88-7356-106-4."
Antoni_Arca,sardinian,isbn_doi;citation_shape,"Antoni Arca, Autobus, in Su trenu rúbiu, illustratziones de Gianni Nieddu, Casteddu, Condaghes, 2007, ISBN 978-88-7356-104-0."
Antoni_Arca,sardinian,isbn_doi;citation_shape,"Antoni Arca, Jocs de paper, in Su trenu rúbiu, illustratziones de Annalisa Masala, Casteddu, Condaghes, 2007, ISBN 978-88-7356-099-9, OCLC 804144533."
Antoni_Arca,sardinian,isbn_doi;citation_shape,"Antoni Arca, Crema de pau, in Su trenu rúbiu, illustratziones de Annalisa Masala, Casteddu, Condaghes, 2007, ISBN 978-88-7356-098-2."
Antoni_Arca,sardinian,isbn_doi;citation_shape,"Antoni Arca, Benidores: literadura, limba e mercadu culturale in Sardigna, in Samanunga, Casteddu, Condaghes, 2008, ISBN 978-88-7356-122-4, OCLC 256927104."
Antoni_Arca,sardinian,isbn_doi;citation_shape,"Antoni Arca, A ballu tango, in Paberiles, Casteddu, Condaghes, 2009, ISBN 978-88-7356-131-6."
Antoni_Arca,sardinian,isbn_doi;citation_shape,"Antoni Arca, A ballu tango, in Paberiles, Casteddu, Condaghes, 2010, ISBN 978-88-7356-802-5."
Antoni_Arca,sardinian,isbn_doi;citation_shape,"Antoni Arca, Domo de Jordi, in Isteddos, Ilartzi, NOR, 2017, ISBN 978-88-97285-84-7."
Antoni_Arca,sardinian,isbn_doi;citation_shape,"Antoni Arca, Domo de Jordi, in Isteddos, Ilartzi, NOR, 2017, ISBN 978-88-97285-51-9."
Antoni_Arca,sardinian,isbn_doi;citation_shape,"Antoni Arca, Casa de Jordi, in Isteddos, Ilartzi, NOR, 2017, ISBN 978-88-3309-009-2."
Antoni_Arca,sardinian,isbn_doi;citation_shape,"Antoni Arca, Casa de Jordi, in Isteddos, Ilartzi, NOR, 2017, ISBN 978-88-97285-85-4."
Antoni_Arca,sardinian,isbn_doi;citation_shape,"Antoni Arca, Casa di Jordi, in Le Pleiadi, Ilartzi, NOR, 2017, ISBN 978-88-97285-86-1."
Antoni_Arca,sardinian,isbn_doi;citation_shape,"Antoni Arca, Grans de magrana, in Isteddos, Ilartzi, NOR, 2017, ISBN 978-88-9728-514-4."
Antoni_Arca,sardinian,isbn_doi;citation_shape,"Antoni Arca, Gavina, in Le Pleiadi, Ilartzi, NOR, 2018, ISBN 978-88-97285-98-4."
Antoni_Arca,sardinian,isbn_doi;citation_shape,"Antoni Arca, Gavina di l'Ortu, in Isteddos, Ilartzi, NOR, 2018, ISBN 978-88-97285-97-7."
Antoni_Arca,sardinian,isbn_doi;citation_shape,"Antoni Arca, Matrioska, in Le Pleiadi, Ilartzi, NOR, 2018, ISBN 978-88-97285-96-0."
Antoni_Arca,sardinian,isbn_doi;citation_shape,"Antoni Arca, Matrioska, in Isteddos, Ilartzi, NOR, 2018, ISBN 978-88-97285-95-3."
Antoni_Arca,sardinian,isbn_doi;citation_shape,"Antoni Arca, lOrodelmondo, in Isteddos, Ilartzi, NOR, 2018, ISBN 978-88-97285-93-9."
Antoni_Arca,sardinian,isbn_doi;citation_shape,"Antoni Arca, lOrodelmondo, in Le Pleiadi, Ilartzi, NOR, 2018, ISBN 978-88-97285-94-6."
Antoni_Arca,sardinian,isbn_doi;citation_shape,"Antoni Arca, Jàgamàra, in Isteddos, Ilartzi, NOR, 2018, ISBN 978-88-97285-91-5."
Antoni_Arca,sardinian,isbn_doi;citation_shape,"Antoni Arca, Giàgamàla, in Le Pleiadi, Ilartzi, NOR, 2018, ISBN 978-88-97285-92-2."
Antoni_Arca,sardinian,isbn_doi;citation_shape,"Antoni Arca, Còcodimàmma, in Isteddos, Ilartzi, NOR, 2018, ISBN 978-88-97285-89-2."
Antoni_Arca,sardinian,isbn_doi;citation_shape,"Antoni Arca, Cocchino, in Le Pleiadi, Ilartzi, NOR, 2018, ISBN 978-88-97285-90-8."
Antoni_Arca,sardinian,isbn_doi;citation_shape,"Antoni Arca, La fésta, in Isteddos, Ilartzi, NOR, 2018, ISBN 978-88-97285-87-8."
Antoni_Arca,sardinian,isbn_doi;citation_shape,"Antoni Arca, L´anniversario, in Le Pleiadi, Ilartzi, NOR, 2018, ISBN 978-88-97285-88-5."
Antoni_Arca,sardinian,isbn_doi;citation_shape,"Antoni Arca, Pintadas, in Isteddos, Ilartzi, NOR, 2018, ISBN 978-88-97285-77-9."
Antoni_Arca,sardinian,isbn_doi;citation_shape,"Antoni Arca, Pintaras, in Isteddos, Ilartzi, NOR, 2018, ISBN 978-88-97285-78-6."
Antoni_Arca,sardinian,isbn_doi;citation_shape,"Antoni Arca, Dipinte, in Le Pleiadi, Ilartzi, NOR, 2018, ISBN 978-88-97285-76-2."
Antoni_Arca,sardinian,isbn_doi;citation_shape,"Antoni Arca, Annie Stevens, in Isteddos, Ilartzi, NOR, 2018, ISBN 978-88-97285-62-5."
Antoni_Arca,sardinian,isbn_doi;citation_shape,"Antoni Arca, Annie´s island, in Le Pleiadi, Ilartzi, NOR, 2018, ISBN 978-88-97285-63-2."
Antoni_Arca,sardinian,isbn_doi;citation_shape,"Antoni Arca, Grils de taronja, in Isteddos, Ilartzi, NOR, 2018, ISBN 978-88-97285-19-9."
Antoni_Arca,sardinian,isbn_doi;citation_shape,"Antoni Arca, Rigucce, in Isteddos, Ilartzi, NOR, 2018, ISBN 978-88-97285-08-3."
Antoni_Arca,sardinian,isbn_doi;citation_shape,"Antoni Arca, Mut!, in Isteddos, Ilartzi, NOR, 2018, ISBN 978-88-3309-007-8."
Antoni_Arca,sardinian,isbn_doi;citation_shape,"Antoni Arca, Stazitto!, in Le Pleiadi, Ilartzi, NOR, 2018, ISBN 978-88-3309-008-5."
Antoni_Arca,sardinian,isbn_doi;citation_shape,"Antoni Arca e Annalisa Masala, Rimetti a noi, in Le Pleiadi, Ilartzi, NOR, 2018, ISBN 978-88-3309-019-1."
Antoni_Arca,sardinian,isbn_doi;citation_shape,"Antoni Arca e Annalisa Masala, Rimetti a noi, in Le Pleiadi, Ilartzi, NOR, 2018, ISBN 978-88-3309-020-7."
Antoni_Arca,sardinian,isbn_doi;citation_shape,"Antoni Arca, U, in Isteddos, Ilartzi, NOR, 2018, ISBN 978-88-3309-005-4."
Antoni_Arca,sardinian,isbn_doi;citation_shape,"Antoni Arca, Uno, in Le Pleiadi, Ilartzi, NOR, 2018, ISBN 978-88-3309-006-1."
Antoni_Arca,sardinian,isbn_doi;citation_shape,"Antoni Arca, Perdìto, in Le Pleiadi, Ilartzi, NOR, 2018, ISBN 978-88-3309-004-7."
Antoni_Arca,sardinian,isbn_doi;citation_shape,"Antoni Arca, màssimo-màssimo, in Isteddos, Ilartzi, NOR, 2018, ISBN 978-88-3309-003-0."
Antoni_Arca,sardinian,isbn_doi;citation_shape,"Antoni Arca, Ramó de bellas, in Isteddos, Ilartzi, NOR, 2018, ISBN 978-88-3309-002-3."
Antoni_Arca,sardinian,isbn_doi;citation_shape,"Antoni Arca, Nuschende afrore, in Isteddos, Ilartzi, NOR, 2018, ISBN 978-88-3309-001-6."
Antoni_Arca,sardinian,isbn_doi;citation_shape,"Antoni Arca, Lapecheronza, in Le Pleiadi, Ilartzi, NOR, 2018, ISBN 978-88-3309-000-9."
Antoni_Arca,sardinian,isbn_doi;citation_shape,"Antoni Arca, Rundalla de Capallà, in Isteddos, Ilartzi, NOR, 2019, ISBN 978-88-3309-055-9."
Antoni_Ballero,sardinian,isbn_doi;citation_shape,"Maria Grazia Scano Naitza, Antonio Ballero, Nùgoro, Ilisso, 2004, ISBN 88-89188-05-7, OCLC 56819549."
Antoni_Ballero,sardinian,isbn_doi;citation_shape,"Marcello Fois e Salvatore Novellu, Antonio Ballero : lo sguardo fotografico del pittore (PDF), Nùgoro, Ilisso, 2007, ISBN 978-88-6202-016-9, OCLC 886354011."
Antoni_Ballero,sardinian,url_metadata,"Antonio Ballero (nota biografica) | ILISSO, in www.ilisso.it."
Antoni_Ballero,sardinian,url_metadata,"Nota biografica e opere di A. Ballero, in www.filologiasarda.eu."
Antoni_Cuccu,sardinian,citation_shape,"La letteratura in lingua sarda, AM&D Edizioni, Cagliari, 1997 Diagne, vu’ cumprà di libri in limba La valigia dei sogni del più piccolo editore del mondo Archiviadu su 4 martzu 2016 in s'Internet Archive."
Antoni_Desole,sardinian,citation_shape,Ischeda in su situ Canto sardo a chitarra Archiviadu su 27 santugaine 2014 in s'Internet Archive.
Antoni_Gramsci,sardinian,template_boilerplate,"Il Risorgimento, Einaudi, Torino 1949."
Antoni_Gramsci,sardinian,citation_shape,Sas publicatziones de Antoni Gramsci Archiviadu su 5 ghennàrgiu 2009 in s'Internet Archive.
Antoni_Lara,sardinian,citation_shape,Sardegna Cultura - E.Melis e A. Lara Archiviadu su 15 trìulas 2014 in s'Internet Archive.
Antoni_Mura,sardinian,template_boilerplate,"I, Casteddu, Edizioni Della Torre, 1981."
Antoni_Mura,sardinian,template_boilerplate,"II, Casteddu, Edizioni Della Torre, 1981."
Antoni_Pigliaru,sardinian,citation_shape,"Pubblicazioni dell’Università Cattolica del Sacro Cuore di Milano, 2000 Visti da fuori - Antonio Pigliaru Archiviadu su 3 austu 2014 in s'Internet Archive."
Antoni_Simon_Mossa,sardinian,isbn_doi;url_metadata;citation_shape,"URL consultadu su 26 santandria 2019., torradu a publicare comente (IT) Antoni Simon Mossa, Le Ragioni dell'indipendentismo : la lotta del popolo sardo per la liberazione nazionale e la giustizia sociale, 2ª ed., Cuartu Sant'Aleni, Alfa Editrice, 2008  [1984], ISBN 978-88-85995-21-5, OCLC 804294799."
Antoni_Simon_Mossa,sardinian,isbn_doi;citation_shape,"Frantziscu Casula, Antoni Simon Mossa, in Omines e feminas de gabbale, vol. 5, Cuartu San'Aleni, Alfa Editrice, 2006, ISBN 978-8885995079."
Antoni_Simon_Mossa,sardinian,isbn_doi;citation_shape,"Adriano Bomboi, L'indipendentismo sardo : le ragioni, la storia, i protagonisti, Casteddu, Condaghes, 2014,  pp. 18-119-125, ISBN 978-88-7356-246-7, OCLC 903207746."
Antoni_Simon_Mossa,sardinian,isbn_doi;citation_shape,"Federico Francioni (a incuru de), Antonio Simon Mossa (1916-1971) : l'architetto, l'intellettuale, il federalista, dall'utopia al progetto : atti del convegno di studi, Sassari, 10-13 aprile 2003, Casteddu, Condaghes, 2004, ISBN 88-7356-064-4, OCLC 70146839."
Antoni_Simon_Mossa,sardinian,isbn_doi;citation_shape,"Rafael Sari, Antonio Simon Mossa ad Alghero : tracce d'una vita appassionata, Edizioni del Sole, 2005, ISBN 88-88636-03-X, OCLC 879926877."
Antoni_Simon_Mossa,sardinian,isbn_doi;citation_shape,"Antoni Simon Mossa, Le Ragioni dell'indipendentismo : la lotta del popolo sardo per la liberazione nazionale e la giustizia sociale, 2ª ed., Cuartu Sant'Aleni, Alfa Editrice, 2008  [1984], ISBN 978-88-85995-21-5, OCLC 804294799."
Antoni_Simon_Mossa,sardinian,isbn_doi;citation_shape,"Giampiero Marras (a incuru de), Antonio Simon Mossa, un intellettuale rivoluzionario : un uomo di idee nato nel futuro e un combattente per la Sardegna, ribelle ad ogni soggezione, Cuartu Sant'Aleni, Alfa Editrice, 2008, ISBN 978-88-85995-20-8, OCLC 804292813."
Antoni_Simon_Mossa,sardinian,isbn_doi;citation_shape,"ed, Cuartu Sant'Aleni, Alfa Editrice, 2010,  pp. 247-281, ISBN 978-88-85995-50-5, OCLC 706858565."
Antoni_Simon_Mossa,sardinian,isbn_doi;citation_shape,"Pere Simon i Altea (a incuru de), L'Alguer i Antoni Simon Mossa, un lligam únic : nota biogràfica, disinys i jocs de paraules, Generalitat de Catalunya, 2015, ISBN 978-8439392552."
Antoni_Simon_Mossa,sardinian,url_metadata,"Sa Wikiquote italiana tenet tzitatziones de Antoni Simon Mossa (IT) Pàgina printzipale de s'Archìviu Simon Mossa, in Archìviu Simon Mossa."
Antoninu_Rubattu,sardinian,isbn_doi;citation_shape,"Edes, Tàtari 2005 Antoninu Rubattu, BIOZ - piantas, pisches, puzones, animales: il dizionario degli esseri viventi, Domus de Janas, 2011, ISBN 978-88-97084-11-2, OCLC 955215652."
Antoninu_Rubattu,sardinian,url_metadata,"Situ ufitziale de Antoninu Rubattu, in www.antoninurubattu.it."
Antonio_Maria_Zaccaria,sardinian,isbn_doi;citation_shape,"ISBN 88-215-4576-8 Antonio Maria Zaccaria, Gli Scritti, Roma, Edizioni Barnabitiche, 1975."
Antonio_Maria_Zaccaria,sardinian,citation_shape,Giassu de s' Istitutu Zaccaria - Milanu - Barnabitas Archiviadu s'11 cabudanni 2007 in s'Internet Archive.
Antonio_Ortiz_Echagüe,sardinian,citation_shape,"Sa presèntzia sua in s'ìsula e s'istile suo at fatu nàschere un'iscola de pintores, chi ddi narant ""Iscola de Atzara"", localidade in ue oe in die abarrat unu museu dedicadu a s'artista, su MAMA Archiviadu su 27 maju 2023 in s'Internet Archive."
Antonio_Ortiz_Echagüe,sardinian,template_boilerplate,"Centro Cultural Conde Duque, Madrid, 1991."
Antonio_Ortiz_Echagüe,sardinian,template_boilerplate,"Fundación Kutxa, San Sebastián, 2008."
Antonio_Ortiz_Echagüe,sardinian,template_boilerplate,"Fundación Kutxa, San Sebastián, 1995."
Antonio_Ortiz_Echagüe,sardinian,template_boilerplate,"Biblioteca Pampeana, La Pampa, 1968."
Antonio_Ortiz_Echagüe,sardinian,url_metadata,"Ed Ministerio de Cultura, Madrid, 1979.ç (IT) Museu de Arte Moderna e Contemporànea Atzara, in museoatzara.com."
Antonio_Ortiz_Echagüe,sardinian,url_metadata,"Biografia e òperas de s'autore, in euskonews.com."
Antonio_Ortiz_Echagüe,sardinian,url_metadata,"Biografia de s'autore, in biografiasyvidas.com."
Antònia_Mesina,sardinian,isbn_doi;citation_shape,"Giovanni Sanna, Martirio a Orgosolo : Antonia Mesina, Piemme, 1987, ISBN 88-384-1238-3, OCLC 955462175."
Archìviu_(informàtica),sardinian,isbn_doi;citation_shape,"Un approccio strutturale, Milano, Pearson Education, 2006,  pp. 440-445, ISBN 978-88-7192-271-3."
Arctic_Monkeys,sardinian,english_text,"Alex Turner - ghitarra, boche Jamie Cook - ghitarra, corus 2006 - Whatever People Say I Am, That's What I'm Not (UK 1) 2007 - Favourite Worst Nightmare (UK 1) 2005 - Five Minutes with Arctic Monkeys 2006 - Who the Fuck Are Arctic Monkeys?"
Arctic_Monkeys,sardinian,english_text,"2005 - I Bet You Look Good on the Dancefloor (UK 1) 2006 - When the Sun Goes Down (UK 1) 2006 - The View from the Afternoon 2006 - Fake tales from San Francisco 2006 - Leave Before the Lights Come On (UK 4) 2007 - Brianstorm (UK 2) 2007 - Death Ramps ‎ 2007 - Teddy Picker (UK 20) 2004 - Beneath the Boardwalk (raccolta de insorus primos demos) 2008 - Arctic Monkeys At The Apollo (registrazioni de unu cuncertu in su Apollo Theater de Manchester) ""Fake Tales of San Francisco"""
Ardecore,sardinian,citation_shape,"Giampaolo Felici: boghe, mandulinu, chiterra acustica Luca Venitucci: Fisarmonica e fender rhodes Valerio Borgianelli: Vibrafonu, glockenspiel, percussiones Sito ufficiale Archiviadu su 21 martzu 2018 in s'Internet Archive."
Aristanis,sardinian,isbn_doi;citation_shape,"Manlio Brigaglia, Salvatore Tola (a incuru de), Dizionario storico-geografico dei Comuni della Sardegna, 3 (M-O), Tàtari, Carlo Delfino editore, 2006, ISBN 88-7138-430-X."
Aristanis,sardinian,isbn_doi;citation_shape,"Architetto e pittore (1792-1833), Tàtari, Delfino, 2011, ISBN 978-88-7138-590-7."
Aritzu,sardinian,isbn_doi;citation_shape,"Salvatore Dedola, Toponomastica sarda: i nomi di luogo prelatini, i toponimi di età nuragica di tutti i comuni della Sardegna, traduzione della Stele di Nora, Patiolla, Grafica del Porteolla, 2004, ISBN 978-88-88246-53-6, OCLC 492784667."
Aritzu,sardinian,isbn_doi;citation_shape,"Manlio Brigaglia e Salvatore Tola, Dizionario storico-geografico dei comuni della Sardegna, vol. 1, Tàtari, Carlo Delfino editore, 2006, ISBN 978-88-7138-430-6, OCLC 888708482."
Arrival,sardinian,english_text,"When I Kissed The Teacher - Andersson, Ulvaeus - 3:01 Dancing Queen - Andersson, Stig Anderson, Ulvaeus - 3:52 My Love, My Life - Andersson, Stig Anderson, Ulvaeus - 3:52 Dum Dum Diddle - Andersson, Ulvaeus - 2:50 Knowing Me, Knowing You - Andersson, Stig Anderson, Ulvaeus - 3:56 Money Money Money - Andersson, Ulvaeus - 3:05 That's Me - Andersson, Stig Anderson, Ulvaeus - 3:14 Why Did It Have To Be Me?"
Arrival,sardinian,url_metadata;citation_shape,"- Andersson, Ulvaeus - 3:20 Tiger - Andersson, Ulvaeus - 2:55 Arrival - Andersson, Ulvaeus - 3:00 www.carlmagnuspalm.com Archiviadu su 28 nadale 2013 in s'Internet Archive."
Arromanisca,sardinian,citation_shape,Museo de s'arramine Archiviadu su 25 austu 2010 in s'Internet Archive.
Arromanisca,sardinian,citation_shape,Su romaniscu e s’arte de su ràmene in sa bidda de Ìsili Archiviadu su 16 martzu 2020 in s'Internet Archive.
Artà,sardinian,template_boilerplate,Artà est una comuna ispagnola de 7.411 abitantes situadu in sa comunidade autònoma de sas Baleares.
Askra,sardinian,citation_shape,"1996 – Gherramus tott'impare (EP in collabborassiòne cun sos Kenze Neke) 2007 - Ruju (cuntzertu in acusticu) 2008 - Rispetu e amore 2008 - ""FuoriSessione"" (Emergency) cun su branu ""Mamacita"" Situ uffitziale Archiviadu su 30 cabudanni 2013 in s'Internet Archive."
Askra,sardinian,citation_shape,Situ pretzedente de sos Askra Archiviadu su 22 austu 2022 in s'Internet Archive.
Askra,sardinian,citation_shape,Alfiomusic Sardinia Rock Pictures: Scheda su Askra Archiviadu su 27 cabudanni 2013 in s'Internet Archive.
Assandira,sardinian,isbn_doi;citation_shape,"Giulio Angioni, Sellerio, ISBN 88-389-1991-7."
Assandira,sardinian,isbn_doi;template_boilerplate,"Giulio Angioni, Sellerio, ISBN 9788838929946."
Attilio_Mastino,sardinian,url_metadata,Inoghe b'at una lista partziale: (IT) Gli Acta urbis.
Attilio_Mastino,sardinian,url_metadata,"Nota sugli affreschi del Castello di Serravalle, Gallizzi, Tàtari 1991 (IT) Turris Libisonis (Sardegna archeologica, guide ed itinerari, 23), in collaborazione con C. Vismara, Delfino, Tàtari 1994."
Attilio_Mastino,sardinian,isbn_doi;citation_shape,"Storia della Sardegna antica (La Sardegna e la sua storia, 2), Edizioni il Maestrale, ISBN 88-86109-98-9, Nùgoro 2005, cun sa collaboratzione de Piero Bartoloni, Giovanni Lupinu, Paola Ruggeri, Pier Giorgio Spanu, Raimondo Zucca."
Attilio_Mastino,sardinian,url_metadata,"Tharros Felix 5, in collaboratzione cun Pier Giorgio Spanu e Raimondo Zucca, Carocci, Roma 2013, pp. 1-591 (IT) Quei nostri cinque magnifici anni (2009-2014), Carocci, Roma 2014, pp. 1-727 (IT) Situ ufitziale de Attilio Mastino, in attiliomastino.it."
Attilio_Mastino,sardinian,url_metadata,"(IT) Òperas de Attilio Mastino, in open MLOL, Horizons Unlimited srl."
Austis,sardinian,isbn_doi;citation_shape,"Manlio Brigaglia e Salvatore Tola, Austis, in Dizionario storico-geografico dei comuni della Sardegna, vol. 1, Tàtari, Carlo Delfino editore, 2006, ISBN 978-88-7138-430-6, OCLC 888708482."
Autoistopu,sardinian,english_text,"Roger Waters, ex bassista e cantadore de sos Pink Floyd, at cunsagradu a s'autoistopu un'àrbumu intreu, “The Pros and Cons of Hitch Hiking” (1.984), chi sinnìfigat literarmente “Su pro e su contra de s'autoistopu”."
BSD,sardinian,citation_shape,DesktopBSD Archiviadu su 10 freàrgiu 2012 in s'Internet Archive.
Babel_Film_Festival,sardinian,url_metadata,"Situ ufitziale se s'Assòtziu Babel e de su Prèmiu Kentzeboghes, in babeltv.org."
Babez_For_Breakfast,sardinian,english_text,"""I Am Bigger Than You"" ""Give Your Life For Rock And Roll"""
Bachis_Bandinu,sardinian,template_boilerplate,"Limba, Turismu, Indústria, Basis Militaris, Ambiente."
Bachis_Bandinu,sardinian,isbn_doi;citation_shape,"collana Libristante, Il Maestrale, 2016, ISBN 9788864291680."
Bad_Cat,sardinian,citation_shape,Giassu ufitziale Archiviadu su 27 santandria 2020 in s'Internet Archive.
Balentia,sardinian,citation_shape,"Wild (Carlo Gosamo) - Beatmaker 1995: Balentìa Sarda (Musicassetta, Fogu Produtzionis) 1999: Sa Lei/Cantu balit su fueddu (EP, Nu*Ragika Recordz) 2004: Nos'e Tottu (album, Nu*Ragika Recordz) 2007: Bisendi Disi (album, Nu*Ragika Recordz) 1996: Sottosuoni '95 (compilation, Vox Day) 1999: Suoni dalla strada vol.1 (compilation, SDS - Good Stuff) 1999: Eclissi (compilation, Parcheggio Abusivo THC) 1999: K."
Balentia,sardinian,citation_shape,"Don Chisciotte/UDU) 2007: Prodotti A-tipici (compilation, La Grande Onda) 2007: DonkeyShouts Vol.2 (compilation, Ass."
Balentia,sardinian,citation_shape,Don Chisciotte) Giassu Ufitziale Balentia Archiviadu su 20 ghennàrgiu 2009 in s'Internet Archive.
Bandera_de_Arbaree,sardinian,url_metadata,"Bandera de sos battor moros Subra de custu sìmbulu b’at una literatura de balia: (IT) Barbara Fois, Lo stemma dei quattro mori: breve storia dell'emblema dei sardi ."
Bandera_de_Arbaree,sardinian,url_metadata,"Sassari, Carlo Delfino Editore, 1990 (IT) Castellaccio, M. Sollai, Monete e monetazione giudicale: la scoperta dei denari d'Arborea."
Base_de_datos_de_terminologia,sardinian,citation_shape,"John Benjamins Publishing Company, 9 Mar 2001."
Base_de_datos_de_terminologia,sardinian,citation_shape,Terminology Management Archiviadu su 18 freàrgiu 2013 in s'Internet Archive.
Base_de_datos_de_terminologia,sardinian,url_metadata,dae su SDL Translationzone.com What is a Termbase?
Base_de_datos_de_terminologia,sardinian,citation_shape,Archiviadu su 16 trìulas 2017 in s'Internet Archive.
Base_de_datos_de_terminologia,sardinian,url_metadata;citation_shape,dae Multiterm.com Archiviadu su 27 santugaine 2016 in s'Internet Archive.
Basìlica_de_Santu_Antiogu_de_Bisàrtziu,sardinian,isbn_doi;citation_shape,"Roberto Coroneo, Salvatore Naitza e Donatello Tore, Architettura romanica dalla metà del Mille al primo '300, Nùgoro, Ilisso, 1993, ISBN 88-85098-24-X."
Basìlica_de_Santu_Antiogu_de_Bisàrtziu,sardinian,isbn_doi;citation_shape,"Raffaello Delogu, L'architettura del Medioevo in Sardegna, Roma, La Libreria dello Stato, 1953, s'ISBN no esistit."
Basìlica_de_Santu_Antiogu_de_Bisàrtziu,sardinian,isbn_doi;citation_shape,"Francesco Amadu e Giuseppe Meloni, La Diocesi medioevale di Bisarcio, Tàtari, Carlo Delfino editore, 2003, ISBN 88-7138-296-X."
Basìlica_de_Santu_Antiogu_de_Bisàrtziu,sardinian,isbn_doi;citation_shape,"Franco Laner e Anna Pala, Sant´Antioco di Bisarcio, chiesa ex cattedrale nel campo di Ozieri, Mestre, Adrastea, 2003, s'ISBN no esistit."
Batalla_de_Lutocisterna,sardinian,isbn_doi;citation_shape,"Marcello Lostia, L'ammiraglio Carroz: l'Infante di Aragona alla conquista della Sardegna, Edizioni della Torre, 1999, ISBN 88-7343-328-6."
Batalla_de_Lutocisterna,sardinian,isbn_doi;citation_shape,"Volume 3 di La Storia di Sardegna, Tàtari, Carlo Delfino, 1994, ISBN 88-7138-063-0."
Batalla_de_Lutocisterna,sardinian,isbn_doi;citation_shape,"Alessandra Cioppi, Battaglie e protagonisti della Sardegna medioevale, AM&D, 2008, ISBN 88-95462-15-7."
Batalla_de_Lutocisterna,sardinian,isbn_doi;citation_shape,"Francesco Cesare Casula, La terza via della storia: il caso Italia, ETS, 1997, s'ISBN no esistit."
Batalla_de_Lutocisterna,sardinian,isbn_doi;citation_shape,"Manlio Brigaglia, Storia della Sardegna: dalle origini al Settecento, a incuru de Manlio Brigaglia, Attilio Mastino, Gian Giacomo Ortu, Tàtari, Laterza, 2006, ISBN 88-420-7839-5."
Batalla_de_Lutocisterna,sardinian,isbn_doi;citation_shape,"Ramon Muntaner, La conquista della Sardegna nelle cronache catalane, a incuru de Giuseppe Meloni, Ilisso, 1999, ISBN 88-85098-88-6."
Batalla_de_Lutocisterna,sardinian,isbn_doi;citation_shape,"Francesco Cesare Casula, Breve storia di Sardegna, Tàtari, Carlo Delfino, 1994, ISBN 88-7138-065-7."
Batalla_de_Àidu_de_Turdu,sardinian,isbn_doi;citation_shape,"Francesco Cesare Casula, La storia di Sardegna, Tàtari, Carlo Delfinu Editore, 1994 ISBN 88-7138-063-0 Giovanni Deriu, L'insediamento umano medioevale nella curatoria di ""Costa de Addes"" , Tàtari, Magnum, 2000, vol de testu, pp. 216-17 nn."
Batalla_de_Àidu_de_Turdu,sardinian,url_metadata,"Como fintzas in versione eletrònica: Casteddu, Logus, 2012 https://web.archive.org/web/20120819194007/http://www.logus.it/ebookCatalogo.html Giovanni Deriu - Salvatore Chessa,  La ""Battaglia di Aidu de Turdu"" (1347): ubicazione nell'odierna località torralbese denominata ""Tulde"", in Meilogu, Tomu II, Carzeghe, Documenta, 2014, pp. 131-35 + tav. 6 + rassigna fotogràfica."
Beatrix_Potter,sardinian,english_text,"Intre su 1992 e su 1995 sa BBC at trasmìtidu sa sèrie de animatzione The World of Peter Rabbit and Friends, disenniadu segundu s'istile de illustrada de sa Potter."
Beatrix_Potter,sardinian,isbn_doi;citation_shape;english_text,"Peter Rabbit's Painting Book (1911) Tom Kitten's Painting Book (1917) Jemima Puddle-Duck's Painting Book (1925) Peter Rabbit's Almanac for 1929 (1928) Sister Anne (illustradu dae Katharine Sturges) (1932) The Tale of the Faithful Dove (illustradu dae Marie Angel) (1955, 1970) The Sly Old Cat (iscritu in su 1906, pubblicadu in su 1971) The Tale of Tuppenny (illustradu dae Marie Angel) (1973) (EN, SC) Beatrix Potter, Pìricu Cunìlliu Pilete e àteras Contàssias, a incuru de Stefania Carta e Alessio Pani, 2024, ISBN 979-88-8465-744-1, SBN IT\ICCU\CAG\2164622."
Beatrix_Potter,sardinian,english_text,"Dorothy Keeley Aldis and Richard Cuffari, Nothing is impossible : the story of Beatrix Potter, Gloucester, Mass."
Beatrix_Potter,sardinian,english_text,"Leslie Linder e Beatrix Potter, The Journal of Beatrix Potter from 1881 to 1897, Londra, Warne, 1966, OCLC 782000737."
Beatrix_Potter,sardinian,isbn_doi;citation_shape,"Alison Lurie, Don't Tell the Grown-Ups: The Subversive Power of Children's Literature, Little, Brown, 1998, ISBN 0316246255."
Beatrix_Potter,sardinian,english_text,"Beatrix Potter, Judy Taylor e National Trust (Great Britain), Beatrix Potter 1866-1943 : the artist and her world, Londra, F. Warne: The National Trust, 1987, OCLC 317910938."
Beatrix_Potter,sardinian,isbn_doi;citation_shape,"Beatrix Potter e Judy Taylor, Beatrix Potter's letters, University of Michigan, F. Warne, 1989, ISBN 9780723234371."
Beatrix_Potter,sardinian,citation_shape,"Judy Taylor, Beatrix Potter: artist, storyteller and countrywoman (Revides edition), F. Warne & Co, 1996, OCLC 854966039."
Beatrix_Potter,sardinian,isbn_doi;citation_shape,"Riccardo Mainetti, Scoprendo Beatrix Potter, flower-ed, Roma 2017, ISBN ebook: 978-88-85628-16-8; ISBN paperi: 978-88-85628-17-5."
Belchidda,sardinian,citation_shape,Time in Jazz Archiviadu su 18 trìulas 2008 in s'Internet Archive.
Bellas_artes,sardinian,template_boilerplate,New York: A.S. Barnes & Company.
Bellas_artes,sardinian,english_text,Photography as a fine arte; the achievements and possibilities of photographic arte in Amèrica.
Bellas_artes,sardinian,english_text,Arte and the formation of taste: six lectures.
Bellas_artes,sardinian,template_boilerplate,"Hegel, G. W. F. (1998)."
Bellas_artes,sardinian,english_text,The stage: its past and present in relation to fine arte.
Benetutti,sardinian,citation_shape,"Benetutti.Net (Fotografias, videos, musicas, sonos, ecc.) Archiviadu su 12 freàrgiu 2008 in s'Internet Archive."
Benetutti,sardinian,citation_shape,Benetutti in su sitiu de Comunas Benetutti in su Goceano Archiviadu su 10 santugaine 2007 in s'Internet Archive.
Benetutti,sardinian,citation_shape,Ofizina de s'anagrafe online Archiviadu s'8 martzu 2016 in s'Internet Archive.
Beppe_Grillo,sardinian,citation_shape,TV de Beppe Grillo Archiviadu su 14 trìulas 2014 in s'Internet Archive.
Bernard_Lortat-Jacob,sardinian,isbn_doi;url_metadata;citation_shape,"Société d'ethnologie, Nanterre, 1994 (IT)Canti di passione: Castelsardo, Sardegna, Libreria Musicale Italiana, Lucca, 1996 (IT)Voci di Sardegna, Torino, 1999, ISBN 978-88-7063-399-3 (IT)Il pianto dell’altopiano."
Bernard_Lortat-Jacob,sardinian,isbn_doi;citation_shape,"Indios cantori della Sierra Madre, Torino, 2009, ISBN 978-88-6163-027-7 Improvisation et modèle: le chant a guitare sarde S'articulu Bernard Lortat-Jacob, ethnomusicologue : À l’écoute des musiques, des chants et des sociétés in Le Monde Voyage Archiviadu su 16 austu 2014 in s'Internet Archive."
Bernardino_Palazzi,sardinian,isbn_doi;citation_shape,"Raffaele De Grada, Bernardino Palazzi (PDF), in Grandi Monografie, Nuoro, Ilisso edizioni, 1988, ISBN 88-85098-03-7."
Bernardino_Palazzi,sardinian,isbn_doi;citation_shape,"Rita Ladogana, Bernardino Palazzi (PDF), in I Maestri dell'Arte Sarda, Nuoro, Ilisso edizioni, 2005, ISBN 88-89188-10-3."
Bernardino_Palazzi,sardinian,url_metadata,"Francesco Franco, PALAZZI, Bernardino in ""Dizionario Biografico"", in www.treccani.it."
Bernardo_De_Muro,sardinian,citation_shape,"Defraia A., Bernardo De Muro, Editore: Bongiovanni, 1995 Museo Bernardo De Muro Tempio Notas biograficas Archiviadu su 4 martzu 2016 in s'Internet Archive."
Bessude,sardinian,citation_shape,Archiviadu su 1º maju 2010 in s'Internet Archive.
Betty_Carter,sardinian,english_text,1960: The Modern Sound of Betty Carter	 	(ABC) 1976: What a Little Moonlight Can Do	 	(ABC) 1979: The Audience With Betty Carter	(Verve)
Bianca_Pitzorno,sardinian,isbn_doi;citation_shape,"pp. 72 ISBN 8804436867 Tornatràs, collana Contemporanea, Mondadori, 2000."
Bianca_Pitzorno,sardinian,isbn_doi;citation_shape,"pp. 367, cap. 75 ISBN 8804515015 Polissena del Porcello, collana Junior +10, Mondadori, 2001."
Bianca_Pitzorno,sardinian,isbn_doi;citation_shape,"pp. 329 ISBN 8804494700 La bambina col falcone, Salani, 2003."
Bianca_Pitzorno,sardinian,isbn_doi;citation_shape,"ISBN 8884512778 La bambinaia francese, Mondadori, 2004."
Bianca_Pitzorno,sardinian,isbn_doi;citation_shape,"ISBN 8804535059 Ascolta il mio cuore, terza ed., collana Oscar Mondadori, Mondadori, 2006."
Bianca_Pitzorno,sardinian,isbn_doi,"ISBN 88-04-53022-7 Bianca Pitzorno (a cura di), Le bambine dell'Avana non hanno paura di niente."
Bianca_Pitzorno,sardinian,isbn_doi,ISBN 8842813427 Giulia Bau e i gatti gelosi Magie di Lavinia & C. Diana Cupido e il Commendatore Cartacanta con Ventura Piero Cartacanta è l'editore.
Biata_de_Arbaree,sardinian,isbn_doi;citation_shape,"Raimondo Carta Raspi, Mariano IV d'Arborea: conte del Goceano, visconte di Bas, giudice d'Arborea, Aristanis, S'Alvure, 2001  [1934], ISBN 978-8873831129, OCLC 48407842, SBN IT\ICCU\CAG\0085729."
Biddanoa_Monteleone,sardinian,citation_shape,Giassu ufitziale de su Comune Palazzo Minerva Archiviadu su 9 freàrgiu 2009 in s'Internet Archive.
Biddesatu,sardinian,citation_shape,Giassu ufficialli de su Comunu Giassu ufficialli de sa festa de Santa Brabara Archiviadu su 7 martzu 2016 in s'Internet Archive.
Big_Sir,sardinian,citation_shape,"Juan Alderete - chitarra, bassu Now That's What I Call Big Sir (2001) Und Die Scheiße Ändert Sich Immer (2006) Big Sir Archiviadu su 15 làmpadas 2009 in s'Internet Archive."
Binissalem,sardinian,template_boilerplate,Binissalem est una comuna ispagnola de 7.251 abitantes situadu in sa comunidade autònoma de sas Baleares.
Bitzi,sardinian,isbn_doi;citation_shape,"Manlio Brigaglia e Salvatore Tola, Bitti, in Dizionario storico-geografico dei comuni della Sardegna, vol. 1, Tàtari, Carlo Delfino editore, 2006, ISBN 978-88-7138-430-6, OCLC 888708482."
Bitzi,sardinian,url_metadata,"Tenore de Bitzi ""Mialinu Pira"" (IT) Situ istitutzionale, in comune.bitti.nu.it."
Black_Lives_Matter,sardinian,url_metadata,"(EN) #BlackLivesMatter: A Longform Reading List, in autostraddle.com."
Black_Lives_Matter,sardinian,url_metadata,"The Matter of Black Lives, in newyorker.com, 14 martzu 2016."
Black_Lives_Matter,sardinian,url_metadata,"Oakland Public Library, Listen, Learn, Participate: A #BlackLivesMatter Resource Series, in oaklandlibrary.org."
Black_Lives_Matter,sardinian,url_metadata,"(Bibliography) (EN) Black Activists Don't Ignore Crime, in nytimes.com, 5 austu 2016."
Black_Lives_Matter,sardinian,url_metadata,"Social Media Helps Black Lives Matter Fight the Power, in wired.com, santandria 2015."
Black_Lives_Matter,sardinian,url_metadata,"I'm a GOP Delegate and I Wore a 'Black Lives Matter' Shirt to the RNC, in time.com, 28 trìulas 2016."
Black_Lives_Matter,sardinian,url_metadata,"Black Lives Matter Reference Guide, in medium.com, trìulas 2016."
Black_Lives_Matter,sardinian,isbn_doi;citation_shape,"Barbara Ransby, Making all black lives matter: reimagining freedom in the twenty-first century, Oakland, University of California press, 2018, ISBN 9780520292710."
Black_Lives_Matter,sardinian,isbn_doi;citation_shape,"Daniele Biacchessi, Il sogno e la ragione: da Harlem a Black Lives Matter, in Contastorie, prefazione di Roberto Festa, Milano, Jaca Book, 2021, ISBN 9788816416673."
Black_Lives_Matter,sardinian,isbn_doi;citation_shape,"Lapo Gresleri, Body and Souls : il corpo nero, #BlackLivesMatter e il cinema afrosurrealista, Milano, Bietti, 2021, ISBN 9788882484651."
Black_Sabbath,sardinian,english_text,"Su freàrgiu de su 2009, Heaven and Hell ant annuntziadu chi fiant cravende un'album nou, The Devil You Know, cun sa data de publicatzione pro su 28 de abrile."
Blue_Zone,sardinian,english_text,"Blue Zone (in sardu locu biaìttu) est unu faveddu inglesu chi serbit a inditare locos (siat in sensu demograficu siat in sensu geograficu) pèri su mundu in ube sa zente campat de prus cuffòrma sa mèdia mundiàle, comente b'at iscrittu in su libru de Dan Buettner ""The Blue Zones: Lessons for Living Longer from people who lived the longest""."
Blue_Zone,sardinian,english_text,"The Blue Zones, Second Edition: 9 Lessons for Living Longer From the People Who've Lived the Longest."
Bobadri,sardinian,citation_shape,Giassu Ufitziale de su Comune de Baradìle Archiviadu su 1º martzu 2009 in s'Internet Archive.
Boicotta_film_russos,sardinian,citation_shape,Російські серіали: економічна зброя уповільненої дії Archiviadu su 16 maju 2015 in s'Internet Archive.
Boicotta_film_russos,sardinian,citation_shape,Патріоти оголосили бойкот російськомовному ТВ-контенту Archiviadu su 18 nadale 2014 in s'Internet Archive.
Boicotta_film_russos,sardinian,url_metadata,Pazina uffitziale de sa campagna in vk.com.
Bonaventura_Gran,sardinian,url_metadata,Pàgina a pitzu de su cumbentu de Santu Bonaventura in su Palatinu (EN)
Bortigale,sardinian,isbn_doi;citation_shape,"- Dizionario storico sardo, Tàtari, Carlo Delfino editore, 2001,  p. 221, ISBN 9788871382418, OCLC 470391425."
Bortigale,sardinian,isbn_doi;citation_shape,"Alberto Moravetti, Ricerche archeologiche nel Marghine-Planargia, vol. 1, Tàtari, Carlo Delfino editore, 1998,  pp. 211-281, ISBN 978-88-7138-169-5, OCLC 1146534261."
Brebì,sardinian,isbn_doi;citation_shape,"Manlio Brigaglia e Salvatore Tola, Belvì, in Dizionario storico-geografico dei comuni della Sardegna, vol. 1, Tàtari, Carlo Delfino editore, 2006,  pp. 207-209, ISBN 978-88-7138-430-6, OCLC 888708482."
Brett_Gaylor,sardinian,url_metadata,"Est istadu su chi at criadu opensourcecinema.org, una comunidade de video remix."
Brett_Gaylor,sardinian,url_metadata,"Est finas su produttore web de Homeless Nation.org, unu progettu in su web dedicadu a allargare sa possibilidade de tottu a partecipare a sa cultura on line."
Brigida_de_Isvètzia,sardinian,citation_shape,Giassu de is mongias brigidinas Archiviadu su 28 trìulas 2007 in s'Internet Archive.
Britney_Spears,sardinian,english_text,I Did It Again 2003 - In The Zone 2002 - Music from the Major Motion Picture Crossroads 2004 - Greatest Hits: My Prerogative 2005 - Someday (I Will Understand) (EP) 2005 - B in the Mix: The Remixes 2008 - Piece of Me Remixes (iTunes EP) 1998 - ...Baby One More Time 1999 - (You Drive Me) Crazy 1999 - Born to Make You Happy 2000 - From the Bottom of My Broken Heart 2000 - Oops!
Britney_Spears,sardinian,english_text,Madonna) 2005 - Someday (I Will Understand) 2005 - And Then We Kiss 2007 - Piece of Me 2008 - Break the Ice 2009 - If U Seek Amy 2011 - Hold It Against Me 2011 - Till The World Ends 2011 - I Wanna Go 2013 - Ooh La La 2016 - Make Me (Oooh)
Bruno_Zevi,sardinian,citation_shape,"""Verso un’architettura organica"", Einaudi, Torino 1945 ""Saper vedere l'architettura"", Einaudi, Torino 1948 ""Storia dell'architettura moderna"", Einaudi, Torino 1950 ""Architettura e storiografia"", Tamburini, Milano 1950 ""Il linguaggio moderno dell'architettura"", Einaudi, Torino 1973 R. Dulio, ""Introduzione a Bruno Zevi"", Laterza, Roma-Bari 2008 Fondazione Bruno Zevi Archiviadu su 18 làmpadas 2009 in s'Internet Archive."
Buddhismu,sardinian,isbn_doi,"Giangiorgio Pasqualotto, Donzelli, ISBN 88-7989-349-1."
Buddhismu,sardinian,isbn_doi;template_boilerplate,"Stephen Batchelor, Neri Pozza, EAN 9788873056508."
Buddhismu,sardinian,isbn_doi,"Peter Harvey, Le Lettere, ISBN 88-7166-390-X."
Buddhismu,sardinian,isbn_doi,"Christmas Humphreys, Astrolabio Ubaldini, ISBN 88-340-0681-X."
Buddhismu,sardinian,isbn_doi,"Klaus K. Klostermeier, Fazi, ISBN 88-8112-603-6."
Buddhismu,sardinian,isbn_doi,"Damien Keown, Einaudi, ISBN 88-06-14797-8."
Buddhismu,sardinian,isbn_doi,"Luciana Meazza, Xenia, ISBN 88-7273-300-6."
Buddhismu,sardinian,isbn_doi,"Mauricio Y. Marassi, Marietti, ISBN 88-211-6549-3."
Bumbe_Orchestra,sardinian,url_metadata,"2016 - A Chitzi Intendo su Sabore Tua Pàgina de Facebook de sa Bumbe Orchestra, in facebook.com."
Bumbe_Orchestra,sardinian,url_metadata,"Pàgina de Instagram de sa Bumbe Orchestra, in instagram.com."
Bumbe_Orchestra,sardinian,url_metadata,"Testos de sas cantzones de sa Bumbe Orchestra, in genius.com."
Bunyola,sardinian,template_boilerplate,Bunyola est una comuna ispagnola de 6.026 abitantes situadu in sa comunidade autònoma de sas Baleares.
Bàsciu_acùsticu,sardinian,isbn_doi;citation_shape,"Tom Evans,Guitars: From the Renaissance to Rock| Facts On File, 1977, ISBN 0-87196-636-0"
Bìroro,sardinian,isbn_doi;citation_shape,"Manlio Brigaglia e Salvatore Tola, Birori, in Dizionario storico-geografico dei comuni della Sardegna, vol. 1, Tàtari, Carlo Delfino editore, 2006,  pp. 171-172, ISBN 978-88-7138-430-6, OCLC 888708482."
Bìroro,sardinian,isbn_doi;citation_shape,"- Dizionario storico sardo, Tàtari, Carlo Delfino editore, 2001,  pp. 195-196, ISBN 9788871382418, OCLC 470391425."
Bìroro,sardinian,isbn_doi;citation_shape,"Alberto Moravetti, Ricerche archeologiche nel Marghine-Planargia, vol. 1, Tàtari, Carlo Delfino editore, 1998,  pp. 284-367, ISBN 978-88-7138-169-5, OCLC 1146534261."
Bìroro,sardinian,isbn_doi;citation_shape,"Massimo Pittau, I toponimi della Sardegna: significato e origine dei nomi di luogo in 83 comuni, 2011,  p. 784, ISBN 978-88-6025-159-6, OCLC 767577627."
Bòrore,sardinian,isbn_doi;citation_shape,"Manlio Brigaglia e Salvatore Tola, Borore, in Dizionario storico-geografico dei comuni della Sardegna, vol. 1, Tàtari, Carlo Delfino editore, 2006,  pp. 207-209, ISBN 978-88-7138-430-6, OCLC 888708482."
Bòrore,sardinian,isbn_doi;citation_shape,"- Dizionario storico sardo, Tàtari, Carlo Delfino editore, 2001,  pp. 219-220, ISBN 9788871382418, OCLC 470391425."
Bòrore,sardinian,isbn_doi;citation_shape,"Alessandro Soddu e Giovanni Strinna, Il condaghe di San Pietro di Silki, Nuoro, Ilisso, 2013  [1065-1180], ISBN 978-88-6202-315-3, OCLC 926809227."
Bòrore,sardinian,isbn_doi;citation_shape,"Alberto Moravetti, Ricerche archeologiche nel Marghine-Planargia, vol. 1, Tàtari, Carlo Delfino editore, 1998,  pp. 370-456, ISBN 978-88-7138-169-5, OCLC 1146534261."
Bòrore,sardinian,isbn_doi;citation_shape,"Massimo Pittau, I toponimi della Sardegna: significato e origine dei nomi di luogo in 83 comuni, 2011,  p. 1103, ISBN 978-88-6025-159-6, OCLC 767577627."
Búger,sardinian,template_boilerplate,Búger est una comuna ispagnola de 1.060 abitantes situadu in sa comunidade autònoma de sas Baleares.
Cala_Seda,sardinian,citation_shape,Unu situ chi nde chistionat Archiviadu su 14 martzu 2016 in s'Internet Archive.
Calvià,sardinian,template_boilerplate,Calvià est una comuna ispagnola de 51.774 abitantes situadu in sa comunidade autònoma de sas Baleares.
Campanet,sardinian,template_boilerplate,Campanet est una comuna ispagnola de 2.602 abitantes situadu in sa comunidade autònoma de sas Baleares.
Campos,sardinian,template_boilerplate,Campos est una comuna ispagnola de 9.601 abitantes situadu in sa comunidade autònoma de sas Baleares.
Cani_de_lepuri_sardu,sardinian,citation_shape,Levriero sardo - descrissione chin fotografias Sos per i levrieri sardi a rischio di estinzione - la Nuova Sardegna Archiviadu su 28 maju 2014 in s'Internet Archive.
Cantu_a_chiterra,sardinian,isbn_doi;url_metadata;citation_shape,"(IT)Bernard Lortat-Jacob, Voci di Sardegna, Torino, 1999, ISBN 978-88-7063-399-3 (FR)Edouard Fouré Caul-Futy, La trace et le tracé."
Capdepera,sardinian,template_boilerplate,Capdepera est una comuna ispagnola de 11.911 abitantes situadu in sa comunidade autònoma de sas Baleares.
Carl_Sagan,sardinian,english_text,"In su 1994 at scritu sa sighidura de Cosmos, Pale Blue Dot: A Vision of the Human Benidoras in Space, chi in su 1995 est stètiu sinnalau comenti primorosu de su New York Times, Sagan at scritu in prus una presentada po su campioni de bèndidas de Stephen Hawking A Brief History of Time: From the Big Bang to Black Holes."
Carl_Sagan,sardinian,url_metadata,"Carl Sagan in sa Enciclopedia Britànnica, in britannica.com."
Carl_Sagan,sardinian,url_metadata,"(EN) Òperas de Carl Sagan, in openlibrary.org."
Carl_Sagan,sardinian,url_metadata,"Biografia de Carl Sagan, in isfdb.org."
Carl_Sagan,sardinian,url_metadata,"Biografia de Carl Sagan, in fantascienza.com."
Carl_Sagan,sardinian,url_metadata,"Carl Sagan's baloney detection kit, in vdrsyd.com."
Carlos_Castaneda,sardinian,english_text,(Continuing with his fellow apprentices; and then alone with La Gorda.)
Carlos_Castaneda,sardinian,template_boilerplate,"The Fire From Within, 1984."
Carlos_Castaneda,sardinian,english_text,(Body movements for breaking the barriers of normal perception.)
Carlos_Castaneda,sardinian,english_text,"The Wheel of Time: Shamans of Ancient Mexico, Their Thoughts About Life, Death and the Universe, 1998."
Carlos_Castaneda,sardinian,english_text,Carlos Castaneda e a Fresta entre os Mundos: Vislumbres da Filosofia Ānahuacah no Século XXI (Carlos Castaneda and the Crack Between the Worlds: Glimpses of  Ānahuacah Philosophy in Century XXI).
Carmelo_Bene,sardinian,template_boilerplate,"Cun Antonio Salines, Flavia Milanta."
Carmelo_Bene,sardinian,template_boilerplate,"Con R. B. Scerrino, G. Lavaggetto."
Carmelo_Bene,sardinian,template_boilerplate,"Con R. B. Scerrino, L. Mezzanotte."
Carmelo_Bene,sardinian,template_boilerplate,"Roma, Teatro Laboratorio Cristo '63."
Carmelo_Bene,sardinian,citation_fragment,Musiche dal vivo di V.
Carmelo_Bene,sardinian,citation_fragment,"Mancinelli, L. de Berardinis, P."
Carmelo_Bene,sardinian,citation_fragment,Scene e costumi di G.
Carmelo_Bene,sardinian,template_boilerplate,"Con M. Chiarabelli, P. Boschi."
Carmelo_Bene,sardinian,template_boilerplate,"Cun Carmelo Bene, Lydia Mancinelli."
Carmelo_Bene,sardinian,citation_fragment,Renzetti; direttore del coro R.
Carmelo_Bene,sardinian,citation_fragment,Tamerlano il grande; di C.
Carmelo_Bene,sardinian,citation_fragment,Marlowe; protagonista C.B.; regia C.
Carmelo_Bene,sardinian,citation_fragment,Manzoni Canti orfici; di D.
Carmelo_Bene,sardinian,citation_fragment,Viglietti; direttore della fotografia G.
Carmelo_Bene,sardinian,template_boilerplate,VULNERABILE INVULNERABILITÀ E NECROFILIA IN ACHILLE.
Carmelo_Bene,sardinian,template_boilerplate,POESIA ORALE SU SCRITTO INCIDENTATO.
Carmelo_Floris,sardinian,isbn_doi;url_metadata;citation_shape,"Ortzai, 10 de santandria de su 1991 (IT) Salvatore Naitza e Maria Grazia Scano, Carmelo Floris (PDF), Nùgoro, Ilisso Edizioni, ISBN 88-89188-04-9."
Carmelo_Floris,sardinian,isbn_doi;citation_shape,"Marzia Marino, Carmelo Floris (PDF), Nùgoro, Ilisso Edizioni, 2004, ISBN 88-89188-04-9."
Carta_europea_de_sas_limbas_regionales_o_de_minorìa,sardinian,citation_shape,Carta europea de sas limbas regionales o minoritàrias in limba sarda Archiviadu su 20 austu 2019 in s'Internet Archive.
Casa_discografica_Tirsu,sardinian,citation_shape,"Research Centre for European Multipart Music, Elenco cumpletu de sas registratziones de musica sarda Archiviadu su 4 martzu 2016 in s'Internet Archive."
Casteddu,sardinian,citation_shape,Is Campus - Is Corrias Santu Giosepu - Santa Teresa - Parteolla Pàgina ufitziale de sa tzitade (in limba italiana) Archiviadu s'8 maju 1999 in s'Internet Archive.
Casteddu,sardinian,citation_shape,Casteddu (in limba italiana) Archiviadu su 19 austu 2010 in s'Internet Archive.
Casteddu,sardinian,citation_shape,Casteddu (in limba italiana) Archiviadu su 13 austu 2010 in s'Internet Archive.
Casteddu/logudoresu,sardinian,citation_shape,Pàzina ufitziale de sa tzitade (in limba italiana) Archiviadu s'8 maju 1999 in s'Internet Archive.
Casteddu_de_Is_Pratzas,sardinian,isbn_doi,"ISBN 978-88-7383-215-7 Giovanni Serreli, Tutti i castelli dei quattro Regni, in «Darwin. Quaderni» n."
Casteddu_de_Is_Pratzas,sardinian,isbn_doi;citation_shape,"ISBN 88-87393-08-7 Giovanni Serreli, Las Plassas nella Guida ai 20 Comuni - Sa Corona Arrùbia, Bozen, 2004."
Casteddu_de_Is_Pratzas,sardinian,isbn_doi,"ISBN 978-88-7383-172-3 Giovanni Serreli, Il castello di Marmilla a Las Plassas in Roccas."
Casteddu_de_Is_Pratzas,sardinian,isbn_doi,"ISBN 978-88-7383-172-3 Giovanni Serreli, Rifornimenti ai castelli di Sanluri, Monreale e Marmilla o Las Plassas tra il 1412 e il Aragonensia."
Casteddu_de_Is_Pratzas,sardinian,isbn_doi;citation_shape,"ISBN 88-88246-23-1 Francesco Cesare Casula, Dizionario Storico Sardo, Tàtari, 2002."
Casteddu_de_Is_Pratzas,sardinian,template_boilerplate,"Casu Alfonso M., Las Plassas."
Cat_Stevens,sardinian,english_text,"Sos albums suos Tea for the Tillerman e Teaser and the Firecat (inue bi fit sa cantone Peace Train una cantone contra a sa gherra) sunu istados certificados cun su triplu discu de platinu in sos Istados Unidos; sucesso mannu ad appidu finas s'album Catch Bull at Four e sa cantone sua ""The First Cut Is the Deepest""."
Catedral_de_la_Santísima_Concepción_(Cile),sardinian,citation_shape,"36° 49' 39"" S 73° 03' 04"" W (ES) Su portale de iglesiadeconcepcion.cl Archiviadu su 23 nadale 2011 in s'Internet Archive."
Catedral_de_la_Santísima_Concepción_(Cile),sardinian,url_metadata,Catedral de la Santísima Concepción (Cile) en gcatholic.com
Celestino_Soddu,sardinian,citation_shape,Situ de Domus Argenia Archiviadu su 22 trìulas 2011 in s'Internet Archive.
Cesareo,sardinian,citation_shape,Wikimedia Commons tenet immàgines o àteros documentos a a pitzu de Cesareo [1] Archiviadu su 4 santandria 2016 in s'Internet Archive.
Chantal_Chamberland,sardinian,citation_shape,Biografia Archiviadu su 10 nadale 2011 in s'Internet Archive.
Charles_Aznavour,sardinian,citation_shape,Charles Aznavour in Italiano (vol. 1) 1972 Canto l'amore perché credo che tutto derivi da esso 1991 Aznavour italiano (cun 23 cantones) 2004 Charles Aznavour – Platinum Collection 3 discos (Emi) Devi sapere (Il faut savoir) Ed io tra di voi (Et moi dans mon coin) L’ amore è come un giorno (L'amour c'est comme un jour) I lupi attorno a noi Come è triste Venezia (Que c'est triste Venice) Quel che non si fa più (les plaisir demodeès) Napule amica mia ( in napuletanu ) Situ uffitziale Archiviadu su 22 cabudanni 2007 in s'Internet Archive.
Charles_Jencks,sardinian,citation_shape,"Issu primu aiat istudiadu Literadura Inglesa in s'Universidade de Harvard, poi aiat leadu una laurea in architetura in sa Harvard Graduate School of Design in su 1965, pro finire aiat leadu su PhD (dottoradu de ricerca) in Istoria de s'architetura in s'University College de Londra."
Charles_Jencks,sardinian,url_metadata,(EN)Critical Modernism - Where is Post Modernism going?
Charles_Jencks,sardinian,template_boilerplate,", Wiley Academy, London, 2007."
Charles_Jencks,sardinian,url_metadata,"(EN)The Iconic Building - The Power of Enigma, Frances Lincoln, London, 2005."
Charles_Jencks,sardinian,url_metadata,"(EN)The Garden of Cosmic Speculation, Frances Lincoln Limited, London, October 2003."
Charles_Jencks,sardinian,citation_shape,"The New Paradigm in Architecture, (seventh edition of The Language of Post-Modern Architecture), Yale University Press, London, New Haven, 2002."
Charles_Jencks,sardinian,citation_shape;english_text,"Le Corbusier and the Continual Revolution in Architecture, The Monacelli Press, 2000 Architecture 2000 and Beyond, (Critique & new predictions for 1971 book), Academy, Wiley, May 2000 The Architecture of the Jumping Universe, Academy, London & NY, 1995."
Charles_Jencks,sardinian,citation_shape,"Post-Modernism, The New Classicism in Art and Architecture, Rizzoli, NY and Academy, London 1987; German edition, 1987, reprinted 1988."
Charles_Jencks,sardinian,citation_shape,", St Martins Press, NY 1986, Academy, London 1986."
Charles_Jencks,sardinian,citation_shape,"Kings of Infinite Space, St. Martins Press, NY; Academy, London 1983."
Charles_Jencks,sardinian,citation_shape,"Abstract Representation, St. Martins Press, NY 1983, Architectural Design monograph, London 1983."
Charles_Jencks,sardinian,citation_shape,"Modern Movements in Architecture, Anchor Press, NY 1973."
Charles_Jencks,sardinian,url_metadata;citation_shape,(EN)Charles Jencks website Archiviadu su 3 santugaine 2012 in s'Internet Archive.
Chet_Baker,sardinian,english_text,"Blåmann!"" (1988) (Hot Club Records, Oslo) In memory of (1988) (L & R Music) Little Girl Blue (1988) (Philology) My favourite songs, vol. 2: Straight from the heart (1988) (Enja Records) My favourite songs, vols."
Chet_Baker,sardinian,english_text,"1-2: The last great concert (1988) (Enja Records) Oh you crazy moon (1988) (Enja Records Justin Time) Straight from the heart (1988) (Enja Records) The heart of the ballad (1988) (Phililogy) The best of Chet Baker sings (1989) (Blue Note Records) Lonely Star, The Prestige Sessions (1996) (Prestige)(CD Reissue of the Prestige Sessions from 1965)"
Chilogrammu,sardinian,url_metadata,"Sistema Internatzionale de unidade de medida (IT) www.metrologia-legale.it, in metrologia-legale.it."
Chilogrammu,sardinian,english_text,"National Physical Laboratory FAQ on kilogram definition, the need for a new definition, and some alternatives, in npl.co.uk."
Chilogrammu,sardinian,english_text,"Avogadro and molar Planck constants for the redefinition of the kilogram, in inrim.it."
Cile,sardinian,citation_shape,Su portale de ThisisChile.cl - Official Chile website - English and Spanish version Archiviadu su 25 trìulas 2011 in s'Internet Archive.
ClamAV,sardinian,url_metadata,"Giassu web de ClamXav, in clamxav.com."
ClamAV,sardinian,url_metadata,"Pàgina web italiana de ClamWin, in it.clamwin.com."
Classificatzione_sientìfica,sardinian,url_metadata;citation_shape,"Is sufissos imperadus pro formare custos nòmenes benent dae su rennu, e, in unos casos fintzas dae su phylum e dae sa classe, a sa manera de sighidu: (EN) Phylocode Archiviadu su 7 maju 2005 in s'Internet Archive."
Classificatzione_sientìfica,sardinian,citation_shape,Species 2000 & ITIS Catalogue of Life 2008 Archiviadu su 28 austu 2009 in s'Internet Archive.
Claudia_Aru,sardinian,url_metadata,"2008 - Tripland, cun is Bentesoi 2010 - Folk you!, cun is Bentesoi 2013 - A giru a giru 2016 - La canzone dell'estate 2017 - Oi mi scidu chitzi 2020 - Arrò du Covid Pàgina de Facebook ufitziali de Claudia Aru, in facebook.com."
Colin_Rowe,sardinian,english_text,"Verso una visione rettrospettiva possibile., Bologna, 2005) As I Was Saying: Recollections and Miscellaneous Essays (1996) (3 volumes) The Present Urban Predicament in The Cornell Journal of Architecture, no.1, 1981 Roma Interrotta in Architectural Design Profile, Vol. 49, No. 3-4 (1979) Collage City (1978) - with Fred Koetter - (trad. it."
Colin_Rowe,sardinian,english_text,"Collage city, 1981) The Mathematics of the Ideal Villa and Other Essays (1976) Transparency: Literal and Phenomenal Part II, Perspecta 13/14, 1971"
Colin_Ward,sardinian,citation_shape,"Anarchy in Action,Allen & Unwin 1973, Freedom Press 1988 (trad. it.: Anarchia come organizzazione, Antistato, Milano, 1976 e ried."
Colin_Ward,sardinian,citation_shape;english_text,"Elèuthera 2006); Streetwork: The Exploding School, con Anthony Fyson, Routledge 1973; Vandalism, (a cura di), Architectural Press 1973; Tenants take Over, Architectural Press 1976; Housing: An anarchist approach, Freedom Press 1983; British School buildings: Desing & Appraisals(a cura di), Architectural Press 1977; The Children in the City, Architectural Press 1979; Penguin 1994(trad. it.: Il bambino e la città, Ancora del Mediterraneo 2000); Arcadia for All: the Legacy of a Makeshift Landscape,con Dennis Hardy, Mansell 1986; When we Build Again, Lets have Housing That Works, Pluto Press 1985; Goodnight Campers!"
Colo-Colo,sardinian,url_metadata;citation_shape,Colo Colo — Fifa.com Archiviadu su 14 cabudanni 2014 in s'Internet Archive.
Comunicatzione,sardinian,isbn_doi;citation_shape,"ISBN 88-340-0142-7 Umberto Ecu, Tratadu de semiotica generale, Bompiani, Milanu, 1975."
Comunicatzione,sardinian,isbn_doi;citation_shape,"ISBN 88-452-0049-3 Tullio De Mauro, Minisemantica de is limbàgios non verbales e de is limbas, Laterza, Roma - Bari, 1982."
Comunicatzione,sardinian,isbn_doi;citation_shape,"ISBN 88-420-2006-0 Armand Matterlart, Michèle Matterlart, Istòria de is Teorias de sa comunicatzione, tìtulu originale: Histoire des theories de sa communication, Lupetti, Milanu 1997."
Comunicatzione,sardinian,isbn_doi,ISBN 88-86302-88-6 Sa comunicatzione virtuale.
Comunicatzione,sardinian,isbn_doi;citation_shape,"ISBN 88-7802-783-9 Friedemann Schulz von Thun, Miteinander Reden, 1981, HamburgTrad."
Comunicatzione,sardinian,isbn_doi;citation_shape,"ISBN 88-7543-021-7 Pietro Boccia, comunicatzione e mass mèdia, Zanichelli, Bologna 1999."
Comunicatzione,sardinian,isbn_doi;citation_shape,"ISBN 88-08-07357-2 Marco A. Villamira, Lucia D. Roggeroni, Inter Actio o de s'interatzione tra sistemas, Francu Ànghelos, Milanu 2001."
Comunicatzione,sardinian,isbn_doi,"ISBN 88-464-1422-5 Franco Lever, Cesare P. Rivoltella, Adriano Zanacchi, Sa comunicatzione."
Comunicatzione,sardinian,isbn_doi;citation_shape,"ISBN 88-397-1185-6 Emanuele Arielli, Giovanni Pisto, Cuntierras e mediatzione, Bruno Mondadori, Milanu, 2003."
Comunicatzione,sardinian,isbn_doi;citation_shape,"ISBN 88-424-9566-2 Caterina Castàngia, is limbas utopiche, Noos Echilìbrios, Viterbo, 2004, [1995]."
Comunicatzione,sardinian,isbn_doi;citation_shape,"ISBN 88-7226-815-X Pietro Boccia, Limbàgios e multimedialidades, Simone Iscola, Nàpoli, 2004."
Comunicatzione,sardinian,isbn_doi,ISBN 88-244-8707-6 Su mediaevo italianu.
Comunicatzione,sardinian,isbn_doi;citation_shape,"ISBN 88-430-3125-2 Luigi Anolli, Fundamentos de psicologia de sa comunicatzione, Su Mulinu, Bologna, 2006."
Comunicatzione,sardinian,isbn_doi,"ISBN 88-15-10860-2 Guido Bosticco, Prenare is bòidos."
Comunicatzione,sardinian,isbn_doi;citation_shape,"ISBN 978-88-7164-241-3 Marco Pacori, Comente a interpretare is messàgios de su corpus, De Vecchi Editore, Milanu, 2007."
Comunicatzione,sardinian,isbn_doi;citation_shape,"ISBN 978-88-15-11538-6 Mario Perniola, Miràculos e tràumas de sa comunicatzione, Einaudi, Torinu 2009."
Comunicatzione,sardinian,isbn_doi;citation_shape,"ISBN 978-88-06-18826-9 Mario Perniola, Contra sa comunicatzione, Einaudi, Torinu, 2005."
Comunicatzione,sardinian,isbn_doi;citation_shape,"ISBN 978-88-06-16820-9 Günther Witzany, Biocommunication and Natural Genome Editing, Springer Verlag, Berlinu 2009."
Comunicatzione,sardinian,isbn_doi,"ISBN 978-90-481-3319-2 Caterina Castàngia, I sinnos de sa trassa."
Comutadori_de_arretza,sardinian,english_text,Understanding the different types of Ethernet Switches - Cisco Blogs What to consider when buying an Ethernet Switch.
Concepción_(Cile),sardinian,citation_shape,"36° 46' 22"" S 73° 03' 47"" W Ida Stevenson Weldon Vernon (1969) Pedro de Valdivia, Conquistador of Chile, Greenwood Press John Milton Nickles, Marie Siegrist (1965) Bibliography and Index of Geology Exclusive of North America, Geological Society of America, v.28"
Conchita_Wurst,sardinian,url_metadata;english_text,"From Vienna with Love (2018) That's What I Am (2012) Rise like a Phoenix (2014) Colours of Your Love (2015) Heast as net (feat. Ina Regen) (2017) (EN) Situ ofitziale, in conchitawurst.com."
Conservatoria_de_sas_Costeras,sardinian,citation_shape,Lege regionale chi istuit s'ente Archiviadu su 5 martzu 2016 in s'Internet Archive.
Coordinadas_geogràficas,sardinian,citation_shape,EPSG Geodetic Parameter Registry Archiviadu su 9 austu 2020 in s'Internet Archive.
Copa_Cossu-Mariotti,sardinian,url_metadata,"Sa Copa Cossu-Mariotti fiat unu trofeu chi beniat assignadu dae sa setzione Sardigna de sa F.I.G.C. a s'iscuadra sarda mègius classificada a su tèrmine de su Campionadu de Sèrie D. Torres Calcio - Gli anni '70 (IT) Salvatore Zappadu e Carlo Fontanelli, Kentannos."
Copa_de_Sardigna,sardinian,url_metadata,"In cursivu sas iscuadras chi militaiant in Promotzione (IT) FIGC Sardegna - Federazione Italiana Giuoco Calcio - Portale Regionale Sardegna, in figc-sardegna.it."
Corbin_Bleu,sardinian,citation_shape;english_text,2009 - Speed of Light 2006 - Push It to the Limit 2007 - Deal with It 2008 - Run It Back Again 2009 - Moments That Matter Giassu ufitziale Archiviadu su 4 ghennàrgiu 2010 in s'Internet Archive.
Corbin_Bleu,sardinian,citation_shape,YouTube ufitziale Archiviadu su 27 abrile 2011 in s'Internet Archive.
Corbin_Bleu,sardinian,url_metadata;citation_shape,tv.com Archiviadu su 29 làmpadas 2011 in s'Internet Archive.
Cornus,sardinian,citation_shape,Cornus Archiviadu su 19 santandria 2011 in s'Internet Archive.
Cornus,sardinian,citation_shape,(testu de Raimondo Zucca) in su giassu de su comunu de Cùllieri Basìlicas de Cornus Archiviadu su 4 martzu 2016 in s'Internet Archive.
Cornus,sardinian,citation_shape,in su giassu de sa regione Sardigna Imàgines de su cumplessu paleocristianu de Columbaris Archiviadu s'8 làmpadas 2015 in s'Internet Archive.
Cornus,sardinian,citation_shape,in su giassu IlPortaleSardo.it Informatziones e itineràriu de bìsita Documentatzione cun insajos e su testu de Titu Lìviu traduidu Camminada virtuale in su situ archeològicu cun fotografias in sia Insaju subra s'acollocadura de su portu de Cornus Archiviadu su 22 làmpadas 2013 in s'Internet Archive.
1,ligurian,template_boilerplate,Wikimedia Commons a contêgne di files in sce 1
10,ligurian,template_boilerplate,O 10 (X in nùmeri români) o l'é 'n ànno  do  I secolo.
10,ligurian,template_boilerplate,Wikimedia Commons a contêgne di files in sce 10
100,ligurian,template_boilerplate,O 100 (C in nùmeri români) o l'é 'n ànno bizestîle do  I secolo.
100,ligurian,template_boilerplate,Wikimedia Commons a contêgne di files in sce 100
1000,ligurian,template_boilerplate,O 1000 (M in nùmeri români) o l'é 'n ànno bizestîle do  X secolo.
1000,ligurian,template_boilerplate,Wikimedia Commons a contêgne di files in sce 1000
1000_a.C.,ligurian,template_boilerplate,C. (M a. C. in nùmeri români) o l'é 'n ànno  do  X secolo a.
1001,ligurian,template_boilerplate,O 1001 (MI in nùmeri români) o l'é 'n ànno  do l'XI secolo.
1001,ligurian,template_boilerplate,Wikimedia Commons a contêgne di files in sce 1001
1002,ligurian,template_boilerplate,O 1002 (MII in nùmeri români) o l'é 'n ànno  do l'XI secolo.
1002,ligurian,template_boilerplate,Wikimedia Commons a contêgne di files in sce 1002
1003,ligurian,template_boilerplate,O 1003 (MIII in nùmeri români) o l'é 'n ànno  do l'XI secolo.
1003,ligurian,template_boilerplate,Wikimedia Commons a contêgne di files in sce 1003
1004,ligurian,template_boilerplate,O 1004 (MIV in nùmeri români) o l'é 'n ànno bizestîle do l'XI secolo.
1004,ligurian,template_boilerplate,Wikimedia Commons a contêgne di files in sce 1004
1005,ligurian,template_boilerplate,O 1005 (MV in nùmeri români) o l'é 'n ànno  do l'XI secolo.
1005,ligurian,template_boilerplate,Wikimedia Commons a contêgne di files in sce 1005
1006,ligurian,template_boilerplate,O 1006 (MVI in nùmeri români) o l'é 'n ànno  do l'XI secolo.
1006,ligurian,template_boilerplate,Wikimedia Commons a contêgne di files in sce 1006
1007,ligurian,template_boilerplate,O 1007 (MVII in nùmeri români) o l'é 'n ànno  do l'XI secolo.
1007,ligurian,template_boilerplate,Wikimedia Commons a contêgne di files in sce 1007
1008,ligurian,template_boilerplate,O 1008 (MVIII in nùmeri români) o l'é 'n ànno bizestîle do l'XI secolo.
1008,ligurian,template_boilerplate,Wikimedia Commons a contêgne di files in sce 1008
1009,ligurian,template_boilerplate,O 1009 (MIX in nùmeri români) o l'é 'n ànno  do l'XI secolo.
1009,ligurian,template_boilerplate,Wikimedia Commons a contêgne di files in sce 1009
100_a.C.,ligurian,template_boilerplate,C. (C a. C. in nùmeri români) o l'é 'n ànno  do  I secolo a.
100_a.C.,ligurian,template_boilerplate,C. Wikimedia Commons a contêgne di files in sce 100 a.
101,ligurian,template_boilerplate,O 101 (CI in nùmeri români) o l'é 'n ànno  do  II secolo.
101,ligurian,template_boilerplate,Wikimedia Commons a contêgne di files in sce 101
1010,ligurian,template_boilerplate,O 1010 (MX in nùmeri români) o l'é 'n ànno  do l'XI secolo.
1010,ligurian,template_boilerplate,Wikimedia Commons a contêgne di files in sce 1010
1011,ligurian,template_boilerplate,O 1011 (MXI in nùmeri români) o l'é 'n ànno  do l'XI secolo.
1011,ligurian,template_boilerplate,Wikimedia Commons a contêgne di files in sce 1011
1012,ligurian,template_boilerplate,O 1012 (MXII in nùmeri români) o l'é 'n ànno bizestîle do l'XI secolo.
1012,ligurian,template_boilerplate,Wikimedia Commons a contêgne di files in sce 1012
1013,ligurian,template_boilerplate,O 1013 (MXIII in nùmeri români) o l'é 'n ànno  do l'XI secolo.
1013,ligurian,template_boilerplate,Wikimedia Commons a contêgne di files in sce 1013
1014,ligurian,template_boilerplate,O 1014 (MXIV in nùmeri români) o l'é 'n ànno  do l'XI secolo.
1014,ligurian,template_boilerplate,Wikimedia Commons a contêgne di files in sce 1014
1015,ligurian,template_boilerplate,O 1015 (MXV in nùmeri români) o l'é 'n ànno  do l'XI secolo.
1015,ligurian,template_boilerplate,Wikimedia Commons a contêgne di files in sce 1015
1016,ligurian,template_boilerplate,O 1016 (MXVI in nùmeri români) o l'é 'n ànno bizestîle do l'XI secolo.
1016,ligurian,template_boilerplate,Wikimedia Commons a contêgne di files in sce 1016
1017,ligurian,template_boilerplate,O 1017 (MXVII in nùmeri români) o l'é 'n ànno  do l'XI secolo.
1017,ligurian,template_boilerplate,Wikimedia Commons a contêgne di files in sce 1017
1018,ligurian,template_boilerplate,O 1018 (MXVIII in nùmeri români) o l'é 'n ànno  do l'XI secolo.
1018,ligurian,template_boilerplate,Wikimedia Commons a contêgne di files in sce 1018
1019,ligurian,template_boilerplate,O 1019 (MXIX in nùmeri români) o l'é 'n ànno  do l'XI secolo.
1019,ligurian,template_boilerplate,Wikimedia Commons a contêgne di files in sce 1019
101_a.C.,ligurian,template_boilerplate,C. (CI a. C. in nùmeri români) o l'é 'n ànno  do  II secolo a.
101_a.C.,ligurian,template_boilerplate,C. Wikimedia Commons a contêgne di files in sce 101 a.
102,ligurian,template_boilerplate,O 102 (CII in nùmeri români) o l'é 'n ànno  do  II secolo.
102,ligurian,template_boilerplate,Wikimedia Commons a contêgne di files in sce 102
1020,ligurian,template_boilerplate,O 1020 (MXX in nùmeri români) o l'é 'n ànno bizestîle do l'XI secolo.
1020,ligurian,template_boilerplate,Wikimedia Commons a contêgne di files in sce 1020
1021,ligurian,template_boilerplate,O 1021 (MXXI in nùmeri români) o l'é 'n ànno  do l'XI secolo.
1021,ligurian,template_boilerplate,Wikimedia Commons a contêgne di files in sce 1021
1022,ligurian,template_boilerplate,O 1022 (MXXII in nùmeri români) o l'é 'n ànno  do l'XI secolo.
1022,ligurian,template_boilerplate,Wikimedia Commons a contêgne di files in sce 1022
1023,ligurian,template_boilerplate,O 1023 (MXXIII in nùmeri români) o l'é 'n ànno  do l'XI secolo.
1023,ligurian,template_boilerplate,Wikimedia Commons a contêgne di files in sce 1023
1024,ligurian,template_boilerplate,O 1024 (MXXIV in nùmeri români) o l'é 'n ànno bizestîle do l'XI secolo.
1024,ligurian,template_boilerplate,Wikimedia Commons a contêgne di files in sce 1024
1025,ligurian,template_boilerplate,O 1025 (MXXV in nùmeri români) o l'é 'n ànno  do l'XI secolo.
1025,ligurian,template_boilerplate,Wikimedia Commons a contêgne di files in sce 1025
1026,ligurian,template_boilerplate,O 1026 (MXXVI in nùmeri români) o l'é 'n ànno  do l'XI secolo.
1026,ligurian,template_boilerplate,Wikimedia Commons a contêgne di files in sce 1026
1027,ligurian,template_boilerplate,O 1027 (MXXVII in nùmeri români) o l'é 'n ànno  do l'XI secolo.
1027,ligurian,template_boilerplate,Wikimedia Commons a contêgne di files in sce 1027
1028,ligurian,template_boilerplate,O 1028 (MXXVIII in nùmeri români) o l'é 'n ànno bizestîle do l'XI secolo.
1028,ligurian,template_boilerplate,Wikimedia Commons a contêgne di files in sce 1028
1029,ligurian,template_boilerplate,O 1029 (MXXIX in nùmeri români) o l'é 'n ànno  do l'XI secolo.
1029,ligurian,template_boilerplate,Wikimedia Commons a contêgne di files in sce 1029
103,ligurian,template_boilerplate,O 103 (CIII in nùmeri români) o l'é 'n ànno  do  II secolo.
103,ligurian,template_boilerplate,Wikimedia Commons a contêgne di files in sce 103
1030,ligurian,template_boilerplate,O 1030 (MXXX in nùmeri români) o l'é 'n ànno  do l'XI secolo.
1030,ligurian,template_boilerplate,Wikimedia Commons a contêgne di files in sce 1030
1031,ligurian,template_boilerplate,O 1031 (MXXXI in nùmeri români) o l'é 'n ànno  do l'XI secolo.
1031,ligurian,template_boilerplate,Wikimedia Commons a contêgne di files in sce 1031
1032,ligurian,template_boilerplate,O 1032 (MXXXII in nùmeri români) o l'é 'n ànno bizestîle do l'XI secolo.
1032,ligurian,template_boilerplate,Wikimedia Commons a contêgne di files in sce 1032
1033,ligurian,template_boilerplate,O 1033 (MXXXIII in nùmeri români) o l'é 'n ànno  do l'XI secolo.
1033,ligurian,template_boilerplate,Wikimedia Commons a contêgne di files in sce 1033
1034,ligurian,template_boilerplate,O 1034 (MXXXIV in nùmeri români) o l'é 'n ànno  do l'XI secolo.
1034,ligurian,template_boilerplate,Wikimedia Commons a contêgne di files in sce 1034
1035,ligurian,template_boilerplate,O 1035 (MXXXV in nùmeri români) o l'é 'n ànno  do l'XI secolo.
1035,ligurian,template_boilerplate,Wikimedia Commons a contêgne di files in sce 1035
1036,ligurian,template_boilerplate,O 1036 (MXXXVI in nùmeri români) o l'é 'n ànno bizestîle do l'XI secolo.
1036,ligurian,template_boilerplate,Wikimedia Commons a contêgne di files in sce 1036
1037,ligurian,template_boilerplate,O 1037 (MXXXVII in nùmeri români) o l'é 'n ànno  do l'XI secolo.
1037,ligurian,template_boilerplate,Wikimedia Commons a contêgne di files in sce 1037
1038,ligurian,template_boilerplate,O 1038 (MXXXVIII in nùmeri români) o l'é 'n ànno  do l'XI secolo.
1038,ligurian,template_boilerplate,Wikimedia Commons a contêgne di files in sce 1038
1039,ligurian,template_boilerplate,O 1039 (MXXXIX in nùmeri români) o l'é 'n ànno  do l'XI secolo.
104,ligurian,template_boilerplate,O 104 (CIV in nùmeri români) o l'é 'n ànno bizestîle do  II secolo.
104,ligurian,template_boilerplate,Wikimedia Commons a contêgne di files in sce 104
1040,ligurian,template_boilerplate,O 1040 (MXL in nùmeri români) o l'é 'n ànno bizestîle do l'XI secolo.
1040,ligurian,template_boilerplate,Wikimedia Commons a contêgne di files in sce 1040
1041,ligurian,template_boilerplate,O 1041 (MXLI in nùmeri români) o l'é 'n ànno  do l'XI secolo.
1041,ligurian,template_boilerplate,Wikimedia Commons a contêgne di files in sce 1041
1042,ligurian,template_boilerplate,O 1042 (MXLII in nùmeri români) o l'é 'n ànno  do l'XI secolo.
1042,ligurian,template_boilerplate,Wikimedia Commons a contêgne di files in sce 1042
1043,ligurian,template_boilerplate,O 1043 (MXLIII in nùmeri români) o l'é 'n ànno  do l'XI secolo.
1043,ligurian,template_boilerplate,Wikimedia Commons a contêgne di files in sce 1043
1044,ligurian,template_boilerplate,O 1044 (MXLIV in nùmeri români) o l'é 'n ànno bizestîle do l'XI secolo.
1044,ligurian,template_boilerplate,Wikimedia Commons a contêgne di files in sce 1044
1045,ligurian,template_boilerplate,O 1045 (MXLV in nùmeri români) o l'é 'n ànno  do l'XI secolo.
1045,ligurian,template_boilerplate,Wikimedia Commons a contêgne di files in sce 1045
1046,ligurian,template_boilerplate,O 1046 (MXLVI in nùmeri români) o l'é 'n ànno  do l'XI secolo.
1046,ligurian,template_boilerplate,Wikimedia Commons a contêgne di files in sce 1046
1047,ligurian,template_boilerplate,O 1047 (MXLVII in nùmeri români) o l'é 'n ànno  do l'XI secolo.
1047,ligurian,template_boilerplate,Wikimedia Commons a contêgne di files in sce 1047
1048,ligurian,template_boilerplate,O 1048 (MXLVIII in nùmeri români) o l'é 'n ànno bizestîle do l'XI secolo.
1048,ligurian,template_boilerplate,Wikimedia Commons a contêgne di files in sce 1048
1049,ligurian,template_boilerplate,O 1049 (MXLIX in nùmeri români) o l'é 'n ànno  do l'XI secolo.
1049,ligurian,template_boilerplate,Wikimedia Commons a contêgne di files in sce 1049
104_a.C.,ligurian,template_boilerplate,C. (CIV a. C. in nùmeri români) o l'é 'n ànno  do  II secolo a.
104_a.C.,ligurian,template_boilerplate,C. Wikimedia Commons a contêgne di files in sce 104 a.
105,ligurian,template_boilerplate,O 105 (CV in nùmeri români) o l'é 'n ànno  do  II secolo.
105,ligurian,template_boilerplate,Wikimedia Commons a contêgne di files in sce 105
1050,ligurian,template_boilerplate,O 1050 (ML in nùmeri români) o l'é 'n ànno  do l'XI secolo.
1050,ligurian,template_boilerplate,Wikimedia Commons a contêgne di files in sce 1050
1051,ligurian,template_boilerplate,O 1051 (MLI in nùmeri români) o l'é 'n ànno  do l'XI secolo.
1051,ligurian,template_boilerplate,Wikimedia Commons a contêgne di files in sce 1051
1052,ligurian,template_boilerplate,O 1052 (MLII in nùmeri români) o l'é 'n ànno bizestîle do l'XI secolo.
1052,ligurian,template_boilerplate,Wikimedia Commons a contêgne di files in sce 1052
1053,ligurian,template_boilerplate,O 1053 (MLIII in nùmeri români) o l'é 'n ànno  do l'XI secolo.
1053,ligurian,template_boilerplate,Wikimedia Commons a contêgne di files in sce 1053
1054,ligurian,template_boilerplate,O 1054 (MLIV in nùmeri români) o l'é 'n ànno  do l'XI secolo.
1054,ligurian,template_boilerplate,Wikimedia Commons a contêgne di files in sce 1054
1055,ligurian,template_boilerplate,O 1055 (MLV in nùmeri români) o l'é 'n ànno  do l'XI secolo.
1055,ligurian,template_boilerplate,Wikimedia Commons a contêgne di files in sce 1055
1056,ligurian,template_boilerplate,O 1056 (MLVI in nùmeri români) o l'é 'n ànno bizestîle do l'XI secolo.
1056,ligurian,template_boilerplate,Wikimedia Commons a contêgne di files in sce 1056
1057,ligurian,template_boilerplate,O 1057 (MLVII in nùmeri români) o l'é 'n ànno  do l'XI secolo.
1057,ligurian,template_boilerplate,Wikimedia Commons a contêgne di files in sce 1057
1058,ligurian,template_boilerplate,O 1058 (MLVIII in nùmeri români) o l'é 'n ànno  do l'XI secolo.
1058,ligurian,template_boilerplate,Wikimedia Commons a contêgne di files in sce 1058
1059,ligurian,template_boilerplate,O 1059 (MLIX in nùmeri români) o l'é 'n ànno  do l'XI secolo.
1059,ligurian,template_boilerplate,Wikimedia Commons a contêgne di files in sce 1059
105_a.C.,ligurian,template_boilerplate,C. (CV a. C. in nùmeri români) o l'é 'n ànno  do  II secolo a.
105_a.C.,ligurian,template_boilerplate,C. Wikimedia Commons a contêgne di files in sce 105 a.
106,ligurian,template_boilerplate,O 106 (CVI in nùmeri români) o l'é 'n ànno  do  II secolo.
106,ligurian,template_boilerplate,Wikimedia Commons a contêgne di files in sce 106
1060,ligurian,template_boilerplate,O 1060 (MLX in nùmeri români) o l'é 'n ànno bizestîle do l'XI secolo.
1060,ligurian,template_boilerplate,Wikimedia Commons a contêgne di files in sce 1060
1061,ligurian,template_boilerplate,O 1061 (MLXI in nùmeri români) o l'é 'n ànno  do l'XI secolo.
1061,ligurian,template_boilerplate,Wikimedia Commons a contêgne di files in sce 1061
1062,ligurian,template_boilerplate,O 1062 (MLXII in nùmeri români) o l'é 'n ànno  do l'XI secolo.
1062,ligurian,template_boilerplate,Wikimedia Commons a contêgne di files in sce 1062
1063,ligurian,template_boilerplate,O 1063 (MLXIII in nùmeri români) o l'é 'n ànno  do l'XI secolo.
1063,ligurian,template_boilerplate,Wikimedia Commons a contêgne di files in sce 1063
1064,ligurian,template_boilerplate,O 1064 (MLXIV in nùmeri români) o l'é 'n ànno bizestîle do l'XI secolo.
1064,ligurian,template_boilerplate,Wikimedia Commons a contêgne di files in sce 1064
1065,ligurian,template_boilerplate,O 1065 (MLXV in nùmeri români) o l'é 'n ànno  do l'XI secolo.
1065,ligurian,template_boilerplate,Wikimedia Commons a contêgne di files in sce 1065
1066,ligurian,template_boilerplate,O 1066 (MLXVI in nùmeri români) o l'é 'n ànno  do l'XI secolo.
1066,ligurian,template_boilerplate,Wikimedia Commons a contêgne di files in sce 1066
1067,ligurian,template_boilerplate,O 1067 (MLXVII in nùmeri români) o l'é 'n ànno  do l'XI secolo.
1067,ligurian,template_boilerplate,Wikimedia Commons a contêgne di files in sce 1067
1068,ligurian,template_boilerplate,O 1068 (MLXVIII in nùmeri români) o l'é 'n ànno bizestîle do l'XI secolo.
1068,ligurian,template_boilerplate,Wikimedia Commons a contêgne di files in sce 1068
1069,ligurian,template_boilerplate,O 1069 (MLXIX in nùmeri români) o l'é 'n ànno  do l'XI secolo.
1069,ligurian,template_boilerplate,Wikimedia Commons a contêgne di files in sce 1069
106_a.C.,ligurian,template_boilerplate,C. (CVI a. C. in nùmeri români) o l'é 'n ànno  do  II secolo a.
106_a.C.,ligurian,template_boilerplate,C. Wikimedia Commons a contêgne di files in sce 106 a.
107,ligurian,template_boilerplate,O 107 (CVII in nùmeri români) o l'é 'n ànno  do  II secolo.
107,ligurian,template_boilerplate,Wikimedia Commons a contêgne di files in sce 107
1070,ligurian,template_boilerplate,O 1070 (MLXX in nùmeri români) o l'é 'n ànno  do l'XI secolo.
1070,ligurian,template_boilerplate,Wikimedia Commons a contêgne di files in sce 1070
1071,ligurian,template_boilerplate,O 1071 (MLXXI in nùmeri români) o l'é 'n ànno  do l'XI secolo.
1071,ligurian,template_boilerplate,Wikimedia Commons a contêgne di files in sce 1071
1072,ligurian,template_boilerplate,O 1072 (MLXXII in nùmeri români) o l'é 'n ànno bizestîle do l'XI secolo.
1072,ligurian,template_boilerplate,Wikimedia Commons a contêgne di files in sce 1072
1073,ligurian,template_boilerplate,O 1073 (MLXXIII in nùmeri români) o l'é 'n ànno  do l'XI secolo.
1073,ligurian,template_boilerplate,Wikimedia Commons a contêgne di files in sce 1073
1074,ligurian,template_boilerplate,O 1074 (MLXXIV in nùmeri români) o l'é 'n ànno  do l'XI secolo.
1074,ligurian,template_boilerplate,Wikimedia Commons a contêgne di files in sce 1074
1075,ligurian,template_boilerplate,O 1075 (MLXXV in nùmeri români) o l'é 'n ànno  do l'XI secolo.
1075,ligurian,template_boilerplate,Wikimedia Commons a contêgne di files in sce 1075
1076,ligurian,template_boilerplate,O 1076 (MLXXVI in nùmeri români) o l'é 'n ànno bizestîle do l'XI secolo.
1076,ligurian,template_boilerplate,Wikimedia Commons a contêgne di files in sce 1076
1077,ligurian,template_boilerplate,O 1077 (MLXXVII in nùmeri români) o l'é 'n ànno  do l'XI secolo.
1077,ligurian,template_boilerplate,Wikimedia Commons a contêgne di files in sce 1077
1078,ligurian,template_boilerplate,O 1078 (MLXXVIII in nùmeri români) o l'é 'n ànno  do l'XI secolo.
1078,ligurian,template_boilerplate,Wikimedia Commons a contêgne di files in sce 1078
1079,ligurian,template_boilerplate,O 1079 (MLXXIX in nùmeri români) o l'é 'n ànno  do l'XI secolo.
1079,ligurian,template_boilerplate,Wikimedia Commons a contêgne di files in sce 1079
107_a.C.,ligurian,template_boilerplate,C. (CVII a. C. in nùmeri români) o l'é 'n ànno  do  II secolo a.
107_a.C.,ligurian,template_boilerplate,C. Wikimedia Commons a contêgne di files in sce 107 a.
108,ligurian,template_boilerplate,O 108 (CVIII in nùmeri români) o l'é 'n ànno bizestîle do  II secolo.
108,ligurian,template_boilerplate,Wikimedia Commons a contêgne di files in sce 108
1080,ligurian,template_boilerplate,O 1080 (MLXXX in nùmeri români) o l'é 'n ànno bizestîle do l'XI secolo.
1080,ligurian,template_boilerplate,Wikimedia Commons a contêgne di files in sce 1080
1081,ligurian,template_boilerplate,O 1081 (MLXXXI in nùmeri români) o l'é 'n ànno  do l'XI secolo.
1081,ligurian,template_boilerplate,Wikimedia Commons a contêgne di files in sce 1081
1082,ligurian,template_boilerplate,O 1082 (MLXXXII in nùmeri români) o l'é 'n ànno  do l'XI secolo.
1082,ligurian,template_boilerplate,Wikimedia Commons a contêgne di files in sce 1082
1083,ligurian,template_boilerplate,O 1083 (MLXXXIII in nùmeri români) o l'é 'n ànno  do l'XI secolo.
1083,ligurian,template_boilerplate,Wikimedia Commons a contêgne di files in sce 1083
1084,ligurian,template_boilerplate,O 1084 (MLXXXIV in nùmeri români) o l'é 'n ànno bizestîle do l'XI secolo.
1084,ligurian,template_boilerplate,Wikimedia Commons a contêgne di files in sce 1084
1085,ligurian,template_boilerplate,O 1085 (MLXXXV in nùmeri români) o l'é 'n ànno  do l'XI secolo.
1085,ligurian,template_boilerplate,Wikimedia Commons a contêgne di files in sce 1085
1086,ligurian,template_boilerplate,O 1086 (MLXXXVI in nùmeri români) o l'é 'n ànno  do l'XI secolo.
1086,ligurian,template_boilerplate,Wikimedia Commons a contêgne di files in sce 1086
1087,ligurian,template_boilerplate,O 1087 (MLXXXVII in nùmeri români) o l'é 'n ànno  do l'XI secolo.
1087,ligurian,template_boilerplate,Wikimedia Commons a contêgne di files in sce 1087
1088,ligurian,template_boilerplate,O 1088 (MLXXXVIII in nùmeri români) o l'é 'n ànno bizestîle do l'XI secolo.
1088,ligurian,template_boilerplate,Wikimedia Commons a contêgne di files in sce 1088
1089,ligurian,template_boilerplate,O 1089 (MLXXXIX in nùmeri români) o l'é 'n ànno  do l'XI secolo.
1089,ligurian,template_boilerplate,Wikimedia Commons a contêgne di files in sce 1089
109,ligurian,template_boilerplate,O 109 (CIX in nùmeri români) o l'é 'n ànno  do  II secolo.
109,ligurian,template_boilerplate,Wikimedia Commons a contêgne di files in sce 109
1090,ligurian,template_boilerplate,O 1090 (MXC in nùmeri români) o l'é 'n ànno  do l'XI secolo.
1090,ligurian,template_boilerplate,Wikimedia Commons a contêgne di files in sce 1090
1091,ligurian,template_boilerplate,O 1091 (MXCI in nùmeri români) o l'é 'n ànno  do l'XI secolo.
1091,ligurian,template_boilerplate,Wikimedia Commons a contêgne di files in sce 1091
1092,ligurian,template_boilerplate,O 1092 (MXCII in nùmeri români) o l'é 'n ànno bizestîle do l'XI secolo.
1092,ligurian,template_boilerplate,Wikimedia Commons a contêgne di files in sce 1092
1093,ligurian,template_boilerplate,O 1093 (MXCIII in nùmeri români) o l'é 'n ànno  do l'XI secolo.
1093,ligurian,template_boilerplate,Wikimedia Commons a contêgne di files in sce 1093
1094,ligurian,template_boilerplate,O 1094 (MXCIV in nùmeri români) o l'é 'n ànno  do l'XI secolo.
1094,ligurian,template_boilerplate,Wikimedia Commons a contêgne di files in sce 1094
1095,ligurian,template_boilerplate,O 1095 (MXCV in nùmeri români) o l'é 'n ànno  do l'XI secolo.
1095,ligurian,template_boilerplate,Wikimedia Commons a contêgne di files in sce 1095
1096,ligurian,template_boilerplate,O 1096 (MXCVI in nùmeri români) o l'é 'n ànno bizestîle do l'XI secolo.
1096,ligurian,template_boilerplate,Wikimedia Commons a contêgne di files in sce 1096
1097,ligurian,template_boilerplate,O 1097 (MXCVII in nùmeri români) o l'é 'n ànno  do l'XI secolo.
1097,ligurian,template_boilerplate,Wikimedia Commons a contêgne di files in sce 1097
1098,ligurian,template_boilerplate,O 1098 (MXCVIII in nùmeri români) o l'é 'n ànno  do l'XI secolo.
1098,ligurian,template_boilerplate,Wikimedia Commons a contêgne di files in sce 1098
1099,ligurian,template_boilerplate,O 1099 (MXCIX in nùmeri români) o l'é 'n ànno  do l'XI secolo.
1099,ligurian,template_boilerplate,Wikimedia Commons a contêgne di files in sce 1099
10_a.C.,ligurian,template_boilerplate,C. (X a. C. in nùmeri români) o l'é 'n ànno  do  I secolo a.
10_a.C.,ligurian,template_boilerplate,C. Wikimedia Commons a contêgne di files in sce 10 a.
10_agosto,ligurian,template_boilerplate,O 10 agosto o l'é o 222° giórno de l'ànno (223° inti ànni bizestîli) segondo o Lûnäio Gregorian.
10_agosto,ligurian,template_boilerplate,Màncan 143 giórni a-a fin de l'ànno.
10_agosto,ligurian,template_boilerplate,Wikimedia Commons a contêgne di files in sce 10 agosto
10_arvî,ligurian,template_boilerplate,O 10 arvî o l'é o 100° giórno de l'ànno (101° inti ànni bizestîli) segondo o Lûnäio Gregorian.
10_arvî,ligurian,template_boilerplate,Màncan 265 giórni a-a fin de l'ànno.
10_arvî,ligurian,template_boilerplate,Wikimedia Commons a contêgne di files in sce 10 arvî
10_dexénbre,ligurian,template_boilerplate,O 10 dexénbre o l'é o 344° giórno de l'ànno (345° inti ànni bizestîli) segondo o Lûnäio Gregorian.
10_dexénbre,ligurian,template_boilerplate,Màncan 21 giórni a-a fin de l'ànno.
10_dexénbre,ligurian,template_boilerplate,Wikimedia Commons a contêgne di files in sce 10 dexénbre
10_frevâ,ligurian,template_boilerplate,O 10 frevâ o l'é o 41° giórno de l'ànno segondo o Lûnäio Gregorian.
10_frevâ,ligurian,template_boilerplate,Mancan 324 giórni a-a fin de l'ànno (325 inti ànni bizestîli) Wikimedia Commons a contêgne di files in sce 10 frevâ
10_lûggio,ligurian,template_boilerplate,O 10 lûggio o l'é o 191° giórno de l'ànno (192° inti ànni bizestîli) segondo o Lûnäio Gregorian.
10_lûggio,ligurian,template_boilerplate,Màncan 174 giórni a-a fin de l'ànno.
10_lûggio,ligurian,template_boilerplate,Wikimedia Commons a contêgne di files in sce 10 lûggio
10_marso,ligurian,template_boilerplate,O 10 marso o l'é o 69° giórno de l'ànno (70° inti ànni bizestîli) segondo o Lûnäio Gregorian.
10_marso,ligurian,template_boilerplate,Mancân 296 giórni a-a fin de l'ànno.
10_marso,ligurian,template_boilerplate,Wikimedia Commons a contêgne di files in sce 10 marso
10_mazzo,ligurian,template_boilerplate,O 10 mazzo o l'é o 130° giórno de l'ànno (131° inti ànni bizestîli) segondo o Lûnäio Gregorian.
10_mazzo,ligurian,template_boilerplate,Màncan 235 giórni a-a fin de l'ànno.
10_mazzo,ligurian,template_boilerplate,Wikimedia Commons a contêgne di files in sce 10 mazzo
10_novénbre,ligurian,template_boilerplate,O 10 novénbre o l'é o 314° giórno de l'ànno (315° inti ànni bizestîli) segondo o Lûnäio Gregorian.
10_novénbre,ligurian,template_boilerplate,Màncan 51 giórni a-a fin de l'ànno.
10_novénbre,ligurian,template_boilerplate,Wikimedia Commons a contêgne di files in sce 10 novénbre
10_seténbre,ligurian,template_boilerplate,O 10 seténbre o l'é o 253° giórno de l'ànno (254° inti ànni bizestîli) segondo o Lûnäio Gregorian.
10_seténbre,ligurian,template_boilerplate,Màncan 112 giórni a-a fin de l'ànno.
10_seténbre,ligurian,template_boilerplate,Wikimedia Commons a contêgne di files in sce 10 seténbre
10_zenâ,ligurian,template_boilerplate,O 10 zenâ o l'é o 10° giórno de l'ànno segondo o Lûnäio Gregorian.
10_zenâ,ligurian,template_boilerplate,Màncan 355 giórni a-a fin de l'ànno (356 inti ànni bizestîli) Wikimedia Commons a contêgne di files in sce 10 zenâ
10_zûgno,ligurian,template_boilerplate,O 10 zûgno o l'é o 161° giórno de l'ànno (162° inti ànni bizestîli) segondo o Lûnäio Gregorian.
10_zûgno,ligurian,template_boilerplate,Màncan 204 giórni a-a fin de l'ànno.
10_zûgno,ligurian,template_boilerplate,Wikimedia Commons a contêgne di files in sce 10 zûgno
10_òtôbre,ligurian,template_boilerplate,O 10 òtôbre o l'é o 283° giórno de l'ànno (282° inti ànni bizestîli) segondo o Lûnäio Gregorian.
10_òtôbre,ligurian,template_boilerplate,Màncan 82 giórni a-a fin de l'ànno.
10_òtôbre,ligurian,template_boilerplate,Wikimedia Commons a contêgne di files in sce 10 òtôbre
110,ligurian,template_boilerplate,O 110 (CX in nùmeri români) o l'é 'n ànno  do  II secolo.
1100,ligurian,template_boilerplate,O 1100 (MC in nùmeri români) o l'é 'n ànno bizestîle do l'XI secolo.
1100,ligurian,template_boilerplate,Wikimedia Commons a contêgne di files in sce 1100
1101,ligurian,template_boilerplate,O 1101 (MCI in nùmeri români) o l'é 'n ànno  do  XII secolo.
1101,ligurian,template_boilerplate,Wikimedia Commons a contêgne di files in sce 1101
1102,ligurian,template_boilerplate,O 1102 (MCII in nùmeri români) o l'é 'n ànno  do  XII secolo.
1102,ligurian,template_boilerplate,Wikimedia Commons a contêgne di files in sce 1102
1103,ligurian,template_boilerplate,O 1103 (MCIII in nùmeri români) o l'é 'n ànno  do  XII secolo.
1103,ligurian,template_boilerplate,Wikimedia Commons a contêgne di files in sce 1103
1104,ligurian,template_boilerplate,O 1104 (MCIV in nùmeri români) o l'é 'n ànno bizestîle do  XII secolo.
1104,ligurian,template_boilerplate,Wikimedia Commons a contêgne di files in sce 1104
1105,ligurian,template_boilerplate,O 1105 (MCV in nùmeri români) o l'é 'n ànno  do  XII secolo.
1105,ligurian,template_boilerplate,Wikimedia Commons a contêgne di files in sce 1105
1106,ligurian,template_boilerplate,O 1106 (MCVI in nùmeri români) o l'é 'n ànno  do  XII secolo.
1106,ligurian,template_boilerplate,Wikimedia Commons a contêgne di files in sce 1106
1107,ligurian,template_boilerplate,O 1107 (MCVII in nùmeri români) o l'é 'n ànno  do  XII secolo.
1107,ligurian,template_boilerplate,Wikimedia Commons a contêgne di files in sce 1107
1108,ligurian,template_boilerplate,O 1108 (MCVIII in nùmeri români) o l'é 'n ànno bizestîle do  XII secolo.
1108,ligurian,template_boilerplate,Wikimedia Commons a contêgne di files in sce 1108
1109,ligurian,template_boilerplate,O 1109 (MCIX in nùmeri români) o l'é 'n ànno  do  XII secolo.
1109,ligurian,template_boilerplate,Wikimedia Commons a contêgne di files in sce 1109
110_a.C.,ligurian,template_boilerplate,C. (CX a. C. in nùmeri români) o l'é 'n ànno  do  II secolo a.
111,ligurian,template_boilerplate,O 111 (CXI in nùmeri români) o l'é 'n ànno  do  II secolo.
111,ligurian,template_boilerplate,Wikimedia Commons a contêgne di files in sce 111
1110,ligurian,template_boilerplate,O 1110 (MCX in nùmeri români) o l'é 'n ànno  do  XII secolo.
1110,ligurian,template_boilerplate,Wikimedia Commons a contêgne di files in sce 1110
1111,ligurian,template_boilerplate,O 1111 (MCXI in nùmeri români) o l'é 'n ànno  do  XII secolo.
1111,ligurian,template_boilerplate,Wikimedia Commons a contêgne di files in sce 1111
1112,ligurian,template_boilerplate,O 1112 (MCXII in nùmeri români) o l'é 'n ànno bizestîle do  XII secolo.
1112,ligurian,template_boilerplate,Wikimedia Commons a contêgne di files in sce 1112
1113,ligurian,template_boilerplate,O 1113 (MCXIII in nùmeri români) o l'é 'n ànno  do  XII secolo.
1113,ligurian,template_boilerplate,Wikimedia Commons a contêgne di files in sce 1113
1114,ligurian,template_boilerplate,O 1114 (MCXIV in nùmeri români) o l'é 'n ànno  do  XII secolo.
1114,ligurian,template_boilerplate,Wikimedia Commons a contêgne di files in sce 1114
1115,ligurian,template_boilerplate,O 1115 (MCXV in nùmeri români) o l'é 'n ànno  do  XII secolo.
1115,ligurian,template_boilerplate,Wikimedia Commons a contêgne di files in sce 1115
1116,ligurian,template_boilerplate,O 1116 (MCXVI in nùmeri români) o l'é 'n ànno bizestîle do  XII secolo.
1116,ligurian,template_boilerplate,Wikimedia Commons a contêgne di files in sce 1116
1117,ligurian,template_boilerplate,O 1117 (MCXVII in nùmeri români) o l'é 'n ànno  do  XII secolo.
1117,ligurian,template_boilerplate,Wikimedia Commons a contêgne di files in sce 1117
1118,ligurian,template_boilerplate,O 1118 (MCXVIII in nùmeri români) o l'é 'n ànno  do  XII secolo.
1118,ligurian,template_boilerplate,Wikimedia Commons a contêgne di files in sce 1118
1119,ligurian,template_boilerplate,O 1119 (MCXIX in nùmeri români) o l'é 'n ànno  do  XII secolo.
1119,ligurian,template_boilerplate,Wikimedia Commons a contêgne di files in sce 1119
111_a.C.,ligurian,template_boilerplate,C. (CXI a. C. in nùmeri români) o l'é 'n ànno  do  II secolo a.
111_a.C.,ligurian,template_boilerplate,C. Wikimedia Commons a contêgne di files in sce 111 a.
112,ligurian,template_boilerplate,O 112 (CXII in nùmeri români) o l'é 'n ànno bizestîle do  II secolo.
112,ligurian,template_boilerplate,Wikimedia Commons a contêgne di files in sce 112
1120,ligurian,template_boilerplate,O 1120 (MCXX in nùmeri români) o l'é 'n ànno bizestîle do  XII secolo.
1120,ligurian,template_boilerplate,Wikimedia Commons a contêgne di files in sce 1120
1121,ligurian,template_boilerplate,O 1121 (MCXXI in nùmeri români) o l'é 'n ànno  do  XII secolo.
1121,ligurian,template_boilerplate,Wikimedia Commons a contêgne di files in sce 1121
1122,ligurian,template_boilerplate,O 1122 (MCXXII in nùmeri români) o l'é 'n ànno  do  XII secolo.
1122,ligurian,template_boilerplate,Wikimedia Commons a contêgne di files in sce 1122
1123,ligurian,template_boilerplate,O 1123 (MCXXIII in nùmeri români) o l'é 'n ànno  do  XII secolo.
1123,ligurian,template_boilerplate,Wikimedia Commons a contêgne di files in sce 1123
1124,ligurian,template_boilerplate,O 1124 (MCXXIV in nùmeri români) o l'é 'n ànno bizestîle do  XII secolo.
1124,ligurian,template_boilerplate,Wikimedia Commons a contêgne di files in sce 1124
1125,ligurian,template_boilerplate,O 1125 (MCXXV in nùmeri români) o l'é 'n ànno  do  XII secolo.
1125,ligurian,template_boilerplate,Wikimedia Commons a contêgne di files in sce 1125
1126,ligurian,template_boilerplate,O 1126 (MCXXVI in nùmeri români) o l'é 'n ànno  do  XII secolo.
1126,ligurian,template_boilerplate,Wikimedia Commons a contêgne di files in sce 1126
1127,ligurian,template_boilerplate,O 1127 (MCXXVII in nùmeri români) o l'é 'n ànno  do  XII secolo.
1127,ligurian,template_boilerplate,Wikimedia Commons a contêgne di files in sce 1127
1128,ligurian,template_boilerplate,O 1128 (MCXXVIII in nùmeri români) o l'é 'n ànno bizestîle do  XII secolo.
1128,ligurian,template_boilerplate,Wikimedia Commons a contêgne di files in sce 1128
1129,ligurian,template_boilerplate,O 1129 (MCXXIX in nùmeri români) o l'é 'n ànno  do  XII secolo.
1129,ligurian,template_boilerplate,Wikimedia Commons a contêgne di files in sce 1129
113,ligurian,template_boilerplate,O 113 (CXIII in nùmeri români) o l'é 'n ànno  do  II secolo.
113,ligurian,template_boilerplate,Wikimedia Commons a contêgne di files in sce 113
1130,ligurian,template_boilerplate,O 1130 (MCXXX in nùmeri români) o l'é 'n ànno  do  XII secolo.
1130,ligurian,template_boilerplate,Wikimedia Commons a contêgne di files in sce 1130
1131,ligurian,template_boilerplate,O 1131 (MCXXXI in nùmeri români) o l'é 'n ànno  do  XII secolo.
1131,ligurian,template_boilerplate,Wikimedia Commons a contêgne di files in sce 1131
1132,ligurian,template_boilerplate,O 1132 (MCXXXII in nùmeri români) o l'é 'n ànno bizestîle do  XII secolo.
1132,ligurian,template_boilerplate,Wikimedia Commons a contêgne di files in sce 1132
1133,ligurian,template_boilerplate,O 1133 (MCXXXIII in nùmeri români) o l'é 'n ànno  do  XII secolo.
1133,ligurian,template_boilerplate,Wikimedia Commons a contêgne di files in sce 1133
1134,ligurian,template_boilerplate,O 1134 (MCXXXIV in nùmeri români) o l'é 'n ànno  do  XII secolo.
1134,ligurian,template_boilerplate,Wikimedia Commons a contêgne di files in sce 1134
1135,ligurian,template_boilerplate,O 1135 (MCXXXV in nùmeri români) o l'é 'n ànno  do  XII secolo.
1135,ligurian,template_boilerplate,Wikimedia Commons a contêgne di files in sce 1135
1136,ligurian,template_boilerplate,O 1136 (MCXXXVI in nùmeri români) o l'é 'n ànno bizestîle do  XII secolo.
1136,ligurian,template_boilerplate,Wikimedia Commons a contêgne di files in sce 1136
1137,ligurian,template_boilerplate,O 1137 (MCXXXVII in nùmeri români) o l'é 'n ànno  do  XII secolo.
1137,ligurian,template_boilerplate,Wikimedia Commons a contêgne di files in sce 1137
1138,ligurian,template_boilerplate,O 1138 (MCXXXVIII in nùmeri români) o l'é 'n ànno  do  XII secolo.
1138,ligurian,template_boilerplate,Wikimedia Commons a contêgne di files in sce 1138
1139,ligurian,template_boilerplate,O 1139 (MCXXXIX in nùmeri români) o l'é 'n ànno  do  XII secolo.
1139,ligurian,template_boilerplate,Wikimedia Commons a contêgne di files in sce 1139
114,ligurian,template_boilerplate,O 114 (CXIV in nùmeri români) o l'é 'n ànno  do  II secolo.
114,ligurian,template_boilerplate,Wikimedia Commons a contêgne di files in sce 114
1140,ligurian,template_boilerplate,O 1140 (MCXL in nùmeri români) o l'é 'n ànno bizestîle do  XII secolo.
1140,ligurian,template_boilerplate,Wikimedia Commons a contêgne di files in sce 1140
1141,ligurian,template_boilerplate,O 1141 (MCXLI in nùmeri români) o l'é 'n ànno  do  XII secolo.
1141,ligurian,template_boilerplate,Wikimedia Commons a contêgne di files in sce 1141
1142,ligurian,template_boilerplate,O 1142 (MCXLII in nùmeri români) o l'é 'n ànno  do  XII secolo.
1142,ligurian,template_boilerplate,Wikimedia Commons a contêgne di files in sce 1142
1143,ligurian,template_boilerplate,O 1143 (MCXLIII in nùmeri români) o l'é 'n ànno  do  XII secolo.
1143,ligurian,template_boilerplate,Wikimedia Commons a contêgne di files in sce 1143
1144,ligurian,template_boilerplate,O 1144 (MCXLIV in nùmeri români) o l'é 'n ànno bizestîle do  XII secolo.
1144,ligurian,template_boilerplate,Wikimedia Commons a contêgne di files in sce 1144
1145,ligurian,template_boilerplate,O 1145 (MCXLV in nùmeri români) o l'é 'n ànno  do  XII secolo.
1145,ligurian,template_boilerplate,Wikimedia Commons a contêgne di files in sce 1145
1146,ligurian,template_boilerplate,O 1146 (MCXLVI in nùmeri români) o l'é 'n ànno  do  XII secolo.
1146,ligurian,template_boilerplate,Wikimedia Commons a contêgne di files in sce 1146
1147,ligurian,template_boilerplate,O 1147 (MCXLVII in nùmeri români) o l'é 'n ànno  do  XII secolo.
1147,ligurian,template_boilerplate,Wikimedia Commons a contêgne di files in sce 1147
1148,ligurian,template_boilerplate,O 1148 (MCXLVIII in nùmeri români) o l'é 'n ànno bizestîle do  XII secolo.
1148,ligurian,template_boilerplate,Wikimedia Commons a contêgne di files in sce 1148
1149,ligurian,template_boilerplate,O 1149 (MCXLIX in nùmeri români) o l'é 'n ànno  do  XII secolo.
1149,ligurian,template_boilerplate,Wikimedia Commons a contêgne di files in sce 1149
114_a.C.,ligurian,template_boilerplate,C. (CXIV a. C. in nùmeri români) o l'é 'n ànno  do  II secolo a.
114_a.C.,ligurian,template_boilerplate,C. Wikimedia Commons a contêgne di files in sce 114 a.
115,ligurian,template_boilerplate,O 115 (CXV in nùmeri români) o l'é 'n ànno  do  II secolo.
115,ligurian,template_boilerplate,Wikimedia Commons a contêgne di files in sce 115
1150,ligurian,template_boilerplate,O 1150 (MCL in nùmeri români) o l'é 'n ànno  do  XII secolo.
1150,ligurian,template_boilerplate,Wikimedia Commons a contêgne di files in sce 1150
1151,ligurian,template_boilerplate,O 1151 (MCLI in nùmeri români) o l'é 'n ànno  do  XII secolo.
1151,ligurian,template_boilerplate,Wikimedia Commons a contêgne di files in sce 1151
1152,ligurian,template_boilerplate,O 1152 (MCLII in nùmeri români) o l'é 'n ànno bizestîle do  XII secolo.
1152,ligurian,template_boilerplate,Wikimedia Commons a contêgne di files in sce 1152
1153,ligurian,template_boilerplate,O 1153 (MCLIII in nùmeri români) o l'é 'n ànno  do  XII secolo.
1153,ligurian,template_boilerplate,Wikimedia Commons a contêgne di files in sce 1153
1154,ligurian,template_boilerplate,O 1154 (MCLIV in nùmeri români) o l'é 'n ànno  do  XII secolo.
1154,ligurian,template_boilerplate,Wikimedia Commons a contêgne di files in sce 1154
1155,ligurian,template_boilerplate,O 1155 (MCLV in nùmeri români) o l'é 'n ànno  do  XII secolo.
1155,ligurian,template_boilerplate,Wikimedia Commons a contêgne di files in sce 1155
1156,ligurian,template_boilerplate,O 1156 (MCLVI in nùmeri români) o l'é 'n ànno bizestîle do  XII secolo.
1156,ligurian,template_boilerplate,Wikimedia Commons a contêgne di files in sce 1156
1157,ligurian,template_boilerplate,O 1157 (MCLVII in nùmeri români) o l'é 'n ànno  do  XII secolo.
1157,ligurian,template_boilerplate,Wikimedia Commons a contêgne di files in sce 1157
1158,ligurian,template_boilerplate,O 1158 (MCLVIII in nùmeri români) o l'é 'n ànno  do  XII secolo.
1158,ligurian,template_boilerplate,Wikimedia Commons a contêgne di files in sce 1158
1159,ligurian,template_boilerplate,O 1159 (MCLIX in nùmeri români) o l'é 'n ànno  do  XII secolo.
1159,ligurian,template_boilerplate,Wikimedia Commons a contêgne di files in sce 1159
115_a.C.,ligurian,template_boilerplate,C. (CXV a. C. in nùmeri români) o l'é 'n ànno  do  II secolo a.
115_a.C.,ligurian,template_boilerplate,C. Wikimedia Commons a contêgne di files in sce 115 a.
116,ligurian,template_boilerplate,O 116 (CXVI in nùmeri români) o l'é 'n ànno bizestîle do  II secolo.
116,ligurian,template_boilerplate,Wikimedia Commons a contêgne di files in sce 116
1160,ligurian,template_boilerplate,O 1160 (MCLX in nùmeri români) o l'é 'n ànno bizestîle do  XII secolo.
1160,ligurian,template_boilerplate,Wikimedia Commons a contêgne di files in sce 1160
1161,ligurian,template_boilerplate,O 1161 (MCLXI in nùmeri români) o l'é 'n ànno  do  XII secolo.
1161,ligurian,template_boilerplate,Wikimedia Commons a contêgne di files in sce 1161
1162,ligurian,template_boilerplate,O 1162 (MCLXII in nùmeri români) o l'é 'n ànno  do  XII secolo.
1162,ligurian,template_boilerplate,Wikimedia Commons a contêgne di files in sce 1162
1163,ligurian,template_boilerplate,O 1163 (MCLXIII in nùmeri români) o l'é 'n ànno  do  XII secolo.
1163,ligurian,template_boilerplate,Wikimedia Commons a contêgne di files in sce 1163
1164,ligurian,template_boilerplate,O 1164 (MCLXIV in nùmeri români) o l'é 'n ànno bizestîle do  XII secolo.
1164,ligurian,template_boilerplate,Wikimedia Commons a contêgne di files in sce 1164
1165,ligurian,template_boilerplate,O 1165 (MCLXV in nùmeri români) o l'é 'n ànno  do  XII secolo.
1165,ligurian,template_boilerplate,Wikimedia Commons a contêgne di files in sce 1165
1166,ligurian,template_boilerplate,O 1166 (MCLXVI in nùmeri români) o l'é 'n ànno  do  XII secolo.
1166,ligurian,template_boilerplate,Wikimedia Commons a contêgne di files in sce 1166
1167,ligurian,template_boilerplate,O 1167 (MCLXVII in nùmeri români) o l'é 'n ànno  do  XII secolo.
1167,ligurian,template_boilerplate,Wikimedia Commons a contêgne di files in sce 1167
1168,ligurian,template_boilerplate,O 1168 (MCLXVIII in nùmeri români) o l'é 'n ànno bizestîle do  XII secolo.
1168,ligurian,template_boilerplate,Wikimedia Commons a contêgne di files in sce 1168
1169,ligurian,template_boilerplate,O 1169 (MCLXIX in nùmeri români) o l'é 'n ànno  do  XII secolo.
1169,ligurian,template_boilerplate,Wikimedia Commons a contêgne di files in sce 1169
116_a.C.,ligurian,template_boilerplate,C. (CXVI a. C. in nùmeri români) o l'é 'n ànno  do  II secolo a.
116_a.C.,ligurian,template_boilerplate,C. Wikimedia Commons a contêgne di files in sce 116 a.
117,ligurian,template_boilerplate,O 117 (CXVII in nùmeri români) o l'é 'n ànno  do  II secolo.
117,ligurian,template_boilerplate,Wikimedia Commons a contêgne di files in sce 117
1170,ligurian,template_boilerplate,O 1170 (MCLXX in nùmeri români) o l'é 'n ànno  do  XII secolo.
1170,ligurian,template_boilerplate,Wikimedia Commons a contêgne di files in sce 1170
1171,ligurian,template_boilerplate,O 1171 (MCLXXI in nùmeri români) o l'é 'n ànno  do  XII secolo.
1171,ligurian,template_boilerplate,Wikimedia Commons a contêgne di files in sce 1171
1172,ligurian,template_boilerplate,O 1172 (MCLXXII in nùmeri români) o l'é 'n ànno bizestîle do  XII secolo.
1172,ligurian,template_boilerplate,Wikimedia Commons a contêgne di files in sce 1172
1173,ligurian,template_boilerplate,O 1173 (MCLXXIII in nùmeri români) o l'é 'n ànno  do  XII secolo.
1173,ligurian,template_boilerplate,Wikimedia Commons a contêgne di files in sce 1173
1174,ligurian,template_boilerplate,O 1174 (MCLXXIV in nùmeri români) o l'é 'n ànno  do  XII secolo.
1174,ligurian,template_boilerplate,Wikimedia Commons a contêgne di files in sce 1174
1175,ligurian,template_boilerplate,O 1175 (MCLXXV in nùmeri români) o l'é 'n ànno  do  XII secolo.
1175,ligurian,template_boilerplate,Wikimedia Commons a contêgne di files in sce 1175
1176,ligurian,template_boilerplate,O 1176 (MCLXXVI in nùmeri români) o l'é 'n ànno bizestîle do  XII secolo.
1176,ligurian,template_boilerplate,Wikimedia Commons a contêgne di files in sce 1176
1177,ligurian,template_boilerplate,O 1177 (MCLXXVII in nùmeri români) o l'é 'n ànno  do  XII secolo.
1177,ligurian,template_boilerplate,Wikimedia Commons a contêgne di files in sce 1177
1178,ligurian,template_boilerplate,O 1178 (MCLXXVIII in nùmeri români) o l'é 'n ànno  do  XII secolo.
1178,ligurian,template_boilerplate,Wikimedia Commons a contêgne di files in sce 1178
1179,ligurian,template_boilerplate,O 1179 (MCLXXIX in nùmeri români) o l'é 'n ànno  do  XII secolo.
1179,ligurian,template_boilerplate,Wikimedia Commons a contêgne di files in sce 1179
118,ligurian,template_boilerplate,O 118 (CXVIII in nùmeri români) o l'é 'n ànno  do  II secolo.
118,ligurian,template_boilerplate,Wikimedia Commons a contêgne di files in sce 118
1180,ligurian,template_boilerplate,O 1180 (MCLXXX in nùmeri români) o l'é 'n ànno bizestîle do  XII secolo.
1180,ligurian,template_boilerplate,Wikimedia Commons a contêgne di files in sce 1180
1181,ligurian,template_boilerplate,O 1181 (MCLXXXI in nùmeri români) o l'é 'n ànno  do  XII secolo.
1181,ligurian,template_boilerplate,Wikimedia Commons a contêgne di files in sce 1181
1182,ligurian,template_boilerplate,O 1182 (MCLXXXII in nùmeri români) o l'é 'n ànno  do  XII secolo.
1182,ligurian,template_boilerplate,Wikimedia Commons a contêgne di files in sce 1182
1183,ligurian,template_boilerplate,O 1183 (MCLXXXIII in nùmeri români) o l'é 'n ànno  do  XII secolo.
1183,ligurian,template_boilerplate,Wikimedia Commons a contêgne di files in sce 1183
1184,ligurian,template_boilerplate,O 1184 (MCLXXXIV in nùmeri români) o l'é 'n ànno bizestîle do  XII secolo.
1184,ligurian,template_boilerplate,Wikimedia Commons a contêgne di files in sce 1184
1185,ligurian,template_boilerplate,O 1185 (MCLXXXV in nùmeri români) o l'é 'n ànno  do  XII secolo.
1185,ligurian,template_boilerplate,Wikimedia Commons a contêgne di files in sce 1185
1186,ligurian,template_boilerplate,O 1186 (MCLXXXVI in nùmeri români) o l'é 'n ànno  do  XII secolo.
1186,ligurian,template_boilerplate,Wikimedia Commons a contêgne di files in sce 1186
1187,ligurian,template_boilerplate,O 1187 (MCLXXXVII in nùmeri români) o l'é 'n ànno  do  XII secolo.
1187,ligurian,template_boilerplate,Wikimedia Commons a contêgne di files in sce 1187
1188,ligurian,template_boilerplate,O 1188 (MCLXXXVIII in nùmeri români) o l'é 'n ànno bizestîle do  XII secolo.
1188,ligurian,template_boilerplate,Wikimedia Commons a contêgne di files in sce 1188
1189,ligurian,template_boilerplate,O 1189 (MCLXXXIX in nùmeri români) o l'é 'n ànno  do  XII secolo.
1189,ligurian,template_boilerplate,Wikimedia Commons a contêgne di files in sce 1189
118_a.C.,ligurian,template_boilerplate,C. (CXVIII a. C. in nùmeri români) o l'é 'n ànno  do  II secolo a.
118_a.C.,ligurian,template_boilerplate,C. Wikimedia Commons a contêgne di files in sce 118 a.
119,ligurian,template_boilerplate,O 119 (CXIX in nùmeri români) o l'é 'n ànno  do  II secolo.
119,ligurian,template_boilerplate,Wikimedia Commons a contêgne di files in sce 119
1190,ligurian,template_boilerplate,O 1190 (MCXC in nùmeri români) o l'é 'n ànno  do  XII secolo.
1190,ligurian,template_boilerplate,Wikimedia Commons a contêgne di files in sce 1190
1191,ligurian,template_boilerplate,O 1191 (MCXCI in nùmeri români) o l'é 'n ànno  do  XII secolo.
1191,ligurian,template_boilerplate,Wikimedia Commons a contêgne di files in sce 1191
1192,ligurian,template_boilerplate,O 1192 (MCXCII in nùmeri români) o l'é 'n ànno bizestîle do  XII secolo.
1192,ligurian,template_boilerplate,Wikimedia Commons a contêgne di files in sce 1192
1193,ligurian,template_boilerplate,O 1193 (MCXCIII in nùmeri români) o l'é 'n ànno  do  XII secolo.
1193,ligurian,template_boilerplate,Wikimedia Commons a contêgne di files in sce 1193
1194,ligurian,template_boilerplate,O 1194 (MCXCIV in nùmeri români) o l'é 'n ànno  do  XII secolo.
1194,ligurian,template_boilerplate,Wikimedia Commons a contêgne di files in sce 1194
1195,ligurian,template_boilerplate,O 1195 (MCXCV in nùmeri români) o l'é 'n ànno  do  XII secolo.
1195,ligurian,template_boilerplate,Wikimedia Commons a contêgne di files in sce 1195
1196,ligurian,template_boilerplate,O 1196 (MCXCVI in nùmeri români) o l'é 'n ànno bizestîle do  XII secolo.
1196,ligurian,template_boilerplate,Wikimedia Commons a contêgne di files in sce 1196
1197,ligurian,template_boilerplate,O 1197 (MCXCVII in nùmeri români) o l'é 'n ànno  do  XII secolo.
1197,ligurian,template_boilerplate,Wikimedia Commons a contêgne di files in sce 1197
1198,ligurian,template_boilerplate,O 1198 (MCXCVIII in nùmeri români) o l'é 'n ànno  do  XII secolo.
1198,ligurian,template_boilerplate,Wikimedia Commons a contêgne di files in sce 1198
1199,ligurian,template_boilerplate,O 1199 (MCXCIX in nùmeri români) o l'é 'n ànno  do  XII secolo.
1199,ligurian,template_boilerplate,Wikimedia Commons a contêgne di files in sce 1199
11_a.C.,ligurian,template_boilerplate,C. (XI a. C. in nùmeri români) o l'é 'n ànno  do  I secolo a.
11_a.C.,ligurian,template_boilerplate,C. Wikimedia Commons a contêgne di files in sce 11 a.
11_agosto,ligurian,template_boilerplate,O 11 agosto o l'é o 223° giórno de l'ànno (224° inti ànni bizestîli) segondo o Lûnäio Gregorian.
11_agosto,ligurian,template_boilerplate,Màncan 142 giórni a-a fin de l'ànno.
11_agosto,ligurian,template_boilerplate,Wikimedia Commons a contêgne di files in sce 11 agosto
11_arvî,ligurian,template_boilerplate,O 11 arvî o l'é o 101° giórno de l'ànno (102° inti ànni bizestîli) segondo o Lûnäio Gregorian.
11_arvî,ligurian,template_boilerplate,Màncan 264 giórni a-a fin de l'ànno.
11_arvî,ligurian,template_boilerplate,Wikimedia Commons a contêgne di files in sce 11 arvî
11_dexénbre,ligurian,template_boilerplate,O 11 dexénbre o l'é o 345° giórno de l'ànno (346° inti ànni bizestîli) segondo o Lûnäio Gregorian.
11_dexénbre,ligurian,template_boilerplate,Màncan 20 giórni a-a fin de l'ànno.
11_dexénbre,ligurian,template_boilerplate,Wikimedia Commons a contêgne di files in sce 11 dexénbre
11_frevâ,ligurian,template_boilerplate,O 11 frevâ o l'é o 42° giórno de l'ànno segondo o Lûnäio Gregorian.
11_frevâ,ligurian,template_boilerplate,Mancan 323 giórni a-a fin de l'ànno (324 inti ànni bizestîli) Wikimedia Commons a contêgne di files in sce 11 frevâ
11_lûggio,ligurian,template_boilerplate,O 11 lûggio o l'é o 192° giórno de l'ànno (193° inti ànni bizestîli) segondo o Lûnäio Gregorian.
11_lûggio,ligurian,template_boilerplate,Màncan 173 giórni a-a fin de l'ànno.
11_lûggio,ligurian,template_boilerplate,Wikimedia Commons a contêgne di files in sce 11 lûggio
11_marso,ligurian,template_boilerplate,O 11 marso o l'é o 70° giórno de l'ànno (71° inti ànni bizestîli) segondo o Lûnäio Gregorian.
11_marso,ligurian,template_boilerplate,Mancân 295 giórni a-a fin de l'ànno.
11_marso,ligurian,template_boilerplate,Wikimedia Commons a contêgne di files in sce 11 marso
11_mazzo,ligurian,template_boilerplate,O 11 mazzo o l'é o 131° giórno de l'ànno (132° inti ànni bizestîli) segondo o Lûnäio Gregorian.
11_mazzo,ligurian,template_boilerplate,Màncan 234 giórni a-a fin de l'ànno.
11_mazzo,ligurian,template_boilerplate,Wikimedia Commons a contêgne di files in sce 11 mazzo
11_novénbre,ligurian,template_boilerplate,O 11 novénbre o l'é o 315° giórno de l'ànno (316° inti ànni bizestîli) segondo o Lûnäio Gregorian.
11_novénbre,ligurian,template_boilerplate,Màncan 50 giórni a-a fin de l'ànno.
11_novénbre,ligurian,template_boilerplate,Wikimedia Commons a contêgne di files in sce 11 novénbre
11_seténbre,ligurian,template_boilerplate,O 11 seténbre o l'é o 254° giórno de l'ànno (255° inti ànni bizestîli) segondo o Lûnäio Gregorian.
11_seténbre,ligurian,template_boilerplate,Màncan 111 giórni a-a fin de l'ànno.
11_seténbre,ligurian,template_boilerplate,Wikimedia Commons a contêgne di files in sce 11 seténbre
11_zenâ,ligurian,template_boilerplate,O 11 zenâ o l'é o 11° giórno de l'ànno segondo o Lûnäio Gregorian.
11_zenâ,ligurian,template_boilerplate,Mancan 354 giórni a-a fin de l'ànno (355 inti ànni bizestîli) Wikimedia Commons a contêgne di files in sce 11 zenâ
11_zûgno,ligurian,template_boilerplate,O 11 zûgno o l'é o 162° giórno de l'ànno (163° inti ànni bizestîli) segondo o Lûnäio Gregorian.
11_zûgno,ligurian,template_boilerplate,Màncan 203 giórni a-a fin de l'ànno.
11_zûgno,ligurian,template_boilerplate,Wikimedia Commons a contêgne di files in sce 11 zûgno
11_òtôbre,ligurian,template_boilerplate,O 11 òtôbre o l'é o 284° giórno de l'ànno (285° inti ànni bizestîli) segondo o Lûnäio Gregorian.
11_òtôbre,ligurian,template_boilerplate,Màncan 81 giórni a-a fin de l'ànno.
11_òtôbre,ligurian,template_boilerplate,Wikimedia Commons a contêgne di files in sce 11 òtôbre
12,ligurian,template_boilerplate,O 12 (XII in nùmeri români) o l'é 'n ànno bizestîle do  I secolo.
12,ligurian,template_boilerplate,Wikimedia Commons a contêgne di files in sce 12
120,ligurian,template_boilerplate,O 120 (CXX in nùmeri români) o l'é 'n ànno bizestîle do  II secolo.
120,ligurian,template_boilerplate,Wikimedia Commons a contêgne di files in sce 120
1200,ligurian,template_boilerplate,O 1200 (MCC in nùmeri români) o l'é 'n ànno bizestîle do  XII secolo.
1200,ligurian,template_boilerplate,Wikimedia Commons a contêgne di files in sce 1200
1201,ligurian,template_boilerplate,O 1201 (MCCI in nùmeri români) o l'é 'n ànno  do  XIII secolo.
1201,ligurian,template_boilerplate,Wikimedia Commons a contêgne di files in sce 1201
1202,ligurian,template_boilerplate,O 1202 (MCCII in nùmeri români) o l'é 'n ànno  do  XIII secolo.
1202,ligurian,template_boilerplate,Wikimedia Commons a contêgne di files in sce 1202
1203,ligurian,template_boilerplate,O 1203 (MCCIII in nùmeri români) o l'é 'n ànno  do  XIII secolo.
1203,ligurian,template_boilerplate,Wikimedia Commons a contêgne di files in sce 1203
1204,ligurian,template_boilerplate,O 1204 (MCCIV in nùmeri români) o l'é 'n ànno bizestîle do  XIII secolo.
1204,ligurian,template_boilerplate,Wikimedia Commons a contêgne di files in sce 1204
1205,ligurian,template_boilerplate,O 1205 (MCCV in nùmeri români) o l'é 'n ànno  do  XIII secolo.
1205,ligurian,template_boilerplate,Wikimedia Commons a contêgne di files in sce 1205
1206,ligurian,template_boilerplate,O 1206 (MCCVI in nùmeri români) o l'é 'n ànno  do  XIII secolo.
1206,ligurian,template_boilerplate,Wikimedia Commons a contêgne di files in sce 1206
1207,ligurian,template_boilerplate,O 1207 (MCCVII in nùmeri români) o l'é 'n ànno  do  XIII secolo.
1207,ligurian,template_boilerplate,Wikimedia Commons a contêgne di files in sce 1207
1208,ligurian,template_boilerplate,O 1208 (MCCVIII in nùmeri români) o l'é 'n ànno bizestîle do  XIII secolo.
1208,ligurian,template_boilerplate,Wikimedia Commons a contêgne di files in sce 1208
1209,ligurian,template_boilerplate,O 1209 (MCCIX in nùmeri români) o l'é 'n ànno  do  XIII secolo.
1209,ligurian,template_boilerplate,Wikimedia Commons a contêgne di files in sce 1209
121,ligurian,template_boilerplate,O 121 (CXXI in nùmeri români) o l'é 'n ànno  do  II secolo.
121,ligurian,template_boilerplate,Wikimedia Commons a contêgne di files in sce 121
1210,ligurian,template_boilerplate,O 1210 (MCCX in nùmeri români) o l'é 'n ànno  do  XIII secolo.
1210,ligurian,template_boilerplate,Wikimedia Commons a contêgne di files in sce 1210
1211,ligurian,template_boilerplate,O 1211 (MCCXI in nùmeri români) o l'é 'n ànno  do  XIII secolo.
1211,ligurian,template_boilerplate,Wikimedia Commons a contêgne di files in sce 1211
1212,ligurian,template_boilerplate,O 1212 (MCCXII in nùmeri români) o l'é 'n ànno bizestîle do  XIII secolo.
1212,ligurian,template_boilerplate,Wikimedia Commons a contêgne di files in sce 1212
1213,ligurian,template_boilerplate,O 1213 (MCCXIII in nùmeri români) o l'é 'n ànno  do  XIII secolo.
1213,ligurian,template_boilerplate,Wikimedia Commons a contêgne di files in sce 1213
1214,ligurian,template_boilerplate,O 1214 (MCCXIV in nùmeri români) o l'é 'n ànno  do  XIII secolo.
1214,ligurian,template_boilerplate,Wikimedia Commons a contêgne di files in sce 1214
1215,ligurian,template_boilerplate,O 1215 (MCCXV in nùmeri români) o l'é 'n ànno  do  XIII secolo.
1215,ligurian,template_boilerplate,Wikimedia Commons a contêgne di files in sce 1215
1216,ligurian,template_boilerplate,O 1216 (MCCXVI in nùmeri români) o l'é 'n ànno bizestîle do  XIII secolo.
1216,ligurian,template_boilerplate,Wikimedia Commons a contêgne di files in sce 1216
1217,ligurian,template_boilerplate,O 1217 (MCCXVII in nùmeri români) o l'é 'n ànno  do  XIII secolo.
1217,ligurian,template_boilerplate,Wikimedia Commons a contêgne di files in sce 1217
1218,ligurian,template_boilerplate,O 1218 (MCCXVIII in nùmeri români) o l'é 'n ànno  do  XIII secolo.
1218,ligurian,template_boilerplate,Wikimedia Commons a contêgne di files in sce 1218
1219,ligurian,template_boilerplate,O 1219 (MCCXIX in nùmeri români) o l'é 'n ànno  do  XIII secolo.
1219,ligurian,template_boilerplate,Wikimedia Commons a contêgne di files in sce 1219
1220,ligurian,template_boilerplate,O 1220 (MCCXX in nùmeri români) o l'é 'n ànno bizestîle do  XIII secolo.
1220,ligurian,template_boilerplate,Wikimedia Commons a contêgne di files in sce 1220
1221,ligurian,template_boilerplate,O 1221 (MCCXXI in nùmeri români) o l'é 'n ànno  do  XIII secolo.
1221,ligurian,template_boilerplate,Wikimedia Commons a contêgne di files in sce 1221
1222,ligurian,template_boilerplate,O 1222 (MCCXXII in nùmeri români) o l'é 'n ànno  do  XIII secolo.
1222,ligurian,template_boilerplate,Wikimedia Commons a contêgne di files in sce 1222
1223,ligurian,template_boilerplate,O 1223 (MCCXXIII in nùmeri români) o l'é 'n ànno  do  XIII secolo.
1223,ligurian,template_boilerplate,Wikimedia Commons a contêgne di files in sce 1223
1224,ligurian,template_boilerplate,O 1224 (MCCXXIV in nùmeri români) o l'é 'n ànno bizestîle do  XIII secolo.
1224,ligurian,template_boilerplate,Wikimedia Commons a contêgne di files in sce 1224
1225,ligurian,template_boilerplate,O 1225 (MCCXXV in nùmeri români) o l'é 'n ànno  do  XIII secolo.
1225,ligurian,template_boilerplate,Wikimedia Commons a contêgne di files in sce 1225
1226,ligurian,template_boilerplate,O 1226 (MCCXXVI in nùmeri români) o l'é 'n ànno  do  XIII secolo.
1226,ligurian,template_boilerplate,Wikimedia Commons a contêgne di files in sce 1226
1227,ligurian,template_boilerplate,O 1227 (MCCXXVII in nùmeri români) o l'é 'n ànno  do  XIII secolo.
1227,ligurian,template_boilerplate,Wikimedia Commons a contêgne di files in sce 1227
1228,ligurian,template_boilerplate,O 1228 (MCCXXVIII in nùmeri români) o l'é 'n ànno bizestîle do  XIII secolo.
1228,ligurian,template_boilerplate,Wikimedia Commons a contêgne di files in sce 1228
1229,ligurian,template_boilerplate,O 1229 (MCCXXIX in nùmeri români) o l'é 'n ànno  do  XIII secolo.
1229,ligurian,template_boilerplate,Wikimedia Commons a contêgne di files in sce 1229
123,ligurian,template_boilerplate,O 123 (CXXIII in nùmeri români) o l'é 'n ànno  do  II secolo.
123,ligurian,template_boilerplate,Wikimedia Commons a contêgne di files in sce 123
1230,ligurian,template_boilerplate,O 1230 (MCCXXX in nùmeri români) o l'é 'n ànno  do  XIII secolo.
1230,ligurian,template_boilerplate,Wikimedia Commons a contêgne di files in sce 1230
1231,ligurian,template_boilerplate,O 1231 (MCCXXXI in nùmeri români) o l'é 'n ànno  do  XIII secolo.
1231,ligurian,template_boilerplate,Wikimedia Commons a contêgne di files in sce 1231
1232,ligurian,template_boilerplate,O 1232 (MCCXXXII in nùmeri români) o l'é 'n ànno bizestîle do  XIII secolo.
1232,ligurian,template_boilerplate,Wikimedia Commons a contêgne di files in sce 1232
1233,ligurian,template_boilerplate,O 1233 (MCCXXXIII in nùmeri români) o l'é 'n ànno  do  XIII secolo.
1233,ligurian,template_boilerplate,Wikimedia Commons a contêgne di files in sce 1233
1234,ligurian,template_boilerplate,O 1234 (MCCXXXIV in nùmeri români) o l'é 'n ànno  do  XIII secolo.
1234,ligurian,template_boilerplate,Wikimedia Commons a contêgne di files in sce 1234
1235,ligurian,template_boilerplate,O 1235 (MCCXXXV in nùmeri români) o l'é 'n ànno  do  XIII secolo.
1235,ligurian,template_boilerplate,Wikimedia Commons a contêgne di files in sce 1235
1236,ligurian,template_boilerplate,O 1236 (MCCXXXVI in nùmeri români) o l'é 'n ànno bizestîle do  XIII secolo.
1236,ligurian,template_boilerplate,Wikimedia Commons a contêgne di files in sce 1236
1237,ligurian,template_boilerplate,O 1237 (MCCXXXVII in nùmeri români) o l'é 'n ànno  do  XIII secolo.
1237,ligurian,template_boilerplate,Wikimedia Commons a contêgne di files in sce 1237
1238,ligurian,template_boilerplate,O 1238 (MCCXXXVIII in nùmeri români) o l'é 'n ànno  do  XIII secolo.
1238,ligurian,template_boilerplate,Wikimedia Commons a contêgne di files in sce 1238
1239,ligurian,template_boilerplate,O 1239 (MCCXXXIX in nùmeri români) o l'é 'n ànno  do  XIII secolo.
1239,ligurian,template_boilerplate,Wikimedia Commons a contêgne di files in sce 1239
124,ligurian,template_boilerplate,O 124 (CXXIV in nùmeri români) o l'é 'n ànno bizestîle do  II secolo.
124,ligurian,template_boilerplate,Wikimedia Commons a contêgne di files in sce 124
1240,ligurian,template_boilerplate,O 1240 (MCCXL in nùmeri români) o l'é 'n ànno bizestîle do  XIII secolo.
1240,ligurian,template_boilerplate,Wikimedia Commons a contêgne di files in sce 1240
1241,ligurian,template_boilerplate,O 1241 (MCCXLI in nùmeri români) o l'é 'n ànno  do  XIII secolo.
1241,ligurian,template_boilerplate,Wikimedia Commons a contêgne di files in sce 1241
1242,ligurian,template_boilerplate,O 1242 (MCCXLII in nùmeri români) o l'é 'n ànno  do  XIII secolo.
1242,ligurian,template_boilerplate,Wikimedia Commons a contêgne di files in sce 1242
1243,ligurian,template_boilerplate,O 1243 (MCCXLIII in nùmeri români) o l'é 'n ànno  do  XIII secolo.
1243,ligurian,template_boilerplate,Wikimedia Commons a contêgne di files in sce 1243
1244,ligurian,template_boilerplate,O 1244 (MCCXLIV in nùmeri români) o l'é 'n ànno bizestîle do  XIII secolo.
1244,ligurian,template_boilerplate,Wikimedia Commons a contêgne di files in sce 1244
1245,ligurian,template_boilerplate,O 1245 (MCCXLV in nùmeri români) o l'é 'n ànno  do  XIII secolo.
1245,ligurian,template_boilerplate,Wikimedia Commons a contêgne di files in sce 1245
1246,ligurian,template_boilerplate,O 1246 (MCCXLVI in nùmeri români) o l'é 'n ànno  do  XIII secolo.
1246,ligurian,template_boilerplate,Wikimedia Commons a contêgne di files in sce 1246
1247,ligurian,template_boilerplate,O 1247 (MCCXLVII in nùmeri români) o l'é 'n ànno  do  XIII secolo.
1247,ligurian,template_boilerplate,Wikimedia Commons a contêgne di files in sce 1247
1248,ligurian,template_boilerplate,O 1248 (MCCXLVIII in nùmeri români) o l'é 'n ànno bizestîle do  XIII secolo.
1248,ligurian,template_boilerplate,Wikimedia Commons a contêgne di files in sce 1248
1249,ligurian,template_boilerplate,O 1249 (MCCXLIX in nùmeri români) o l'é 'n ànno  do  XIII secolo.
1249,ligurian,template_boilerplate,Wikimedia Commons a contêgne di files in sce 1249
125,ligurian,template_boilerplate,O 125 (CXXV in nùmeri români) o l'é 'n ànno  do  II secolo.
125,ligurian,template_boilerplate,Wikimedia Commons a contêgne di files in sce 125
1250,ligurian,template_boilerplate,O 1250 (MCCL in nùmeri români) o l'é 'n ànno  do  XIII secolo.
1250,ligurian,template_boilerplate,Wikimedia Commons a contêgne di files in sce 1250
1251,ligurian,template_boilerplate,O 1251 (MCCLI in nùmeri români) o l'é 'n ànno  do  XIII secolo.
1251,ligurian,template_boilerplate,Wikimedia Commons a contêgne di files in sce 1251
1252,ligurian,template_boilerplate,O 1252 (MCCLII in nùmeri români) o l'é 'n ànno bizestîle do  XIII secolo.
1252,ligurian,template_boilerplate,Wikimedia Commons a contêgne di files in sce 1252
1253,ligurian,template_boilerplate,O 1253 (MCCLIII in nùmeri români) o l'é 'n ànno  do  XIII secolo.
1253,ligurian,template_boilerplate,Wikimedia Commons a contêgne di files in sce 1253
1254,ligurian,template_boilerplate,O 1254 (MCCLIV in nùmeri români) o l'é 'n ànno  do  XIII secolo.
1254,ligurian,template_boilerplate,Wikimedia Commons a contêgne di files in sce 1254
1255,ligurian,template_boilerplate,O 1255 (MCCLV in nùmeri români) o l'é 'n ànno  do  XIII secolo.
1255,ligurian,template_boilerplate,Wikimedia Commons a contêgne di files in sce 1255
1256,ligurian,template_boilerplate,O 1256 (MCCLVI in nùmeri români) o l'é 'n ànno bizestîle do  XIII secolo.
1256,ligurian,template_boilerplate,Wikimedia Commons a contêgne di files in sce 1256
1257,ligurian,template_boilerplate,O 1257 (MCCLVII in nùmeri români) o l'é 'n ànno  do  XIII secolo.
1257,ligurian,template_boilerplate,Wikimedia Commons a contêgne di files in sce 1257
1258,ligurian,template_boilerplate,O 1258 (MCCLVIII in nùmeri români) o l'é 'n ànno  do  XIII secolo.
1258,ligurian,template_boilerplate,Wikimedia Commons a contêgne di files in sce 1258
1259,ligurian,template_boilerplate,O 1259 (MCCLIX in nùmeri români) o l'é 'n ànno  do  XIII secolo.
1259,ligurian,template_boilerplate,Wikimedia Commons a contêgne di files in sce 1259
125_a.C.,ligurian,template_boilerplate,C. (CXXV a. C. in nùmeri români) o l'é 'n ànno  do  II secolo a.
125_a.C.,ligurian,template_boilerplate,C. Wikimedia Commons a contêgne di files in sce 125 a.
126,ligurian,template_boilerplate,O 126 (CXXVI in nùmeri români) o l'é 'n ànno  do  II secolo.
126,ligurian,template_boilerplate,Wikimedia Commons a contêgne di files in sce 126
1260,ligurian,template_boilerplate,O 1260 (MCCLX in nùmeri români) o l'é 'n ànno bizestîle do  XIII secolo.
1260,ligurian,template_boilerplate,Wikimedia Commons a contêgne di files in sce 1260
1261,ligurian,template_boilerplate,O 1261 (MCCLXI in nùmeri români) o l'é 'n ànno  do  XIII secolo.
1261,ligurian,template_boilerplate,Wikimedia Commons a contêgne di files in sce 1261
1262,ligurian,template_boilerplate,O 1262 (MCCLXII in nùmeri români) o l'é 'n ànno  do  XIII secolo.
1262,ligurian,template_boilerplate,Wikimedia Commons a contêgne di files in sce 1262
1263,ligurian,template_boilerplate,O 1263 (MCCLXIII in nùmeri români) o l'é 'n ànno  do  XIII secolo.
1263,ligurian,template_boilerplate,Wikimedia Commons a contêgne di files in sce 1263
1264,ligurian,template_boilerplate,O 1264 (MCCLXIV in nùmeri români) o l'é 'n ànno bizestîle do  XIII secolo.
1264,ligurian,template_boilerplate,Wikimedia Commons a contêgne di files in sce 1264
1265,ligurian,template_boilerplate,O 1265 (MCCLXV in nùmeri români) o l'é 'n ànno  do  XIII secolo.
1265,ligurian,template_boilerplate,Wikimedia Commons a contêgne di files in sce 1265
1266,ligurian,template_boilerplate,O 1266 (MCCLXVI in nùmeri români) o l'é 'n ànno  do  XIII secolo.
1266,ligurian,template_boilerplate,Wikimedia Commons a contêgne di files in sce 1266
1267,ligurian,template_boilerplate,O 1267 (MCCLXVII in nùmeri români) o l'é 'n ànno  do  XIII secolo.
1267,ligurian,template_boilerplate,Wikimedia Commons a contêgne di files in sce 1267
1268,ligurian,template_boilerplate,O 1268 (MCCLXVIII in nùmeri români) o l'é 'n ànno bizestîle do  XIII secolo.
1268,ligurian,template_boilerplate,Wikimedia Commons a contêgne di files in sce 1268
1269,ligurian,template_boilerplate,O 1269 (MCCLXIX in nùmeri români) o l'é 'n ànno  do  XIII secolo.
1269,ligurian,template_boilerplate,Wikimedia Commons a contêgne di files in sce 1269
126_a.C.,ligurian,template_boilerplate,C. (CXXVI a. C. in nùmeri români) o l'é 'n ànno  do  II secolo a.
126_a.C.,ligurian,template_boilerplate,C. Wikimedia Commons a contêgne di files in sce 126 a.
127,ligurian,template_boilerplate,O 127 (CXXVII in nùmeri români) o l'é 'n ànno  do  II secolo.
127,ligurian,template_boilerplate,Wikimedia Commons a contêgne di files in sce 127
1270,ligurian,template_boilerplate,O 1270 (MCCLXX in nùmeri români) o l'é 'n ànno  do  XIII secolo.
1270,ligurian,template_boilerplate,Wikimedia Commons a contêgne di files in sce 1270
1271,ligurian,template_boilerplate,O 1271 (MCCLXXI in nùmeri români) o l'é 'n ànno  do  XIII secolo.
1271,ligurian,template_boilerplate,Wikimedia Commons a contêgne di files in sce 1271
1272,ligurian,template_boilerplate,O 1272 (MCCLXXII in nùmeri români) o l'é 'n ànno bizestîle do  XIII secolo.
1272,ligurian,template_boilerplate,Wikimedia Commons a contêgne di files in sce 1272
1273,ligurian,template_boilerplate,O 1273 (MCCLXXIII in nùmeri români) o l'é 'n ànno  do  XIII secolo.
1273,ligurian,template_boilerplate,Wikimedia Commons a contêgne di files in sce 1273
1274,ligurian,template_boilerplate,O 1274 (MCCLXXIV in nùmeri români) o l'é 'n ànno  do  XIII secolo.
1274,ligurian,template_boilerplate,Wikimedia Commons a contêgne di files in sce 1274
1275,ligurian,template_boilerplate,O 1275 (MCCLXXV in nùmeri români) o l'é 'n ànno  do  XIII secolo.
1275,ligurian,template_boilerplate,Wikimedia Commons a contêgne di files in sce 1275
1276,ligurian,template_boilerplate,O 1276 (MCCLXXVI in nùmeri români) o l'é 'n ànno bizestîle do  XIII secolo.
1276,ligurian,template_boilerplate,Wikimedia Commons a contêgne di files in sce 1276
1277,ligurian,template_boilerplate,O 1277 (MCCLXXVII in nùmeri români) o l'é 'n ànno  do  XIII secolo.
1277,ligurian,template_boilerplate,Wikimedia Commons a contêgne di files in sce 1277
1278,ligurian,template_boilerplate,O 1278 (MCCLXXVIII in nùmeri români) o l'é 'n ànno  do  XIII secolo.
1278,ligurian,template_boilerplate,Wikimedia Commons a contêgne di files in sce 1278
1279,ligurian,template_boilerplate,O 1279 (MCCLXXIX in nùmeri români) o l'é 'n ànno  do  XIII secolo.
1279,ligurian,template_boilerplate,Wikimedia Commons a contêgne di files in sce 1279
127_a.C.,ligurian,template_boilerplate,C. (CXXVII a. C. in nùmeri români) o l'é 'n ànno  do  II secolo a.
127_a.C.,ligurian,template_boilerplate,C. Wikimedia Commons a contêgne di files in sce 127 a.
128,ligurian,template_boilerplate,O 128 (CXXVIII in nùmeri români) o l'é 'n ànno bizestîle do  II secolo.
128,ligurian,template_boilerplate,Wikimedia Commons a contêgne di files in sce 128
1280,ligurian,template_boilerplate,O 1280 (MCCLXXX in nùmeri români) o l'é 'n ànno bizestîle do  XIII secolo.
1280,ligurian,template_boilerplate,Wikimedia Commons a contêgne di files in sce 1280
1281,ligurian,template_boilerplate,O 1281 (MCCLXXXI in nùmeri români) o l'é 'n ànno  do  XIII secolo.
1281,ligurian,template_boilerplate,Wikimedia Commons a contêgne di files in sce 1281
1282,ligurian,template_boilerplate,O 1282 (MCCLXXXII in nùmeri români) o l'é 'n ànno  do  XIII secolo.
1282,ligurian,template_boilerplate,Wikimedia Commons a contêgne di files in sce 1282
1283,ligurian,template_boilerplate,O 1283 (MCCLXXXIII in nùmeri români) o l'é 'n ànno  do  XIII secolo.
1283,ligurian,template_boilerplate,Wikimedia Commons a contêgne di files in sce 1283
1284,ligurian,template_boilerplate,O 1284 (MCCLXXXIV in nùmeri români) o l'é 'n ànno bizestîle do  XIII secolo.
1284,ligurian,template_boilerplate,Wikimedia Commons a contêgne di files in sce 1284
1285,ligurian,template_boilerplate,O 1285 (MCCLXXXV in nùmeri români) o l'é 'n ànno  do  XIII secolo.
1285,ligurian,template_boilerplate,Wikimedia Commons a contêgne di files in sce 1285
1286,ligurian,template_boilerplate,O 1286 (MCCLXXXVI in nùmeri români) o l'é 'n ànno  do  XIII secolo.
1286,ligurian,template_boilerplate,Wikimedia Commons a contêgne di files in sce 1286
1287,ligurian,template_boilerplate,O 1287 (MCCLXXXVII in nùmeri români) o l'é 'n ànno  do  XIII secolo.
1287,ligurian,template_boilerplate,Wikimedia Commons a contêgne di files in sce 1287
1288,ligurian,template_boilerplate,O 1288 (MCCLXXXVIII in nùmeri români) o l'é 'n ànno bizestîle do  XIII secolo.
1288,ligurian,template_boilerplate,Wikimedia Commons a contêgne di files in sce 1288
1289,ligurian,template_boilerplate,O 1289 (MCCLXXXIX in nùmeri români) o l'é 'n ànno  do  XIII secolo.
1289,ligurian,template_boilerplate,Wikimedia Commons a contêgne di files in sce 1289
128_a.C.,ligurian,template_boilerplate,C. (CXXVIII a. C. in nùmeri români) o l'é 'n ànno  do  II secolo a.
128_a.C.,ligurian,template_boilerplate,C. Wikimedia Commons a contêgne di files in sce 128 a.
129,ligurian,template_boilerplate,O 129 (CXXIX in nùmeri români) o l'é 'n ànno  do  II secolo.
129,ligurian,template_boilerplate,Wikimedia Commons a contêgne di files in sce 129
1290,ligurian,template_boilerplate,O 1290 (MCCXC in nùmeri români) o l'é 'n ànno  do  XIII secolo.
1290,ligurian,template_boilerplate,Wikimedia Commons a contêgne di files in sce 1290
1291,ligurian,template_boilerplate,O 1291 (MCCXCI in nùmeri români) o l'é 'n ànno  do  XIII secolo.
1291,ligurian,template_boilerplate,Wikimedia Commons a contêgne di files in sce 1291
1292,ligurian,template_boilerplate,O 1292 (MCCXCII in nùmeri români) o l'é 'n ànno bizestîle do  XIII secolo.
1292,ligurian,template_boilerplate,Wikimedia Commons a contêgne di files in sce 1292
1293,ligurian,template_boilerplate,O 1293 (MCCXCIII in nùmeri români) o l'é 'n ànno  do  XIII secolo.
1293,ligurian,template_boilerplate,Wikimedia Commons a contêgne di files in sce 1293
1294,ligurian,template_boilerplate,O 1294 (MCCXCIV in nùmeri români) o l'é 'n ànno  do  XIII secolo.
1294,ligurian,template_boilerplate,Wikimedia Commons a contêgne di files in sce 1294
1295,ligurian,template_boilerplate,O 1295 (MCCXCV in nùmeri români) o l'é 'n ànno  do  XIII secolo.
1295,ligurian,template_boilerplate,Wikimedia Commons a contêgne di files in sce 1295
1296,ligurian,template_boilerplate,O 1296 (MCCXCVI in nùmeri români) o l'é 'n ànno bizestîle do  XIII secolo.
1296,ligurian,template_boilerplate,Wikimedia Commons a contêgne di files in sce 1296
1297,ligurian,template_boilerplate,O 1297 (MCCXCVII in nùmeri români) o l'é 'n ànno  do  XIII secolo.
1297,ligurian,template_boilerplate,Wikimedia Commons a contêgne di files in sce 1297
1298,ligurian,template_boilerplate,O 1298 (MCCXCVIII in nùmeri români) o l'é 'n ànno  do  XIII secolo.
1298,ligurian,template_boilerplate,Wikimedia Commons a contêgne di files in sce 1298
1299,ligurian,template_boilerplate,O 1299 (MCCXCIX in nùmeri români) o l'é 'n ànno  do  XIII secolo.
1299,ligurian,template_boilerplate,Wikimedia Commons a contêgne di files in sce 1299
129_a.C.,ligurian,template_boilerplate,C. (CXXIX a. C. in nùmeri români) o l'é 'n ànno  do  II secolo a.
129_a.C.,ligurian,template_boilerplate,C. Wikimedia Commons a contêgne di files in sce 129 a.
12_a.C.,ligurian,template_boilerplate,C. (XII a. C. in nùmeri români) o l'é 'n ànno  do  I secolo a.
12_a.C.,ligurian,template_boilerplate,C. Wikimedia Commons a contêgne di files in sce 12 a.
12_agosto,ligurian,template_boilerplate,O 12 agosto o l'é o 224° giórno de l'ànno (225° inti ànni bizestîli) segondo o Lûnäio Gregorian.
12_agosto,ligurian,template_boilerplate,Màncan 141 giórni a-a fin de l'ànno.
12_agosto,ligurian,template_boilerplate,Wikimedia Commons a contêgne di files in sce 12 agosto
12_arvî,ligurian,template_boilerplate,O 12 arvî o l'é o 102° giórno de l'ànno (103° inti ànni bizestîli) segondo o Lûnäio Gregorian.
12_arvî,ligurian,template_boilerplate,Màncan 263 giórni a-a fin de l'ànno.
12_arvî,ligurian,template_boilerplate,Wikimedia Commons a contêgne di files in sce 12 arvî
12_dexénbre,ligurian,template_boilerplate,O 12 dexénbre o l'é o 346° giórno de l'ànno (347° inti ànni bizestîli) segondo o Lûnäio Gregorian.
12_dexénbre,ligurian,template_boilerplate,Màncan 19 giórni a-a fin de l'ànno.
12_dexénbre,ligurian,template_boilerplate,Wikimedia Commons a contêgne di files in sce 12 dexénbre
12_frevâ,ligurian,template_boilerplate,O 12 frevâ o l'é o 43° giórno de l'ànno segondo o Lûnäio Gregorian.
12_frevâ,ligurian,template_boilerplate,Mancan 322 giórni a-a fin de l'ànno (323 inti ànni bizestîli) Wikimedia Commons a contêgne di files in sce 12 frevâ
12_lûggio,ligurian,template_boilerplate,O 12 lûggio o l'é o 193° giórno de l'ànno (194° inti ànni bizestîli) segondo o Lûnäio Gregorian.
12_lûggio,ligurian,template_boilerplate,Màncan 172 giórni a-a fin de l'ànno.
12_lûggio,ligurian,template_boilerplate,Wikimedia Commons a contêgne di files in sce 12 lûggio
12_marso,ligurian,template_boilerplate,O 12 marso o l'é o 71° giórno de l'ànno (72° inti ànni bizestîli) segondo o Lûnäio Gregorian.
12_marso,ligurian,template_boilerplate,Mancân 294 giórni a-a fin de l'ànno.
12_marso,ligurian,template_boilerplate,Wikimedia Commons a contêgne di files in sce 12 marso
12_mazzo,ligurian,template_boilerplate,O 12 mazzo o l'é o 132° giórno de l'ànno (133° inti ànni bizestîli) segondo o Lûnäio Gregorian.
12_mazzo,ligurian,template_boilerplate,Màncan 233 giórni a-a fin de l'ànno.
12_mazzo,ligurian,template_boilerplate,Wikimedia Commons a contêgne di files in sce 12 mazzo
12_novénbre,ligurian,template_boilerplate,O 12 novénbre o l'é o 316° giórno de l'ànno (317° inti ànni bizestîli) segondo o Lûnäio Gregorian.
12_novénbre,ligurian,template_boilerplate,Màncan 49 giórni a-a fin de l'ànno.
12_novénbre,ligurian,template_boilerplate,Wikimedia Commons a contêgne di files in sce 12 novénbre
12_seténbre,ligurian,template_boilerplate,O 12 seténbre o l'é o 255° giórno de l'ànno (256° inti ànni bizestîli) segondo o Lûnäio Gregorian.
12_seténbre,ligurian,template_boilerplate,Màncan 110 giórni a-a fin de l'ànno.
12_seténbre,ligurian,template_boilerplate,Wikimedia Commons a contêgne di files in sce 12 seténbre
12_zenâ,ligurian,template_boilerplate,O 12 zenâ o l'é o 12° giórno de l'ànno segondo o Lûnäio Gregorian.
12_zenâ,ligurian,template_boilerplate,Mancan 353 giórni a-a fin de l'ànno (354 inti ànni bizestîli) Wikimedia Commons a contêgne di files in sce 12 zenâ
12_zûgno,ligurian,template_boilerplate,O 12 zûgno o l'é o 163° giórno de l'ànno (164° inti ànni bizestîli) segondo o Lûnäio Gregorian.
12_zûgno,ligurian,template_boilerplate,Màncan 202 giórni a-a fin de l'ànno.
12_zûgno,ligurian,template_boilerplate,Wikimedia Commons a contêgne di files in sce 12 zûgno
12_òtôbre,ligurian,template_boilerplate,O 12 òtôbre o l'é o 285° giórno de l'ànno (286° inti ànni bizestîli) segondo o Lûnäio Gregorian.
12_òtôbre,ligurian,template_boilerplate,Màncan 80 giórni a-a fin de l'ànno.
12_òtôbre,ligurian,template_boilerplate,Wikimedia Commons a contêgne di files in sce 12 òtôbre
13,ligurian,template_boilerplate,O 13 (XIII in nùmeri români) o l'é 'n ànno  do  I secolo.
13,ligurian,template_boilerplate,Wikimedia Commons a contêgne di files in sce 13
130,ligurian,template_boilerplate,O 130 (CXXX in nùmeri români) o l'é 'n ànno  do  II secolo.
130,ligurian,template_boilerplate,Wikimedia Commons a contêgne di files in sce 130
1300,ligurian,template_boilerplate,O 1300 (MCCC in nùmeri români) o l'é 'n ànno bizestîle do  XIII secolo.
1300,ligurian,template_boilerplate,Wikimedia Commons a contêgne di files in sce 1300
1301,ligurian,template_boilerplate,O 1301 (MCCCI in nùmeri români) o l'é 'n ànno  do  XIV secolo.
1301,ligurian,template_boilerplate,Wikimedia Commons a contêgne di files in sce 1301
1302,ligurian,template_boilerplate,O 1302 (MCCCII in nùmeri români) o l'é 'n ànno  do  XIV secolo.
1302,ligurian,template_boilerplate,Wikimedia Commons a contêgne di files in sce 1302
1303,ligurian,template_boilerplate,O 1303 (MCCCIII in nùmeri români) o l'é 'n ànno  do  XIV secolo.
1303,ligurian,template_boilerplate,Wikimedia Commons a contêgne di files in sce 1303
1304,ligurian,template_boilerplate,O 1304 (MCCCIV in nùmeri români) o l'é 'n ànno bizestîle do  XIV secolo.
1304,ligurian,template_boilerplate,Wikimedia Commons a contêgne di files in sce 1304
1305,ligurian,template_boilerplate,O 1305 (MCCCV in nùmeri români) o l'é 'n ànno  do  XIV secolo.
1305,ligurian,template_boilerplate,Wikimedia Commons a contêgne di files in sce 1305
1306,ligurian,template_boilerplate,O 1306 (MCCCVI in nùmeri români) o l'é 'n ànno  do  XIV secolo.
1306,ligurian,template_boilerplate,Wikimedia Commons a contêgne di files in sce 1306
1307,ligurian,template_boilerplate,O 1307 (MCCCVII in nùmeri români) o l'é 'n ànno  do  XIV secolo.
1307,ligurian,template_boilerplate,Wikimedia Commons a contêgne di files in sce 1307
1308,ligurian,template_boilerplate,O 1308 (MCCCVIII in nùmeri români) o l'é 'n ànno bizestîle do  XIV secolo.
1308,ligurian,template_boilerplate,Wikimedia Commons a contêgne di files in sce 1308
1309,ligurian,template_boilerplate,O 1309 (MCCCIX in nùmeri români) o l'é 'n ànno  do  XIV secolo.
1309,ligurian,template_boilerplate,Wikimedia Commons a contêgne di files in sce 1309
131,ligurian,template_boilerplate,O 131 (CXXXI in nùmeri români) o l'é 'n ànno  do  II secolo.
131,ligurian,template_boilerplate,Wikimedia Commons a contêgne di files in sce 131
1310,ligurian,template_boilerplate,O 1310 (MCCCX in nùmeri români) o l'é 'n ànno  do  XIV secolo.
1310,ligurian,template_boilerplate,Wikimedia Commons a contêgne di files in sce 1310
1311,ligurian,template_boilerplate,O 1311 (MCCCXI in nùmeri români) o l'é 'n ànno  do  XIV secolo.
1311,ligurian,template_boilerplate,Wikimedia Commons a contêgne di files in sce 1311
1312,ligurian,template_boilerplate,O 1312 (MCCCXII in nùmeri români) o l'é 'n ànno bizestîle do  XIV secolo.
1312,ligurian,template_boilerplate,Wikimedia Commons a contêgne di files in sce 1312
1313,ligurian,template_boilerplate,O 1313 (MCCCXIII in nùmeri români) o l'é 'n ànno  do  XIV secolo.
1313,ligurian,template_boilerplate,Wikimedia Commons a contêgne di files in sce 1313
1314,ligurian,template_boilerplate,O 1314 (MCCCXIV in nùmeri români) o l'é 'n ànno  do  XIV secolo.
1314,ligurian,template_boilerplate,Wikimedia Commons a contêgne di files in sce 1314
1315,ligurian,template_boilerplate,O 1315 (MCCCXV in nùmeri români) o l'é 'n ànno  do  XIV secolo.
1315,ligurian,template_boilerplate,Wikimedia Commons a contêgne di files in sce 1315
1316,ligurian,template_boilerplate,O 1316 (MCCCXVI in nùmeri români) o l'é 'n ànno bizestîle do  XIV secolo.
1316,ligurian,template_boilerplate,Wikimedia Commons a contêgne di files in sce 1316
1317,ligurian,template_boilerplate,O 1317 (MCCCXVII in nùmeri români) o l'é 'n ànno  do  XIV secolo.
1317,ligurian,template_boilerplate,Wikimedia Commons a contêgne di files in sce 1317
1318,ligurian,template_boilerplate,O 1318 (MCCCXVIII in nùmeri români) o l'é 'n ànno  do  XIV secolo.
1318,ligurian,template_boilerplate,Wikimedia Commons a contêgne di files in sce 1318
1319,ligurian,template_boilerplate,O 1319 (MCCCXIX in nùmeri români) o l'é 'n ànno  do  XIV secolo.
1319,ligurian,template_boilerplate,Wikimedia Commons a contêgne di files in sce 1319
131_a.C.,ligurian,template_boilerplate,C. (CXXXI a. C. in nùmeri români) o l'é 'n ànno  do  II secolo a.
131_a.C.,ligurian,template_boilerplate,C. Wikimedia Commons a contêgne di files in sce 131 a.
132,ligurian,template_boilerplate,O 132 (CXXXII in nùmeri români) o l'é 'n ànno bizestîle do  II secolo.
132,ligurian,template_boilerplate,Wikimedia Commons a contêgne di files in sce 132
1320,ligurian,template_boilerplate,O 1320 (MCCCXX in nùmeri români) o l'é 'n ànno bizestîle do  XIV secolo.
1320,ligurian,template_boilerplate,Wikimedia Commons a contêgne di files in sce 1320
1321,ligurian,template_boilerplate,O 1321 (MCCCXXI in nùmeri români) o l'é 'n ànno  do  XIV secolo.
1321,ligurian,template_boilerplate,Wikimedia Commons a contêgne di files in sce 1321
1322,ligurian,template_boilerplate,O 1322 (MCCCXXII in nùmeri români) o l'é 'n ànno  do  XIV secolo.
1322,ligurian,template_boilerplate,Wikimedia Commons a contêgne di files in sce 1322
1323,ligurian,template_boilerplate,O 1323 (MCCCXXIII in nùmeri români) o l'é 'n ànno  do  XIV secolo.
1323,ligurian,template_boilerplate,Wikimedia Commons a contêgne di files in sce 1323
1324,ligurian,template_boilerplate,O 1324 (MCCCXXIV in nùmeri români) o l'é 'n ànno bizestîle do  XIV secolo.
1324,ligurian,template_boilerplate,Wikimedia Commons a contêgne di files in sce 1324
1325,ligurian,template_boilerplate,O 1325 (MCCCXXV in nùmeri români) o l'é 'n ànno  do  XIV secolo.
1325,ligurian,template_boilerplate,Wikimedia Commons a contêgne di files in sce 1325
1326,ligurian,template_boilerplate,O 1326 (MCCCXXVI in nùmeri români) o l'é 'n ànno  do  XIV secolo.
1326,ligurian,template_boilerplate,Wikimedia Commons a contêgne di files in sce 1326
1327,ligurian,template_boilerplate,O 1327 (MCCCXXVII in nùmeri români) o l'é 'n ànno  do  XIV secolo.
1327,ligurian,template_boilerplate,Wikimedia Commons a contêgne di files in sce 1327
1328,ligurian,template_boilerplate,O 1328 (MCCCXXVIII in nùmeri români) o l'é 'n ànno bizestîle do  XIV secolo.
1328,ligurian,template_boilerplate,Wikimedia Commons a contêgne di files in sce 1328
1329,ligurian,template_boilerplate,O 1329 (MCCCXXIX in nùmeri români) o l'é 'n ànno  do  XIV secolo.
1329,ligurian,template_boilerplate,Wikimedia Commons a contêgne di files in sce 1329
132_a.C.,ligurian,template_boilerplate,C. (CXXXII a. C. in nùmeri români) o l'é 'n ànno  do  II secolo a.
132_a.C.,ligurian,template_boilerplate,C. Wikimedia Commons a contêgne di files in sce 132 a.
133,ligurian,template_boilerplate,O 133 (CXXXIII in nùmeri români) o l'é 'n ànno  do  II secolo.
133,ligurian,template_boilerplate,Wikimedia Commons a contêgne di files in sce 133
1330,ligurian,template_boilerplate,O 1330 (MCCCXXX in nùmeri români) o l'é 'n ànno  do  XIV secolo.
1330,ligurian,template_boilerplate,Wikimedia Commons a contêgne di files in sce 1330
1331,ligurian,template_boilerplate,O 1331 (MCCCXXXI in nùmeri români) o l'é 'n ànno  do  XIV secolo.
1331,ligurian,template_boilerplate,Wikimedia Commons a contêgne di files in sce 1331
1332,ligurian,template_boilerplate,O 1332 (MCCCXXXII in nùmeri români) o l'é 'n ànno bizestîle do  XIV secolo.
1332,ligurian,template_boilerplate,Wikimedia Commons a contêgne di files in sce 1332
1333,ligurian,template_boilerplate,O 1333 (MCCCXXXIII in nùmeri români) o l'é 'n ànno  do  XIV secolo.
1333,ligurian,template_boilerplate,Wikimedia Commons a contêgne di files in sce 1333
1334,ligurian,template_boilerplate,O 1334 (MCCCXXXIV in nùmeri români) o l'é 'n ànno  do  XIV secolo.
1334,ligurian,template_boilerplate,Wikimedia Commons a contêgne di files in sce 1334
1335,ligurian,template_boilerplate,O 1335 (MCCCXXXV in nùmeri români) o l'é 'n ànno  do  XIV secolo.
1335,ligurian,template_boilerplate,Wikimedia Commons a contêgne di files in sce 1335
1336,ligurian,template_boilerplate,O 1336 (MCCCXXXVI in nùmeri români) o l'é 'n ànno bizestîle do  XIV secolo.
1336,ligurian,template_boilerplate,Wikimedia Commons a contêgne di files in sce 1336
1337,ligurian,template_boilerplate,O 1337 (MCCCXXXVII in nùmeri români) o l'é 'n ànno  do  XIV secolo.
1337,ligurian,template_boilerplate,Wikimedia Commons a contêgne di files in sce 1337
1338,ligurian,template_boilerplate,O 1338 (MCCCXXXVIII in nùmeri români) o l'é 'n ànno  do  XIV secolo.
1338,ligurian,template_boilerplate,Wikimedia Commons a contêgne di files in sce 1338
1339,ligurian,template_boilerplate,O 1339 (MCCCXXXIX in nùmeri români) o l'é 'n ànno  do  XIV secolo.
1339,ligurian,template_boilerplate,Wikimedia Commons a contêgne di files in sce 1339
133_a.C.,ligurian,template_boilerplate,C. (CXXXIII a. C. in nùmeri români) o l'é 'n ànno  do  II secolo a.
133_a.C.,ligurian,template_boilerplate,C. Wikimedia Commons a contêgne di files in sce 133 a.
134,ligurian,template_boilerplate,O 134 (CXXXIV in nùmeri români) o l'é 'n ànno  do  II secolo.
134,ligurian,template_boilerplate,Wikimedia Commons a contêgne di files in sce 134
1340,ligurian,template_boilerplate,O 1340 (MCCCXL in nùmeri români) o l'é 'n ànno bizestîle do  XIV secolo.
1340,ligurian,template_boilerplate,Wikimedia Commons a contêgne di files in sce 1340
1341,ligurian,template_boilerplate,O 1341 (MCCCXLI in nùmeri români) o l'é 'n ànno  do  XIV secolo.
1341,ligurian,template_boilerplate,Wikimedia Commons a contêgne di files in sce 1341
1342,ligurian,template_boilerplate,O 1342 (MCCCXLII in nùmeri români) o l'é 'n ànno  do  XIV secolo.
1342,ligurian,template_boilerplate,Wikimedia Commons a contêgne di files in sce 1342
1343,ligurian,template_boilerplate,O 1343 (MCCCXLIII in nùmeri români) o l'é 'n ànno  do  XIV secolo.
1343,ligurian,template_boilerplate,Wikimedia Commons a contêgne di files in sce 1343
1344,ligurian,template_boilerplate,O 1344 (MCCCXLIV in nùmeri români) o l'é 'n ànno bizestîle do  XIV secolo.
1344,ligurian,template_boilerplate,Wikimedia Commons a contêgne di files in sce 1344
1345,ligurian,template_boilerplate,O 1345 (MCCCXLV in nùmeri români) o l'é 'n ànno  do  XIV secolo.
1345,ligurian,template_boilerplate,Wikimedia Commons a contêgne di files in sce 1345
1346,ligurian,template_boilerplate,O 1346 (MCCCXLVI in nùmeri români) o l'é 'n ànno  do  XIV secolo.
1346,ligurian,template_boilerplate,Wikimedia Commons a contêgne di files in sce 1346
1347,ligurian,template_boilerplate,O 1347 (MCCCXLVII in nùmeri români) o l'é 'n ànno  do  XIV secolo.
1347,ligurian,template_boilerplate,Wikimedia Commons a contêgne di files in sce 1347
1348,ligurian,template_boilerplate,O 1348 (MCCCXLVIII in nùmeri români) o l'é 'n ànno bizestîle do  XIV secolo.
1348,ligurian,template_boilerplate,Wikimedia Commons a contêgne di files in sce 1348
1349,ligurian,template_boilerplate,O 1349 (MCCCXLIX in nùmeri români) o l'é 'n ànno  do  XIV secolo.
1349,ligurian,template_boilerplate,Wikimedia Commons a contêgne di files in sce 1349
134_a.C.,ligurian,template_boilerplate,C. (CXXXIV a. C. in nùmeri români) o l'é 'n ànno  do  II secolo a.
135,ligurian,template_boilerplate,O 135 (CXXXV in nùmeri români) o l'é 'n ànno  do  II secolo.
135,ligurian,template_boilerplate,Wikimedia Commons a contêgne di files in sce 135
1350,ligurian,template_boilerplate,O 1350 (MCCCL in nùmeri români) o l'é 'n ànno  do  XIV secolo.
1350,ligurian,template_boilerplate,Wikimedia Commons a contêgne di files in sce 1350
1351,ligurian,template_boilerplate,O 1351 (MCCCLI in nùmeri români) o l'é 'n ànno  do  XIV secolo.
1351,ligurian,template_boilerplate,Wikimedia Commons a contêgne di files in sce 1351
1352,ligurian,template_boilerplate,O 1352 (MCCCLII in nùmeri români) o l'é 'n ànno bizestîle do  XIV secolo.
1352,ligurian,template_boilerplate,Wikimedia Commons a contêgne di files in sce 1352
1353,ligurian,template_boilerplate,O 1353 (MCCCLIII in nùmeri români) o l'é 'n ànno  do  XIV secolo.
1353,ligurian,template_boilerplate,Wikimedia Commons a contêgne di files in sce 1353
1354,ligurian,template_boilerplate,O 1354 (MCCCLIV in nùmeri români) o l'é 'n ànno  do  XIV secolo.
1354,ligurian,template_boilerplate,Wikimedia Commons a contêgne di files in sce 1354
1355,ligurian,template_boilerplate,O 1355 (MCCCLV in nùmeri români) o l'é 'n ànno  do  XIV secolo.
1355,ligurian,template_boilerplate,Wikimedia Commons a contêgne di files in sce 1355
1356,ligurian,template_boilerplate,O 1356 (MCCCLVI in nùmeri români) o l'é 'n ànno bizestîle do  XIV secolo.
1356,ligurian,template_boilerplate,Wikimedia Commons a contêgne di files in sce 1356
1357,ligurian,template_boilerplate,O 1357 (MCCCLVII in nùmeri români) o l'é 'n ànno  do  XIV secolo.
1357,ligurian,template_boilerplate,Wikimedia Commons a contêgne di files in sce 1357
1358,ligurian,template_boilerplate,O 1358 (MCCCLVIII in nùmeri români) o l'é 'n ànno  do  XIV secolo.
1358,ligurian,template_boilerplate,Wikimedia Commons a contêgne di files in sce 1358
1359,ligurian,template_boilerplate,O 1359 (MCCCLIX in nùmeri români) o l'é 'n ànno  do  XIV secolo.
1359,ligurian,template_boilerplate,Wikimedia Commons a contêgne di files in sce 1359
135_a.C.,ligurian,template_boilerplate,C. (CXXXV a. C. in nùmeri români) o l'é 'n ànno  do  II secolo a.
135_a.C.,ligurian,template_boilerplate,C. Wikimedia Commons a contêgne di files in sce 135 a.
136,ligurian,template_boilerplate,O 136 (CXXXVI in nùmeri români) o l'é 'n ànno bizestîle do  II secolo.
136,ligurian,template_boilerplate,Wikimedia Commons a contêgne di files in sce 136
1360,ligurian,template_boilerplate,O 1360 (MCCCLX in nùmeri români) o l'é 'n ànno bizestîle do  XIV secolo.
1360,ligurian,template_boilerplate,Wikimedia Commons a contêgne di files in sce 1360
1361,ligurian,template_boilerplate,O 1361 (MCCCLXI in nùmeri români) o l'é 'n ànno  do  XIV secolo.
1361,ligurian,template_boilerplate,Wikimedia Commons a contêgne di files in sce 1361
1362,ligurian,template_boilerplate,O 1362 (MCCCLXII in nùmeri români) o l'é 'n ànno  do  XIV secolo.
1362,ligurian,template_boilerplate,Wikimedia Commons a contêgne di files in sce 1362
1363,ligurian,template_boilerplate,O 1363 (MCCCLXIII in nùmeri români) o l'é 'n ànno  do  XIV secolo.
1363,ligurian,template_boilerplate,Wikimedia Commons a contêgne di files in sce 1363
1364,ligurian,template_boilerplate,O 1364 (MCCCLXIV in nùmeri români) o l'é 'n ànno bizestîle do  XIV secolo.
1364,ligurian,template_boilerplate,Wikimedia Commons a contêgne di files in sce 1364
1365,ligurian,template_boilerplate,O 1365 (MCCCLXV in nùmeri români) o l'é 'n ànno  do  XIV secolo.
1365,ligurian,template_boilerplate,Wikimedia Commons a contêgne di files in sce 1365
1366,ligurian,template_boilerplate,O 1366 (MCCCLXVI in nùmeri români) o l'é 'n ànno  do  XIV secolo.
1366,ligurian,template_boilerplate,Wikimedia Commons a contêgne di files in sce 1366
1367,ligurian,template_boilerplate,O 1367 (MCCCLXVII in nùmeri români) o l'é 'n ànno  do  XIV secolo.
1367,ligurian,template_boilerplate,Wikimedia Commons a contêgne di files in sce 1367
1368,ligurian,template_boilerplate,O 1368 (MCCCLXVIII in nùmeri români) o l'é 'n ànno bizestîle do  XIV secolo.
1368,ligurian,template_boilerplate,Wikimedia Commons a contêgne di files in sce 1368
1369,ligurian,template_boilerplate,O 1369 (MCCCLXIX in nùmeri români) o l'é 'n ànno  do  XIV secolo.
1369,ligurian,template_boilerplate,Wikimedia Commons a contêgne di files in sce 1369
136_a.C.,ligurian,template_boilerplate,C. (CXXXVI a. C. in nùmeri români) o l'é 'n ànno  do  II secolo a.
137,ligurian,template_boilerplate,O 137 (CXXXVII in nùmeri români) o l'é 'n ànno  do  II secolo.
137,ligurian,template_boilerplate,Wikimedia Commons a contêgne di files in sce 137
1370,ligurian,template_boilerplate,O 1370 (MCCCLXX in nùmeri români) o l'é 'n ànno  do  XIV secolo.
1370,ligurian,template_boilerplate,Wikimedia Commons a contêgne di files in sce 1370
1371,ligurian,template_boilerplate,O 1371 (MCCCLXXI in nùmeri români) o l'é 'n ànno  do  XIV secolo.
1371,ligurian,template_boilerplate,Wikimedia Commons a contêgne di files in sce 1371
1372,ligurian,template_boilerplate,O 1372 (MCCCLXXII in nùmeri români) o l'é 'n ànno bizestîle do  XIV secolo.
1372,ligurian,template_boilerplate,Wikimedia Commons a contêgne di files in sce 1372
1373,ligurian,template_boilerplate,O 1373 (MCCCLXXIII in nùmeri români) o l'é 'n ànno  do  XIV secolo.
1373,ligurian,template_boilerplate,Wikimedia Commons a contêgne di files in sce 1373
1374,ligurian,template_boilerplate,O 1374 (MCCCLXXIV in nùmeri români) o l'é 'n ànno  do  XIV secolo.
1374,ligurian,template_boilerplate,Wikimedia Commons a contêgne di files in sce 1374
1375,ligurian,template_boilerplate,O 1375 (MCCCLXXV in nùmeri români) o l'é 'n ànno  do  XIV secolo.
1375,ligurian,template_boilerplate,Wikimedia Commons a contêgne di files in sce 1375
1376,ligurian,template_boilerplate,O 1376 (MCCCLXXVI in nùmeri români) o l'é 'n ànno bizestîle do  XIV secolo.
1376,ligurian,template_boilerplate,Wikimedia Commons a contêgne di files in sce 1376
1377,ligurian,template_boilerplate,O 1377 (MCCCLXXVII in nùmeri români) o l'é 'n ànno  do  XIV secolo.
1377,ligurian,template_boilerplate,Wikimedia Commons a contêgne di files in sce 1377
1378,ligurian,template_boilerplate,O 1378 (MCCCLXXVIII in nùmeri români) o l'é 'n ànno  do  XIV secolo.
1378,ligurian,template_boilerplate,Wikimedia Commons a contêgne di files in sce 1378
1379,ligurian,template_boilerplate,O 1379 (MCCCLXXIX in nùmeri români) o l'é 'n ànno  do  XIV secolo.
1379,ligurian,template_boilerplate,Wikimedia Commons a contêgne di files in sce 1379
137_a.C.,ligurian,template_boilerplate,C. (CXXXVII a. C. in nùmeri români) o l'é 'n ànno  do  II secolo a.
137_a.C.,ligurian,template_boilerplate,C. Wikimedia Commons a contêgne di files in sce 137 a.
138,ligurian,template_boilerplate,O 138 (CXXXVIII in nùmeri români) o l'é 'n ànno  do  II secolo.
138,ligurian,template_boilerplate,Wikimedia Commons a contêgne di files in sce 138
1380,ligurian,template_boilerplate,O 1380 (MCCCLXXX in nùmeri români) o l'é 'n ànno bizestîle do  XIV secolo.
1380,ligurian,template_boilerplate,Wikimedia Commons a contêgne di files in sce 1380
1381,ligurian,template_boilerplate,O 1381 (MCCCLXXXI in nùmeri români) o l'é 'n ànno  do  XIV secolo.
1381,ligurian,template_boilerplate,Wikimedia Commons a contêgne di files in sce 1381
1382,ligurian,template_boilerplate,O 1382 (MCCCLXXXII in nùmeri români) o l'é 'n ànno  do  XIV secolo.
1382,ligurian,template_boilerplate,Wikimedia Commons a contêgne di files in sce 1382
1383,ligurian,template_boilerplate,O 1383 (MCCCLXXXIII in nùmeri români) o l'é 'n ànno  do  XIV secolo.
1383,ligurian,template_boilerplate,Wikimedia Commons a contêgne di files in sce 1383
1384,ligurian,template_boilerplate,O 1384 (MCCCLXXXIV in nùmeri români) o l'é 'n ànno bizestîle do  XIV secolo.
1384,ligurian,template_boilerplate,Wikimedia Commons a contêgne di files in sce 1384
1385,ligurian,template_boilerplate,O 1385 (MCCCLXXXV in nùmeri români) o l'é 'n ànno  do  XIV secolo.
1385,ligurian,template_boilerplate,Wikimedia Commons a contêgne di files in sce 1385
1386,ligurian,template_boilerplate,O 1386 (MCCCLXXXVI in nùmeri români) o l'é 'n ànno  do  XIV secolo.
1386,ligurian,template_boilerplate,Wikimedia Commons a contêgne di files in sce 1386
1387,ligurian,template_boilerplate,O 1387 (MCCCLXXXVII in nùmeri români) o l'é 'n ànno  do  XIV secolo.
1387,ligurian,template_boilerplate,Wikimedia Commons a contêgne di files in sce 1387
1388,ligurian,template_boilerplate,O 1388 (MCCCLXXXVIII in nùmeri români) o l'é 'n ànno bizestîle do  XIV secolo.
1388,ligurian,template_boilerplate,Wikimedia Commons a contêgne di files in sce 1388
1389,ligurian,template_boilerplate,O 1389 (MCCCLXXXIX in nùmeri români) o l'é 'n ànno  do  XIV secolo.
1389,ligurian,template_boilerplate,Wikimedia Commons a contêgne di files in sce 1389
138_a.C.,ligurian,template_boilerplate,C. (CXXXVIII a. C. in nùmeri români) o l'é 'n ànno  do  II secolo a.
138_a.C.,ligurian,template_boilerplate,C. Wikimedia Commons a contêgne di files in sce 138 a.
139,ligurian,template_boilerplate,O 139 (CXXXIX in nùmeri români) o l'é 'n ànno  do  II secolo.
139,ligurian,template_boilerplate,Wikimedia Commons a contêgne di files in sce 139
1390,ligurian,template_boilerplate,O 1390 (MCCCXC in nùmeri români) o l'é 'n ànno  do  XIV secolo.
1390,ligurian,template_boilerplate,Wikimedia Commons a contêgne di files in sce 1390
1391,ligurian,template_boilerplate,O 1391 (MCCCXCI in nùmeri români) o l'é 'n ànno  do  XIV secolo.
1391,ligurian,template_boilerplate,Wikimedia Commons a contêgne di files in sce 1391
1392,ligurian,template_boilerplate,O 1392 (MCCCXCII in nùmeri români) o l'é 'n ànno bizestîle do  XIV secolo.
1392,ligurian,template_boilerplate,Wikimedia Commons a contêgne di files in sce 1392
1393,ligurian,template_boilerplate,O 1393 (MCCCXCIII in nùmeri români) o l'é 'n ànno  do  XIV secolo.
1393,ligurian,template_boilerplate,Wikimedia Commons a contêgne di files in sce 1393
1394,ligurian,template_boilerplate,O 1394 (MCCCXCIV in nùmeri români) o l'é 'n ànno  do  XIV secolo.
1394,ligurian,template_boilerplate,Wikimedia Commons a contêgne di files in sce 1394
1395,ligurian,template_boilerplate,O 1395 (MCCCXCV in nùmeri români) o l'é 'n ànno  do  XIV secolo.
1395,ligurian,template_boilerplate,Wikimedia Commons a contêgne di files in sce 1395
1396,ligurian,template_boilerplate,O 1396 (MCCCXCVI in nùmeri români) o l'é 'n ànno bizestîle do  XIV secolo.
1396,ligurian,template_boilerplate,Wikimedia Commons a contêgne di files in sce 1396
1397,ligurian,template_boilerplate,O 1397 (MCCCXCVII in nùmeri români) o l'é 'n ànno  do  XIV secolo.
1397,ligurian,template_boilerplate,Wikimedia Commons a contêgne di files in sce 1397
1398,ligurian,template_boilerplate,O 1398 (MCCCXCVIII in nùmeri români) o l'é 'n ànno  do  XIV secolo.
1398,ligurian,template_boilerplate,Wikimedia Commons a contêgne di files in sce 1398
1399,ligurian,template_boilerplate,O 1399 (MCCCXCIX in nùmeri români) o l'é 'n ànno  do  XIV secolo.
1399,ligurian,template_boilerplate,Wikimedia Commons a contêgne di files in sce 1399
139_a.C.,ligurian,template_boilerplate,C. (CXXXIX a. C. in nùmeri români) o l'é 'n ànno  do  II secolo a.
139_a.C.,ligurian,template_boilerplate,C. Wikimedia Commons a contêgne di files in sce 139 a.
13_a.C.,ligurian,template_boilerplate,C. (XIII a. C. in nùmeri români) o l'é 'n ànno  do  I secolo a.
13_a.C.,ligurian,template_boilerplate,C. Wikimedia Commons a contêgne di files in sce 13 a.
13_agosto,ligurian,template_boilerplate,O 13 agosto o l'é o 225° giórno de l'ànno (226° inti ànni bizestîli) segondo o Lûnäio Gregorian.
13_agosto,ligurian,template_boilerplate,Màncan 140 giórni a-a fin de l'ànno.
13_agosto,ligurian,template_boilerplate,Wikimedia Commons a contêgne di files in sce 13 agosto
13_arvî,ligurian,template_boilerplate,O 13 arvî o l'é o 103° giórno de l'ànno (104° inti ànni bizestîli) segondo o Lûnäio Gregorian.
13_arvî,ligurian,template_boilerplate,Màncan 262 giórni a-a fin de l'ànno.
13_arvî,ligurian,template_boilerplate,Wikimedia Commons a contêgne di files in sce 13 arvî
13_dexénbre,ligurian,template_boilerplate,O 13 dexénbre o l'é o 347° giórno de l'ànno (348° inti ànni bizestîli) segondo o Lûnäio Gregorian.
13_dexénbre,ligurian,template_boilerplate,Màncan 18 giórni a-a fin de l'ànno.
13_dexénbre,ligurian,template_boilerplate,Wikimedia Commons a contêgne di files in sce 13 dexénbre
13_frevâ,ligurian,template_boilerplate,O 13 frevâ o l'é o 44° giórno de l'ànno segondo o Lûnäio Gregorian.
13_frevâ,ligurian,template_boilerplate,Mancan 321 giórni a-a fin de l'ànno (322 inti ànni bizestîli) Wikimedia Commons a contêgne di files in sce 13 frevâ
13_lûggio,ligurian,template_boilerplate,O 13 lûggio o l'é o 194° giórno de l'ànno (195° inti ànni bizestîli) segondo o Lûnäio Gregorian.
13_lûggio,ligurian,template_boilerplate,Màncan 171 giórni a-a fin de l'ànno.
13_marso,ligurian,template_boilerplate,O 13 marso o l'é o 72° giórno de l'ànno (73° inti ànni bizestîli) segondo o Lûnäio Gregorian.
13_marso,ligurian,template_boilerplate,Mancân 293 giórni a-a fin de l'ànno.
13_marso,ligurian,template_boilerplate,Wikimedia Commons a contêgne di files in sce 13 marso
13_mazzo,ligurian,template_boilerplate,O 13 mazzo o l'é o 133° giórno de l'ànno (134° inti ànni bizestîli) segondo o Lûnäio Gregorian.
13_mazzo,ligurian,template_boilerplate,Màncan 232 giórni a-a fin de l'ànno.
13_mazzo,ligurian,template_boilerplate,Wikimedia Commons a contêgne di files in sce 13 mazzo
13_novénbre,ligurian,template_boilerplate,O 13 novénbre o l'é o 317° giórno de l'ànno (318° inti ànni bizestîli) segondo o Lûnäio Gregorian.
13_novénbre,ligurian,template_boilerplate,Màncan 48 giórni a-a fin de l'ànno.
13_novénbre,ligurian,template_boilerplate,Wikimedia Commons a contêgne di files in sce 13 novénbre
13_seténbre,ligurian,template_boilerplate,O 13 seténbre o l'é o 256° giórno de l'ànno (257° inti ànni bizestîli) segondo o Lûnäio Gregorian.
13_seténbre,ligurian,template_boilerplate,Màncan 109 giórni a-a fin de l'ànno.
13_seténbre,ligurian,template_boilerplate,Wikimedia Commons a contêgne di files in sce 13 seténbre
13_zenâ,ligurian,template_boilerplate,O 13 zenâ o l'é o 13° giórno de l'ànno segondo o Lûnäio Gregorian.
13_zenâ,ligurian,template_boilerplate,Mancan 352 giórni a-a fin de l'ànno (353 inti ànni bizestîli) Wikimedia Commons a contêgne di files in sce 13 zenâ
13_zûgno,ligurian,template_boilerplate,O 13 zûgno o l'é o 164° giórno de l'ànno (165° inti ànni bizestîli) segondo o Lûnäio Gregorian.
13_zûgno,ligurian,template_boilerplate,Màncan 201 giórni a-a fin de l'ànno.
13_zûgno,ligurian,template_boilerplate,Wikimedia Commons a contêgne di files in sce 13 zûgno
13_òtôbre,ligurian,template_boilerplate,O 13 òtôbre o l'é o 286° giórno de l'ànno (287° inti ànni bizestîli) segondo o Lûnäio Gregorian.
13_òtôbre,ligurian,template_boilerplate,Màncan 79 giórni a-a fin de l'ànno.
13_òtôbre,ligurian,template_boilerplate,Wikimedia Commons a contêgne di files in sce 13 òtôbre
14,ligurian,template_boilerplate,O 14 (XIV in nùmeri români) o l'é 'n ànno  do  I secolo.
14,ligurian,template_boilerplate,Wikimedia Commons a contêgne di files in sce 14
140,ligurian,template_boilerplate,O 140 (CXL in nùmeri români) o l'é 'n ànno bizestîle do  II secolo.
140,ligurian,template_boilerplate,Wikimedia Commons a contêgne di files in sce 140
1400,ligurian,template_boilerplate,O 1400 (MCD in nùmeri români) o l'é 'n ànno bizestîle do  XIV secolo.
1400,ligurian,template_boilerplate,Wikimedia Commons a contêgne di files in sce 1400
1401,ligurian,template_boilerplate,O 1401 (MCDI in nùmeri români) o l'é 'n ànno  do  XV secolo.
1401,ligurian,template_boilerplate,Wikimedia Commons a contêgne di files in sce 1401
1402,ligurian,template_boilerplate,O 1402 (MCDII in nùmeri români) o l'é 'n ànno  do  XV secolo.
1402,ligurian,template_boilerplate,Wikimedia Commons a contêgne di files in sce 1402
1403,ligurian,template_boilerplate,O 1403 (MCDIII in nùmeri români) o l'é 'n ànno  do  XV secolo.
1403,ligurian,template_boilerplate,Wikimedia Commons a contêgne di files in sce 1403
1404,ligurian,template_boilerplate,O 1404 (MCDIV in nùmeri români) o l'é 'n ànno bizestîle do  XV secolo.
1404,ligurian,template_boilerplate,Wikimedia Commons a contêgne di files in sce 1404
1405,ligurian,template_boilerplate,O 1405 (MCDV in nùmeri români) o l'é 'n ànno  do  XV secolo.
1405,ligurian,template_boilerplate,Wikimedia Commons a contêgne di files in sce 1405
1406,ligurian,template_boilerplate,O 1406 (MCDVI in nùmeri români) o l'é 'n ànno  do  XV secolo.
1406,ligurian,template_boilerplate,Wikimedia Commons a contêgne di files in sce 1406
1407,ligurian,template_boilerplate,O 1407 (MCDVII in nùmeri români) o l'é 'n ànno  do  XV secolo.
1407,ligurian,template_boilerplate,Wikimedia Commons a contêgne di files in sce 1407
1408,ligurian,template_boilerplate,O 1408 (MCDVIII in nùmeri români) o l'é 'n ànno bizestîle do  XV secolo.
1408,ligurian,template_boilerplate,Wikimedia Commons a contêgne di files in sce 1408
1409,ligurian,template_boilerplate,O 1409 (MCDIX in nùmeri români) o l'é 'n ànno  do  XV secolo.
1409,ligurian,template_boilerplate,Wikimedia Commons a contêgne di files in sce 1409
140_a.C.,ligurian,template_boilerplate,C. (CXL a. C. in nùmeri români) o l'é 'n ànno  do  II secolo a.
140_a.C.,ligurian,template_boilerplate,C. Wikimedia Commons a contêgne di files in sce 140 a.
141,ligurian,template_boilerplate,O 141 (CXLI in nùmeri români) o l'é 'n ànno  do  II secolo.
141,ligurian,template_boilerplate,Wikimedia Commons a contêgne di files in sce 141
1410,ligurian,template_boilerplate,O 1410 (MCDX in nùmeri români) o l'é 'n ànno  do  XV secolo.
1410,ligurian,template_boilerplate,Wikimedia Commons a contêgne di files in sce 1410
1411,ligurian,template_boilerplate,O 1411 (MCDXI in nùmeri români) o l'é 'n ànno  do  XV secolo.
1411,ligurian,template_boilerplate,Wikimedia Commons a contêgne di files in sce 1411
1412,ligurian,template_boilerplate,O 1412 (MCDXII in nùmeri români) o l'é 'n ànno bizestîle do  XV secolo.
1412,ligurian,template_boilerplate,Wikimedia Commons a contêgne di files in sce 1412
1413,ligurian,template_boilerplate,O 1413 (MCDXIII in nùmeri români) o l'é 'n ànno  do  XV secolo.
1413,ligurian,template_boilerplate,Wikimedia Commons a contêgne di files in sce 1413
1414,ligurian,template_boilerplate,O 1414 (MCDXIV in nùmeri români) o l'é 'n ànno  do  XV secolo.
1414,ligurian,template_boilerplate,Wikimedia Commons a contêgne di files in sce 1414
1415,ligurian,template_boilerplate,O 1415 (MCDXV in nùmeri români) o l'é 'n ànno  do  XV secolo.
1415,ligurian,template_boilerplate,Wikimedia Commons a contêgne di files in sce 1415
1416,ligurian,template_boilerplate,O 1416 (MCDXVI in nùmeri români) o l'é 'n ànno bizestîle do  XV secolo.
1416,ligurian,template_boilerplate,Wikimedia Commons a contêgne di files in sce 1416
1417,ligurian,template_boilerplate,O 1417 (MCDXVII in nùmeri români) o l'é 'n ànno  do  XV secolo.
1417,ligurian,template_boilerplate,Wikimedia Commons a contêgne di files in sce 1417
1418,ligurian,template_boilerplate,O 1418 (MCDXVIII in nùmeri români) o l'é 'n ànno  do  XV secolo.
1418,ligurian,template_boilerplate,Wikimedia Commons a contêgne di files in sce 1418
1419,ligurian,template_boilerplate,O 1419 (MCDXIX in nùmeri români) o l'é 'n ànno  do  XV secolo.
1419,ligurian,template_boilerplate,Wikimedia Commons a contêgne di files in sce 1419
141_a.C.,ligurian,template_boilerplate,C. (CXLI a. C. in nùmeri români) o l'é 'n ànno  do  II secolo a.
141_a.C.,ligurian,template_boilerplate,C. Wikimedia Commons a contêgne di files in sce 141 a.
142,ligurian,template_boilerplate,O 142 (CXLII in nùmeri români) o l'é 'n ànno  do  II secolo.
142,ligurian,template_boilerplate,Wikimedia Commons a contêgne di files in sce 142
1420,ligurian,template_boilerplate,O 1420 (MCDXX in nùmeri români) o l'é 'n ànno bizestîle do  XV secolo.
1420,ligurian,template_boilerplate,Wikimedia Commons a contêgne di files in sce 1420
1421,ligurian,template_boilerplate,O 1421 (MCDXXI in nùmeri români) o l'é 'n ànno  do  XV secolo.
1421,ligurian,template_boilerplate,Wikimedia Commons a contêgne di files in sce 1421
1422,ligurian,template_boilerplate,O 1422 (MCDXXII in nùmeri români) o l'é 'n ànno  do  XV secolo.
1422,ligurian,template_boilerplate,Wikimedia Commons a contêgne di files in sce 1422
1423,ligurian,template_boilerplate,O 1423 (MCDXXIII in nùmeri români) o l'é 'n ànno  do  XV secolo.
1423,ligurian,template_boilerplate,Wikimedia Commons a contêgne di files in sce 1423
1424,ligurian,template_boilerplate,O 1424 (MCDXXIV in nùmeri români) o l'é 'n ànno bizestîle do  XV secolo.
1424,ligurian,template_boilerplate,Wikimedia Commons a contêgne di files in sce 1424
1425,ligurian,template_boilerplate,O 1425 (MCDXXV in nùmeri români) o l'é 'n ànno  do  XV secolo.
1425,ligurian,template_boilerplate,Wikimedia Commons a contêgne di files in sce 1425
1426,ligurian,template_boilerplate,O 1426 (MCDXXVI in nùmeri români) o l'é 'n ànno  do  XV secolo.
1426,ligurian,template_boilerplate,Wikimedia Commons a contêgne di files in sce 1426
1427,ligurian,template_boilerplate,O 1427 (MCDXXVII in nùmeri români) o l'é 'n ànno  do  XV secolo.
1427,ligurian,template_boilerplate,Wikimedia Commons a contêgne di files in sce 1427
1428,ligurian,template_boilerplate,O 1428 (MCDXXVIII in nùmeri români) o l'é 'n ànno bizestîle do  XV secolo.
1428,ligurian,template_boilerplate,Wikimedia Commons a contêgne di files in sce 1428
1429,ligurian,template_boilerplate,O 1429 (MCDXXIX in nùmeri români) o l'é 'n ànno  do  XV secolo.
1429,ligurian,template_boilerplate,Wikimedia Commons a contêgne di files in sce 1429
143,ligurian,template_boilerplate,O 143 (CXLIII in nùmeri români) o l'é 'n ànno  do  II secolo.
143,ligurian,template_boilerplate,Wikimedia Commons a contêgne di files in sce 143
1430,ligurian,template_boilerplate,O 1430 (MCDXXX in nùmeri români) o l'é 'n ànno  do  XV secolo.
1430,ligurian,template_boilerplate,Wikimedia Commons a contêgne di files in sce 1430
1431,ligurian,template_boilerplate,O 1431 (MCDXXXI in nùmeri români) o l'é 'n ànno  do  XV secolo.
1431,ligurian,template_boilerplate,Wikimedia Commons a contêgne di files in sce 1431
1432,ligurian,template_boilerplate,O 1432 (MCDXXXII in nùmeri români) o l'é 'n ànno bizestîle do  XV secolo.
1432,ligurian,template_boilerplate,Wikimedia Commons a contêgne di files in sce 1432
1433,ligurian,template_boilerplate,O 1433 (MCDXXXIII in nùmeri români) o l'é 'n ànno  do  XV secolo.
1433,ligurian,template_boilerplate,Wikimedia Commons a contêgne di files in sce 1433
1434,ligurian,template_boilerplate,O 1434 (MCDXXXIV in nùmeri români) o l'é 'n ànno  do  XV secolo.
1434,ligurian,template_boilerplate,Wikimedia Commons a contêgne di files in sce 1434
1435,ligurian,template_boilerplate,O 1435 (MCDXXXV in nùmeri români) o l'é 'n ànno  do  XV secolo.
1435,ligurian,template_boilerplate,Wikimedia Commons a contêgne di files in sce 1435
1436,ligurian,template_boilerplate,O 1436 (MCDXXXVI in nùmeri români) o l'é 'n ànno bizestîle do  XV secolo.
1436,ligurian,template_boilerplate,Wikimedia Commons a contêgne di files in sce 1436
1437,ligurian,template_boilerplate,O 1437 (MCDXXXVII in nùmeri români) o l'é 'n ànno  do  XV secolo.
1437,ligurian,template_boilerplate,Wikimedia Commons a contêgne di files in sce 1437
1438,ligurian,template_boilerplate,O 1438 (MCDXXXVIII in nùmeri români) o l'é 'n ànno  do  XV secolo.
1438,ligurian,template_boilerplate,Wikimedia Commons a contêgne di files in sce 1438
1439,ligurian,template_boilerplate,O 1439 (MCDXXXIX in nùmeri români) o l'é 'n ànno  do  XV secolo.
1439,ligurian,template_boilerplate,Wikimedia Commons a contêgne di files in sce 1439
143_a.C.,ligurian,template_boilerplate,C. (CXLIII a. C. in nùmeri români) o l'é 'n ànno  do  II secolo a.
1440,ligurian,template_boilerplate,O 1440 (MCDXL in nùmeri români) o l'é 'n ànno bizestîle do  XV secolo.
1440,ligurian,template_boilerplate,Wikimedia Commons a contêgne di files in sce 1440
1441,ligurian,template_boilerplate,O 1441 (MCDXLI in nùmeri români) o l'é 'n ànno  do  XV secolo.
1441,ligurian,template_boilerplate,Wikimedia Commons a contêgne di files in sce 1441
1442,ligurian,template_boilerplate,O 1442 (MCDXLII in nùmeri români) o l'é 'n ànno  do  XV secolo.
1442,ligurian,template_boilerplate,Wikimedia Commons a contêgne di files in sce 1442
1443,ligurian,template_boilerplate,O 1443 (MCDXLIII in nùmeri români) o l'é 'n ànno  do  XV secolo.
1443,ligurian,template_boilerplate,Wikimedia Commons a contêgne di files in sce 1443
1444,ligurian,template_boilerplate,O 1444 (MCDXLIV in nùmeri români) o l'é 'n ànno bizestîle do  XV secolo.
1444,ligurian,template_boilerplate,Wikimedia Commons a contêgne di files in sce 1444
1445,ligurian,template_boilerplate,O 1445 (MCDXLV in nùmeri români) o l'é 'n ànno  do  XV secolo.
1445,ligurian,template_boilerplate,Wikimedia Commons a contêgne di files in sce 1445
1446,ligurian,template_boilerplate,O 1446 (MCDXLVI in nùmeri români) o l'é 'n ànno  do  XV secolo.
1446,ligurian,template_boilerplate,Wikimedia Commons a contêgne di files in sce 1446
1447,ligurian,template_boilerplate,O 1447 (MCDXLVII in nùmeri români) o l'é 'n ànno  do  XV secolo.
1447,ligurian,template_boilerplate,Wikimedia Commons a contêgne di files in sce 1447
1448,ligurian,template_boilerplate,O 1448 (MCDXLVIII in nùmeri români) o l'é 'n ànno bizestîle do  XV secolo.
1448,ligurian,template_boilerplate,Wikimedia Commons a contêgne di files in sce 1448
1449,ligurian,template_boilerplate,O 1449 (MCDXLIX in nùmeri români) o l'é 'n ànno  do  XV secolo.
1449,ligurian,template_boilerplate,Wikimedia Commons a contêgne di files in sce 1449
145,ligurian,template_boilerplate,O 145 (CXLV in nùmeri români) o l'é 'n ànno  do  II secolo.
145,ligurian,template_boilerplate,Wikimedia Commons a contêgne di files in sce 145
1450,ligurian,template_boilerplate,O 1450 (MCDL in nùmeri români) o l'é 'n ànno  do  XV secolo.
1450,ligurian,template_boilerplate,Wikimedia Commons a contêgne di files in sce 1450
1451,ligurian,template_boilerplate,O 1451 (MCDLI in nùmeri români) o l'é 'n ànno  do  XV secolo.
1451,ligurian,template_boilerplate,Wikimedia Commons a contêgne di files in sce 1451
1452,ligurian,template_boilerplate,O 1452 (MCDLII in nùmeri români) o l'é 'n ànno bizestîle do  XV secolo.
1452,ligurian,template_boilerplate,Wikimedia Commons a contêgne di files in sce 1452
1453,ligurian,template_boilerplate,O 1453 (MCDLIII in nùmeri români) o l'é 'n ànno  do  XV secolo.
1453,ligurian,template_boilerplate,Wikimedia Commons a contêgne di files in sce 1453
1454,ligurian,template_boilerplate,O 1454 (MCDLIV in nùmeri români) o l'é 'n ànno  do  XV secolo.
1454,ligurian,template_boilerplate,Wikimedia Commons a contêgne di files in sce 1454
1455,ligurian,template_boilerplate,O 1455 (MCDLV in nùmeri români) o l'é 'n ànno  do  XV secolo.
1455,ligurian,template_boilerplate,Wikimedia Commons a contêgne di files in sce 1455
1456,ligurian,template_boilerplate,O 1456 (MCDLVI in nùmeri români) o l'é 'n ànno bizestîle do  XV secolo.
1456,ligurian,template_boilerplate,Wikimedia Commons a contêgne di files in sce 1456
1457,ligurian,template_boilerplate,O 1457 (MCDLVII in nùmeri români) o l'é 'n ànno  do  XV secolo.
1457,ligurian,template_boilerplate,Wikimedia Commons a contêgne di files in sce 1457
1458,ligurian,template_boilerplate,O 1458 (MCDLVIII in nùmeri români) o l'é 'n ànno  do  XV secolo.
1458,ligurian,template_boilerplate,Wikimedia Commons a contêgne di files in sce 1458
1459,ligurian,template_boilerplate,O 1459 (MCDLIX in nùmeri români) o l'é 'n ànno  do  XV secolo.
1459,ligurian,template_boilerplate,Wikimedia Commons a contêgne di files in sce 1459
145_a.C.,ligurian,template_boilerplate,C. (CXLV a. C. in nùmeri români) o l'é 'n ànno  do  II secolo a.
145_a.C.,ligurian,template_boilerplate,C. Wikimedia Commons a contêgne di files in sce 145 a.
146,ligurian,template_boilerplate,O 146 (CXLVI in nùmeri români) o l'é 'n ànno  do  II secolo.
1460,ligurian,template_boilerplate,O 1460 (MCDLX in nùmeri români) o l'é 'n ànno bizestîle do  XV secolo.
1460,ligurian,template_boilerplate,Wikimedia Commons a contêgne di files in sce 1460
1461,ligurian,template_boilerplate,O 1461 (MCDLXI in nùmeri români) o l'é 'n ànno  do  XV secolo.
1461,ligurian,template_boilerplate,Wikimedia Commons a contêgne di files in sce 1461
1462,ligurian,template_boilerplate,O 1462 (MCDLXII in nùmeri români) o l'é 'n ànno  do  XV secolo.
1462,ligurian,template_boilerplate,Wikimedia Commons a contêgne di files in sce 1462
1463,ligurian,template_boilerplate,O 1463 (MCDLXIII in nùmeri români) o l'é 'n ànno  do  XV secolo.
1463,ligurian,template_boilerplate,Wikimedia Commons a contêgne di files in sce 1463
1464,ligurian,template_boilerplate,O 1464 (MCDLXIV in nùmeri români) o l'é 'n ànno bizestîle do  XV secolo.
1464,ligurian,template_boilerplate,Wikimedia Commons a contêgne di files in sce 1464
1465,ligurian,template_boilerplate,O 1465 (MCDLXV in nùmeri români) o l'é 'n ànno  do  XV secolo.
1465,ligurian,template_boilerplate,Wikimedia Commons a contêgne di files in sce 1465
1466,ligurian,template_boilerplate,O 1466 (MCDLXVI in nùmeri români) o l'é 'n ànno  do  XV secolo.
1466,ligurian,template_boilerplate,Wikimedia Commons a contêgne di files in sce 1466
1467,ligurian,template_boilerplate,O 1467 (MCDLXVII in nùmeri români) o l'é 'n ànno  do  XV secolo.
1467,ligurian,template_boilerplate,Wikimedia Commons a contêgne di files in sce 1467
1468,ligurian,template_boilerplate,O 1468 (MCDLXVIII in nùmeri români) o l'é 'n ànno bizestîle do  XV secolo.
1468,ligurian,template_boilerplate,Wikimedia Commons a contêgne di files in sce 1468
1469,ligurian,template_boilerplate,O 1469 (MCDLXIX in nùmeri români) o l'é 'n ànno  do  XV secolo.
1469,ligurian,template_boilerplate,Wikimedia Commons a contêgne di files in sce 1469
146_a.C.,ligurian,template_boilerplate,C. (CXLVI a. C. in nùmeri români) o l'é 'n ànno  do  II secolo a.
146_a.C.,ligurian,template_boilerplate,C. Wikimedia Commons a contêgne di files in sce 146 a.
1470,ligurian,template_boilerplate,O 1470 (MCDLXX in nùmeri români) o l'é 'n ànno  do  XV secolo.
1470,ligurian,template_boilerplate,Wikimedia Commons a contêgne di files in sce 1470
1471,ligurian,template_boilerplate,O 1471 (MCDLXXI in nùmeri români) o l'é 'n ànno  do  XV secolo.
1471,ligurian,template_boilerplate,Wikimedia Commons a contêgne di files in sce 1471
1472,ligurian,template_boilerplate,O 1472 (MCDLXXII in nùmeri români) o l'é 'n ànno bizestîle do  XV secolo.
1472,ligurian,template_boilerplate,Wikimedia Commons a contêgne di files in sce 1472
1473,ligurian,template_boilerplate,O 1473 (MCDLXXIII in nùmeri români) o l'é 'n ànno  do  XV secolo.
1473,ligurian,template_boilerplate,Wikimedia Commons a contêgne di files in sce 1473
1474,ligurian,template_boilerplate,O 1474 (MCDLXXIV in nùmeri români) o l'é 'n ànno  do  XV secolo.
1474,ligurian,template_boilerplate,Wikimedia Commons a contêgne di files in sce 1474
1475,ligurian,template_boilerplate,O 1475 (MCDLXXV in nùmeri români) o l'é 'n ànno  do  XV secolo.
1475,ligurian,template_boilerplate,Wikimedia Commons a contêgne di files in sce 1475
1476,ligurian,template_boilerplate,O 1476 (MCDLXXVI in nùmeri români) o l'é 'n ànno bizestîle do  XV secolo.
1476,ligurian,template_boilerplate,Wikimedia Commons a contêgne di files in sce 1476
1477,ligurian,template_boilerplate,O 1477 (MCDLXXVII in nùmeri români) o l'é 'n ànno  do  XV secolo.
1477,ligurian,template_boilerplate,Wikimedia Commons a contêgne di files in sce 1477
1478,ligurian,template_boilerplate,O 1478 (MCDLXXVIII in nùmeri români) o l'é 'n ànno  do  XV secolo.
1478,ligurian,template_boilerplate,Wikimedia Commons a contêgne di files in sce 1478
1479,ligurian,template_boilerplate,O 1479 (MCDLXXIX in nùmeri români) o l'é 'n ànno  do  XV secolo.
1479,ligurian,template_boilerplate,Wikimedia Commons a contêgne di files in sce 1479
148,ligurian,template_boilerplate,O 148 (CXLVIII in nùmeri români) o l'é 'n ànno bizestîle do  II secolo.
148,ligurian,template_boilerplate,Wikimedia Commons a contêgne di files in sce 148
1480,ligurian,template_boilerplate,O 1480 (MCDLXXX in nùmeri români) o l'é 'n ànno bizestîle do  XV secolo.
1480,ligurian,template_boilerplate,Wikimedia Commons a contêgne di files in sce 1480
1481,ligurian,template_boilerplate,O 1481 (MCDLXXXI in nùmeri români) o l'é 'n ànno  do  XV secolo.
1481,ligurian,template_boilerplate,Wikimedia Commons a contêgne di files in sce 1481
1482,ligurian,template_boilerplate,O 1482 (MCDLXXXII in nùmeri români) o l'é 'n ànno  do  XV secolo.
1482,ligurian,template_boilerplate,Wikimedia Commons a contêgne di files in sce 1482
1483,ligurian,template_boilerplate,O 1483 (MCDLXXXIII in nùmeri români) o l'é 'n ànno  do  XV secolo.
1483,ligurian,template_boilerplate,Wikimedia Commons a contêgne di files in sce 1483
1484,ligurian,template_boilerplate,O 1484 (MCDLXXXIV in nùmeri români) o l'é 'n ànno bizestîle do  XV secolo.
1484,ligurian,template_boilerplate,Wikimedia Commons a contêgne di files in sce 1484
1485,ligurian,template_boilerplate,O 1485 (MCDLXXXV in nùmeri români) o l'é 'n ànno  do  XV secolo.
1485,ligurian,template_boilerplate,Wikimedia Commons a contêgne di files in sce 1485
1486,ligurian,template_boilerplate,O 1486 (MCDLXXXVI in nùmeri români) o l'é 'n ànno  do  XV secolo.
1486,ligurian,template_boilerplate,Wikimedia Commons a contêgne di files in sce 1486
1487,ligurian,template_boilerplate,O 1487 (MCDLXXXVII in nùmeri români) o l'é 'n ànno  do  XV secolo.
1487,ligurian,template_boilerplate,Wikimedia Commons a contêgne di files in sce 1487
1488,ligurian,template_boilerplate,O 1488 (MCDLXXXVIII in nùmeri români) o l'é 'n ànno bizestîle do  XV secolo.
1488,ligurian,template_boilerplate,Wikimedia Commons a contêgne di files in sce 1488
1489,ligurian,template_boilerplate,O 1489 (MCDLXXXIX in nùmeri români) o l'é 'n ànno  do  XV secolo.
1489,ligurian,template_boilerplate,Wikimedia Commons a contêgne di files in sce 1489
148_a.C.,ligurian,template_boilerplate,C. (CXLVIII a. C. in nùmeri români) o l'é 'n ànno  do  II secolo a.
148_a.C.,ligurian,template_boilerplate,C. Wikimedia Commons a contêgne di files in sce 148 a.
149,ligurian,template_boilerplate,O 149 (CXLIX in nùmeri români) o l'é 'n ànno  do  II secolo.
149,ligurian,template_boilerplate,Wikimedia Commons a contêgne di files in sce 149
1490,ligurian,template_boilerplate,O 1490 (MCDXC in nùmeri români) o l'é 'n ànno  do  XV secolo.
1490,ligurian,template_boilerplate,Wikimedia Commons a contêgne di files in sce 1490
1491,ligurian,template_boilerplate,O 1491 (MCDXCI in nùmeri români) o l'é 'n ànno  do  XV secolo.
1491,ligurian,template_boilerplate,Wikimedia Commons a contêgne di files in sce 1491
1492,ligurian,template_boilerplate,O 1492 (MCDXCII in nùmeri români) o l'é 'n ànno bizestîle do  XV secolo.
1492,ligurian,template_boilerplate,Wikimedia Commons a contêgne di files in sce 1492
1493,ligurian,template_boilerplate,O 1493 (MCDXCIII in nùmeri români) o l'é 'n ànno  do  XV secolo.
1493,ligurian,template_boilerplate,Wikimedia Commons a contêgne di files in sce 1493
1494,ligurian,template_boilerplate,O 1494 (MCDXCIV in nùmeri români) o l'é 'n ànno  do  XV secolo.
1494,ligurian,template_boilerplate,Wikimedia Commons a contêgne di files in sce 1494
1495,ligurian,template_boilerplate,O 1495 (MCDXCV in nùmeri români) o l'é 'n ànno  do  XV secolo.
1495,ligurian,template_boilerplate,Wikimedia Commons a contêgne di files in sce 1495
1496,ligurian,template_boilerplate,O 1496 (MCDXCVI in nùmeri români) o l'é 'n ànno bizestîle do  XV secolo.
1496,ligurian,template_boilerplate,Wikimedia Commons a contêgne di files in sce 1496
1497,ligurian,template_boilerplate,O 1497 (MCDXCVII in nùmeri români) o l'é 'n ànno  do  XV secolo.
1497,ligurian,template_boilerplate,Wikimedia Commons a contêgne di files in sce 1497
1498,ligurian,template_boilerplate,O 1498 (MCDXCVIII in nùmeri români) o l'é 'n ànno  do  XV secolo.
1498,ligurian,template_boilerplate,Wikimedia Commons a contêgne di files in sce 1498
1499,ligurian,template_boilerplate,O 1499 (MCDXCIX in nùmeri români) o l'é 'n ànno  do  XV secolo.
1499,ligurian,template_boilerplate,Wikimedia Commons a contêgne di files in sce 1499
149_a.C.,ligurian,template_boilerplate,C. (CXLIX a. C. in nùmeri români) o l'é 'n ànno  do  II secolo a.
149_a.C.,ligurian,template_boilerplate,C. Wikimedia Commons a contêgne di files in sce 149 a.
14_a.C.,ligurian,template_boilerplate,C. (XIV a. C. in nùmeri români) o l'é 'n ànno  do  I secolo a.
14_a.C.,ligurian,template_boilerplate,C. Wikimedia Commons a contêgne di files in sce 14 a.
14_agosto,ligurian,template_boilerplate,O 14 agosto o l'é o 226° giórno de l'ànno (227° inti ànni bizestîli) segondo o Lûnäio Gregorian.
14_agosto,ligurian,template_boilerplate,Màncan 139 giórni a-a fin de l'ànno.
14_arvî,ligurian,template_boilerplate,O 14 arvî o l'é o 104° giórno de l'ànno (105° inti ànni bizestîli) segondo o Lûnäio Gregorian.
14_arvî,ligurian,template_boilerplate,Màncan 261 giórni a-a fin de l'ànno.
14_arvî,ligurian,template_boilerplate,Wikimedia Commons a contêgne di files in sce 14 arvî
14_dexénbre,ligurian,template_boilerplate,O 14 dexénbre o l'é o 347° giórno de l'ànno (348° inti ànni bizestîli) segondo o Lûnäio Gregorian.
14_dexénbre,ligurian,template_boilerplate,Màncan 17 giórni a-a fin de l'ànno.
14_dexénbre,ligurian,template_boilerplate,Wikimedia Commons a contêgne di files in sce 14 dexénbre
14_frevâ,ligurian,template_boilerplate,O 14 frevâ o l'é o 45° giórno de l'ànno segondo o Lûnäio Gregorian.
14_frevâ,ligurian,template_boilerplate,Mancan 320 giórni a-a fin de l'ànno (321 inti ànni bizestîli) Wikimedia Commons a contêgne di files in sce 14 frevâ
14_lûggio,ligurian,template_boilerplate,O 14 lûggio o l'é o 195° giórno de l'ànno (196° inti ànni bizestîli) segondo o Lûnäio Gregorian.
14_lûggio,ligurian,template_boilerplate,Màncan 170 giórni a-a fin de l'ànno.
14_marso,ligurian,template_boilerplate,O 14 marso o l'é o 73° giórno de l'ànno (74° inti ànni bizestîli) segondo o Lûnäio Gregorian.
14_marso,ligurian,template_boilerplate,Mancân 292 giórni a-a fin de l'ànno.
14_marso,ligurian,template_boilerplate,Wikimedia Commons a contêgne di files in sce 14 marso
14_mazzo,ligurian,template_boilerplate,O 14 mazzo o l'é o 134° giórno de l'ànno (135° inti ànni bizestîli) segondo o Lûnäio Gregorian.
14_mazzo,ligurian,template_boilerplate,Màncan 231 giórni a-a fin de l'ànno.
14_mazzo,ligurian,template_boilerplate,Wikimedia Commons a contêgne di files in sce 14 mazzo
14_novénbre,ligurian,template_boilerplate,O 14 novénbre o l'é o 318° giórno de l'ànno (319° inti ànni bizestîli) segondo o Lûnäio Gregorian.
14_novénbre,ligurian,template_boilerplate,Wikimedia Commons a contêgne di files in sce 14 novénbre
14_seténbre,ligurian,template_boilerplate,O 14 seténbre o l'é o 257° giórno de l'ànno (258° inti ànni bizestîli) segondo o Lûnäio Gregorian.
14_seténbre,ligurian,template_boilerplate,Màncan 108 giórni a-a fin de l'ànno.
14_seténbre,ligurian,template_boilerplate,Wikimedia Commons a contêgne di files in sce 14 seténbre
14_zenâ,ligurian,template_boilerplate,O 14 zenâ o l'é o 14° giórno de l'ànno segondo o Lûnäio Gregorian.
14_zenâ,ligurian,template_boilerplate,Mancan 351 giórni a-a fin de l'ànno (352 inti ànni bizestîli) Wikimedia Commons a contêgne di files in sce 14 zenâ
14_zûgno,ligurian,template_boilerplate,O 14 zûgno o l'é o 165° giórno de l'ànno (166° inti ànni bizestîli) segondo o Lûnäio Gregorian.
14_zûgno,ligurian,template_boilerplate,Màncan 200 giórni a-a fin de l'ànno.
14_zûgno,ligurian,template_boilerplate,Wikimedia Commons a contêgne di files in sce 14 zûgno
14_òtôbre,ligurian,template_boilerplate,O 14 òtôbre o l'é o 287° giórno de l'ànno (288° inti ànni bizestîli) segondo o Lûnäio Gregorian.
14_òtôbre,ligurian,template_boilerplate,Màncan 78 giórni a-a fin de l'ànno.
14_òtôbre,ligurian,template_boilerplate,Wikimedia Commons a contêgne di files in sce 14 òtôbre
15,ligurian,template_boilerplate,O 15 (XV in nùmeri români) o l'é 'n ànno  do  I secolo.
15,ligurian,template_boilerplate,Wikimedia Commons a contêgne di files in sce 15
150,ligurian,template_boilerplate,O 150 (CL in nùmeri români) o l'é 'n ànno  do  II secolo.
150,ligurian,template_boilerplate,Wikimedia Commons a contêgne di files in sce 150
1500,ligurian,template_boilerplate,O 1500 (MD in nùmeri români) o l'é 'n ànno bizestîle do  XV secolo.
1500,ligurian,template_boilerplate,Wikimedia Commons a contêgne di files in sce 1500
1501,ligurian,template_boilerplate,O 1501 (MDI in nùmeri români) o l'é 'n ànno  do  XVI secolo.
1501,ligurian,template_boilerplate,Wikimedia Commons a contêgne di files in sce 1501
1502,ligurian,template_boilerplate,O 1502 (MDII in nùmeri români) o l'é 'n ànno  do  XVI secolo.
1502,ligurian,template_boilerplate,Wikimedia Commons a contêgne di files in sce 1502
1503,ligurian,template_boilerplate,O 1503 (MDIII in nùmeri români) o l'é 'n ànno  do  XVI secolo.
1503,ligurian,template_boilerplate,Wikimedia Commons a contêgne di files in sce 1503
1504,ligurian,template_boilerplate,O 1504 (MDIV in nùmeri români) o l'é 'n ànno bizestîle do  XVI secolo.
1504,ligurian,template_boilerplate,Wikimedia Commons a contêgne di files in sce 1504
1505,ligurian,template_boilerplate,O 1505 (MDV in nùmeri români) o l'é 'n ànno  do  XVI secolo.
1505,ligurian,template_boilerplate,Wikimedia Commons a contêgne di files in sce 1505
1506,ligurian,template_boilerplate,O 1506 (MDVI in nùmeri români) o l'é 'n ànno  do  XVI secolo.
1506,ligurian,template_boilerplate,Wikimedia Commons a contêgne di files in sce 1506
1507,ligurian,template_boilerplate,O 1507 (MDVII in nùmeri români) o l'é 'n ànno  do  XVI secolo.
1507,ligurian,template_boilerplate,Wikimedia Commons a contêgne di files in sce 1507
1508,ligurian,template_boilerplate,O 1508 (MDVIII in nùmeri români) o l'é 'n ànno bizestîle do  XVI secolo.
1508,ligurian,template_boilerplate,Wikimedia Commons a contêgne di files in sce 1508
1509,ligurian,template_boilerplate,O 1509 (MDIX in nùmeri români) o l'é 'n ànno  do  XVI secolo.
1509,ligurian,template_boilerplate,Wikimedia Commons a contêgne di files in sce 1509
150_a.C.,ligurian,template_boilerplate,C. (CL a. C. in nùmeri români) o l'é 'n ànno  do  II secolo a.
150_a.C.,ligurian,template_boilerplate,C. Wikimedia Commons a contêgne di files in sce 150 a.
151,ligurian,template_boilerplate,O 151 (CLI in nùmeri români) o l'é 'n ànno  do  II secolo.
151,ligurian,template_boilerplate,Wikimedia Commons a contêgne di files in sce 151
1510,ligurian,template_boilerplate,O 1510 (MDX in nùmeri români) o l'é 'n ànno  do  XVI secolo.
1510,ligurian,template_boilerplate,Wikimedia Commons a contêgne di files in sce 1510
1511,ligurian,template_boilerplate,O 1511 (MDXI in nùmeri români) o l'é 'n ànno  do  XVI secolo.
1511,ligurian,template_boilerplate,Wikimedia Commons a contêgne di files in sce 1511
1512,ligurian,template_boilerplate,O 1512 (MDXII in nùmeri români) o l'é 'n ànno bizestîle do  XVI secolo.
1512,ligurian,template_boilerplate,Wikimedia Commons a contêgne di files in sce 1512
1513,ligurian,template_boilerplate,O 1513 (MDXIII in nùmeri români) o l'é 'n ànno  do  XVI secolo.
1513,ligurian,template_boilerplate,Wikimedia Commons a contêgne di files in sce 1513
1514,ligurian,template_boilerplate,O 1514 (MDXIV in nùmeri români) o l'é 'n ànno  do  XVI secolo.
1514,ligurian,template_boilerplate,Wikimedia Commons a contêgne di files in sce 1514
1515,ligurian,template_boilerplate,O 1515 (MDXV in nùmeri români) o l'é 'n ànno  do  XVI secolo.
1515,ligurian,template_boilerplate,Wikimedia Commons a contêgne di files in sce 1515
1516,ligurian,template_boilerplate,O 1516 (MDXVI in nùmeri români) o l'é 'n ànno bizestîle do  XVI secolo.
1516,ligurian,template_boilerplate,Wikimedia Commons a contêgne di files in sce 1516
1517,ligurian,template_boilerplate,O 1517 (MDXVII in nùmeri români) o l'é 'n ànno  do  XVI secolo.
1517,ligurian,template_boilerplate,Wikimedia Commons a contêgne di files in sce 1517
1518,ligurian,template_boilerplate,O 1518 (MDXVIII in nùmeri români) o l'é 'n ànno  do  XVI secolo.
1518,ligurian,template_boilerplate,Wikimedia Commons a contêgne di files in sce 1518
1519,ligurian,template_boilerplate,O 1519 (MDXIX in nùmeri români) o l'é 'n ànno  do  XVI secolo.
1519,ligurian,template_boilerplate,Wikimedia Commons a contêgne di files in sce 1519
152,ligurian,template_boilerplate,O 152 (CLII in nùmeri români) o l'é 'n ànno bizestîle do  II secolo.
152,ligurian,template_boilerplate,Wikimedia Commons a contêgne di files in sce 152
1520,ligurian,template_boilerplate,O 1520 (MDXX in nùmeri români) o l'é 'n ànno bizestîle do  XVI secolo.
1520,ligurian,template_boilerplate,Wikimedia Commons a contêgne di files in sce 1520
1521,ligurian,template_boilerplate,O 1521 (MDXXI in nùmeri români) o l'é 'n ànno  do  XVI secolo.
1521,ligurian,template_boilerplate,Wikimedia Commons a contêgne di files in sce 1521
1522,ligurian,template_boilerplate,O 1522 (MDXXII in nùmeri români) o l'é 'n ànno  do  XVI secolo.
1522,ligurian,template_boilerplate,Wikimedia Commons a contêgne di files in sce 1522
1523,ligurian,template_boilerplate,O 1523 (MDXXIII in nùmeri români) o l'é 'n ànno  do  XVI secolo.
1523,ligurian,template_boilerplate,Wikimedia Commons a contêgne di files in sce 1523
1524,ligurian,template_boilerplate,O 1524 (MDXXIV in nùmeri români) o l'é 'n ànno bizestîle do  XVI secolo.
1524,ligurian,template_boilerplate,Wikimedia Commons a contêgne di files in sce 1524
1525,ligurian,template_boilerplate,O 1525 (MDXXV in nùmeri români) o l'é 'n ànno  do  XVI secolo.
1525,ligurian,template_boilerplate,Wikimedia Commons a contêgne di files in sce 1525
1526,ligurian,template_boilerplate,O 1526 (MDXXVI in nùmeri români) o l'é 'n ànno  do  XVI secolo.
1526,ligurian,template_boilerplate,Wikimedia Commons a contêgne di files in sce 1526
1527,ligurian,template_boilerplate,O 1527 (MDXXVII in nùmeri români) o l'é 'n ànno  do  XVI secolo.
1527,ligurian,template_boilerplate,Wikimedia Commons a contêgne di files in sce 1527
1528,ligurian,template_boilerplate,O 1528 (MDXXVIII in nùmeri români) o l'é 'n ànno bizestîle do  XVI secolo.
1528,ligurian,template_boilerplate,Wikimedia Commons a contêgne di files in sce 1528
1529,ligurian,template_boilerplate,O 1529 (MDXXIX in nùmeri români) o l'é 'n ànno  do  XVI secolo.
1529,ligurian,template_boilerplate,Wikimedia Commons a contêgne di files in sce 1529
153,ligurian,template_boilerplate,O 153 (CLIII in nùmeri români) o l'é 'n ànno  do  II secolo.
153,ligurian,template_boilerplate,Wikimedia Commons a contêgne di files in sce 153
1530,ligurian,template_boilerplate,O 1530 (MDXXX in nùmeri români) o l'é 'n ànno  do  XVI secolo.
1531,ligurian,template_boilerplate,O 1531 (MDXXXI in nùmeri români) o l'é 'n ànno  do  XVI secolo.
1532,ligurian,template_boilerplate,O 1532 (MDXXXII in nùmeri români) o l'é 'n ànno bizestîle do  XVI secolo.
1532,ligurian,template_boilerplate,Wikimedia Commons a contêgne di files in sce 1532
1533,ligurian,template_boilerplate,O 1533 (MDXXXIII in nùmeri români) o l'é 'n ànno  do  XVI secolo.
1533,ligurian,template_boilerplate,Wikimedia Commons a contêgne di files in sce 1533
1534,ligurian,template_boilerplate,O 1534 (MDXXXIV in nùmeri români) o l'é 'n ànno  do  XVI secolo.
1534,ligurian,template_boilerplate,Wikimedia Commons a contêgne di files in sce 1534
1535,ligurian,template_boilerplate,O 1535 (MDXXXV in nùmeri români) o l'é 'n ànno  do  XVI secolo.
1535,ligurian,template_boilerplate,Wikimedia Commons a contêgne di files in sce 1535
1536,ligurian,template_boilerplate,O 1536 (MDXXXVI in nùmeri români) o l'é 'n ànno bizestîle do  XVI secolo.
1536,ligurian,template_boilerplate,Wikimedia Commons a contêgne di files in sce 1536
1537,ligurian,template_boilerplate,O 1537 (MDXXXVII in nùmeri români) o l'é 'n ànno  do  XVI secolo.
1537,ligurian,template_boilerplate,Wikimedia Commons a contêgne di files in sce 1537
1538,ligurian,template_boilerplate,O 1538 (MDXXXVIII in nùmeri români) o l'é 'n ànno  do  XVI secolo.
1538,ligurian,template_boilerplate,Wikimedia Commons a contêgne di files in sce 1538
1539,ligurian,template_boilerplate,O 1539 (MDXXXIX in nùmeri români) o l'é 'n ànno  do  XVI secolo.
1539,ligurian,template_boilerplate,Wikimedia Commons a contêgne di files in sce 1539
153_a.C.,ligurian,template_boilerplate,C. (CLIII a. C. in nùmeri români) o l'é 'n ànno  do  II secolo a.
153_a.C.,ligurian,template_boilerplate,C. Wikimedia Commons a contêgne di files in sce 153 a.
154,ligurian,template_boilerplate,O 154 (CLIV in nùmeri români) o l'é 'n ànno  do  II secolo.
154,ligurian,template_boilerplate,Wikimedia Commons a contêgne di files in sce 154
1540,ligurian,template_boilerplate,O 1540 (MDXL in nùmeri români) o l'é 'n ànno bizestîle do  XVI secolo.
1540,ligurian,template_boilerplate,Wikimedia Commons a contêgne di files in sce 1540
1541,ligurian,template_boilerplate,O 1541 (MDXLI in nùmeri români) o l'é 'n ànno  do  XVI secolo.
1541,ligurian,template_boilerplate,Wikimedia Commons a contêgne di files in sce 1541
1542,ligurian,template_boilerplate,O 1542 (MDXLII in nùmeri români) o l'é 'n ànno  do  XVI secolo.
1542,ligurian,template_boilerplate,Wikimedia Commons a contêgne di files in sce 1542
1543,ligurian,template_boilerplate,O 1543 (MDXLIII in nùmeri români) o l'é 'n ànno  do  XVI secolo.
1543,ligurian,template_boilerplate,Wikimedia Commons a contêgne di files in sce 1543
1544,ligurian,template_boilerplate,O 1544 (MDXLIV in nùmeri români) o l'é 'n ànno bizestîle do  XVI secolo.
1544,ligurian,template_boilerplate,Wikimedia Commons a contêgne di files in sce 1544
1545,ligurian,template_boilerplate,O 1545 (MDXLV in nùmeri români) o l'é 'n ànno  do  XVI secolo.
1545,ligurian,template_boilerplate,Wikimedia Commons a contêgne di files in sce 1545
1546,ligurian,template_boilerplate,O 1546 (MDXLVI in nùmeri români) o l'é 'n ànno  do  XVI secolo.
1546,ligurian,template_boilerplate,Wikimedia Commons a contêgne di files in sce 1546
1547,ligurian,template_boilerplate,O 1547 (MDXLVII in nùmeri români) o l'é 'n ànno  do  XVI secolo.
1547,ligurian,template_boilerplate,Wikimedia Commons a contêgne di files in sce 1547
1548,ligurian,template_boilerplate,O 1548 (MDXLVIII in nùmeri români) o l'é 'n ànno bizestîle do  XVI secolo.
1548,ligurian,template_boilerplate,Wikimedia Commons a contêgne di files in sce 1548
1549,ligurian,template_boilerplate,O 1549 (MDXLIX in nùmeri români) o l'é 'n ànno  do  XVI secolo.
1549,ligurian,template_boilerplate,Wikimedia Commons a contêgne di files in sce 1549
155,ligurian,template_boilerplate,O 155 (CLV in nùmeri români) o l'é 'n ànno  do  II secolo.
155,ligurian,template_boilerplate,Wikimedia Commons a contêgne di files in sce 155
1550,ligurian,template_boilerplate,O 1550 (MDL in nùmeri români) o l'é 'n ànno  do  XVI secolo.
1550,ligurian,template_boilerplate,Wikimedia Commons a contêgne di files in sce 1550
1551,ligurian,template_boilerplate,O 1551 (MDLI in nùmeri români) o l'é 'n ànno  do  XVI secolo.
1551,ligurian,template_boilerplate,Wikimedia Commons a contêgne di files in sce 1551
1552,ligurian,template_boilerplate,O 1552 (MDLII in nùmeri români) o l'é 'n ànno bizestîle do  XVI secolo.
1552,ligurian,template_boilerplate,Wikimedia Commons a contêgne di files in sce 1552
1553,ligurian,template_boilerplate,O 1553 (MDLIII in nùmeri români) o l'é 'n ànno  do  XVI secolo.
1553,ligurian,template_boilerplate,Wikimedia Commons a contêgne di files in sce 1553
1554,ligurian,template_boilerplate,O 1554 (MDLIV in nùmeri români) o l'é 'n ànno  do  XVI secolo.
1554,ligurian,template_boilerplate,Wikimedia Commons a contêgne di files in sce 1554
1555,ligurian,template_boilerplate,O 1555 (MDLV in nùmeri români) o l'é 'n ànno  do  XVI secolo.
1555,ligurian,template_boilerplate,Wikimedia Commons a contêgne di files in sce 1555
1556,ligurian,template_boilerplate,O 1556 (MDLVI in nùmeri români) o l'é 'n ànno bizestîle do  XVI secolo.
1556,ligurian,template_boilerplate,Wikimedia Commons a contêgne di files in sce 1556
1557,ligurian,template_boilerplate,O 1557 (MDLVII in nùmeri români) o l'é 'n ànno  do  XVI secolo.
1557,ligurian,template_boilerplate,Wikimedia Commons a contêgne di files in sce 1557
1558,ligurian,template_boilerplate,O 1558 (MDLVIII in nùmeri români) o l'é 'n ànno  do  XVI secolo.
1558,ligurian,template_boilerplate,Wikimedia Commons a contêgne di files in sce 1558
1559,ligurian,template_boilerplate,O 1559 (MDLIX in nùmeri români) o l'é 'n ànno  do  XVI secolo.
1559,ligurian,template_boilerplate,Wikimedia Commons a contêgne di files in sce 1559
156,ligurian,template_boilerplate,O 156 (CLVI in nùmeri români) o l'é 'n ànno bizestîle do  II secolo.
156,ligurian,template_boilerplate,Wikimedia Commons a contêgne di files in sce 156
1560,ligurian,template_boilerplate,O 1560 (MDLX in nùmeri români) o l'é 'n ànno bizestîle do  XVI secolo.
1560,ligurian,template_boilerplate,Wikimedia Commons a contêgne di files in sce 1560
1561,ligurian,template_boilerplate,O 1561 (MDLXI in nùmeri români) o l'é 'n ànno  do  XVI secolo.
1561,ligurian,template_boilerplate,Wikimedia Commons a contêgne di files in sce 1561
1562,ligurian,template_boilerplate,O 1562 (MDLXII in nùmeri români) o l'é 'n ànno  do  XVI secolo.
1562,ligurian,template_boilerplate,Wikimedia Commons a contêgne di files in sce 1562
1563,ligurian,template_boilerplate,O 1563 (MDLXIII in nùmeri români) o l'é 'n ànno  do  XVI secolo.
1563,ligurian,template_boilerplate,Wikimedia Commons a contêgne di files in sce 1563
1564,ligurian,template_boilerplate,O 1564 (MDLXIV in nùmeri români) o l'é 'n ànno bizestîle do  XVI secolo.
1564,ligurian,template_boilerplate,Wikimedia Commons a contêgne di files in sce 1564
1565,ligurian,template_boilerplate,O 1565 (MDLXV in nùmeri români) o l'é 'n ànno  do  XVI secolo.
1565,ligurian,template_boilerplate,Wikimedia Commons a contêgne di files in sce 1565
1566,ligurian,template_boilerplate,O 1566 (MDLXVI in nùmeri români) o l'é 'n ànno  do  XVI secolo.
1566,ligurian,template_boilerplate,Wikimedia Commons a contêgne di files in sce 1566
1567,ligurian,template_boilerplate,O 1567 (MDLXVII in nùmeri români) o l'é 'n ànno  do  XVI secolo.
1567,ligurian,template_boilerplate,Wikimedia Commons a contêgne di files in sce 1567
1568,ligurian,template_boilerplate,O 1568 (MDLXVIII in nùmeri români) o l'é 'n ànno bizestîle do  XVI secolo.
1568,ligurian,template_boilerplate,Wikimedia Commons a contêgne di files in sce 1568
1569,ligurian,template_boilerplate,O 1569 (MDLXIX in nùmeri români) o l'é 'n ànno  do  XVI secolo.
1569,ligurian,template_boilerplate,Wikimedia Commons a contêgne di files in sce 1569
157,ligurian,template_boilerplate,O 157 (CLVII in nùmeri români) o l'é 'n ànno  do  II secolo.
157,ligurian,template_boilerplate,Wikimedia Commons a contêgne di files in sce 157
1570,ligurian,template_boilerplate,O 1570 (MDLXX in nùmeri români) o l'é 'n ànno  do  XVI secolo.
1570,ligurian,template_boilerplate,Wikimedia Commons a contêgne di files in sce 1570
1571,ligurian,template_boilerplate,O 1571 (MDLXXI in nùmeri români) o l'é 'n ànno  do  XVI secolo.
1571,ligurian,template_boilerplate,Wikimedia Commons a contêgne di files in sce 1571
1572,ligurian,template_boilerplate,O 1572 (MDLXXII in nùmeri români) o l'é 'n ànno bizestîle do  XVI secolo.
1572,ligurian,template_boilerplate,Wikimedia Commons a contêgne di files in sce 1572
1573,ligurian,template_boilerplate,O 1573 (MDLXXIII in nùmeri români) o l'é 'n ànno  do  XVI secolo.
1573,ligurian,template_boilerplate,Wikimedia Commons a contêgne di files in sce 1573
1574,ligurian,template_boilerplate,O 1574 (MDLXXIV in nùmeri români) o l'é 'n ànno  do  XVI secolo.
1574,ligurian,template_boilerplate,Wikimedia Commons a contêgne di files in sce 1574
1575,ligurian,template_boilerplate,O 1575 (MDLXXV in nùmeri români) o l'é 'n ànno  do  XVI secolo.
1575,ligurian,template_boilerplate,Wikimedia Commons a contêgne di files in sce 1575
1576,ligurian,template_boilerplate,O 1576 (MDLXXVI in nùmeri români) o l'é 'n ànno bizestîle do  XVI secolo.
1576,ligurian,template_boilerplate,Wikimedia Commons a contêgne di files in sce 1576
1577,ligurian,template_boilerplate,O 1577 (MDLXXVII in nùmeri români) o l'é 'n ànno  do  XVI secolo.
1577,ligurian,template_boilerplate,Wikimedia Commons a contêgne di files in sce 1577
1578,ligurian,template_boilerplate,O 1578 (MDLXXVIII in nùmeri români) o l'é 'n ànno  do  XVI secolo.
1578,ligurian,template_boilerplate,Wikimedia Commons a contêgne di files in sce 1578
1579,ligurian,template_boilerplate,O 1579 (MDLXXIX in nùmeri români) o l'é 'n ànno  do  XVI secolo.
1579,ligurian,template_boilerplate,Wikimedia Commons a contêgne di files in sce 1579
157_a.C.,ligurian,template_boilerplate,C. (CLVII a. C. in nùmeri români) o l'é 'n ànno  do  II secolo a.
157_a.C.,ligurian,template_boilerplate,C. Wikimedia Commons a contêgne di files in sce 157 a.
158,ligurian,template_boilerplate,O 158 (CLVIII in nùmeri români) o l'é 'n ànno  do  II secolo.
158,ligurian,template_boilerplate,Wikimedia Commons a contêgne di files in sce 158
1580,ligurian,template_boilerplate,O 1580 (MDLXXX in nùmeri români) o l'é 'n ànno bizestîle do  XVI secolo.
1580,ligurian,template_boilerplate,Wikimedia Commons a contêgne di files in sce 1580
1581,ligurian,template_boilerplate,O 1581 (MDLXXXI in nùmeri români) o l'é 'n ànno  do  XVI secolo.
1581,ligurian,template_boilerplate,Wikimedia Commons a contêgne di files in sce 1581
1582,ligurian,template_boilerplate,O 1582 (MDLXXXII in nùmeri români) o l'é 'n ànno  do  XVI secolo.
1582,ligurian,template_boilerplate,Wikimedia Commons a contêgne di files in sce 1582
1583,ligurian,template_boilerplate,O 1583 (MDLXXXIII in nùmeri români) o l'é 'n ànno  do  XVI secolo.
1583,ligurian,template_boilerplate,Wikimedia Commons a contêgne di files in sce 1583
1584,ligurian,template_boilerplate,O 1584 (MDLXXXIV in nùmeri români) o l'é 'n ànno bizestîle do  XVI secolo.
1584,ligurian,template_boilerplate,Wikimedia Commons a contêgne di files in sce 1584
1585,ligurian,template_boilerplate,O 1585 (MDLXXXV in nùmeri români) o l'é 'n ànno  do  XVI secolo.
1585,ligurian,template_boilerplate,Wikimedia Commons a contêgne di files in sce 1585
1586,ligurian,template_boilerplate,O 1586 (MDLXXXVI in nùmeri români) o l'é 'n ànno  do  XVI secolo.
1586,ligurian,template_boilerplate,Wikimedia Commons a contêgne di files in sce 1586
1587,ligurian,template_boilerplate,O 1587 (MDLXXXVII in nùmeri români) o l'é 'n ànno  do  XVI secolo.
1587,ligurian,template_boilerplate,Wikimedia Commons a contêgne di files in sce 1587
1588,ligurian,template_boilerplate,O 1588 (MDLXXXVIII in nùmeri români) o l'é 'n ànno bizestîle do  XVI secolo.
1588,ligurian,template_boilerplate,Wikimedia Commons a contêgne di files in sce 1588
1589,ligurian,template_boilerplate,O 1589 (MDLXXXIX in nùmeri români) o l'é 'n ànno  do  XVI secolo.
1589,ligurian,template_boilerplate,Wikimedia Commons a contêgne di files in sce 1589
158_a.C.,ligurian,template_boilerplate,C. (CLVIII a. C. in nùmeri români) o l'é 'n ànno  do  II secolo a.
158_a.C.,ligurian,template_boilerplate,C. Wikimedia Commons a contêgne di files in sce 158 a.
159,ligurian,template_boilerplate,O 159 (CLIX in nùmeri români) o l'é 'n ànno  do  II secolo.
159,ligurian,template_boilerplate,Wikimedia Commons a contêgne di files in sce 159
1590,ligurian,template_boilerplate,O 1590 (MDXC in nùmeri români) o l'é 'n ànno  do  XVI secolo.
1590,ligurian,template_boilerplate,Wikimedia Commons a contêgne di files in sce 1590
1591,ligurian,template_boilerplate,O 1591 (MDXCI in nùmeri români) o l'é 'n ànno  do  XVI secolo.
1591,ligurian,template_boilerplate,Wikimedia Commons a contêgne di files in sce 1591
1592,ligurian,template_boilerplate,O 1592 (MDXCII in nùmeri români) o l'é 'n ànno bizestîle do  XVI secolo.
1592,ligurian,template_boilerplate,Wikimedia Commons a contêgne di files in sce 1592
1593,ligurian,template_boilerplate,O 1593 (MDXCIII in nùmeri români) o l'é 'n ànno  do  XVI secolo.
1593,ligurian,template_boilerplate,Wikimedia Commons a contêgne di files in sce 1593
1594,ligurian,template_boilerplate,O 1594 (MDXCIV in nùmeri români) o l'é 'n ànno  do  XVI secolo.
1594,ligurian,template_boilerplate,Wikimedia Commons a contêgne di files in sce 1594
1595,ligurian,template_boilerplate,O 1595 (MDXCV in nùmeri români) o l'é 'n ànno  do  XVI secolo.
1595,ligurian,template_boilerplate,Wikimedia Commons a contêgne di files in sce 1595
1596,ligurian,template_boilerplate,O 1596 (MDXCVI in nùmeri români) o l'é 'n ànno bizestîle do  XVI secolo.
1596,ligurian,template_boilerplate,Wikimedia Commons a contêgne di files in sce 1596
1597,ligurian,template_boilerplate,O 1597 (MDXCVII in nùmeri români) o l'é 'n ànno  do  XVI secolo.
1597,ligurian,template_boilerplate,Wikimedia Commons a contêgne di files in sce 1597
1598,ligurian,template_boilerplate,O 1598 (MDXCVIII in nùmeri români) o l'é 'n ànno  do  XVI secolo.
1598,ligurian,template_boilerplate,Wikimedia Commons a contêgne di files in sce 1598
1599,ligurian,template_boilerplate,O 1599 (MDXCIX in nùmeri români) o l'é 'n ànno  do  XVI secolo.
1599,ligurian,template_boilerplate,Wikimedia Commons a contêgne di files in sce 1599
15_a.C.,ligurian,template_boilerplate,C. (XV a. C. in nùmeri români) o l'é 'n ànno  do  I secolo a.
15_a.C.,ligurian,template_boilerplate,C. Wikimedia Commons a contêgne di files in sce 15 a.
15_agosto,ligurian,template_boilerplate,O 15 agosto o l'é o 227° giórno de l'ànno (228° inti ànni bizestîli) segondo o Lûnäio Gregorian.
15_agosto,ligurian,template_boilerplate,Màncan 138 giórni a-a fin de l'ànno.
15_arvî,ligurian,template_boilerplate,O 15 arvî o l'é o 105° giórno de l'ànno (106° inti ànni bizestîli) segondo o Lûnäio Gregorian.
15_arvî,ligurian,template_boilerplate,Màncan 260 giórni a-a fin de l'ànno.
15_arvî,ligurian,template_boilerplate,Wikimedia Commons a contêgne di files in sce 15 arvî
15_dexénbre,ligurian,template_boilerplate,O 15 dexénbre o l'é o 348° giórno de l'ànno (349° inti ànni bizestîli) segondo o Lûnäio Gregorian.
15_dexénbre,ligurian,template_boilerplate,Màncan 16 giórni a-a fin de l'ànno.
15_dexénbre,ligurian,template_boilerplate,Wikimedia Commons a contêgne di files in sce 15 dexénbre
15_frevâ,ligurian,template_boilerplate,O 15 frevâ o l'é o 46° giórno de l'ànno segondo o Lûnäio Gregorian.
15_frevâ,ligurian,template_boilerplate,Mancan 319 giórni a-a fin de l'ànno (320 inti ànni bizestîli) Wikimedia Commons a contêgne di files in sce 15 frevâ
15_lûggio,ligurian,template_boilerplate,O 15 lûggio o l'é o 196° giórno de l'ànno (197° inti ànni bizestîli) segondo o Lûnäio Gregorian.
15_lûggio,ligurian,template_boilerplate,Màncan 169 giórni a-a fin de l'ànno.
15_lûggio,ligurian,template_boilerplate,Wikimedia Commons a contêgne di files in sce 15 lûggio
15_marso,ligurian,template_boilerplate,O 15 marso o l'é o 74° giórno de l'ànno (75° inti ànni bizestîli) segondo o Lûnäio Gregorian.
15_marso,ligurian,template_boilerplate,Mancân 291 giórni a-a fin de l'ànno.
15_marso,ligurian,template_boilerplate,Wikimedia Commons a contêgne di files in sce 15 marso
15_mazzo,ligurian,template_boilerplate,O 15 mazzo o l'é o 135° giórno de l'ànno (136° inti ànni bizestîli) segondo o Lûnäio Gregorian.
15_mazzo,ligurian,template_boilerplate,Màncan 230 giórni a-a fin de l'ànno.
15_mazzo,ligurian,template_boilerplate,Wikimedia Commons a contêgne di files in sce 15 mazzo
15_novénbre,ligurian,template_boilerplate,O 15 novénbre o l'é o 319° giórno de l'ànno (320° inti ànni bizestîli) segondo o Lûnäio Gregorian.
15_novénbre,ligurian,template_boilerplate,Màncan 46 giórni a-a fin de l'ànno.
15_novénbre,ligurian,template_boilerplate,Wikimedia Commons a contêgne di files in sce 15 novénbre
15_seténbre,ligurian,template_boilerplate,O 15 seténbre o l'é o 287° giórno de l'ànno (259° inti ànni bizestîli) segondo o Lûnäio Gregorian.
15_seténbre,ligurian,template_boilerplate,Màncan 107 giórni a-a fin de l'ànno.
15_seténbre,ligurian,template_boilerplate,Wikimedia Commons a contêgne di files in sce 15 seténbre
15_zenâ,ligurian,template_boilerplate,O 15 zenâ o l'é o 15° giórno de l'ànno segondo o Lûnäio Gregorian.
15_zenâ,ligurian,template_boilerplate,Mancan 350 giórni a-a fin de l'ànno (351 inti ànni bizestîli) Wikimedia Commons a contêgne di files in sce 15 zenâ
15_zûgno,ligurian,template_boilerplate,O 15 zûgno o l'é o 166° giórno de l'ànno (167° inti ànni bizestîli) segondo o Lûnäio Gregorian.
15_zûgno,ligurian,template_boilerplate,Màncan 199 giórni a-a fin de l'ànno.
15_zûgno,ligurian,template_boilerplate,Wikimedia Commons a contêgne di files in sce 15 zûgno
15_òtôbre,ligurian,template_boilerplate,O 15 òtôbre o l'é o 288° giórno de l'ànno (289° inti ànni bizestîli) segondo o Lûnäio Gregorian.
15_òtôbre,ligurian,template_boilerplate,Màncan 77 giórni a-a fin de l'ànno.
15_òtôbre,ligurian,template_boilerplate,Wikimedia Commons a contêgne di files in sce 15 òtôbre
16,ligurian,template_boilerplate,O 16 (XVI in nùmeri români) o l'é 'n ànno bizestîle do  I secolo.
160,ligurian,template_boilerplate,O 160 (CLX in nùmeri români) o l'é 'n ànno bizestîle do  II secolo.
160,ligurian,template_boilerplate,Wikimedia Commons a contêgne di files in sce 160
1600,ligurian,template_boilerplate,O 1600 (MDC in nùmeri români) o l'é 'n ànno bizestîle do  XVI secolo.
1600,ligurian,template_boilerplate,Wikimedia Commons a contêgne di files in sce 1600
1601,ligurian,template_boilerplate,O 1601 (MDCI in nùmeri români) o l'é 'n ànno  do  XVII secolo.
1601,ligurian,template_boilerplate,Wikimedia Commons a contêgne di files in sce 1601
1602,ligurian,template_boilerplate,O 1602 (MDCII in nùmeri români) o l'é 'n ànno  do  XVII secolo.
1602,ligurian,template_boilerplate,Wikimedia Commons a contêgne di files in sce 1602
1603,ligurian,template_boilerplate,O 1603 (MDCIII in nùmeri români) o l'é 'n ànno  do  XVII secolo.
1603,ligurian,template_boilerplate,Wikimedia Commons a contêgne di files in sce 1603
1604,ligurian,template_boilerplate,O 1604 (MDCIV in nùmeri români) o l'é 'n ànno bizestîle do  XVII secolo.
1604,ligurian,template_boilerplate,Wikimedia Commons a contêgne di files in sce 1604
1605,ligurian,template_boilerplate,O 1605 (MDCV in nùmeri români) o l'é 'n ànno  do  XVII secolo.
1605,ligurian,template_boilerplate,Wikimedia Commons a contêgne di files in sce 1605
1606,ligurian,template_boilerplate,O 1606 (MDCVI in nùmeri români) o l'é 'n ànno  do  XVII secolo.
1606,ligurian,template_boilerplate,Wikimedia Commons a contêgne di files in sce 1606
1607,ligurian,template_boilerplate,O 1607 (MDCVII in nùmeri români) o l'é 'n ànno  do  XVII secolo.
1607,ligurian,template_boilerplate,Wikimedia Commons a contêgne di files in sce 1607
1608,ligurian,template_boilerplate,O 1608 (MDCVIII in nùmeri români) o l'é 'n ànno bizestîle do  XVII secolo.
1608,ligurian,template_boilerplate,Wikimedia Commons a contêgne di files in sce 1608
1609,ligurian,template_boilerplate,O 1609 (MDCIX in nùmeri români) o l'é 'n ànno  do  XVII secolo.
1609,ligurian,template_boilerplate,Wikimedia Commons a contêgne di files in sce 1609
160_a.C.,ligurian,template_boilerplate,C. (CLX a. C. in nùmeri români) o l'é 'n ànno  do  II secolo a.
160_a.C.,ligurian,template_boilerplate,C. Wikimedia Commons a contêgne di files in sce 160 a.
161,ligurian,template_boilerplate,O 161 (CLXI in nùmeri români) o l'é 'n ànno  do  II secolo.
161,ligurian,template_boilerplate,Wikimedia Commons a contêgne di files in sce 161
1610,ligurian,template_boilerplate,O 1610 (MDCX in nùmeri români) o l'é 'n ànno  do  XVII secolo.
1610,ligurian,template_boilerplate,Wikimedia Commons a contêgne di files in sce 1610
1611,ligurian,template_boilerplate,O 1611 (MDCXI in nùmeri români) o l'é 'n ànno  do  XVII secolo.
1611,ligurian,template_boilerplate,Wikimedia Commons a contêgne di files in sce 1611
1612,ligurian,template_boilerplate,O 1612 (MDCXII in nùmeri români) o l'é 'n ànno bizestîle do  XVII secolo.
1612,ligurian,template_boilerplate,Wikimedia Commons a contêgne di files in sce 1612
1613,ligurian,template_boilerplate,O 1613 (MDCXIII in nùmeri români) o l'é 'n ànno  do  XVII secolo.
1613,ligurian,template_boilerplate,Wikimedia Commons a contêgne di files in sce 1613
1614,ligurian,template_boilerplate,O 1614 (MDCXIV in nùmeri români) o l'é 'n ànno  do  XVII secolo.
1614,ligurian,template_boilerplate,Wikimedia Commons a contêgne di files in sce 1614
1615,ligurian,template_boilerplate,O 1615 (MDCXV in nùmeri români) o l'é 'n ànno  do  XVII secolo.
1615,ligurian,template_boilerplate,Wikimedia Commons a contêgne di files in sce 1615
1616,ligurian,template_boilerplate,O 1616 (MDCXVI in nùmeri români) o l'é 'n ànno bizestîle do  XVII secolo.
1616,ligurian,template_boilerplate,Wikimedia Commons a contêgne di files in sce 1616
1617,ligurian,template_boilerplate,O 1617 (MDCXVII in nùmeri români) o l'é 'n ànno  do  XVII secolo.
1617,ligurian,template_boilerplate,Wikimedia Commons a contêgne di files in sce 1617
1618,ligurian,template_boilerplate,O 1618 (MDCXVIII in nùmeri români) o l'é 'n ànno  do  XVII secolo.
1618,ligurian,template_boilerplate,Wikimedia Commons a contêgne di files in sce 1618
1619,ligurian,template_boilerplate,O 1619 (MDCXIX in nùmeri români) o l'é 'n ànno  do  XVII secolo.
1619,ligurian,template_boilerplate,Wikimedia Commons a contêgne di files in sce 1619
161_a.C.,ligurian,template_boilerplate,C. (CLXI a. C. in nùmeri români) o l'é 'n ànno  do  II secolo a.
161_a.C.,ligurian,template_boilerplate,C. Wikimedia Commons a contêgne di files in sce 161 a.
162,ligurian,template_boilerplate,O 162 (CLXII in nùmeri români) o l'é 'n ànno  do  II secolo.
162,ligurian,template_boilerplate,Wikimedia Commons a contêgne di files in sce 162
1620,ligurian,template_boilerplate,O 1620 (MDCXX in nùmeri români) o l'é 'n ànno bizestîle do  XVII secolo.
1620,ligurian,template_boilerplate,Wikimedia Commons a contêgne di files in sce 1620
1621,ligurian,template_boilerplate,O 1621 (MDCXXI in nùmeri români) o l'é 'n ànno  do  XVII secolo.
1621,ligurian,template_boilerplate,Wikimedia Commons a contêgne di files in sce 1621
1622,ligurian,template_boilerplate,O 1622 (MDCXXII in nùmeri români) o l'é 'n ànno  do  XVII secolo.
1622,ligurian,template_boilerplate,Wikimedia Commons a contêgne di files in sce 1622
1623,ligurian,template_boilerplate,O 1623 (MDCXXIII in nùmeri români) o l'é 'n ànno  do  XVII secolo.
1623,ligurian,template_boilerplate,Wikimedia Commons a contêgne di files in sce 1623
1624,ligurian,template_boilerplate,O 1624 (MDCXXIV in nùmeri români) o l'é 'n ànno bizestîle do  XVII secolo.
1624,ligurian,template_boilerplate,Wikimedia Commons a contêgne di files in sce 1624
1625,ligurian,template_boilerplate,O 1625 (MDCXXV in nùmeri români) o l'é 'n ànno  do  XVII secolo.
1625,ligurian,template_boilerplate,Wikimedia Commons a contêgne di files in sce 1625
1626,ligurian,template_boilerplate,O 1626 (MDCXXVI in nùmeri români) o l'é 'n ànno  do  XVII secolo.
1626,ligurian,template_boilerplate,Wikimedia Commons a contêgne di files in sce 1626
1627,ligurian,template_boilerplate,O 1627 (MDCXXVII in nùmeri români) o l'é 'n ànno  do  XVII secolo.
1627,ligurian,template_boilerplate,Wikimedia Commons a contêgne di files in sce 1627
1628,ligurian,template_boilerplate,O 1628 (MDCXXVIII in nùmeri români) o l'é 'n ànno bizestîle do  XVII secolo.
1628,ligurian,template_boilerplate,Wikimedia Commons a contêgne di files in sce 1628
1629,ligurian,template_boilerplate,O 1629 (MDCXXIX in nùmeri români) o l'é 'n ànno  do  XVII secolo.
1629,ligurian,template_boilerplate,Wikimedia Commons a contêgne di files in sce 1629
162_a.C.,ligurian,template_boilerplate,C. (CLXII a. C. in nùmeri români) o l'é 'n ànno  do  II secolo a.
162_a.C.,ligurian,template_boilerplate,C. Wikimedia Commons a contêgne di files in sce 162 a.
163,ligurian,template_boilerplate,O 163 (CLXIII in nùmeri români) o l'é 'n ànno  do  II secolo.
163,ligurian,template_boilerplate,Wikimedia Commons a contêgne di files in sce 163
1630,ligurian,template_boilerplate,O 1630 (MDCXXX in nùmeri români) o l'é 'n ànno  do  XVII secolo.
1630,ligurian,template_boilerplate,Wikimedia Commons a contêgne di files in sce 1630
1631,ligurian,template_boilerplate,O 1631 (MDCXXXI in nùmeri români) o l'é 'n ànno  do  XVII secolo.
1631,ligurian,template_boilerplate,Wikimedia Commons a contêgne di files in sce 1631
1632,ligurian,template_boilerplate,O 1632 (MDCXXXII in nùmeri români) o l'é 'n ànno bizestîle do  XVII secolo.
1632,ligurian,template_boilerplate,Wikimedia Commons a contêgne di files in sce 1632
1633,ligurian,template_boilerplate,O 1633 (MDCXXXIII in nùmeri români) o l'é 'n ànno  do  XVII secolo.
1633,ligurian,template_boilerplate,Wikimedia Commons a contêgne di files in sce 1633
1634,ligurian,template_boilerplate,O 1634 (MDCXXXIV in nùmeri români) o l'é 'n ànno  do  XVII secolo.
1634,ligurian,template_boilerplate,Wikimedia Commons a contêgne di files in sce 1634
1635,ligurian,template_boilerplate,O 1635 (MDCXXXV in nùmeri români) o l'é 'n ànno  do  XVII secolo.
1635,ligurian,template_boilerplate,Wikimedia Commons a contêgne di files in sce 1635
1636,ligurian,template_boilerplate,O 1636 (MDCXXXVI in nùmeri români) o l'é 'n ànno bizestîle do  XVII secolo.
1636,ligurian,template_boilerplate,Wikimedia Commons a contêgne di files in sce 1636
1637,ligurian,template_boilerplate,O 1637 (MDCXXXVII in nùmeri români) o l'é 'n ànno  do  XVII secolo.
1637,ligurian,template_boilerplate,Wikimedia Commons a contêgne di files in sce 1637
1638,ligurian,template_boilerplate,O 1638 (MDCXXXVIII in nùmeri români) o l'é 'n ànno  do  XVII secolo.
1638,ligurian,template_boilerplate,Wikimedia Commons a contêgne di files in sce 1638
1639,ligurian,template_boilerplate,O 1639 (MDCXXXIX in nùmeri români) o l'é 'n ànno  do  XVII secolo.
1639,ligurian,template_boilerplate,Wikimedia Commons a contêgne di files in sce 1639
164,ligurian,template_boilerplate,O 164 (CLXIV in nùmeri români) o l'é 'n ànno bizestîle do  II secolo.
164,ligurian,template_boilerplate,Wikimedia Commons a contêgne di files in sce 164
1640,ligurian,template_boilerplate,O 1640 (MDCXL in nùmeri români) o l'é 'n ànno bizestîle do  XVII secolo.
1640,ligurian,template_boilerplate,Wikimedia Commons a contêgne di files in sce 1640
1641,ligurian,template_boilerplate,O 1641 (MDCXLI in nùmeri români) o l'é 'n ànno  do  XVII secolo.
1641,ligurian,template_boilerplate,Wikimedia Commons a contêgne di files in sce 1641
1642,ligurian,template_boilerplate,O 1642 (MDCXLII in nùmeri români) o l'é 'n ànno  do  XVII secolo.
1642,ligurian,template_boilerplate,Wikimedia Commons a contêgne di files in sce 1642
1643,ligurian,template_boilerplate,O 1643 (MDCXLIII in nùmeri români) o l'é 'n ànno  do  XVII secolo.
1643,ligurian,template_boilerplate,Wikimedia Commons a contêgne di files in sce 1643
1644,ligurian,template_boilerplate,O 1644 (MDCXLIV in nùmeri români) o l'é 'n ànno bizestîle do  XVII secolo.
1644,ligurian,template_boilerplate,Wikimedia Commons a contêgne di files in sce 1644
1645,ligurian,template_boilerplate,O 1645 (MDCXLV in nùmeri români) o l'é 'n ànno  do  XVII secolo.
1645,ligurian,template_boilerplate,Wikimedia Commons a contêgne di files in sce 1645
1646,ligurian,template_boilerplate,O 1646 (MDCXLVI in nùmeri români) o l'é 'n ànno  do  XVII secolo.
1646,ligurian,template_boilerplate,Wikimedia Commons a contêgne di files in sce 1646
1647,ligurian,template_boilerplate,O 1647 (MDCXLVII in nùmeri români) o l'é 'n ànno  do  XVII secolo.
1647,ligurian,template_boilerplate,Wikimedia Commons a contêgne di files in sce 1647
1648,ligurian,template_boilerplate,O 1648 (MDCXLVIII in nùmeri români) o l'é 'n ànno bizestîle do  XVII secolo.
1648,ligurian,template_boilerplate,Wikimedia Commons a contêgne di files in sce 1648
1649,ligurian,template_boilerplate,O 1649 (MDCXLIX in nùmeri români) o l'é 'n ànno  do  XVII secolo.
1649,ligurian,template_boilerplate,Wikimedia Commons a contêgne di files in sce 1649
164_a.C.,ligurian,template_boilerplate,C. (CLXIV a. C. in nùmeri români) o l'é 'n ànno  do  II secolo a.
164_a.C.,ligurian,template_boilerplate,C. Wikimedia Commons a contêgne di files in sce 164 a.
165,ligurian,template_boilerplate,O 165 (CLXV in nùmeri români) o l'é 'n ànno  do  II secolo.
165,ligurian,template_boilerplate,Wikimedia Commons a contêgne di files in sce 165
1650,ligurian,template_boilerplate,O 1650 (MDCL in nùmeri români) o l'é 'n ànno  do  XVII secolo.
1650,ligurian,template_boilerplate,Wikimedia Commons a contêgne di files in sce 1650
1651,ligurian,template_boilerplate,O 1651 (MDCLI in nùmeri români) o l'é 'n ànno  do  XVII secolo.
1651,ligurian,template_boilerplate,Wikimedia Commons a contêgne di files in sce 1651
1652,ligurian,template_boilerplate,O 1652 (MDCLII in nùmeri români) o l'é 'n ànno bizestîle do  XVII secolo.
1652,ligurian,template_boilerplate,Wikimedia Commons a contêgne di files in sce 1652
1653,ligurian,template_boilerplate,O 1653 (MDCLIII in nùmeri români) o l'é 'n ànno  do  XVII secolo.
1653,ligurian,template_boilerplate,Wikimedia Commons a contêgne di files in sce 1653
1654,ligurian,template_boilerplate,O 1654 (MDCLIV in nùmeri români) o l'é 'n ànno  do  XVII secolo.
1654,ligurian,template_boilerplate,Wikimedia Commons a contêgne di files in sce 1654
1655,ligurian,template_boilerplate,O 1655 (MDCLV in nùmeri români) o l'é 'n ànno  do  XVII secolo.
1655,ligurian,template_boilerplate,Wikimedia Commons a contêgne di files in sce 1655
1656,ligurian,template_boilerplate,O 1656 (MDCLVI in nùmeri români) o l'é 'n ànno bizestîle do  XVII secolo.
1656,ligurian,template_boilerplate,Wikimedia Commons a contêgne di files in sce 1656
1657,ligurian,template_boilerplate,O 1657 (MDCLVII in nùmeri români) o l'é 'n ànno  do  XVII secolo.
1657,ligurian,template_boilerplate,Wikimedia Commons a contêgne di files in sce 1657
1658,ligurian,template_boilerplate,O 1658 (MDCLVIII in nùmeri români) o l'é 'n ànno  do  XVII secolo.
1658,ligurian,template_boilerplate,Wikimedia Commons a contêgne di files in sce 1658
1659,ligurian,template_boilerplate,O 1659 (MDCLIX in nùmeri români) o l'é 'n ànno  do  XVII secolo.
1659,ligurian,template_boilerplate,Wikimedia Commons a contêgne di files in sce 1659
166,ligurian,template_boilerplate,O 166 (CLXVI in nùmeri români) o l'é 'n ànno  do  II secolo.
166,ligurian,template_boilerplate,Wikimedia Commons a contêgne di files in sce 166
1660,ligurian,template_boilerplate,O 1660 (MDCLX in nùmeri români) o l'é 'n ànno bizestîle do  XVII secolo.
1660,ligurian,template_boilerplate,Wikimedia Commons a contêgne di files in sce 1660
1661,ligurian,template_boilerplate,O 1661 (MDCLXI in nùmeri români) o l'é 'n ànno  do  XVII secolo.
1661,ligurian,template_boilerplate,Wikimedia Commons a contêgne di files in sce 1661
1662,ligurian,template_boilerplate,O 1662 (MDCLXII in nùmeri români) o l'é 'n ànno  do  XVII secolo.
1662,ligurian,template_boilerplate,Wikimedia Commons a contêgne di files in sce 1662
1663,ligurian,template_boilerplate,O 1663 (MDCLXIII in nùmeri români) o l'é 'n ànno  do  XVII secolo.
1663,ligurian,template_boilerplate,Wikimedia Commons a contêgne di files in sce 1663
1664,ligurian,template_boilerplate,O 1664 (MDCLXIV in nùmeri români) o l'é 'n ànno bizestîle do  XVII secolo.
1664,ligurian,template_boilerplate,Wikimedia Commons a contêgne di files in sce 1664
1665,ligurian,template_boilerplate,O 1665 (MDCLXV in nùmeri români) o l'é 'n ànno  do  XVII secolo.
1665,ligurian,template_boilerplate,Wikimedia Commons a contêgne di files in sce 1665
1666,ligurian,template_boilerplate,O 1666 (MDCLXVI in nùmeri români) o l'é 'n ànno  do  XVII secolo.
1666,ligurian,template_boilerplate,Wikimedia Commons a contêgne di files in sce 1666
1667,ligurian,template_boilerplate,O 1667 (MDCLXVII in nùmeri români) o l'é 'n ànno  do  XVII secolo.
1667,ligurian,template_boilerplate,Wikimedia Commons a contêgne di files in sce 1667
1668,ligurian,template_boilerplate,O 1668 (MDCLXVIII in nùmeri români) o l'é 'n ànno bizestîle do  XVII secolo.
1668,ligurian,template_boilerplate,Wikimedia Commons a contêgne di files in sce 1668
1669,ligurian,template_boilerplate,O 1669 (MDCLXIX in nùmeri români) o l'é 'n ànno  do  XVII secolo.
1669,ligurian,template_boilerplate,Wikimedia Commons a contêgne di files in sce 1669
167,ligurian,template_boilerplate,O 167 (CLXVII in nùmeri români) o l'é 'n ànno  do  II secolo.
167,ligurian,template_boilerplate,Wikimedia Commons a contêgne di files in sce 167
1670,ligurian,template_boilerplate,O 1670 (MDCLXX in nùmeri români) o l'é 'n ànno  do  XVII secolo.
1670,ligurian,template_boilerplate,Wikimedia Commons a contêgne di files in sce 1670
1671,ligurian,template_boilerplate,O 1671 (MDCLXXI in nùmeri români) o l'é 'n ànno  do  XVII secolo.
1671,ligurian,template_boilerplate,Wikimedia Commons a contêgne di files in sce 1671
1672,ligurian,template_boilerplate,O 1672 (MDCLXXII in nùmeri români) o l'é 'n ànno bizestîle do  XVII secolo.
1672,ligurian,template_boilerplate,Wikimedia Commons a contêgne di files in sce 1672
1673,ligurian,template_boilerplate,O 1673 (MDCLXXIII in nùmeri români) o l'é 'n ànno  do  XVII secolo.
1673,ligurian,template_boilerplate,Wikimedia Commons a contêgne di files in sce 1673
1674,ligurian,template_boilerplate,O 1674 (MDCLXXIV in nùmeri români) o l'é 'n ànno  do  XVII secolo.
1674,ligurian,template_boilerplate,Wikimedia Commons a contêgne di files in sce 1674
1675,ligurian,template_boilerplate,O 1675 (MDCLXXV in nùmeri români) o l'é 'n ànno  do  XVII secolo.
1675,ligurian,template_boilerplate,Wikimedia Commons a contêgne di files in sce 1675
1676,ligurian,template_boilerplate,O 1676 (MDCLXXVI in nùmeri români) o l'é 'n ànno bizestîle do  XVII secolo.
1676,ligurian,template_boilerplate,Wikimedia Commons a contêgne di files in sce 1676
1677,ligurian,template_boilerplate,O 1677 (MDCLXXVII in nùmeri români) o l'é 'n ànno  do  XVII secolo.
1677,ligurian,template_boilerplate,Wikimedia Commons a contêgne di files in sce 1677
1678,ligurian,template_boilerplate,O 1678 (MDCLXXVIII in nùmeri români) o l'é 'n ànno  do  XVII secolo.
1678,ligurian,template_boilerplate,Wikimedia Commons a contêgne di files in sce 1678
1679,ligurian,template_boilerplate,O 1679 (MDCLXXIX in nùmeri români) o l'é 'n ànno  do  XVII secolo.
1679,ligurian,template_boilerplate,Wikimedia Commons a contêgne di files in sce 1679
167_a.C.,ligurian,template_boilerplate,C. (CLXVII a. C. in nùmeri români) o l'é 'n ànno  do  II secolo a.
167_a.C.,ligurian,template_boilerplate,C. Wikimedia Commons a contêgne di files in sce 167 a.
168,ligurian,template_boilerplate,O 168 (CLXVIII in nùmeri români) o l'é 'n ànno bizestîle do  II secolo.
168,ligurian,template_boilerplate,Wikimedia Commons a contêgne di files in sce 168
1680,ligurian,template_boilerplate,O 1680 (MDCLXXX in nùmeri români) o l'é 'n ànno bizestîle do  XVII secolo.
1680,ligurian,template_boilerplate,Wikimedia Commons a contêgne di files in sce 1680
1681,ligurian,template_boilerplate,O 1681 (MDCLXXXI in nùmeri români) o l'é 'n ànno  do  XVII secolo.
1681,ligurian,template_boilerplate,Wikimedia Commons a contêgne di files in sce 1681
1682,ligurian,template_boilerplate,O 1682 (MDCLXXXII in nùmeri români) o l'é 'n ànno  do  XVII secolo.
1682,ligurian,template_boilerplate,Wikimedia Commons a contêgne di files in sce 1682
1683,ligurian,template_boilerplate,O 1683 (MDCLXXXIII in nùmeri români) o l'é 'n ànno  do  XVII secolo.
1683,ligurian,template_boilerplate,Wikimedia Commons a contêgne di files in sce 1683
1684,ligurian,template_boilerplate,O 1684 (MDCLXXXIV in nùmeri români) o l'é 'n ànno bizestîle do  XVII secolo.
1684,ligurian,template_boilerplate,Wikimedia Commons a contêgne di files in sce 1684
1685,ligurian,template_boilerplate,O 1685 (MDCLXXXV in nùmeri români) o l'é 'n ànno  do  XVII secolo.
1685,ligurian,template_boilerplate,Wikimedia Commons a contêgne di files in sce 1685
1686,ligurian,template_boilerplate,O 1686 (MDCLXXXVI in nùmeri români) o l'é 'n ànno  do  XVII secolo.
1686,ligurian,template_boilerplate,Wikimedia Commons a contêgne di files in sce 1686
1687,ligurian,template_boilerplate,O 1687 (MDCLXXXVII in nùmeri români) o l'é 'n ànno  do  XVII secolo.
1687,ligurian,template_boilerplate,Wikimedia Commons a contêgne di files in sce 1687
1688,ligurian,template_boilerplate,O 1688 (MDCLXXXVIII in nùmeri români) o l'é 'n ànno bizestîle do  XVII secolo.
1688,ligurian,template_boilerplate,Wikimedia Commons a contêgne di files in sce 1688
1689,ligurian,template_boilerplate,O 1689 (MDCLXXXIX in nùmeri români) o l'é 'n ànno  do  XVII secolo.
1689,ligurian,template_boilerplate,Wikimedia Commons a contêgne di files in sce 1689
168_a.C.,ligurian,template_boilerplate,C. (CLXVIII a. C. in nùmeri români) o l'é 'n ànno  do  II secolo a.
168_a.C.,ligurian,template_boilerplate,C. Wikimedia Commons a contêgne di files in sce 168 a.
169,ligurian,template_boilerplate,O 169 (CLXIX in nùmeri români) o l'é 'n ànno  do  II secolo.
169,ligurian,template_boilerplate,Wikimedia Commons a contêgne di files in sce 169
1690,ligurian,template_boilerplate,O 1690 (MDCXC in nùmeri români) o l'é 'n ànno  do  XVII secolo.
1690,ligurian,template_boilerplate,Wikimedia Commons a contêgne di files in sce 1690
1691,ligurian,template_boilerplate,O 1691 (MDCXCI in nùmeri români) o l'é 'n ànno  do  XVII secolo.
1691,ligurian,template_boilerplate,Wikimedia Commons a contêgne di files in sce 1691
1692,ligurian,template_boilerplate,O 1692 (MDCXCII in nùmeri români) o l'é 'n ànno bizestîle do  XVII secolo.
1692,ligurian,template_boilerplate,Wikimedia Commons a contêgne di files in sce 1692
1693,ligurian,template_boilerplate,O 1693 (MDCXCIII in nùmeri români) o l'é 'n ànno  do  XVII secolo.
1693,ligurian,template_boilerplate,Wikimedia Commons a contêgne di files in sce 1693
1694,ligurian,template_boilerplate,O 1694 (MDCXCIV in nùmeri români) o l'é 'n ànno  do  XVII secolo.
1694,ligurian,template_boilerplate,Wikimedia Commons a contêgne di files in sce 1694
1695,ligurian,template_boilerplate,O 1695 (MDCXCV in nùmeri români) o l'é 'n ànno  do  XVII secolo.
1695,ligurian,template_boilerplate,Wikimedia Commons a contêgne di files in sce 1695
1696,ligurian,template_boilerplate,O 1696 (MDCXCVI in nùmeri români) o l'é 'n ànno bizestîle do  XVII secolo.
1696,ligurian,template_boilerplate,Wikimedia Commons a contêgne di files in sce 1696
1697,ligurian,template_boilerplate,O 1697 (MDCXCVII in nùmeri români) o l'é 'n ànno  do  XVII secolo.
1697,ligurian,template_boilerplate,Wikimedia Commons a contêgne di files in sce 1697
1698,ligurian,template_boilerplate,O 1698 (MDCXCVIII in nùmeri români) o l'é 'n ànno  do  XVII secolo.
1698,ligurian,template_boilerplate,Wikimedia Commons a contêgne di files in sce 1698
1699,ligurian,template_boilerplate,Wikimedia Commons a contêgne di files in sce 1699
169_a.C.,ligurian,template_boilerplate,C. (CLXIX a. C. in nùmeri români) o l'é 'n ànno  do  II secolo a.
169_a.C.,ligurian,template_boilerplate,C. Wikimedia Commons a contêgne di files in sce 169 a.
16_a.C.,ligurian,template_boilerplate,C. (XVI a. C. in nùmeri români) o l'é 'n ànno  do  I secolo a.
16_a.C.,ligurian,template_boilerplate,C. Wikimedia Commons a contêgne di files in sce 16 a.
16_agosto,ligurian,template_boilerplate,O 16 agosto o l'é o 228° giórno de l'ànno (229° inti ànni bizestîli) segondo o Lûnäio Gregorian.
16_agosto,ligurian,template_boilerplate,Màncan 137 giórni a-a fin de l'ànno.
16_agosto,ligurian,template_boilerplate,Wikimedia Commons a contêgne di files in sce 16 agosto
16_arvî,ligurian,template_boilerplate,O 16 arvî o l'é o 106° giórno de l'ànno (107° inti ànni bizestîli) segondo o Lûnäio Gregorian.
16_arvî,ligurian,template_boilerplate,Màncan 259 giórni a-a fin de l'ànno.
16_arvî,ligurian,template_boilerplate,Wikimedia Commons a contêgne di files in sce 16 arvî
16_dexénbre,ligurian,template_boilerplate,O 16 dexénbre o l'é o 349° giórno de l'ànno (350° inti ànni bizestîli) segondo o Lûnäio Gregorian.
16_dexénbre,ligurian,template_boilerplate,Màncan 15 giórni a-a fin de l'ànno.
16_dexénbre,ligurian,template_boilerplate,Wikimedia Commons a contêgne di files in sce 16 dexénbre
16_frevâ,ligurian,template_boilerplate,O 16 frevâ o l'é o 47° giórno de l'ànno segondo o Lûnäio Gregorian.
16_frevâ,ligurian,template_boilerplate,Mancan 318 giórni a-a fin de l'ànno (319 inti ànni bizestîli) Wikimedia Commons a contêgne di files in sce 16 frevâ
16_lûggio,ligurian,template_boilerplate,O 16 lûggio o l'é o 197° giórno de l'ànno (198° inti ànni bizestîli) segondo o Lûnäio Gregorian.
16_lûggio,ligurian,template_boilerplate,Màncan 168 giórni a-a fin de l'ànno.
16_lûggio,ligurian,template_boilerplate,Wikimedia Commons a contêgne di files in sce 16 lûggio
16_marso,ligurian,template_boilerplate,O 16 marso o l'é o 75° giórno de l'ànno (76° inti ànni bizestîli) segondo o Lûnäio Gregorian.
16_marso,ligurian,template_boilerplate,Mancân 290 giórni a-a fin de l'ànno.
16_marso,ligurian,template_boilerplate,Wikimedia Commons a contêgne di files in sce 16 marso
16_mazzo,ligurian,template_boilerplate,O 16 mazzo o l'é o 136° giórno de l'ànno (137° inti ànni bizestîli) segondo o Lûnäio Gregorian.
16_mazzo,ligurian,template_boilerplate,Màncan 229 giórni a-a fin de l'ànno.
16_mazzo,ligurian,template_boilerplate,Wikimedia Commons a contêgne di files in sce 16 mazzo
16_novénbre,ligurian,template_boilerplate,O 16 novénbre o l'é o 320° giórno de l'ànno (321° inti ànni bizestîli) segondo o Lûnäio Gregorian.
16_novénbre,ligurian,template_boilerplate,Màncan 45 giórni a-a fin de l'ànno.
16_novénbre,ligurian,template_boilerplate,Wikimedia Commons a contêgne di files in sce 16 novénbre
16_seténbre,ligurian,template_boilerplate,O 16 seténbre o l'é o 259° giórno de l'ànno (260° inti ànni bizestîli) segondo o Lûnäio Gregorian.
16_seténbre,ligurian,template_boilerplate,Màncan 106 giórni a-a fin de l'ànno.
16_seténbre,ligurian,template_boilerplate,Wikimedia Commons a contêgne di files in sce 16 seténbre
16_zenâ,ligurian,template_boilerplate,O 16 zenâ o l'é o 16° giórno de l'ànno segondo o Lûnäio Gregorian.
16_zenâ,ligurian,template_boilerplate,Mancan 349 giórni a-a fin de l'ànno (350 inti ànni bizestîli) Wikimedia Commons a contêgne di files in sce 16 zenâ
16_zûgno,ligurian,template_boilerplate,O 16 zûgno o l'é o 167° giórno de l'ànno (168° inti ànni bizestîli) segondo o Lûnäio Gregorian.
16_zûgno,ligurian,template_boilerplate,Màncan 198 giórni a-a fin de l'ànno.
16_zûgno,ligurian,template_boilerplate,Wikimedia Commons a contêgne di files in sce 16 zûgno
16_òtôbre,ligurian,template_boilerplate,O 16 òtôbre o l'é o 289° giórno de l'ànno (290° inti ànni bizestîli) segondo o Lûnäio Gregorian.
16_òtôbre,ligurian,template_boilerplate,Màncan 76 giórni a-a fin de l'ànno.
16_òtôbre,ligurian,template_boilerplate,Wikimedia Commons a contêgne di files in sce 16 òtôbre
17,ligurian,template_boilerplate,O 17 (XVII in nùmeri români) o l'é 'n ànno  do  I secolo.
17,ligurian,template_boilerplate,Wikimedia Commons a contêgne di files in sce 17
170,ligurian,template_boilerplate,O 170 (CLXX in nùmeri români) o l'é 'n ànno  do  II secolo.
170,ligurian,template_boilerplate,Wikimedia Commons a contêgne di files in sce 170
1700,ligurian,template_boilerplate,O 1700 (MDCC in nùmeri români) o l'é 'n ànno  do  XVII secolo.
1700,ligurian,template_boilerplate,Wikimedia Commons a contêgne di files in sce 1700
1701,ligurian,template_boilerplate,O 1701 (MDCCI in nùmeri români) o l'é 'n ànno  do  XVIII secolo.
1701,ligurian,template_boilerplate,Wikimedia Commons a contêgne di files in sce 1701
1702,ligurian,template_boilerplate,O 1702 (MDCCII in nùmeri români) o l'é 'n ànno  do  XVIII secolo.
1702,ligurian,template_boilerplate,Wikimedia Commons a contêgne di files in sce 1702
1703,ligurian,template_boilerplate,O 1703 (MDCCIII in nùmeri români) o l'é 'n ànno  do  XVIII secolo.
1703,ligurian,template_boilerplate,Wikimedia Commons a contêgne di files in sce 1703
1704,ligurian,template_boilerplate,O 1704 (MDCCIV in nùmeri români) o l'é 'n ànno bizestîle do  XVIII secolo.
1704,ligurian,template_boilerplate,Wikimedia Commons a contêgne di files in sce 1704
1705,ligurian,template_boilerplate,O 1705 (MDCCV in nùmeri români) o l'é 'n ànno  do  XVIII secolo.
1705,ligurian,template_boilerplate,Wikimedia Commons a contêgne di files in sce 1705
1706,ligurian,template_boilerplate,O 1706 (MDCCVI in nùmeri români) o l'é 'n ànno  do  XVIII secolo.
1706,ligurian,template_boilerplate,Wikimedia Commons a contêgne di files in sce 1706
1707,ligurian,template_boilerplate,O 1707 (MDCCVII in nùmeri români) o l'é 'n ànno  do  XVIII secolo.
1707,ligurian,template_boilerplate,Wikimedia Commons a contêgne di files in sce 1707
1708,ligurian,template_boilerplate,O 1708 (MDCCVIII in nùmeri români) o l'é 'n ànno bizestîle do  XVIII secolo.
1708,ligurian,template_boilerplate,Wikimedia Commons a contêgne di files in sce 1708
1709,ligurian,template_boilerplate,O 1709 (MDCCIX in nùmeri români) o l'é 'n ànno  do  XVIII secolo.
1709,ligurian,template_boilerplate,Wikimedia Commons a contêgne di files in sce 1709
171,ligurian,template_boilerplate,O 171 (CLXXI in nùmeri români) o l'é 'n ànno  do  II secolo.
171,ligurian,template_boilerplate,Wikimedia Commons a contêgne di files in sce 171
1710,ligurian,template_boilerplate,O 1710 (MDCCX in nùmeri români) o l'é 'n ànno  do  XVIII secolo.
1710,ligurian,template_boilerplate,Wikimedia Commons a contêgne di files in sce 1710
1711,ligurian,template_boilerplate,O 1711 (MDCCXI in nùmeri români) o l'é 'n ànno  do  XVIII secolo.
1711,ligurian,template_boilerplate,Wikimedia Commons a contêgne di files in sce 1711
1712,ligurian,template_boilerplate,O 1712 (MDCCXII in nùmeri români) o l'é 'n ànno bizestîle do  XVIII secolo.
1712,ligurian,template_boilerplate,Wikimedia Commons a contêgne di files in sce 1712
1713,ligurian,template_boilerplate,O 1713 (MDCCXIII in nùmeri români) o l'é 'n ànno  do  XVIII secolo.
1713,ligurian,template_boilerplate,Wikimedia Commons a contêgne di files in sce 1713
1714,ligurian,template_boilerplate,O 1714 (MDCCXIV in nùmeri români) o l'é 'n ànno  do  XVIII secolo.
1714,ligurian,template_boilerplate,Wikimedia Commons a contêgne di files in sce 1714
1715,ligurian,template_boilerplate,O 1715 (MDCCXV in nùmeri români) o l'é 'n ànno  do  XVIII secolo.
1715,ligurian,template_boilerplate,Wikimedia Commons a contêgne di files in sce 1715
1716,ligurian,template_boilerplate,O 1716 (MDCCXVI in nùmeri români) o l'é 'n ànno bizestîle do  XVIII secolo.
1716,ligurian,template_boilerplate,Wikimedia Commons a contêgne di files in sce 1716
1717,ligurian,template_boilerplate,O 1717 (MDCCXVII in nùmeri români) o l'é 'n ànno  do  XVIII secolo.
1717,ligurian,template_boilerplate,Wikimedia Commons a contêgne di files in sce 1717
1718,ligurian,template_boilerplate,O 1718 (MDCCXVIII in nùmeri români) o l'é 'n ànno  do  XVIII secolo.
1718,ligurian,template_boilerplate,Wikimedia Commons a contêgne di files in sce 1718
1719,ligurian,template_boilerplate,O 1719 (MDCCXIX in nùmeri români) o l'é 'n ànno  do  XVIII secolo.
1719,ligurian,template_boilerplate,Wikimedia Commons a contêgne di files in sce 1719
172,ligurian,template_boilerplate,O 172 (CLXXII in nùmeri români) o l'é 'n ànno bizestîle do  II secolo.
172,ligurian,template_boilerplate,Wikimedia Commons a contêgne di files in sce 172
1720,ligurian,template_boilerplate,O 1720 (MDCCXX in nùmeri români) o l'é 'n ànno bizestîle do  XVIII secolo.
1720,ligurian,template_boilerplate,Wikimedia Commons a contêgne di files in sce 1720
1721,ligurian,template_boilerplate,O 1721 (MDCCXXI in nùmeri români) o l'é 'n ànno  do  XVIII secolo.
1721,ligurian,template_boilerplate,Wikimedia Commons a contêgne di files in sce 1721
1722,ligurian,template_boilerplate,O 1722 (MDCCXXII in nùmeri români) o l'é 'n ànno  do  XVIII secolo.
1722,ligurian,template_boilerplate,Wikimedia Commons a contêgne di files in sce 1722
1723,ligurian,template_boilerplate,O 1723 (MDCCXXIII in nùmeri români) o l'é 'n ànno  do  XVIII secolo.
1723,ligurian,template_boilerplate,Wikimedia Commons a contêgne di files in sce 1723
1724,ligurian,template_boilerplate,O 1724 (MDCCXXIV in nùmeri români) o l'é 'n ànno bizestîle do  XVIII secolo.
1724,ligurian,template_boilerplate,Wikimedia Commons a contêgne di files in sce 1724
1725,ligurian,template_boilerplate,O 1725 (MDCCXXV in nùmeri români) o l'é 'n ànno  do  XVIII secolo.
1725,ligurian,template_boilerplate,Wikimedia Commons a contêgne di files in sce 1725
1726,ligurian,template_boilerplate,O 1726 (MDCCXXVI in nùmeri români) o l'é 'n ànno  do  XVIII secolo.
1726,ligurian,template_boilerplate,Wikimedia Commons a contêgne di files in sce 1726
1727,ligurian,template_boilerplate,O 1727 (MDCCXXVII in nùmeri români) o l'é 'n ànno  do  XVIII secolo.
1727,ligurian,template_boilerplate,Wikimedia Commons a contêgne di files in sce 1727
1728,ligurian,template_boilerplate,O 1728 (MDCCXXVIII in nùmeri români) o l'é 'n ànno bizestîle do  XVIII secolo.
1728,ligurian,template_boilerplate,Wikimedia Commons a contêgne di files in sce 1728
1729,ligurian,template_boilerplate,O 1729 (MDCCXXIX in nùmeri români) o l'é 'n ànno  do  XVIII secolo.
1729,ligurian,template_boilerplate,Wikimedia Commons a contêgne di files in sce 1729
173,ligurian,template_boilerplate,O 173 (CLXXIII in nùmeri români) o l'é 'n ànno  do  II secolo.
173,ligurian,template_boilerplate,Wikimedia Commons a contêgne di files in sce 173
1730,ligurian,template_boilerplate,O 1730 (MDCCXXX in nùmeri români) o l'é 'n ànno  do  XVIII secolo.
1730,ligurian,template_boilerplate,Wikimedia Commons a contêgne di files in sce 1730
1731,ligurian,template_boilerplate,O 1731 (MDCCXXXI in nùmeri români) o l'é 'n ànno  do  XVIII secolo.
1731,ligurian,template_boilerplate,Wikimedia Commons a contêgne di files in sce 1731
1732,ligurian,template_boilerplate,O 1732 (MDCCXXXII in nùmeri români) o l'é 'n ànno bizestîle do  XVIII secolo.
1732,ligurian,template_boilerplate,Wikimedia Commons a contêgne di files in sce 1732
1733,ligurian,template_boilerplate,O 1733 (MDCCXXXIII in nùmeri români) o l'é 'n ànno  do  XVIII secolo.
1733,ligurian,template_boilerplate,Wikimedia Commons a contêgne di files in sce 1733
1734,ligurian,template_boilerplate,O 1734 (MDCCXXXIV in nùmeri români) o l'é 'n ànno  do  XVIII secolo.
1734,ligurian,template_boilerplate,Wikimedia Commons a contêgne di files in sce 1734
1735,ligurian,template_boilerplate,O 1735 (MDCCXXXV in nùmeri români) o l'é 'n ànno  do  XVIII secolo.
1735,ligurian,template_boilerplate,Wikimedia Commons a contêgne di files in sce 1735
1736,ligurian,template_boilerplate,O 1736 (MDCCXXXVI in nùmeri români) o l'é 'n ànno bizestîle do  XVIII secolo.
1736,ligurian,template_boilerplate,Wikimedia Commons a contêgne di files in sce 1736
1737,ligurian,template_boilerplate,O 1737 (MDCCXXXVII in nùmeri români) o l'é 'n ànno  do  XVIII secolo.
1737,ligurian,template_boilerplate,Wikimedia Commons a contêgne di files in sce 1737
1738,ligurian,template_boilerplate,O 1738 (MDCCXXXVIII in nùmeri români) o l'é 'n ànno  do  XVIII secolo.
1738,ligurian,template_boilerplate,Wikimedia Commons a contêgne di files in sce 1738
1739,ligurian,template_boilerplate,O 1739 (MDCCXXXIX in nùmeri români) o l'é 'n ànno  do  XVIII secolo.
1739,ligurian,template_boilerplate,Wikimedia Commons a contêgne di files in sce 1739
173_a.C.,ligurian,template_boilerplate,C. (CLXXIII a. C. in nùmeri români) o l'é 'n ànno  do  II secolo a.
173_a.C.,ligurian,template_boilerplate,C. Wikimedia Commons a contêgne di files in sce 173 a.
174,ligurian,template_boilerplate,O 174 (CLXXIV in nùmeri români) o l'é 'n ànno  do  II secolo.
174,ligurian,template_boilerplate,Wikimedia Commons a contêgne di files in sce 174
1740,ligurian,template_boilerplate,O 1740 (MDCCXL in nùmeri români) o l'é 'n ànno bizestîle do  XVIII secolo.
1740,ligurian,template_boilerplate,Wikimedia Commons a contêgne di files in sce 1740
1741,ligurian,template_boilerplate,O 1741 (MDCCXLI in nùmeri români) o l'é 'n ànno  do  XVIII secolo.
1741,ligurian,template_boilerplate,Wikimedia Commons a contêgne di files in sce 1741
1742,ligurian,template_boilerplate,O 1742 (MDCCXLII in nùmeri români) o l'é 'n ànno  do  XVIII secolo.
1742,ligurian,template_boilerplate,Wikimedia Commons a contêgne di files in sce 1742
1743,ligurian,template_boilerplate,O 1743 (MDCCXLIII in nùmeri români) o l'é 'n ànno  do  XVIII secolo.
1743,ligurian,template_boilerplate,Wikimedia Commons a contêgne di files in sce 1743
1744,ligurian,template_boilerplate,O 1744 (MDCCXLIV in nùmeri români) o l'é 'n ànno bizestîle do  XVIII secolo.
1744,ligurian,template_boilerplate,Wikimedia Commons a contêgne di files in sce 1744
1745,ligurian,template_boilerplate,O 1745 (MDCCXLV in nùmeri români) o l'é 'n ànno  do  XVIII secolo.
1745,ligurian,template_boilerplate,Wikimedia Commons a contêgne di files in sce 1745
1746,ligurian,template_boilerplate,O 1746 (MDCCXLVI in nùmeri români) o l'é 'n ànno  do  XVIII secolo.
1746,ligurian,template_boilerplate,Wikimedia Commons a contêgne di files in sce 1746
1747,ligurian,template_boilerplate,O 1747 (MDCCXLVII in nùmeri români) o l'é 'n ànno  do  XVIII secolo.
1747,ligurian,template_boilerplate,Wikimedia Commons a contêgne di files in sce 1747
1748,ligurian,template_boilerplate,O 1748 (MDCCXLVIII in nùmeri români) o l'é 'n ànno bizestîle do  XVIII secolo.
1748,ligurian,template_boilerplate,Wikimedia Commons a contêgne di files in sce 1748
1749,ligurian,template_boilerplate,O 1749 (MDCCXLIX in nùmeri români) o l'é 'n ànno  do  XVIII secolo.
1749,ligurian,template_boilerplate,Wikimedia Commons a contêgne di files in sce 1749
174_a.C.,ligurian,template_boilerplate,C. (CLXXIV a. C. in nùmeri români) o l'é 'n ànno  do  II secolo a.
174_a.C.,ligurian,template_boilerplate,C. Wikimedia Commons a contêgne di files in sce 174 a.
175,ligurian,template_boilerplate,O 175 (CLXXV in nùmeri români) o l'é 'n ànno  do  II secolo.
175,ligurian,template_boilerplate,Wikimedia Commons a contêgne di files in sce 175
1750,ligurian,template_boilerplate,O 1750 (MDCCL in nùmeri români) o l'é 'n ànno  do  XVIII secolo.
1750,ligurian,template_boilerplate,Wikimedia Commons a contêgne di files in sce 1750
1751,ligurian,template_boilerplate,O 1751 (MDCCLI in nùmeri români) o l'é 'n ànno  do  XVIII secolo.
1751,ligurian,template_boilerplate,Wikimedia Commons a contêgne di files in sce 1751
1752,ligurian,template_boilerplate,O 1752 (MDCCLII in nùmeri români) o l'é 'n ànno bizestîle do  XVIII secolo.
1752,ligurian,template_boilerplate,Wikimedia Commons a contêgne di files in sce 1752
1753,ligurian,template_boilerplate,O 1753 (MDCCLIII in nùmeri români) o l'é 'n ànno  do  XVIII secolo.
1753,ligurian,template_boilerplate,Wikimedia Commons a contêgne di files in sce 1753
1754,ligurian,template_boilerplate,O 1754 (MDCCLIV in nùmeri români) o l'é 'n ànno  do  XVIII secolo.
1754,ligurian,template_boilerplate,Wikimedia Commons a contêgne di files in sce 1754
1755,ligurian,template_boilerplate,O 1755 (MDCCLV in nùmeri români) o l'é 'n ànno  do  XVIII secolo.
1755,ligurian,template_boilerplate,Wikimedia Commons a contêgne di files in sce 1755
1756,ligurian,template_boilerplate,O 1756 (MDCCLVI in nùmeri români) o l'é 'n ànno bizestîle do  XVIII secolo.
1756,ligurian,template_boilerplate,Wikimedia Commons a contêgne di files in sce 1756
1757,ligurian,template_boilerplate,O 1757 (MDCCLVII in nùmeri români) o l'é 'n ànno  do  XVIII secolo.
1757,ligurian,template_boilerplate,Wikimedia Commons a contêgne di files in sce 1757
1758,ligurian,template_boilerplate,O 1758 (MDCCLVIII in nùmeri români) o l'é 'n ànno  do  XVIII secolo.
1758,ligurian,template_boilerplate,Wikimedia Commons a contêgne di files in sce 1758
1759,ligurian,template_boilerplate,O 1759 (MDCCLIX in nùmeri români) o l'é 'n ànno  do  XVIII secolo.
1759,ligurian,template_boilerplate,Wikimedia Commons a contêgne di files in sce 1759
175_a.C.,ligurian,template_boilerplate,C. (CLXXV a. C. in nùmeri români) o l'é 'n ànno  do  II secolo a.
175_a.C.,ligurian,template_boilerplate,C. Wikimedia Commons a contêgne di files in sce 175 a.
176,ligurian,template_boilerplate,O 176 (CLXXVI in nùmeri români) o l'é 'n ànno bizestîle do  II secolo.
176,ligurian,template_boilerplate,Wikimedia Commons a contêgne di files in sce 176
1760,ligurian,template_boilerplate,O 1760 (MDCCLX in nùmeri români) o l'é 'n ànno bizestîle do  XVIII secolo.
1760,ligurian,template_boilerplate,Wikimedia Commons a contêgne di files in sce 1760
1761,ligurian,template_boilerplate,O 1761 (MDCCLXI in nùmeri români) o l'é 'n ànno  do  XVIII secolo.
1761,ligurian,template_boilerplate,Wikimedia Commons a contêgne di files in sce 1761
1762,ligurian,template_boilerplate,O 1762 (MDCCLXII in nùmeri români) o l'é 'n ànno  do  XVIII secolo.
1762,ligurian,template_boilerplate,Wikimedia Commons a contêgne di files in sce 1762
1763,ligurian,template_boilerplate,O 1763 (MDCCLXIII in nùmeri români) o l'é 'n ànno  do  XVIII secolo.
1764,ligurian,template_boilerplate,O 1764 (MDCCLXIV in nùmeri români) o l'é 'n ànno bizestîle do  XVIII secolo.
1764,ligurian,template_boilerplate,Wikimedia Commons a contêgne di files in sce 1764
1765,ligurian,template_boilerplate,O 1765 (MDCCLXV in nùmeri români) o l'é 'n ànno  do  XVIII secolo.
1765,ligurian,template_boilerplate,Wikimedia Commons a contêgne di files in sce 1765
1766,ligurian,template_boilerplate,O 1766 (MDCCLXVI in nùmeri români) o l'é 'n ànno  do  XVIII secolo.
1766,ligurian,template_boilerplate,Wikimedia Commons a contêgne di files in sce 1766
1767,ligurian,template_boilerplate,O 1767 (MDCCLXVII in nùmeri români) o l'é 'n ànno  do  XVIII secolo.
1767,ligurian,template_boilerplate,Wikimedia Commons a contêgne di files in sce 1767
1768,ligurian,template_boilerplate,O 1768 (MDCCLXVIII in nùmeri români) o l'é 'n ànno bizestîle do  XVIII secolo.
1768,ligurian,template_boilerplate,Wikimedia Commons a contêgne di files in sce 1768
1769,ligurian,template_boilerplate,O 1769 (MDCCLXIX in nùmeri români) o l'é 'n ànno  do  XVIII secolo.
1769,ligurian,template_boilerplate,Wikimedia Commons a contêgne di files in sce 1769
177,ligurian,template_boilerplate,O 177 (CLXXVII in nùmeri români) o l'é 'n ànno  do  II secolo.
177,ligurian,template_boilerplate,Wikimedia Commons a contêgne di files in sce 177
1770,ligurian,template_boilerplate,O 1770 (MDCCLXX in nùmeri români) o l'é 'n ànno  do  XVIII secolo.
1770,ligurian,template_boilerplate,Wikimedia Commons a contêgne di files in sce 1770
1771,ligurian,template_boilerplate,O 1771 (MDCCLXXI in nùmeri români) o l'é 'n ànno  do  XVIII secolo.
1771,ligurian,template_boilerplate,Wikimedia Commons a contêgne di files in sce 1771
1772,ligurian,template_boilerplate,O 1772 (MDCCLXXII in nùmeri români) o l'é 'n ànno bizestîle do  XVIII secolo.
1772,ligurian,template_boilerplate,Wikimedia Commons a contêgne di files in sce 1772
1773,ligurian,template_boilerplate,O 1773 (MDCCLXXIII in nùmeri români) o l'é 'n ànno  do  XVIII secolo.
1773,ligurian,template_boilerplate,Wikimedia Commons a contêgne di files in sce 1773
1774,ligurian,template_boilerplate,O 1774 (MDCCLXXIV in nùmeri români) o l'é 'n ànno  do  XVIII secolo.
1774,ligurian,template_boilerplate,Wikimedia Commons a contêgne di files in sce 1774
1775,ligurian,template_boilerplate,O 1775 (MDCCLXXV in nùmeri români) o l'é 'n ànno  do  XVIII secolo.
1775,ligurian,template_boilerplate,Wikimedia Commons a contêgne di files in sce 1775
1776,ligurian,template_boilerplate,O 1776 (MDCCLXXVI in nùmeri români) o l'é 'n ànno bizestîle do  XVIII secolo.
1776,ligurian,template_boilerplate,Wikimedia Commons a contêgne di files in sce 1776
1777,ligurian,template_boilerplate,O 1777 (MDCCLXXVII in nùmeri români) o l'é 'n ànno  do  XVIII secolo.
1777,ligurian,template_boilerplate,Wikimedia Commons a contêgne di files in sce 1777
1778,ligurian,template_boilerplate,O 1778 (MDCCLXXVIII in nùmeri români) o l'é 'n ànno  do  XVIII secolo.
1778,ligurian,template_boilerplate,Wikimedia Commons a contêgne di files in sce 1778
1779,ligurian,template_boilerplate,O 1779 (MDCCLXXIX in nùmeri români) o l'é 'n ànno  do  XVIII secolo.
1779,ligurian,template_boilerplate,Wikimedia Commons a contêgne di files in sce 1779
177_a.C.,ligurian,template_boilerplate,C. (CLXXVII a. C. in nùmeri români) o l'é 'n ànno  do  II secolo a.
177_a.C.,ligurian,template_boilerplate,C. Wikimedia Commons a contêgne di files in sce 177 a.
178,ligurian,template_boilerplate,O 178 (CLXXVIII in nùmeri români) o l'é 'n ànno  do  II secolo.
178,ligurian,template_boilerplate,Wikimedia Commons a contêgne di files in sce 178
1780,ligurian,template_boilerplate,O 1780 (MDCCLXXX in nùmeri români) o l'é 'n ànno bizestîle do  XVIII secolo.
1780,ligurian,template_boilerplate,Wikimedia Commons a contêgne di files in sce 1780
1781,ligurian,template_boilerplate,O 1781 (MDCCLXXXI in nùmeri români) o l'é 'n ànno  do  XVIII secolo.
1781,ligurian,template_boilerplate,Wikimedia Commons a contêgne di files in sce 1781
1782,ligurian,template_boilerplate,O 1782 (MDCCLXXXII in nùmeri români) o l'é 'n ànno  do  XVIII secolo.
1782,ligurian,template_boilerplate,Wikimedia Commons a contêgne di files in sce 1782
1783,ligurian,template_boilerplate,O 1783 (MDCCLXXXIII in nùmeri români) o l'é 'n ànno  do  XVIII secolo.
1783,ligurian,template_boilerplate,Wikimedia Commons a contêgne di files in sce 1783
1784,ligurian,template_boilerplate,O 1784 (MDCCLXXXIV in nùmeri români) o l'é 'n ànno bizestîle do  XVIII secolo.
1784,ligurian,template_boilerplate,Wikimedia Commons a contêgne di files in sce 1784
1785,ligurian,template_boilerplate,O 1785 (MDCCLXXXV in nùmeri români) o l'é 'n ànno  do  XVIII secolo.
1785,ligurian,template_boilerplate,Wikimedia Commons a contêgne di files in sce 1785
1786,ligurian,template_boilerplate,O 1786 (MDCCLXXXVI in nùmeri români) o l'é 'n ànno  do  XVIII secolo.
1786,ligurian,template_boilerplate,Wikimedia Commons a contêgne di files in sce 1786
1787,ligurian,template_boilerplate,O 1787 (MDCCLXXXVII in nùmeri români) o l'é 'n ànno  do  XVIII secolo.
1787,ligurian,template_boilerplate,Wikimedia Commons a contêgne di files in sce 1787
1788,ligurian,template_boilerplate,O 1788 (MDCCLXXXVIII in nùmeri români) o l'é 'n ànno bizestîle do  XVIII secolo.
1788,ligurian,template_boilerplate,Wikimedia Commons a contêgne di files in sce 1788
1789,ligurian,template_boilerplate,O 1789 (MDCCLXXXIX in nùmeri români) o l'é 'n ànno  do  XVIII secolo.
1789,ligurian,template_boilerplate,Wikimedia Commons a contêgne di files in sce 1789
179,ligurian,template_boilerplate,O 179 (CLXXIX in nùmeri români) o l'é 'n ànno  do  II secolo.
179,ligurian,template_boilerplate,Wikimedia Commons a contêgne di files in sce 179
1790,ligurian,template_boilerplate,O 1790 (MDCCXC in nùmeri români) o l'é 'n ànno  do  XVIII secolo.
1790,ligurian,template_boilerplate,Wikimedia Commons a contêgne di files in sce 1790
1791,ligurian,template_boilerplate,O 1791 (MDCCXCI in nùmeri români) o l'é 'n ànno  do  XVIII secolo.
1791,ligurian,template_boilerplate,Wikimedia Commons a contêgne di files in sce 1791
1792,ligurian,template_boilerplate,O 1792 (MDCCXCII in nùmeri români) o l'é 'n ànno bizestîle do  XVIII secolo.
1792,ligurian,template_boilerplate,Wikimedia Commons a contêgne di files in sce 1792
1793,ligurian,template_boilerplate,O 1793 (MDCCXCIII in nùmeri români) o l'é 'n ànno  do  XVIII secolo.
1793,ligurian,template_boilerplate,Wikimedia Commons a contêgne di files in sce 1793
1794,ligurian,template_boilerplate,O 1794 (MDCCXCIV in nùmeri români) o l'é 'n ànno  do  XVIII secolo.
1794,ligurian,template_boilerplate,Wikimedia Commons a contêgne di files in sce 1794
1795,ligurian,template_boilerplate,O 1795 (MDCCXCV in nùmeri români) o l'é 'n ànno  do  XVIII secolo.
1795,ligurian,template_boilerplate,Wikimedia Commons a contêgne di files in sce 1795
1796,ligurian,template_boilerplate,O 1796 (MDCCXCVI in nùmeri români) o l'é 'n ànno bizestîle do  XVIII secolo.
1796,ligurian,template_boilerplate,Wikimedia Commons a contêgne di files in sce 1796
1797,ligurian,template_boilerplate,O 1797 (MDCCXCVII in nùmeri români) o l'é 'n ànno  do  XVIII secolo.
1797,ligurian,template_boilerplate,Wikimedia Commons a contêgne di files in sce 1797
1798,ligurian,template_boilerplate,O 1798 (MDCCXCVIII in nùmeri români) o l'é 'n ànno  do  XVIII secolo.
1798,ligurian,template_boilerplate,Wikimedia Commons a contêgne di files in sce 1798
1799,ligurian,template_boilerplate,O 1799 (MDCCXCIX in nùmeri români) o l'é 'n ànno  do  XVIII secolo.
1799,ligurian,template_boilerplate,Wikimedia Commons a contêgne di files in sce 1799
179_a.C.,ligurian,template_boilerplate,C. (CLXXIX a. C. in nùmeri români) o l'é 'n ànno  do  II secolo a.
179_a.C.,ligurian,template_boilerplate,C. Wikimedia Commons a contêgne di files in sce 179 a.
17_a.C.,ligurian,template_boilerplate,C. (XVII a. C. in nùmeri români) o l'é 'n ànno  do  I secolo a.
17_a.C.,ligurian,template_boilerplate,C. Wikimedia Commons a contêgne di files in sce 17 a.
17_agosto,ligurian,template_boilerplate,O 17 agosto o l'é o 229° giórno de l'ànno (230° inti ànni bizestîli) segondo o Lûnäio Gregorian.
17_agosto,ligurian,template_boilerplate,Màncan 136 giórni a-a fin de l'ànno.
17_agosto,ligurian,template_boilerplate,Wikimedia Commons a contêgne di files in sce 17 agosto
17_arvî,ligurian,template_boilerplate,O 17 arvî o l'é o 107° giórno de l'ànno (108° inti ànni bizestîli) segondo o Lûnäio Gregorian.
17_arvî,ligurian,template_boilerplate,Màncan 258 giórni a-a fin de l'ànno.
17_arvî,ligurian,template_boilerplate,Wikimedia Commons a contêgne di files in sce 17 arvî
17_dexénbre,ligurian,template_boilerplate,O 17 dexénbre o l'é o 350° giórno de l'ànno (351° inti ànni bizestîli) segondo o Lûnäio Gregorian.
17_dexénbre,ligurian,template_boilerplate,Màncan 14 giórni a-a fin de l'ànno.
17_dexénbre,ligurian,template_boilerplate,Wikimedia Commons a contêgne di files in sce 17 dexénbre
17_frevâ,ligurian,template_boilerplate,O 17 frevâ o l'é o 48° giórno de l'ànno segondo o Lûnäio Gregorian.
17_frevâ,ligurian,template_boilerplate,Mancan 317 giórni a-a fin de l'ànno (318 inti ànni bizestîli) Wikimedia Commons a contêgne di files in sce 17 frevâ
17_lûggio,ligurian,template_boilerplate,O 17 lûggio o l'é o 198° giórno de l'ànno (199° inti ànni bizestîli) segondo o Lûnäio Gregorian.
17_lûggio,ligurian,template_boilerplate,Wikimedia Commons a contêgne di files in sce 17 lûggio
17_marso,ligurian,template_boilerplate,O 17 marso o l'é o 76° giórno de l'ànno (77° inti ànni bizestîli) segondo o Lûnäio Gregorian.
17_marso,ligurian,template_boilerplate,Mancân 289 giórni a-a fin de l'ànno.
17_marso,ligurian,template_boilerplate,Wikimedia Commons a contêgne di files in sce 17 marso
17_mazzo,ligurian,template_boilerplate,O 17 mazzo o l'é o 137° giórno de l'ànno (138° inti ànni bizestîli) segondo o Lûnäio Gregorian.
17_mazzo,ligurian,template_boilerplate,Màncan 228 giórni a-a fin de l'ànno.
17_mazzo,ligurian,template_boilerplate,Wikimedia Commons a contêgne di files in sce 17 mazzo
17_novénbre,ligurian,template_boilerplate,O 17 novénbre o l'é o 321° giórno de l'ànno (322° inti ànni bizestîli) segondo o Lûnäio Gregorian.
17_novénbre,ligurian,template_boilerplate,Màncan 44 giórni a-a fin de l'ànno.
17_novénbre,ligurian,template_boilerplate,Wikimedia Commons a contêgne di files in sce 17 novénbre
17_seténbre,ligurian,template_boilerplate,O 17 seténbre o l'é o 260° giórno de l'ànno (261° inti ànni bizestîli) segondo o Lûnäio Gregorian.
17_seténbre,ligurian,template_boilerplate,Màncan 105 giórni a-a fin de l'ànno.
17_seténbre,ligurian,template_boilerplate,Wikimedia Commons a contêgne di files in sce 17 seténbre
17_zenâ,ligurian,template_boilerplate,O 17 zenâ o l'é o 17° giórno de l'ànno segondo o Lûnäio Gregorian.
17_zenâ,ligurian,template_boilerplate,Mancan 348 giórni a-a fin de l'ànno (349 inti ànni bizestîli) Wikimedia Commons a contêgne di files in sce 17 zenâ
17_zûgno,ligurian,template_boilerplate,O 17 zûgno o l'é o 168° giórno de l'ànno (169° inti ànni bizestîli) segondo o Lûnäio Gregorian.
17_zûgno,ligurian,template_boilerplate,Màncan 197 giórni a-a fin de l'ànno.
17_zûgno,ligurian,template_boilerplate,Wikimedia Commons a contêgne di files in sce 17 zûgno
17_òtôbre,ligurian,template_boilerplate,O 17 òtôbre o l'é o 290° giórno de l'ànno (291° inti ànni bizestîli) segondo o Lûnäio Gregorian.
17_òtôbre,ligurian,template_boilerplate,Màncan 75 giórni a-a fin de l'ànno.
17_òtôbre,ligurian,template_boilerplate,Wikimedia Commons a contêgne di files in sce 17 òtôbre
180,ligurian,template_boilerplate,O 180 (CLXXX in nùmeri români) o l'é 'n ànno bizestîle do  II secolo.
180,ligurian,template_boilerplate,Wikimedia Commons a contêgne di files in sce 180
1800,ligurian,template_boilerplate,O 1800 (MDCCC in nùmeri români) o l'é 'n ànno  do  XVIII secolo.
1800,ligurian,template_boilerplate,Wikimedia Commons a contêgne di files in sce 1800
1801,ligurian,template_boilerplate,O 1801 (MDCCCI in nùmeri români) o l'é 'n ànno  do  XIX secolo.
1801,ligurian,template_boilerplate,Wikimedia Commons a contêgne di files in sce 1801
1802,ligurian,template_boilerplate,O 1802 (MDCCCII in nùmeri români) o l'é 'n ànno  do  XIX secolo.
1802,ligurian,template_boilerplate,Wikimedia Commons a contêgne di files in sce 1802
1803,ligurian,template_boilerplate,O 1803 (MDCCCIII in nùmeri români) o l'é 'n ànno  do  XIX secolo.
1803,ligurian,template_boilerplate,Wikimedia Commons a contêgne di files in sce 1803
1804,ligurian,template_boilerplate,O 1804 (MDCCCIV in nùmeri români) o l'é 'n ànno bizestîle do  XIX secolo.
1804,ligurian,template_boilerplate,Wikimedia Commons a contêgne di files in sce 1804
1805,ligurian,template_boilerplate,O 1805 (MDCCCV in nùmeri români) o l'é 'n ànno  do  XIX secolo.
1805,ligurian,template_boilerplate,Wikimedia Commons a contêgne di files in sce 1805
1806,ligurian,template_boilerplate,O 1806 (MDCCCVI in nùmeri români) o l'é 'n ànno  do  XIX secolo.
1806,ligurian,template_boilerplate,Wikimedia Commons a contêgne di files in sce 1806
1807,ligurian,template_boilerplate,O 1807 (MDCCCVII in nùmeri români) o l'é 'n ànno  do  XIX secolo.
1807,ligurian,template_boilerplate,Wikimedia Commons a contêgne di files in sce 1807
1808,ligurian,template_boilerplate,O 1808 (MDCCCVIII in nùmeri români) o l'é 'n ànno bizestîle do  XIX secolo.
1808,ligurian,template_boilerplate,Wikimedia Commons a contêgne di files in sce 1808
1809,ligurian,template_boilerplate,O 1809 (MDCCCIX in nùmeri români) o l'é 'n ànno  do  XIX secolo.
1809,ligurian,template_boilerplate,Wikimedia Commons a contêgne di files in sce 1809
180_a.C.,ligurian,template_boilerplate,C. (CLXXX a. C. in nùmeri români) o l'é 'n ànno  do  II secolo a.
180_a.C.,ligurian,template_boilerplate,C. Wikimedia Commons a contêgne di files in sce 180 a.
181,ligurian,template_boilerplate,O 181 (CLXXXI in nùmeri români) o l'é 'n ànno  do  II secolo.
181,ligurian,template_boilerplate,Wikimedia Commons a contêgne di files in sce 181
1810,ligurian,template_boilerplate,O 1810 (MDCCCX in nùmeri români) o l'é 'n ànno  do  XIX secolo.
1810,ligurian,template_boilerplate,Wikimedia Commons a contêgne di files in sce 1810
1811,ligurian,template_boilerplate,O 1811 (MDCCCXI in nùmeri români) o l'é 'n ànno  do  XIX secolo.
1811,ligurian,template_boilerplate,Wikimedia Commons a contêgne di files in sce 1811
1812,ligurian,template_boilerplate,O 1812 (MDCCCXII in nùmeri români) o l'é 'n ànno bizestîle do  XIX secolo.
1812,ligurian,template_boilerplate,Wikimedia Commons a contêgne di files in sce 1812
1813,ligurian,template_boilerplate,O 1813 (MDCCCXIII in nùmeri români) o l'é 'n ànno  do  XIX secolo.
1813,ligurian,template_boilerplate,Wikimedia Commons a contêgne di files in sce 1813
1814,ligurian,template_boilerplate,O 1814 (MDCCCXIV in nùmeri români) o l'é 'n ànno  do  XIX secolo.
1814,ligurian,template_boilerplate,Wikimedia Commons a contêgne di files in sce 1814
1815,ligurian,template_boilerplate,O 1815 (MDCCCXV in nùmeri români) o l'é 'n ànno  do  XIX secolo.
1815,ligurian,template_boilerplate,Wikimedia Commons a contêgne di files in sce 1815
1816,ligurian,template_boilerplate,O 1816 (MDCCCXVI in nùmeri români) o l'é 'n ànno bizestîle do  XIX secolo.
1816,ligurian,template_boilerplate,Wikimedia Commons a contêgne di files in sce 1816
1817,ligurian,template_boilerplate,O 1817 (MDCCCXVII in nùmeri români) o l'é 'n ànno  do  XIX secolo.
1817,ligurian,template_boilerplate,Wikimedia Commons a contêgne di files in sce 1817
1818,ligurian,template_boilerplate,O 1818 (MDCCCXVIII in nùmeri români) o l'é 'n ànno  do  XIX secolo.
1818,ligurian,template_boilerplate,Wikimedia Commons a contêgne di files in sce 1818
1819,ligurian,template_boilerplate,O 1819 (MDCCCXIX in nùmeri români) o l'é 'n ànno  do  XIX secolo.
1819,ligurian,template_boilerplate,Wikimedia Commons a contêgne di files in sce 1819
182,ligurian,template_boilerplate,O 182 (CLXXXII in nùmeri români) o l'é 'n ànno  do  II secolo.
182,ligurian,template_boilerplate,Wikimedia Commons a contêgne di files in sce 182
1820,ligurian,template_boilerplate,O 1820 (MDCCCXX in nùmeri români) o l'é 'n ànno bizestîle do  XIX secolo.
1820,ligurian,template_boilerplate,Wikimedia Commons a contêgne di files in sce 1820
1821,ligurian,template_boilerplate,O 1821 (MDCCCXXI in nùmeri români) o l'é 'n ànno  do  XIX secolo.
1821,ligurian,template_boilerplate,Wikimedia Commons a contêgne di files in sce 1821
1822,ligurian,template_boilerplate,O 1822 (MDCCCXXII in nùmeri români) o l'é 'n ànno  do  XIX secolo.
1822,ligurian,template_boilerplate,Wikimedia Commons a contêgne di files in sce 1822
1823,ligurian,template_boilerplate,O 1823 (MDCCCXXIII in nùmeri români) o l'é 'n ànno  do  XIX secolo.
1823,ligurian,template_boilerplate,Wikimedia Commons a contêgne di files in sce 1823
1824,ligurian,template_boilerplate,O 1824 (MDCCCXXIV in nùmeri români) o l'é 'n ànno bizestîle do  XIX secolo.
1824,ligurian,template_boilerplate,Wikimedia Commons a contêgne di files in sce 1824
1825,ligurian,template_boilerplate,O 1825 (MDCCCXXV in nùmeri români) o l'é 'n ànno  do  XIX secolo.
1825,ligurian,template_boilerplate,Wikimedia Commons a contêgne di files in sce 1825
1826,ligurian,template_boilerplate,O 1826 (MDCCCXXVI in nùmeri români) o l'é 'n ànno  do  XIX secolo.
1826,ligurian,template_boilerplate,Wikimedia Commons a contêgne di files in sce 1826
1827,ligurian,template_boilerplate,O 1827 (MDCCCXXVII in nùmeri români) o l'é 'n ànno  do  XIX secolo.
1827,ligurian,template_boilerplate,Wikimedia Commons a contêgne di files in sce 1827
1828,ligurian,template_boilerplate,O 1828 (MDCCCXXVIII in nùmeri români) o l'é 'n ànno bizestîle do  XIX secolo.
1828,ligurian,template_boilerplate,Wikimedia Commons a contêgne di files in sce 1828
1829,ligurian,template_boilerplate,O 1829 (MDCCCXXIX in nùmeri români) o l'é 'n ànno  do  XIX secolo.
1829,ligurian,template_boilerplate,Wikimedia Commons a contêgne di files in sce 1829
183,ligurian,template_boilerplate,O 183 (CLXXXIII in nùmeri români) o l'é 'n ànno  do  II secolo.
183,ligurian,template_boilerplate,Wikimedia Commons a contêgne di files in sce 183
1830,ligurian,template_boilerplate,O 1830 (MDCCCXXX in nùmeri români) o l'é 'n ànno  do  XIX secolo.
1830,ligurian,template_boilerplate,Wikimedia Commons a contêgne di files in sce 1830
1831,ligurian,template_boilerplate,O 1831 (MDCCCXXXI in nùmeri români) o l'é 'n ànno  do  XIX secolo.
1831,ligurian,template_boilerplate,Wikimedia Commons a contêgne di files in sce 1831
1832,ligurian,template_boilerplate,O 1832 (MDCCCXXXII in nùmeri români) o l'é 'n ànno bizestîle do  XIX secolo.
1832,ligurian,template_boilerplate,Wikimedia Commons a contêgne di files in sce 1832
1833,ligurian,template_boilerplate,O 1833 (MDCCCXXXIII in nùmeri români) o l'é 'n ànno  do  XIX secolo.
1833,ligurian,template_boilerplate,Wikimedia Commons a contêgne di files in sce 1833
1834,ligurian,template_boilerplate,O 1834 (MDCCCXXXIV in nùmeri români) o l'é 'n ànno  do  XIX secolo.
1834,ligurian,template_boilerplate,Wikimedia Commons a contêgne di files in sce 1834
1835,ligurian,template_boilerplate,O 1835 (MDCCCXXXV in nùmeri români) o l'é 'n ànno  do  XIX secolo.
1835,ligurian,template_boilerplate,Wikimedia Commons a contêgne di files in sce 1835
1836,ligurian,template_boilerplate,O 1836 (MDCCCXXXVI in nùmeri români) o l'é 'n ànno bizestîle do  XIX secolo.
1836,ligurian,template_boilerplate,Wikimedia Commons a contêgne di files in sce 1836
1837,ligurian,template_boilerplate,O 1837 (MDCCCXXXVII in nùmeri români) o l'é 'n ànno  do  XIX secolo.
1837,ligurian,template_boilerplate,Wikimedia Commons a contêgne di files in sce 1837
1838,ligurian,template_boilerplate,O 1838 (MDCCCXXXVIII in nùmeri români) o l'é 'n ànno  do  XIX secolo.
1838,ligurian,template_boilerplate,Wikimedia Commons a contêgne di files in sce 1838
1839,ligurian,template_boilerplate,O 1839 (MDCCCXXXIX in nùmeri români) o l'é 'n ànno  do  XIX secolo.
1839,ligurian,template_boilerplate,Wikimedia Commons a contêgne di files in sce 1839
183_a.C.,ligurian,template_boilerplate,C. (CLXXXIII a. C. in nùmeri români) o l'é 'n ànno  do  II secolo a.
183_a.C.,ligurian,template_boilerplate,C. Wikimedia Commons a contêgne di files in sce 183 a.
184,ligurian,template_boilerplate,O 184 (CLXXXIV in nùmeri români) o l'é 'n ànno bizestîle do  II secolo.
184,ligurian,template_boilerplate,Wikimedia Commons a contêgne di files in sce 184
1840,ligurian,template_boilerplate,O 1840 (MDCCCXL in nùmeri români) o l'é 'n ànno bizestîle do  XIX secolo.
1840,ligurian,template_boilerplate,Wikimedia Commons a contêgne di files in sce 1840
1841,ligurian,template_boilerplate,O 1841 (MDCCCXLI in nùmeri români) o l'é 'n ànno  do  XIX secolo.
1841,ligurian,template_boilerplate,Wikimedia Commons a contêgne di files in sce 1841
1842,ligurian,template_boilerplate,O 1842 (MDCCCXLII in nùmeri români) o l'é 'n ànno  do  XIX secolo.
1842,ligurian,template_boilerplate,Wikimedia Commons a contêgne di files in sce 1842
1843,ligurian,template_boilerplate,O 1843 (MDCCCXLIII in nùmeri români) o l'é 'n ànno  do  XIX secolo.
1843,ligurian,template_boilerplate,Wikimedia Commons a contêgne di files in sce 1843
1844,ligurian,template_boilerplate,O 1844 (MDCCCXLIV in nùmeri români) o l'é 'n ànno bizestîle do  XIX secolo.
1844,ligurian,template_boilerplate,Wikimedia Commons a contêgne di files in sce 1844
1845,ligurian,template_boilerplate,O 1845 (MDCCCXLV in nùmeri români) o l'é 'n ànno  do  XIX secolo.
1845,ligurian,template_boilerplate,Wikimedia Commons a contêgne di files in sce 1845
1846,ligurian,template_boilerplate,O 1846 (MDCCCXLVI in nùmeri români) o l'é 'n ànno  do  XIX secolo.
1846,ligurian,template_boilerplate,Wikimedia Commons a contêgne di files in sce 1846
1847,ligurian,template_boilerplate,O 1847 (MDCCCXLVII in nùmeri români) o l'é 'n ànno  do  XIX secolo.
1847,ligurian,template_boilerplate,Wikimedia Commons a contêgne di files in sce 1847
1848,ligurian,template_boilerplate,O 1848 (MDCCCXLVIII in nùmeri români) o l'é 'n ànno bizestîle do  XIX secolo.
1848,ligurian,template_boilerplate,Wikimedia Commons a contêgne di files in sce 1848
1849,ligurian,template_boilerplate,O 1849 (MDCCCXLIX in nùmeri români) o l'é 'n ànno  do  XIX secolo.
1849,ligurian,template_boilerplate,Wikimedia Commons a contêgne di files in sce 1849
184_a.C.,ligurian,template_boilerplate,C. (CLXXXIV a. C. in nùmeri români) o l'é 'n ànno  do  II secolo a.
184_a.C.,ligurian,template_boilerplate,C. Wikimedia Commons a contêgne di files in sce 184 a.
185,ligurian,template_boilerplate,O 185 (CLXXXV in nùmeri români) o l'é 'n ànno  do  II secolo.
185,ligurian,template_boilerplate,Wikimedia Commons a contêgne di files in sce 185
1850,ligurian,template_boilerplate,O 1850 (MDCCCL in nùmeri români) o l'é 'n ànno  do  XIX secolo.
1850,ligurian,template_boilerplate,Wikimedia Commons a contêgne di files in sce 1850
1851,ligurian,template_boilerplate,O 1851 (MDCCCLI in nùmeri români) o l'é 'n ànno  do  XIX secolo.
1851,ligurian,template_boilerplate,Wikimedia Commons a contêgne di files in sce 1851
1852,ligurian,template_boilerplate,O 1852 (MDCCCLII in nùmeri români) o l'é 'n ànno bizestîle do  XIX secolo.
1852,ligurian,template_boilerplate,Wikimedia Commons a contêgne di files in sce 1852
1853,ligurian,template_boilerplate,O 1853 (MDCCCLIII in nùmeri români) o l'é 'n ànno  do  XIX secolo.
1853,ligurian,template_boilerplate,Wikimedia Commons a contêgne di files in sce 1853
1854,ligurian,template_boilerplate,O 1854 (MDCCCLIV in nùmeri români) o l'é 'n ànno  do  XIX secolo.
1854,ligurian,template_boilerplate,Wikimedia Commons a contêgne di files in sce 1854
1855,ligurian,template_boilerplate,O 1855 (MDCCCLV in nùmeri români) o l'é 'n ànno  do  XIX secolo.
1855,ligurian,template_boilerplate,Wikimedia Commons a contêgne di files in sce 1855
1856,ligurian,template_boilerplate,O 1856 (MDCCCLVI in nùmeri români) o l'é 'n ànno bizestîle do  XIX secolo.
1856,ligurian,template_boilerplate,Wikimedia Commons a contêgne di files in sce 1856
1857,ligurian,template_boilerplate,O 1857 (MDCCCLVII in nùmeri români) o l'é 'n ànno  do  XIX secolo.
1857,ligurian,template_boilerplate,Wikimedia Commons a contêgne di files in sce 1857
1858,ligurian,template_boilerplate,O 1858 (MDCCCLVIII in nùmeri români) o l'é 'n ànno  do  XIX secolo.
1858,ligurian,template_boilerplate,Wikimedia Commons a contêgne di files in sce 1858
1859,ligurian,template_boilerplate,O 1859 (MDCCCLIX in nùmeri români) o l'é 'n ànno  do  XIX secolo.
1859,ligurian,template_boilerplate,Wikimedia Commons a contêgne di files in sce 1859
185_a.C.,ligurian,template_boilerplate,C. (CLXXXV a. C. in nùmeri români) o l'é 'n ànno  do  II secolo a.
185_a.C.,ligurian,template_boilerplate,C. Wikimedia Commons a contêgne di files in sce 185 a.
186,ligurian,template_boilerplate,O 186 (CLXXXVI in nùmeri români) o l'é 'n ànno  do  II secolo.
186,ligurian,template_boilerplate,Wikimedia Commons a contêgne di files in sce 186
1860,ligurian,template_boilerplate,O 1860 (MDCCCLX in nùmeri români) o l'é 'n ànno bizestîle do  XIX secolo.
1860,ligurian,template_boilerplate,Wikimedia Commons a contêgne di files in sce 1860
1861,ligurian,template_boilerplate,O 1861 (MDCCCLXI in nùmeri români) o l'é 'n ànno  do  XIX secolo.
1861,ligurian,template_boilerplate,Wikimedia Commons a contêgne di files in sce 1861
1862,ligurian,template_boilerplate,O 1862 (MDCCCLXII in nùmeri români) o l'é 'n ànno  do  XIX secolo.
1862,ligurian,template_boilerplate,Wikimedia Commons a contêgne di files in sce 1862
1863,ligurian,template_boilerplate,O 1863 (MDCCCLXIII in nùmeri români) o l'é 'n ànno  do  XIX secolo.
1863,ligurian,template_boilerplate,Wikimedia Commons a contêgne di files in sce 1863
1864,ligurian,template_boilerplate,O 1864 (MDCCCLXIV in nùmeri români) o l'é 'n ànno bizestîle do  XIX secolo.
1864,ligurian,template_boilerplate,Wikimedia Commons a contêgne di files in sce 1864
1865,ligurian,template_boilerplate,O 1865 (MDCCCLXV in nùmeri români) o l'é 'n ànno  do  XIX secolo.
1865,ligurian,template_boilerplate,Wikimedia Commons a contêgne di files in sce 1865
1866,ligurian,template_boilerplate,O 1866 (MDCCCLXVI in nùmeri români) o l'é 'n ànno  do  XIX secolo.
1866,ligurian,template_boilerplate,Wikimedia Commons a contêgne di files in sce 1866
1867,ligurian,template_boilerplate,O 1867 (MDCCCLXVII in nùmeri români) o l'é 'n ànno  do  XIX secolo.
1867,ligurian,template_boilerplate,Wikimedia Commons a contêgne di files in sce 1867
1868,ligurian,template_boilerplate,O 1868 (MDCCCLXVIII in nùmeri români) o l'é 'n ànno bizestîle do  XIX secolo.
1868,ligurian,template_boilerplate,Wikimedia Commons a contêgne di files in sce 1868
1869,ligurian,template_boilerplate,O 1869 (MDCCCLXIX in nùmeri români) o l'é 'n ànno  do  XIX secolo.
1869,ligurian,template_boilerplate,Wikimedia Commons a contêgne di files in sce 1869
187,ligurian,template_boilerplate,O 187 (CLXXXVII in nùmeri români) o l'é 'n ànno  do  II secolo.
187,ligurian,template_boilerplate,Wikimedia Commons a contêgne di files in sce 187
1870,ligurian,template_boilerplate,O 1870 (MDCCCLXX in nùmeri români) o l'é 'n ànno  do  XIX secolo.
1870,ligurian,template_boilerplate,Wikimedia Commons a contêgne di files in sce 1870
1871,ligurian,template_boilerplate,O 1871 (MDCCCLXXI in nùmeri români) o l'é 'n ànno  do  XIX secolo.
1871,ligurian,template_boilerplate,Wikimedia Commons a contêgne di files in sce 1871
1872,ligurian,template_boilerplate,O 1872 (MDCCCLXXII in nùmeri români) o l'é 'n ànno bizestîle do  XIX secolo.
1872,ligurian,template_boilerplate,Wikimedia Commons a contêgne di files in sce 1872
1873,ligurian,template_boilerplate,O 1873 (MDCCCLXXIII in nùmeri români) o l'é 'n ànno  do  XIX secolo.
1873,ligurian,template_boilerplate,Wikimedia Commons a contêgne di files in sce 1873
1874,ligurian,template_boilerplate,O 1874 (MDCCCLXXIV in nùmeri români) o l'é 'n ànno  do  XIX secolo.
1874,ligurian,template_boilerplate,Wikimedia Commons a contêgne di files in sce 1874
1875,ligurian,template_boilerplate,O 1875 (MDCCCLXXV in nùmeri români) o l'é 'n ànno  do  XIX secolo.
1875,ligurian,template_boilerplate,Wikimedia Commons a contêgne di files in sce 1875
1876,ligurian,template_boilerplate,O 1876 (MDCCCLXXVI in nùmeri români) o l'é 'n ànno bizestîle do  XIX secolo.
1877,ligurian,template_boilerplate,O 1877 (MDCCCLXXVII in nùmeri români) o l'é 'n ànno  do  XIX secolo.
1877,ligurian,template_boilerplate,Wikimedia Commons a contêgne di files in sce 1877
1878,ligurian,template_boilerplate,O 1878 (MDCCCLXXVIII in nùmeri români) o l'é 'n ànno  do  XIX secolo.
1878,ligurian,template_boilerplate,Wikimedia Commons a contêgne di files in sce 1878
1879,ligurian,template_boilerplate,O 1879 (MDCCCLXXIX in nùmeri români) o l'é 'n ànno  do  XIX secolo.
1879,ligurian,template_boilerplate,Wikimedia Commons a contêgne di files in sce 1879
187_a.C.,ligurian,template_boilerplate,C. (CLXXXVII a. C. in nùmeri români) o l'é 'n ànno  do  II secolo a.
187_a.C.,ligurian,template_boilerplate,C. Wikimedia Commons a contêgne di files in sce 187 a.
188,ligurian,template_boilerplate,O 188 (CLXXXVIII in nùmeri români) o l'é 'n ànno bizestîle do  II secolo.
188,ligurian,template_boilerplate,Wikimedia Commons a contêgne di files in sce 188
1880,ligurian,template_boilerplate,O 1880 (MDCCCLXXX in nùmeri români) o l'é 'n ànno bizestîle do  XIX secolo.
1880,ligurian,template_boilerplate,Wikimedia Commons a contêgne di files in sce 1880
1881,ligurian,template_boilerplate,O 1881 (MDCCCLXXXI in nùmeri români) o l'é 'n ànno  do  XIX secolo.
1881,ligurian,template_boilerplate,Wikimedia Commons a contêgne di files in sce 1881
1882,ligurian,template_boilerplate,O 1882 (MDCCCLXXXII in nùmeri români) o l'é 'n ànno  do  XIX secolo.
1882,ligurian,template_boilerplate,Wikimedia Commons a contêgne di files in sce 1882
1883,ligurian,template_boilerplate,O 1883 (MDCCCLXXXIII in nùmeri români) o l'é 'n ànno  do  XIX secolo.
1883,ligurian,template_boilerplate,Wikimedia Commons a contêgne di files in sce 1883
1884,ligurian,template_boilerplate,O 1884 (MDCCCLXXXIV in nùmeri români) o l'é 'n ànno bizestîle do  XIX secolo.
1884,ligurian,template_boilerplate,Wikimedia Commons a contêgne di files in sce 1884
1885,ligurian,template_boilerplate,O 1885 (MDCCCLXXXV in nùmeri români) o l'é 'n ànno  do  XIX secolo.
1885,ligurian,template_boilerplate,Wikimedia Commons a contêgne di files in sce 1885
1886,ligurian,template_boilerplate,O 1886 (MDCCCLXXXVI in nùmeri români) o l'é 'n ànno  do  XIX secolo.
1886,ligurian,template_boilerplate,Wikimedia Commons a contêgne di files in sce 1886
1887,ligurian,template_boilerplate,O 1887 (MDCCCLXXXVII in nùmeri români) o l'é 'n ànno  do  XIX secolo.
1887,ligurian,template_boilerplate,Wikimedia Commons a contêgne di files in sce 1887
1888,ligurian,template_boilerplate,O 1888 (MDCCCLXXXVIII in nùmeri români) o l'é 'n ànno bizestîle do  XIX secolo.
1888,ligurian,template_boilerplate,Wikimedia Commons a contêgne di files in sce 1888
1889,ligurian,template_boilerplate,O 1889 (MDCCCLXXXIX in nùmeri români) o l'é 'n ànno  do  XIX secolo.
1889,ligurian,template_boilerplate,Wikimedia Commons a contêgne di files in sce 1889
189,ligurian,template_boilerplate,O 189 (CLXXXIX in nùmeri români) o l'é 'n ànno  do  II secolo.
189,ligurian,template_boilerplate,Wikimedia Commons a contêgne di files in sce 189
1890,ligurian,template_boilerplate,O 1890 (MDCCCXC in nùmeri români) o l'é 'n ànno  do  XIX secolo.
1890,ligurian,template_boilerplate,Wikimedia Commons a contêgne di files in sce 1890
1891,ligurian,template_boilerplate,O 1891 (MDCCCXCI in nùmeri români) o l'é 'n ànno  do  XIX secolo.
1891,ligurian,template_boilerplate,Wikimedia Commons a contêgne di files in sce 1891
1892,ligurian,template_boilerplate,O 1892 (MDCCCXCII in nùmeri români) o l'é 'n ànno bizestîle do  XIX secolo.
1892,ligurian,template_boilerplate,Wikimedia Commons a contêgne di files in sce 1892
1893,ligurian,template_boilerplate,O 1893 (MDCCCXCIII in nùmeri români) o l'é 'n ànno  do  XIX secolo.
1893,ligurian,template_boilerplate,Wikimedia Commons a contêgne di files in sce 1893
1894,ligurian,template_boilerplate,O 1894 (MDCCCXCIV in nùmeri români) o l'é 'n ànno  do  XIX secolo.
1894,ligurian,template_boilerplate,Wikimedia Commons a contêgne di files in sce 1894
1895,ligurian,template_boilerplate,O 1895 (MDCCCXCV in nùmeri români) o l'é 'n ànno  do  XIX secolo.
1895,ligurian,template_boilerplate,Wikimedia Commons a contêgne di files in sce 1895
1896,ligurian,template_boilerplate,O 1896 (MDCCCXCVI in nùmeri români) o l'é 'n ànno bizestîle do  XIX secolo.
1896,ligurian,template_boilerplate,Wikimedia Commons a contêgne di files in sce 1896
1897,ligurian,template_boilerplate,O 1897 (MDCCCXCVII in nùmeri români) o l'é 'n ànno  do  XIX secolo.
1897,ligurian,template_boilerplate,Wikimedia Commons a contêgne di files in sce 1897
1898,ligurian,template_boilerplate,O 1898 (MDCCCXCVIII in nùmeri români) o l'é 'n ànno  do  XIX secolo.
1898,ligurian,template_boilerplate,Wikimedia Commons a contêgne di files in sce 1898
1899,ligurian,template_boilerplate,O 1899 (MDCCCXCIX in nùmeri români) o l'é 'n ànno  do  XIX secolo.
189_a.C.,ligurian,template_boilerplate,C. (CLXXXIX a. C. in nùmeri români) o l'é 'n ànno  do  II secolo a.
189_a.C.,ligurian,template_boilerplate,C. Wikimedia Commons a contêgne di files in sce 189 a.
18_a.C.,ligurian,template_boilerplate,C. (XVIII a. C. in nùmeri români) o l'é 'n ànno  do  I secolo a.
18_a.C.,ligurian,template_boilerplate,C. Wikimedia Commons a contêgne di files in sce 18 a.
18_agosto,ligurian,template_boilerplate,O 18 agosto o l'é o 230° giórno de l'ànno (231° inti ànni bizestîli) segondo o Lûnäio Gregorian.
18_agosto,ligurian,template_boilerplate,Màncan 135 giórni a-a fin de l'ànno.
18_agosto,ligurian,template_boilerplate,Wikimedia Commons a contêgne di files in sce 18 agosto
18_arvî,ligurian,template_boilerplate,O 18 arvî o l'é o 108° giórno de l'ànno (109° inti ànni bizestîli) segondo o Lûnäio Gregorian.
18_arvî,ligurian,template_boilerplate,Màncan 257 giórni a-a fin de l'ànno.
18_arvî,ligurian,template_boilerplate,Wikimedia Commons a contêgne di files in sce 18 arvî
18_dexénbre,ligurian,template_boilerplate,O 18 dexénbre o l'é o 351° giórno de l'ànno (352° inti ànni bizestîli) segondo o Lûnäio Gregorian.
18_dexénbre,ligurian,template_boilerplate,Màncan 13 giórni a-a fin de l'ànno.
18_dexénbre,ligurian,template_boilerplate,Wikimedia Commons a contêgne di files in sce 18 dexénbre
18_frevâ,ligurian,template_boilerplate,O 18 frevâ o l'é o 49° giórno de l'ànno segondo o Lûnäio Gregorian.
18_frevâ,ligurian,template_boilerplate,Mancan 316 giórni a-a fin de l'ànno (317 inti ànni bizestîli) Wikimedia Commons a contêgne di files in sce 18 frevâ
18_lûggio,ligurian,template_boilerplate,O 18 lûggio o l'é o 199° giórno de l'ànno (200° inti ànni bizestîli) segondo o Lûnäio Gregorian.
18_lûggio,ligurian,template_boilerplate,Màncan 166 giórni a-a fin de l'ànno.
18_lûggio,ligurian,template_boilerplate,Wikimedia Commons a contêgne di files in sce 18 lûggio
18_marso,ligurian,template_boilerplate,O 18 marso o l'é o 77° giórno de l'ànno (78° inti ànni bizestîli) segondo o Lûnäio Gregorian.
18_marso,ligurian,template_boilerplate,Mancân 288 giórni a-a fin de l'ànno.
18_marso,ligurian,template_boilerplate,Wikimedia Commons a contêgne di files in sce 18 marso
18_mazzo,ligurian,template_boilerplate,O 18 mazzo o l'é o 138° giórno de l'ànno (139° inti ànni bizestîli) segondo o Lûnäio Gregorian.
18_mazzo,ligurian,template_boilerplate,Màncan 227 giórni a-a fin de l'ànno.
18_mazzo,ligurian,template_boilerplate,Wikimedia Commons a contêgne di files in sce 18 mazzo
18_novénbre,ligurian,template_boilerplate,O 18 novénbre o l'é o 322° giórno de l'ànno (323° inti ànni bizestîli) segondo o Lûnäio Gregorian.
18_novénbre,ligurian,template_boilerplate,Màncan 43 giórni a-a fin de l'ànno.
18_novénbre,ligurian,template_boilerplate,Wikimedia Commons a contêgne di files in sce 18 novénbre
18_seténbre,ligurian,template_boilerplate,O 18 seténbre o l'é o 261° giórno de l'ànno (262° inti ànni bizestîli) segondo o Lûnäio Gregorian.
18_seténbre,ligurian,template_boilerplate,Màncan 104 giórni a-a fin de l'ànno.
18_seténbre,ligurian,template_boilerplate,Wikimedia Commons a contêgne di files in sce 18 seténbre
18_zenâ,ligurian,template_boilerplate,O 18 zenâ o l'é o 18° giórno de l'ànno segondo o Lûnäio Gregorian.
18_zenâ,ligurian,template_boilerplate,Mancan 347 giórni a-a fin de l'ànno (348 inti ànni bizestîli) Wikimedia Commons a contêgne di files in sce 18 zenâ
18_zûgno,ligurian,template_boilerplate,O 18 zûgno o l'é o 169° giórno de l'ànno (170° inti ànni bizestîli) segondo o Lûnäio Gregorian.
18_zûgno,ligurian,template_boilerplate,Màncan 196 giórni a-a fin de l'ànno.
18_zûgno,ligurian,template_boilerplate,Wikimedia Commons a contêgne di files in sce 18 zûgno
18_òtôbre,ligurian,template_boilerplate,O 18 òtôbre o l'é o 291° giórno de l'ànno (292° inti ànni bizestîli) segondo o Lûnäio Gregorian.
18_òtôbre,ligurian,template_boilerplate,Màncan 74 giórni a-a fin de l'ànno.
18_òtôbre,ligurian,template_boilerplate,Wikimedia Commons a contêgne di files in sce 18 òtôbre
19,ligurian,template_boilerplate,O 19 (XIX in nùmeri români) o l'é 'n ànno  do  I secolo.
19,ligurian,template_boilerplate,Wikimedia Commons a contêgne di files in sce 19
190,ligurian,template_boilerplate,O 190 (CXC in nùmeri români) o l'é 'n ànno  do  II secolo.
190,ligurian,template_boilerplate,Wikimedia Commons a contêgne di files in sce 190
1900,ligurian,template_boilerplate,O 1900 (MCM in nùmeri români) o l'é 'n ànno  do  XIX secolo.
1901,ligurian,template_boilerplate,O 1901 (MCMI in nùmeri români) o l'é 'n ànno  do  XX secolo.
1902,ligurian,template_boilerplate,O 1902 (MCMII in nùmeri români) o l'é 'n ànno  do  XX secolo.
1903,ligurian,template_boilerplate,O 1903 (MCMIII in nùmeri români) o l'é 'n ànno  do  XX secolo.
1903,ligurian,template_boilerplate,- Boston - Coppa Davis 1903.
1904,ligurian,template_boilerplate,O 1904 (MCMIV in nùmeri români) o l'é 'n ànno bizestîle do  XX secolo.
1905,ligurian,template_boilerplate,O 1905 (MCMV in nùmeri români) o l'é 'n ànno  do  XX secolo.
1906,ligurian,template_boilerplate,O 1906 (MCMVI in nùmeri români) o l'é 'n ànno  do  XX secolo.
1907,ligurian,template_boilerplate,O 1907 (MCMVII in nùmeri români) o l'é 'n ànno  do  XX secolo.
1907,ligurian,template_boilerplate,- Londra - Coppa Davis 1907.
1908,ligurian,template_boilerplate,O 1908 (MCMVIII in nùmeri români) o l'é 'n ànno bizestîle do  XX secolo.
1908,ligurian,template_boilerplate,Melbourne - Coppa Davis 1908.
1909,ligurian,template_boilerplate,O 1909 (MCMIX in nùmeri români) o l'é 'n ànno  do  XX secolo.
1909,ligurian,template_boilerplate,- Sydney - Coppa Davis 1909.
191,ligurian,template_boilerplate,O 191 (CXCI in nùmeri români) o l'é 'n ànno  do  II secolo.
191,ligurian,template_boilerplate,Wikimedia Commons a contêgne di files in sce 191
1910,ligurian,template_boilerplate,O 1910 (MCMX in nùmeri români) o l'é 'n ànno  do  XX secolo.
1911,ligurian,template_boilerplate,O 1911 (MCMXI in nùmeri români) o l'é 'n ànno  do  XX secolo.
1911,ligurian,template_boilerplate,- Christchurch (Neuva Zelanda) - Coppa Davis 1911.
1912,ligurian,template_boilerplate,O 1912 (MCMXII in nùmeri români) o l'é 'n ànno bizestîle do  XX secolo.
1912,ligurian,template_boilerplate,- Melbourne - Coppa Davis 1912.
1913,ligurian,template_boilerplate,O 1913 (MCMXIII in nùmeri români) o l'é 'n ànno  do  XX secolo.
1913,ligurian,template_boilerplate,London - Coppa Davis 1913.
1914,ligurian,template_boilerplate,O 1914 (MCMXIV in nùmeri români) o l'é 'n ànno  do  XX secolo.
1914,ligurian,template_boilerplate,- Neuva York - Coppa Davis 1914.
1915,ligurian,template_boilerplate,O 1915 (MCMXV in nùmeri români) o l'é 'n ànno  do  XX secolo.
1916,ligurian,template_boilerplate,O 1916 (MCMXVI in nùmeri români) o l'é 'n ànno bizestîle do  XX secolo.
1917,ligurian,template_boilerplate,O 1917 (MCMXVII in nùmeri români) o l'é 'n ànno  do  XX secolo.
1918,ligurian,template_boilerplate,O 1918 (MCMXVIII in nùmeri români) o l'é 'n ànno  do  XX secolo.
1919,ligurian,template_boilerplate,O 1919 (MCMXIX in nùmeri români) o l'é 'n ànno  do  XX secolo.
1919,ligurian,template_boilerplate,- Sydney - Coppa Davis 1919.
192,ligurian,template_boilerplate,O 192 (CXCII in nùmeri români) o l'é 'n ànno bizestîle do  II secolo.
192,ligurian,template_boilerplate,Wikimedia Commons a contêgne di files in sce 192
1920,ligurian,template_boilerplate,O 1920 (MCMXX in nùmeri români) o l'é 'n ànno bizestîle do  XX secolo.
1920,ligurian,template_boilerplate,- Auckland - Coppa Davis 1920.
1921,ligurian,template_boilerplate,O 1921 (MCMXXI in nùmeri români) o l'é 'n ànno  do  XX secolo.
1921,ligurian,template_boilerplate,Neuva York - Coppa Davis 1921.
1922,ligurian,template_boilerplate,O 1922 (MCMXXII in nùmeri români) o l'é 'n ànno  do  XX secolo.
1922,ligurian,template_boilerplate,- Neuva York - Coppa Davis 1922.
1923,ligurian,template_boilerplate,O 1923 (MCMXXIII in nùmeri români) o l'é 'n ànno  do  XX secolo.
1923,ligurian,template_boilerplate,- Neuva York - Coppa Davis 1923.
1924,ligurian,template_boilerplate,O 1924 (MCMXXIV in nùmeri români) o l'é 'n ànno bizestîle do  XX secolo.
1924,ligurian,template_boilerplate,- Philadelphia - Coppa Davis 1924.
1925,ligurian,template_boilerplate,O 1925 (MCMXXV in nùmeri români) o l'é 'n ànno  do  XX secolo.
1925,ligurian,template_boilerplate,- Philadelphia - Coppa Davis 1925.
1926,ligurian,template_boilerplate,O 1926 (MCMXXVI in nùmeri români) o l'é 'n ànno  do  XX secolo.
1926,ligurian,template_boilerplate,- Philadelphia - Coppa Davis 1926.
1927,ligurian,template_boilerplate,O 1927 (MCMXXVII in nùmeri români) o l'é 'n ànno  do  XX secolo.
1927,ligurian,template_boilerplate,- Philadelphia - Coppa Davis 1927.
1928,ligurian,template_boilerplate,O 1928 (MCMXXVIII in nùmeri români) o l'é 'n ànno bizestîle do  XX secolo.
1928,ligurian,template_boilerplate,- Pariggi - Coppa Davis 1928.
1929,ligurian,template_boilerplate,O 1929 (MCMXXIX in nùmeri români) o l'é 'n ànno  do  XX secolo.
1929,ligurian,template_boilerplate,- Pariggi - Coppa Davis 1929.
193,ligurian,template_boilerplate,O 193 (CXCIII in nùmeri români) o l'é 'n ànno  do  II secolo.
193,ligurian,template_boilerplate,Wikimedia Commons a contêgne di files in sce 193
1930,ligurian,template_boilerplate,O 1930 (MCMXXX in nùmeri români) o l'é 'n ànno  do  XX secolo.
1930,ligurian,template_boilerplate,- Canpionòu de Serie A 1929-1930 - Ambrosiana - Luigi Marchisio o goâgna o Gîo d'Italia 1930.
1930,ligurian,template_boilerplate,- Pariggi - Coppa Davis 1930.
1931,ligurian,template_boilerplate,O 1931 (MCMXXXI in nùmeri români) o l'é 'n ànno  do  XX secolo.
1931,ligurian,template_boilerplate,Canpionòu de Serie A 1930-1931 - Juventus Francesco Camusso o goâgna o Gîo d'Italia 1931.
1931,ligurian,template_boilerplate,Pariggi - Coppa Davis 1931.
1932,ligurian,template_boilerplate,O 1932 (MCMXXXII in nùmeri români) o l'é 'n ànno bizestîle do  XX secolo.
1932,ligurian,template_boilerplate,Canpionòu de Serie A 1931-1932 - Juventus Antonio Pesenti o goâgna o Gîo d'Italia 1932.
1932,ligurian,template_boilerplate,Pariggi - Coppa Davis 1932.
1933,ligurian,template_boilerplate,O 1933 (MCMXXXIII in nùmeri români) o l'é 'n ànno  do  XX secolo.
1933,ligurian,template_boilerplate,Canpionòu de Serie A 1932-1933 - Juventus Alfredo Binda o goâgna o Gîo d'Italia 1933.
1933,ligurian,template_boilerplate,Pariggi - Coppa Davis 1933.
1934,ligurian,template_boilerplate,O 1934 (MCMXXXIV in nùmeri români) o l'é 'n ànno  do  XX secolo.
1934,ligurian,template_boilerplate,- Canpionòu de Serie A 1933-1934 - Juventus - Learco Guerra o goâgna o Gîo d'Italia 1934.
1934,ligurian,template_boilerplate,- Italia - Mondiâle de balón 1934.
1935,ligurian,template_boilerplate,O 1935 (MCMXXXV in nùmeri români) o l'é 'n ànno  do  XX secolo.
1935,ligurian,template_boilerplate,- Canpionòu de Serie A 1934-1935 - Juventus - Vasco Bergamaschi o goâgna o Gîo d'Italia 1935.
1935,ligurian,template_boilerplate,- Londra - Coppa Davis 1935.
1936,ligurian,template_boilerplate,O 1936 (MCMXXXVI in nùmeri români) o l'é 'n ànno bizestîle do  XX secolo.
1936,ligurian,template_boilerplate,Canpionòu de Serie A 1935-1936 - Bologna Gino Bartali o goâgna o Gîo d'Italia 1936.
1936,ligurian,template_boilerplate,Londra - Coppa Davis 1936.
1937,ligurian,template_boilerplate,O 1937 (MCMXXXVII in nùmeri români) o l'é 'n ànno  do  XX secolo.
1937,ligurian,template_boilerplate,- Canpionòu de Serie A 1936-1937 - Bologna - Gino Bartali o goâgna o Gîo d'Italia 1937.
1937,ligurian,template_boilerplate,- Londra - Coppa Davis 1937.
1938,ligurian,template_boilerplate,O 1938 (MCMXXXVIII in nùmeri români) o l'é 'n ànno  do  XX secolo.
1938,ligurian,template_boilerplate,- Fransa - Mondiâle de balón 1938.
1939,ligurian,template_boilerplate,O 1939 (MCMXXXIX in nùmeri români) o l'é 'n ànno  do  XX secolo.
1939,ligurian,template_boilerplate,- Canpionòu de Serie A 1938-1939 - Bologna - Giovanni Valletti o goâgna o Gîo d'Italia 1939.
1939,ligurian,template_boilerplate,- Haverford (USA) - Coppa Davis 1939.
194,ligurian,template_boilerplate,O 194 (CXCIV in nùmeri români) o l'é 'n ànno  do  II secolo.
194,ligurian,template_boilerplate,Wikimedia Commons a contêgne di files in sce 194
1940,ligurian,template_boilerplate,O 1940 (MCMXL in nùmeri români) o l'é 'n ànno bizestîle do  XX secolo.
1941,ligurian,template_boilerplate,O 1941 (MCMXLI in nùmeri români) o l'é 'n ànno  do  XX secolo.
1941,ligurian,template_boilerplate,Wikimedia Commons a contêgne di files in sce 1941
1942,ligurian,template_boilerplate,O 1942 (MCMXLII in nùmeri români) o l'é 'n ànno  do  XX secolo.
1942,ligurian,template_boilerplate,Wikimedia Commons a contêgne di files in sce 1942
1943,ligurian,template_boilerplate,O 1943 (MCMXLIII in nùmeri români) o l'é 'n ànno  do  XX secolo.
1944,ligurian,template_boilerplate,O 1944 (MCMXLIV in nùmeri români) o l'é 'n ànno bizestîle do  XX secolo.
1945,ligurian,template_boilerplate,O 1945 (MCMXLV in nùmeri români) o l'é 'n ànno  do  XX secolo.
1946,ligurian,template_boilerplate,O 1946 (MCMXLVI in nùmeri români) o l'é 'n ànno  do  XX secolo.
1946,ligurian,template_boilerplate,-Melbourne - Coppa Davis 1946.
1947,ligurian,template_boilerplate,O 1947 (MCMXLVII in nùmeri români) o l'é 'n ànno  do  XX secolo.
1947,ligurian,template_boilerplate,- Canpionòu de Serie A 1946-1947 - Torino - Fausto Coppi o goâgna o Gîo d'Italia 1947.
1947,ligurian,template_boilerplate,- Neuva York - Coppa Davis 1947.
1948,ligurian,template_boilerplate,O 1948 (MCMXLVIII in nùmeri români) o l'é 'n ànno bizestîle do  XX secolo.
1949,ligurian,template_boilerplate,O 1949 (MCMXLIX in nùmeri români) o l'é 'n ànno  do  XX secolo.
194_a.C.,ligurian,template_boilerplate,C. (CXCIV a. C. in nùmeri români) o l'é 'n ànno  do  II secolo a.
194_a.C.,ligurian,template_boilerplate,C. Wikimedia Commons a contêgne di files in sce 194 a.
195,ligurian,template_boilerplate,O 195 (CXCV in nùmeri români) o l'é 'n ànno  do  II secolo.
195,ligurian,template_boilerplate,Wikimedia Commons a contêgne di files in sce 195
1950,ligurian,template_boilerplate,O 1950 (MCML in nùmeri români) o l'é 'n ànno  do  XX secolo.
1950,ligurian,template_boilerplate,- Canpionòu de Serie A 1949-1950 - Juventus - Hugo Koblet o goâgna o Gîo d'Italia 1950.
1950,ligurian,template_boilerplate,- Brasile - Mondiâle de balón 1950.
1951,ligurian,template_boilerplate,O 1951 (MCMLI in nùmeri români) o l'é 'n ànno  do  XX secolo.
1951,ligurian,template_boilerplate,- Canpionòu de Serie A 1950-1951 - Milan - Fiorenzo Magni o goâgna o Gîo d'Italia 1951.
1951,ligurian,template_boilerplate,-  Sidney - Coppa Davis 1951.
1952,ligurian,template_boilerplate,O 1952 (MCMLII in nùmeri români) o l'é 'n ànno bizestîle do  XX secolo.
1952,ligurian,template_boilerplate,Canpionòu de Serie A 1951-1952 - Juventus Fausto Coppi o goâgna o Gîo d'Italia 1952.
1953,ligurian,template_boilerplate,O 1953 (MCMLIII in nùmeri români) o l'é 'n ànno  do  XX secolo.
1953,ligurian,template_boilerplate,Canpionòu de Serie A 1952-1953 - Inter Fausto Coppi o goâgna o Gîo d'Italia 1953.
1954,ligurian,template_boilerplate,O 1954 (MCMLIV in nùmeri români) o l'é 'n ànno  do  XX secolo.
1954,ligurian,template_boilerplate,- Canpionòu de Serie A 1953-1954 - Inter - Carlo Clerici o goâgna o Gîo d'Italia 1954.
1955,ligurian,template_boilerplate,O 1955 (MCMLV in nùmeri români) o l'é 'n ànno  do  XX secolo.
1955,ligurian,template_boilerplate,- Canpionòu de Serie A 1954-1955 - Milan - Fiorenzo Magni o goâgna o Gîo d'Italia 1955.
1956,ligurian,template_boilerplate,O 1956 (MCMLVI in nùmeri români) o l'é 'n ànno bizestîle do  XX secolo.
1956,ligurian,template_boilerplate,Canpionòu de Serie A 1955-1956 - Fiorentina Charly Gaul o goâgna o Gîo d'Italia 1956.
1956,ligurian,template_boilerplate,Adelaide -  Coppa Davis 1956.
1957,ligurian,template_boilerplate,O 1957 (MCMLVII in nùmeri români) o l'é 'n ànno  do  XX secolo.
1957,ligurian,template_boilerplate,- Canpionòu de Serie A 1956-1957 - Milan - Gastone Nencini o goâgna o Gîo d'Italia 1957.
1958,ligurian,template_boilerplate,O 1958 (MCMLVIII in nùmeri români) o l'é 'n ànno  do  XX secolo.
1958,ligurian,template_boilerplate,- Canpionòu de Serie A 1957-1958 - Juventus - Ercole Baldini o goâgna o Gîo d'Italia 1958.
1958,ligurian,template_boilerplate,- Svéçia - Mondiâle de balón 1958.
1959,ligurian,template_boilerplate,O 1959 (MCMLIX in nùmeri români) o l'é 'n ànno  do  XX secolo.
1959,ligurian,template_boilerplate,Canpionòu de Serie A 1958-1959 - Milan Charly Gaul o goâgna o Gîo d'Italia 1959.
195_a.C.,ligurian,template_boilerplate,C. (CXCV a. C. in nùmeri români) o l'é 'n ànno  do  II secolo a.
195_a.C.,ligurian,template_boilerplate,C. Wikimedia Commons a contêgne di files in sce 195 a.
196,ligurian,template_boilerplate,O 196 (CXCVI in nùmeri români) o l'é 'n ànno bizestîle do  II secolo.
196,ligurian,template_boilerplate,Wikimedia Commons a contêgne di files in sce 196
1960,ligurian,template_boilerplate,O 1960 (MCMLX in nùmeri români) o l'é 'n ànno bizestîle do  XX secolo.
1960,ligurian,template_boilerplate,- Canpionòu de Serie A 1959-1960 - Juventus - Jacques Anquetil o goâgna o Gîo d'Italia 1960.
1960,ligurian,template_boilerplate,Vincitô: Australia - Squaw Valley (USA).
1961,ligurian,template_boilerplate,O 1961 (MCMLXI in nùmeri români) o l'é 'n ànno  do  XX secolo.
1961,ligurian,template_boilerplate,- Canpionòu de Serie A 1960-1961 - Juventus - Arnaldo Pambianco o goâgna o Gîo d'Italia 1961.
1961,ligurian,template_boilerplate,- Melbourne - Coppa Davis 1961.
1962,ligurian,template_boilerplate,O 1962 (MCMLXII in nùmeri români) o l'é 'n ànno  do  XX secolo.
1962,ligurian,template_boilerplate,- Cile - Mondiâle de balón 1962.
1963,ligurian,template_boilerplate,O 1963 (MCMLXIII in nùmeri români) o l'é 'n ànno  do  XX secolo.
1963,ligurian,template_boilerplate,- Canpionòu de Serie A 1962-1963 - Inter - Franco Balmamion o goâgna o Gîo d'Italia 1963.
1963,ligurian,template_boilerplate,- Adelaide - Coppa Davis 1963.
1964,ligurian,template_boilerplate,O 1964 (MCMLXIV in nùmeri români) o l'é 'n ànno bizestîle do  XX secolo.
1964,ligurian,template_boilerplate,Canpionòu de Serie A 1963-1964 - Bologna Jacques Anquetil o goâgna o Gîo d'Italia 1964.
1964,ligurian,template_boilerplate,Cleveland - Coppa Davis 1964.
1965,ligurian,template_boilerplate,O 1965 (MCMLXV in nùmeri români) o l'é 'n ànno  do  XX secolo.
1965,ligurian,template_boilerplate,- Canpionòu de Serie A 1964-1965 - Inter - Vittorio Adorni o goâgna o Gîo d'Italia 1965.
1965,ligurian,template_boilerplate,- Sidney - Coppa Davis 1965.
1966,ligurian,template_boilerplate,O 1966 (MCMLXVI in nùmeri români) o l'é 'n ànno  do  XX secolo.
1966,ligurian,template_boilerplate,Canpionòu de Serie A 1965-1966 - Inter Gianni Motta o goâgna o Gîo d'Italia 1966.
1966,ligurian,template_boilerplate,Inghiltæra - Mondiâle de balón 1966.
1967,ligurian,template_boilerplate,O 1967 (MCMLXVII in nùmeri români) o l'é 'n ànno  do  XX secolo.
1967,ligurian,template_boilerplate,- Canpionòu de Serie A 1966-1967 - Juventus - Felice Gimondi o goâgna o Gîo d'Italia 1967.
1967,ligurian,template_boilerplate,- Brisbane - Coppa Davis 1967.
1968,ligurian,template_boilerplate,O 1968 (MCMLXVIII in nùmeri români) o l'é 'n ànno bizestîle do  XX secolo.
1968,ligurian,template_boilerplate,- Canpionòu de Serie A 1967-1968 - Milan - Eddy Merckx o goâgna o Gîo d'Italia 1968.
1968,ligurian,template_boilerplate,- Adelaide - Coppa Davis 1968.
1969,ligurian,template_boilerplate,O 1969 (MCMLXIX in nùmeri români) o l'é 'n ànno  do  XX secolo.
1969,ligurian,template_boilerplate,- Canpionòu de Serie A 1968-1969 - Fiorentina - Felice Gimondi o goâgna o Gîo d'Italia 1969.
1969,ligurian,template_boilerplate,- Cleveland - Coppa Davis 1969.
196_a.C.,ligurian,template_boilerplate,C. (CXCVI a. C. in nùmeri români) o l'é 'n ànno  do  II secolo a.
196_a.C.,ligurian,template_boilerplate,C. Wikimedia Commons a contêgne di files in sce 196 a.
197,ligurian,template_boilerplate,O 197 (CXCVII in nùmeri români) o l'é 'n ànno  do  II secolo.
197,ligurian,template_boilerplate,Wikimedia Commons a contêgne di files in sce 197
1970,ligurian,template_boilerplate,O 1970 (MCMLXX in nùmeri români) o l'é 'n ànno  do  XX secolo.
1970,ligurian,template_boilerplate,Méscico - Mondiâle de balón 1970.
1971,ligurian,template_boilerplate,O 1971 (MCMLXXI in nùmeri români) o l'é 'n ànno  do  XX secolo.
1971,ligurian,template_boilerplate,- Canpionòu de Serie A 1970-1971 - Inter - Gösta Pettersson o goâgna o Gîo d'Italia 1971.
1971,ligurian,template_boilerplate,- Charlotte (USA) - Coppa Davis 1971.
1971,ligurian,template_boilerplate,Vincitô: Stati Unïi d'America - Formula 1 (1971) - Vincitô: Jackie Stewart sôvia Tyrrell Prémio Nobel pe-a pâxe:  [[]] Prémio Nobel pe-a letiatûa:  [[]] Prémio Nobel pe-a meixìnn-a:  [[]] Prémio Nobel pe-a fìxica:  [[]] Prémio Nobel pe-a chìmica:  [[]] Prémio Nobel pe l'economîa:  [[]] Wikimedia Commons a contêgne di files in sce 1971
1972,ligurian,template_boilerplate,O 1972 (MCMLXXII in nùmeri români) o l'é 'n ànno bizestîle do  XX secolo.
1972,ligurian,template_boilerplate,- Canpionòu de Serie A 1971-1972 - Juventus - Eddy Merckx o goâgna o Gîo d'Italia 1972.
1972,ligurian,template_boilerplate,- Bucarest - Coppa Davis 1972.
1972,ligurian,template_boilerplate,Vincitô: Stati Unïi d'America - Formula 1 (1972) - Vincitô: Emerson Fittipaldi sôvia Lotus Prémio Nobel pe-a pâxe: [[]] Prémio Nobel pe-a letiatûa: [[]] Prémio Nobel pe-a meixìnn-a: [[]] Prémio Nobel pe-a fìxica: [[]] Prémio Nobel pe-a chìmica: [[]] Prémio Nobel pe l'economîa: [[]] Wikimedia Commons a contêgne di files in sce 1972
1973,ligurian,template_boilerplate,O 1973 (MCMLXXIII in nùmeri români) o l'é 'n ànno  do  XX secolo.
1973,ligurian,template_boilerplate,Canpionòu de Serie A 1972-1973 - Juventus Eddy Merckx o goâgna o Gîo d'Italia 1973.
1973,ligurian,template_boilerplate,Cleveland - Coppa Davis 1973.
1973,ligurian,template_boilerplate,Vincitô: Australia Formula 1 (1973) - Vincitô: Jackie Stewart sôvia Tyrrell Prémio Nobel pe-a pâxe: [[]] Prémio Nobel pe-a letiatûa: [[]] Prémio Nobel pe-a meixìnn-a: [[]] Prémio Nobel pe-a fìxica: [[]] Prémio Nobel pe-a chìmica: [[]] Prémio Nobel pe l'economîa: [[]] Wikimedia Commons a contêgne di files in sce 1973
1974,ligurian,template_boilerplate,O 1974 (MCMLXXIV in nùmeri români) o l'é 'n ànno  do  XX secolo.
1975,ligurian,template_boilerplate,O 1975 (MCMLXXV in nùmeri români) o l'é 'n ànno  do  XX secolo.
1975,ligurian,template_boilerplate,- Canpionòu de Serie A 1974-1975 - Juventus -  Fausto Bertoglio o goâgna o Gîo d'Italia 1975.
1975,ligurian,template_boilerplate,- Stoccolma - Coppa Davis 1975.
1976,ligurian,template_boilerplate,O 1976 (MCMLXXVI in nùmeri români) o l'é 'n ànno bizestîle do  XX secolo.
1976,ligurian,template_boilerplate,Canpionòu de Serie A 1975-1976 - Torìn Felice Gimondi o goâgna o Gîo d'Italia 1976.
1976,ligurian,template_boilerplate,Vincitô: Italia Formula 1 (1976) - Vincitô: James Hunt sôvia McLaren Prémio Nobel pe-a pâxe:  [[]] Prémio Nobel pe-a letiatûa:  [[]] Prémio Nobel pe-a meixìnn-a:  [[]] Prémio Nobel pe-a fìxica:  [[]] Prémio Nobel pe-a chìmica:  [[]] Prémio Nobel pe l'economîa:  [[]] Wikimedia Commons a contêgne di files in sce 1976
1977,ligurian,template_boilerplate,O 1977 (MCMLXXVII in nùmeri români) o l'é 'n ànno  do  XX secolo.
1977,ligurian,template_boilerplate,Goære Stellæ (Star Wars) - (USA).
1977,ligurian,template_boilerplate,- Canpionòu de Serie A 1976-1977 - Juventus - Michel Pollentier o goâgna o Gîo d'Italia 1977.
1977,ligurian,template_boilerplate,- Sydney - Coppa Davis 1977.
1977,ligurian,template_boilerplate,Vincitô: Australia - Formula 1 (1977) - Vincitô: Niki Lauda sôvia Ferrari Prémio Nobel pe-a pâxe: [[]] Prémio Nobel pe-a letiatûa: [[]] Prémio Nobel pe-a meixìnn-a: [[]] Prémio Nobel pe-a fìxica: [[]] Prémio Nobel pe-a chìmica: [[]] Prémio Nobel pe l'economîa: [[]] Wikimedia Commons a contêgne di files in sce 1977
1978,ligurian,template_boilerplate,O 1978 (MCMLXXVIII in nùmeri români) o l'é 'n ànno  do  XX secolo.
1978,ligurian,template_boilerplate,Vincitô: Stati Unïi d'America - Formula 1 (1978) - Vincitô: Mario Andretti sôvia Lotus Prémio Nobel pe-a pâxe: [[]] Prémio Nobel pe-a letiatûa: [[]] Prémio Nobel pe-a meixìnn-a: [[]] Prémio Nobel pe-a fìxica: [[]] Prémio Nobel pe-a chìmica: [[]] Prémio Nobel pe l'economîa: [[]] Wikimedia Commons a contêgne di files in sce 1978
1979,ligurian,template_boilerplate,O 1979 (MCMLXXIX in nùmeri români) o l'é 'n ànno  do  XX secolo.
1979,ligurian,template_boilerplate,Canpionòu de Serie A 1978-1979 - Milan Giuseppe Saronni o goâgna o Gîo d'Italia 1979.
1979,ligurian,template_boilerplate,San Francisco - Coppa Davis 1979.
1979,ligurian,template_boilerplate,Vincitô: Stati Unïi d'America Formula 1 (1979) - Vincitô: Jody Scheckter sôvia Ferrari Prémio Nobel pe-a pâxe:  [[]] Prémio Nobel pe-a letiatûa:  [[]] Prémio Nobel pe-a meixìnn-a:  [[]] Prémio Nobel pe-a fìxica:  [[]] Prémio Nobel pe-a chìmica:  [[]] Prémio Nobel pe l'economîa:  [[]] Wikimedia Commons a contêgne di files in sce 1979
197_a.C.,ligurian,template_boilerplate,C. (CXCVII a. C. in nùmeri români) o l'é 'n ànno  do  II secolo a.
197_a.C.,ligurian,template_boilerplate,C. Wikimedia Commons a contêgne di files in sce 197 a.
1980,ligurian,template_boilerplate,O 1980 (MCMLXXX in nùmeri români) o l'é 'n ànno bizestîle do  XX secolo.
1980,ligurian,template_boilerplate,- Canpionòu de Serie A 1979-1980 - Inter - Bernard Hinault o goâgna o Gîo d'Italia 1980.
1980,ligurian,template_boilerplate,- Praga - Coppa Davis 1980.
1980,ligurian,template_boilerplate,Vincitô: Cecoslovacchia - Formula 1 (1980) - Vincitô: Alan Jones sôvia Williams Prémio Nobel pe-a pâxe:  [[]] Prémio Nobel pe-a letiatûa:  [[]] Prémio Nobel pe-a meixìnn-a:  [[]] Prémio Nobel pe-a fìxica:  [[]] Prémio Nobel pe-a chìmica:  [[]] Prémio Nobel pe l'economîa:  [[]] Wikimedia Commons a contêgne di files in sce 1980
1981,ligurian,template_boilerplate,O 1981 (MCMLXXXI in nùmeri români) o l'é 'n ànno  do  XX secolo.
1981,ligurian,template_boilerplate,Canpionòu de Serie A 1980-1981 - Juventus Giovanni Battaglin o goâgna o Gîo d'Italia 1981.
1981,ligurian,template_boilerplate,Cincinnati -  Coppa Davis 1981.
1981,ligurian,template_boilerplate,Vincitô: Stati Unïi d'America Formula 1 (1981) - Vincitô: Nelson Piquet sôvia Brabham Prémio Nobel pe-a pâxe: [[]] Prémio Nobel pe-a letiatûa: [[]] Prémio Nobel pe-a meixìnn-a: [[]] Prémio Nobel pe-a fìxica: [[]] Prémio Nobel pe-a chìmica: [[]] Prémio Nobel pe l'economîa: [[]] Wikimedia Commons a contêgne di files in sce 1981
1982,ligurian,template_boilerplate,O 1982 (MCMLXXXII in nùmeri români) o l'é 'n ànno  do  XX secolo.
1982,ligurian,template_boilerplate,Canpionòu de Serie A 1981-1982 - Juventus Bernard Hinault o goâgna o Gîo d'Italia 1982.
1982,ligurian,template_boilerplate,Grenoble - Coppa Davis 1982.
1983,ligurian,template_boilerplate,O 1983 (MCMLXXXIII in nùmeri români) o l'é 'n ànno  do  XX secolo.
1983,ligurian,template_boilerplate,- Canpionòu de Serie A 1982-1983 - Roma - Giuseppe Saronni o goâgna o Gîo d'Italia 1983.
1983,ligurian,template_boilerplate,- Melbourne - Coppa Davis 1983.
1984,ligurian,template_boilerplate,O 1984 (MCMLXXXIV in nùmeri români) o l'é 'n ànno bizestîle do  XX secolo.
1984,ligurian,template_boilerplate,- Canpionòu de Serie A 1983-1984 - Juventus - Francesco Moser o goâgna o Gîo d'Italia 1984.
1984,ligurian,template_boilerplate,- Gothenburg - Coppa Davis 1984.
1985,ligurian,template_boilerplate,O 1985 (MCMLXXXV in nùmeri români) o l'é 'n ànno  do  XX secolo.
1985,ligurian,template_boilerplate,Vincitô: Svéçia - Formula 1 (1985) - Vincitô: Alain Prost sôvia McLaren Prémio Nobel pe-a pâxe: [[]] Prémio Nobel pe-a letiatûa: [[]] Prémio Nobel pe-a meixìnn-a: [[]] Prémio Nobel pe-a fìxica: [[]] Prémio Nobel pe-a chìmica: [[]] Prémio Nobel pe l'economîa: [[]] Wikimedia Commons a contêgne di files in sce 1985
1986,ligurian,template_boilerplate,O 1986 (MCMLXXXVI in nùmeri români) o l'é 'n ànno  do  XX secolo.
1986,ligurian,template_boilerplate,- Canpionòu de Serie A 1985-1986 - Juventus - Roberto Visentini o goâgna o Gîo d'Italia 1986.
1986,ligurian,template_boilerplate,- Melbourne - Coppa Davis 1986.
1987,ligurian,template_boilerplate,O 1987 (MCMLXXXVII in nùmeri români) o l'é 'n ànno  do  XX secolo.
1987,ligurian,template_boilerplate,Gothenburg - Coppa Davis 1987.
1987,ligurian,template_boilerplate,Vincitô: Svéçia Formula 1 (1987) - Vincitô: Nelson Piquet sôvia Williams Prémio Nobel pe-a pâxe: [[]] Prémio Nobel pe-a letiatûa: [[]] Prémio Nobel pe-a meixìnn-a: [[]] Prémio Nobel pe-a fìxica: [[]] Prémio Nobel pe-a chìmica: [[]] Prémio Nobel pe l'economîa: [[]] Wikimedia Commons a contêgne di files in sce 1987
1988,ligurian,template_boilerplate,O 1988 (MCMLXXXVIII in nùmeri români) o l'é 'n ànno bizestîle do  XX secolo.
1988,ligurian,template_boilerplate,Canpionòu de Serie A 1987-1988 - Milan Andrew Hampsten o goâgna o Gîo d'Italia 1988.
1988,ligurian,template_boilerplate,Gothenburg - Coppa Davis 1988.
1989,ligurian,template_boilerplate,O 1989 (MCMLXXXIX in nùmeri români) o l'é 'n ànno  do  XX secolo.
1989,ligurian,template_boilerplate,- Canpionòu de Serie A 1988-1989 - Inter - Laurent Fignon o goâgna o Gîo d'Italia 1989.
1989,ligurian,template_boilerplate,- Stoccarda - Coppa Davis 1989.
199,ligurian,template_boilerplate,O 199 (CXCIX in nùmeri români) o l'é 'n ànno  do  II secolo.
199,ligurian,template_boilerplate,Wikimedia Commons a contêgne di files in sce 199
1990,ligurian,template_boilerplate,O 1990 (MCMXC in nùmeri români) o l'é 'n ànno  do  XX secolo.
1990,ligurian,template_boilerplate,San Peoburgo - Coppa Davis 1990.
1991,ligurian,template_boilerplate,O 1991 (MCMXCI in nùmeri români) o l'é 'n ànno  do  XX secolo.
1991,ligurian,template_boilerplate,- Canpionòu de Serie A 1990-1991 - Sandöia - Franco Chioccioli o goâgna o Gîo d'Italia 1991.
1991,ligurian,template_boilerplate,- Lion - Coppa Davis 1991.
1991,ligurian,template_boilerplate,Vincitô: Fransa - Formula 1 (1991) - Vincitô: Ayrton Senna sôvia McLaren Prémio Nobel pe-a pâxe: [[]] Prémio Nobel pe-a letiatûa: [[]] Prémio Nobel pe-a meixìnn-a: [[]] Prémio Nobel pe-a fìxica: [[]] Prémio Nobel pe-a chìmica: [[]] Prémio Nobel pe l'economîa: [[]] Wikimedia Commons a contêgne di files in sce 1991
1992,ligurian,template_boilerplate,O 1992 (MCMXCII in nùmeri români) o l'é 'n ànno bizestîle do  XX secolo.
1992,ligurian,template_boilerplate,- Fort Worth (USA) - Coppa Davis 1992.
1992,ligurian,template_boilerplate,Vincitô: Stati Unïi d'America - Formula 1 (1992) - Vincitô: Nigel Mansell sôvia Williams Prémio Nobel pe-a pâxe: [[]] Prémio Nobel pe-a letiatûa: [[]] Prémio Nobel pe-a meixìnn-a: [[]] Prémio Nobel pe-a fìxica: [[]] Prémio Nobel pe-a chìmica: [[]] Prémio Nobel pe l'economîa: [[]] Wikimedia Commons a contêgne di files in sce 1992
1993,ligurian,template_boilerplate,O 1993 (MCMXCIII in nùmeri români) o l'é 'n ànno  do  XX secolo.
1993,ligurian,template_boilerplate,- Canpionòu de Serie A 1992-1993 - Milan - Miguel Indurain o goâgna o Gîo d'Italia 1993.
1993,ligurian,template_boilerplate,- Düsseldorf - Coppa Davis 1993.
1993,ligurian,template_boilerplate,Vincitô: Germania - Formula 1 (1993) - Vincitô: Alain Prost sôvia Williams Prémio Nobel pe-a pâxe: [[]] Prémio Nobel pe-a letiatûa: [[]] Prémio Nobel pe-a meixìnn-a: [[]] Prémio Nobel pe-a fìxica: [[]] Prémio Nobel pe-a chìmica: [[]] Prémio Nobel pe l'economîa: [[]] Wikimedia Commons a contêgne di files in sce 1993
1994,ligurian,template_boilerplate,O 1994 (MCMXCIV in nùmeri români) o l'é 'n ànno  do  XX secolo.
1994,ligurian,template_boilerplate,- Canpionòu de Serie A 1993-1994 - Milan - Evgenij Berzin o goâgna o Gîo d'Italia 1994.
1995,ligurian,template_boilerplate,O 1995 (MCMXCV in nùmeri români) o l'é 'n ànno  do  XX secolo.
1995,ligurian,template_boilerplate,- Canpionòu de Serie A 1994-1995 - Juventus - Tony Rominger o goâgna o Gîo d'Italia 1995.
1995,ligurian,template_boilerplate,Vincitô: Stati Unïi d'America - Formula 1 (1995) - Vincitô: Michael Schumacher sôvia Benetton Prémio Nobel pe-a pâxe: [[]] Prémio Nobel pe-a letiatûa: [[]] Prémio Nobel pe-a meixìnn-a: [[]] Prémio Nobel pe-a fìxica: [[]] Prémio Nobel pe-a chìmica: [[]] Prémio Nobel pe l'economîa: [[]] Wikimedia Commons a contêgne di files in sce 1995
1996,ligurian,template_boilerplate,O 1996 (MCMXCVI in nùmeri români) o l'é 'n ànno bizestîle do  XX secolo.
1996,ligurian,template_boilerplate,- Canpionòu de Serie A 1995-1996 - Milan - Pavel Tonkov o goâgna o Gîo d'Italia 1996.
1996,ligurian,template_boilerplate,- Malmö - Coppa Davis 1996.
1996,ligurian,template_boilerplate,Vincitô: Fransa - Formula 1 (1996) - Vincitô: Damon Hill sôvia Williams Prémio Nobel pe-a pâxe: [[]] Prémio Nobel pe-a letiatûa: [[]] Prémio Nobel pe-a meixìnn-a: [[]] Prémio Nobel pe-a fìxica: [[]] Prémio Nobel pe-a chìmica: [[]] Prémio Nobel pe l'economîa: [[]] Wikimedia Commons a contêgne di files in sce 1996
1997,ligurian,template_boilerplate,O 1997 (MCMXCVII in nùmeri români) o l'é 'n ànno  do  XX secolo.
1997,ligurian,template_boilerplate,- Canpionòu de Serie A 1996-1997 - Juventus - Ivan Gotti o goâgna o Gîo d'Italia 1997.
1997,ligurian,template_boilerplate,- Gothenburg - Coppa Davis 1997.
1998,ligurian,template_boilerplate,O 1998 (MCMXCVIII in nùmeri români) o l'é 'n ànno  do  XX secolo.
1998,ligurian,template_boilerplate,- Canpionòu de Serie A 1997-1998 - Juventus - Marco Pantani o goâgna o Gîo d'Italia 1998.
1998,ligurian,template_boilerplate,- Milan - Coppa Davis 1998.
1999,ligurian,template_boilerplate,O 1999 (MCMXCIX in nùmeri români) o l'é 'n ànno  do  XX secolo.
1999,ligurian,template_boilerplate,- Canpionòu de Serie A 1998-1999 - Milan - Ivan Gotti o goâgna o Gîo d'Italia 1999.
1999,ligurian,template_boilerplate,- Nissa - Coppa Davis 1999.
1999,ligurian,template_boilerplate,Vincitô: Australia - Formula 1 (1999) - Vincitô: Mika Häkkinen sôvia McLaren - Prémio Nobel pe-a pâxe: [[]] - Prémio Nobel pe-a letiatûa: [[]] - Prémio Nobel pe-a meixìnn-a: [[]] - Prémio Nobel pe-a fìxica: [[]] - Prémio Nobel pe-a chìmica: [[]] - Prémio Nobel pe l'economîa: [[]] Wikimedia Commons a contêgne di files in sce 1999
19_a.C.,ligurian,template_boilerplate,C. (XIX a. C. in nùmeri români) o l'é 'n ànno  do  I secolo a.
19_a.C.,ligurian,template_boilerplate,C. Wikimedia Commons a contêgne di files in sce 19 a.
19_agosto,ligurian,template_boilerplate,O 19 agosto o l'é o 231° giórno de l'ànno (232° inti ànni bizestîli) segondo o Lûnäio Gregorian.
19_agosto,ligurian,template_boilerplate,Màncan 134 giórni a-a fin de l'ànno.
19_agosto,ligurian,template_boilerplate,Wikimedia Commons a contêgne di files in sce 19 agosto
19_arvî,ligurian,template_boilerplate,O 19 arvî o l'é o 109° giórno de l'ànno (110° inti ànni bizestîli) segondo o Lûnäio Gregorian.
19_arvî,ligurian,template_boilerplate,Màncan 256 giórni a-a fin de l'ànno.
19_arvî,ligurian,template_boilerplate,Wikimedia Commons a contêgne di files in sce 19 arvî
19_dexénbre,ligurian,template_boilerplate,O 19 dexénbre o l'é o 353° giórno de l'ànno (354° inti ànni bizestîli) segondo o Lûnäio Gregorian.
19_dexénbre,ligurian,template_boilerplate,Màncan 12 giórni a-a fin de l'ànno.
19_dexénbre,ligurian,template_boilerplate,Wikimedia Commons a contêgne di files in sce 19 dexénbre
19_frevâ,ligurian,template_boilerplate,O 19 frevâ o l'é o 50° giórno de l'ànno segondo o Lûnäio Gregorian.
19_lûggio,ligurian,template_boilerplate,O 19 lûggio o l'é o 200° giórno de l'ànno (201° inti ànni bizestîli) segondo o Lûnäio Gregorian.
19_lûggio,ligurian,template_boilerplate,Màncan 163 giórni a-a fin de l'ànno.
19_lûggio,ligurian,template_boilerplate,Wikimedia Commons a contêgne di files in sce 19 lûggio
19_marso,ligurian,template_boilerplate,O 19 marso o l'é o 78° giórno de l'ànno (79° inti ànni bizestîli) segondo o Lûnäio Gregorian.
19_marso,ligurian,template_boilerplate,Mancân 287 giórni a-a fin de l'ànno.
19_marso,ligurian,template_boilerplate,Wikimedia Commons a contêgne di files in sce 19 marso
19_mazzo,ligurian,template_boilerplate,O 19 mazzo o l'é o 139° giórno de l'ànno (140° inti ànni bizestîli) segondo o Lûnäio Gregorian.
19_mazzo,ligurian,template_boilerplate,Màncan 226 giórni a-a fin de l'ànno.
19_mazzo,ligurian,template_boilerplate,Wikimedia Commons a contêgne di files in sce 19 mazzo
19_novénbre,ligurian,template_boilerplate,O 19 novénbre o l'é o 323° giórno de l'ànno (324° inti ànni bizestîli) segondo o Lûnäio Gregorian.
19_novénbre,ligurian,template_boilerplate,Wikimedia Commons a contêgne di files in sce 19 novénbre
19_seténbre,ligurian,template_boilerplate,O 19 seténbre o l'é o 262° giórno de l'ànno (263° inti ànni bizestîli) segondo o Lûnäio Gregorian.
19_seténbre,ligurian,template_boilerplate,Màncan 103 giórni a-a fin de l'ànno.
19_seténbre,ligurian,template_boilerplate,Wikimedia Commons a contêgne di files in sce 19 seténbre
19_zenâ,ligurian,template_boilerplate,O 19 zenâ o l'é o 19° giórno de l'ànno segondo o Lûnäio Gregorian.
19_zenâ,ligurian,template_boilerplate,Mancan 346 giórni a-a fin de l'ànno (347 inti ànni bizestîli) Wikimedia Commons a contêgne di files in sce 19 zenâ
19_zûgno,ligurian,template_boilerplate,O 19 zûgno o l'é o 170° giórno de l'ànno (171° inti ànni bizestîli) segondo o Lûnäio Gregorian.
19_zûgno,ligurian,template_boilerplate,Màncan 195 giórni a-a fin de l'ànno.
19_zûgno,ligurian,template_boilerplate,Wikimedia Commons a contêgne di files in sce 19 zûgno
19_òtôbre,ligurian,template_boilerplate,O 19 òtôbre o l'é o 292° giórno de l'ànno (293° inti ànni bizestîli) segondo o Lûnäio Gregorian.
19_òtôbre,ligurian,template_boilerplate,Màncan 73 giórni a-a fin de l'ànno.
19_òtôbre,ligurian,template_boilerplate,Wikimedia Commons a contêgne di files in sce 19 òtôbre
1_a.C.,ligurian,template_boilerplate,C. (I a. C. in nùmeri români) o l'é 'n ànno  do  I secolo a.
1_a.C.,ligurian,template_boilerplate,C. Wikimedia Commons a contêgne di files in sce 1 a.
1º_agosto,ligurian,template_boilerplate,Màncan 152 giórni a-a fin de l'ànno.
1º_arvî,ligurian,template_boilerplate,Màncan 274 giórni a-a fin de l'ànno.
1º_arvî,ligurian,template_boilerplate,Wikimedia Commons a contêgne di files in sce 1° arvî
1º_dexénbre,ligurian,template_boilerplate,Màncan 30 giórni a-a fin de l'ànno.
1º_dexénbre,ligurian,template_boilerplate,Wikimedia Commons a contêgne di files in sce 1° dexénbre
1º_lûggio,ligurian,template_boilerplate,Màncan 183 giórni a-a fin de l'ànno.
1º_marso,ligurian,template_boilerplate,Màncan 305 giórni a-a fin de l'ànno.
1º_mazzo,ligurian,template_boilerplate,Màncan 244 giórni a-a fin de l'ànno.
1º_novénbre,ligurian,template_boilerplate,Màncan 60 giórni a-a fin de l'ànno.
1º_novénbre,ligurian,template_boilerplate,Wikimedia Commons a contêgne di files in sce 1° novénbre
1º_seténbre,ligurian,template_boilerplate,Màncan 121 giórni a-a fin de l'ànno.
1º_zûgno,ligurian,template_boilerplate,O 1° zûgno o l'é o 152° giórno de l'ànno (153° inti ànni bizestîli) segondo o Lûnäio Gregorian.
1º_zûgno,ligurian,template_boilerplate,Màncan 213 giórni a-a fin de l'ànno.
1º_òtôbre,ligurian,template_boilerplate,Màncan 91 giórni a-a fin de l'ànno.
2,ligurian,template_boilerplate,O 2 (II in nùmeri români) o l'é 'n ànno  do  I secolo.
2,ligurian,template_boilerplate,Wikimedia Commons a contêgne di files in sce 2
20,ligurian,template_boilerplate,O 20 (XX in nùmeri români) o l'é 'n ànno bizestîle do  I secolo.
20,ligurian,template_boilerplate,Wikimedia Commons a contêgne di files in sce 20
200,ligurian,template_boilerplate,O 200 (CC in nùmeri români) o l'é 'n ànno bizestîle do  II secolo.
200,ligurian,template_boilerplate,Wikimedia Commons a contêgne di files in sce 200
2000,ligurian,template_boilerplate,O 2000 (MM in nùmeri români) o l'é 'n ànno bizestîle do  XX secolo.
2000,ligurian,template_boilerplate,- Canpionòu de Serie A 1999-2000 - Lazio - Stefano Garzelli o goâgna o Gîo d'Italia 2000.
2000,ligurian,template_boilerplate,Wikimedia Commons a contêgne di files in sce 2000
2001,ligurian,template_boilerplate,O 2001 (MMI in nùmeri români) o l'é 'n ànno  do  XXI secolo.
2001,ligurian,template_boilerplate,Canpionòu de Serie A 2000-2001 - Roma Gilberto Simoni o goâgna o Gîo d'Italia 2001.
2001,ligurian,template_boilerplate,Melbourne - Coppa Davis 2001.
2001,ligurian,template_boilerplate,Wikimedia Commons a contêgne di files in sce 2001
2002,ligurian,template_boilerplate,O 2002 (MMII in nùmeri români) o l'é 'n ànno  do  XXI secolo.
2002,ligurian,template_boilerplate,- Canpionòu de Serie A 2001-2002 - Juventus - Gilberto Simoni o goâgna o Gîo d'Italia 2002.
2003,ligurian,template_boilerplate,O 2003 (MMIII in nùmeri români) o l'é 'n ànno  do  XXI secolo.
2003,ligurian,template_boilerplate,- Canpionòu de Serie A 2002-2003 - Juventus - Gilberto Simoni o  goâgna o Gîo d'Italia 2003.
2003,ligurian,template_boilerplate,- Melbourne - Coppa Davis 2003.
2003,ligurian,template_boilerplate,Wikimedia Commons a contêgne di files in sce 2003
2004,ligurian,template_boilerplate,O 2004 (MMIV in nùmeri români) o l'é 'n ànno bizestîle do  XXI secolo.
2004,ligurian,template_boilerplate,- Canpionòu de Serie A 2003-2004 - Milan - Damiano Cunego o goâgna o Gîo d'Italia 2004.
2004,ligurian,template_boilerplate,- Siviggia - Coppa Davis 2004.
2005,ligurian,template_boilerplate,O 2005 (MMV in nùmeri români) o l'é 'n ànno  do  XXI secolo.
2005,ligurian,template_boilerplate,- Bratislava - Coppa Davis 2005.
2005,ligurian,template_boilerplate,Vincitô: Croaçia - Formula 1 (2005) - Vincitô: Fernando Alonso sôvia Renault Prémio Nobel pe-a pâxe: [[]] Prémio Nobel pe-a letiatûa: [[]] Prémio Nobel pe-a meixìnn-a: [[]] Prémio Nobel pe-a fìxica: [[]] Prémio Nobel pe-a chìmica: [[]] Prémio Nobel pe l'economîa: [[]] Wikimedia Commons a contêgne di files in sce 2005
2006,ligurian,template_boilerplate,O 2006 (MMVI in nùmeri români) o l'é 'n ànno  do  XXI secolo.
2006,ligurian,template_boilerplate,Canpionòu de Serie A 2005-2006 - Inter Ivan Basso o goâgna o Gîo d'Italia 2006.
2006,ligurian,template_boilerplate,Germania - Mondiâle de balón 2006.
2006,ligurian,template_boilerplate,Vincitô: Rùscia Formula 1 (2006) - Vincitô: Fernando Alonso sôvia Renault Prémio Nobel pe-a pâxe: [[]] Prémio Nobel pe-a letiatûa: [[]] Prémio Nobel pe-a meixìnn-a: [[]] Prémio Nobel pe-a fìxica: [[]] Prémio Nobel pe-a chìmica: [[]] Prémio Nobel pe l'economîa: [[]] Wikimedia Commons a contêgne di files in sce 2006
2007,ligurian,template_boilerplate,O 2007 (MMVII in nùmeri români) o l'é 'n ànno  do  XXI secolo.
2007,ligurian,template_boilerplate,- Portland - Coppa Davis 2007.
2007,ligurian,template_boilerplate,Vincitô: Stati Unïi d'America - Formula 1 (2007) - Vincitô: Kimi Räikkönen sôvia Ferrari Prémio Nobel pe-a pâxe: [[]] Prémio Nobel pe-a letiatûa: [[]] Prémio Nobel pe-a meixìnn-a: [[]] Prémio Nobel pe-a fìxica: [[]] Prémio Nobel pe-a chìmica: [[]] Prémio Nobel pe l'economîa: [[]] Wikimedia Commons a contêgne di files in sce 2007
2008,ligurian,template_boilerplate,O 2008 (MMVIII in nùmeri români) o l'é 'n ànno bizestîle do  XXI secolo.
2008,ligurian,template_boilerplate,Canpionòu de Serie A 2007-2008 - Inter Alberto Contador o goâgna o Gîo d'Italia 2008.
2008,ligurian,template_boilerplate,Vincitô: Spagna Formula 1 (2008) - Vincitô: Lewis Hamilton sôvia McLaren Prémio Nobel pe-a pâxe: [[]] Prémio Nobel pe-a letiatûa: [[]] Prémio Nobel pe-a meixìnn-a: [[]] Prémio Nobel pe-a fìxica: [[]] Prémio Nobel pe-a chìmica: [[]] Prémio Nobel pe l'economîa: [[]] Wikimedia Commons a contêgne di files in sce 2008
2009,ligurian,template_boilerplate,O 2009 (MMIX in nùmeri români) o l'é 'n ànno  do  XXI secolo.
2009,ligurian,template_boilerplate,- Canpionòu de Serie A 2008-2009 - Inter - Denis Men'šov o goâgna o Gîo d'Italia 2009.
2009,ligurian,template_boilerplate,Vincitô: Spagna - Formula 1 (2009) - Vincitô: Jenson Button sôvia Brawn Prémio Nobel pe-a pâxe: [[]] Prémio Nobel pe-a letiatûa: [[]] Prémio Nobel pe-a meixìnn-a: [[]] Prémio Nobel pe-a fìxica: [[]] Prémio Nobel pe-a chìmica: [[]] Prémio Nobel pe l'economîa: [[]] Wikimedia Commons a contêgne di files in sce 2009
200_a.C.,ligurian,template_boilerplate,C. (CC a. C. in nùmeri români) o l'é 'n ànno  do  II secolo a.
200_a.C.,ligurian,template_boilerplate,C. Wikimedia Commons a contêgne di files in sce 200 a.
201,ligurian,template_boilerplate,O 201 (CCI in nùmeri români) o l'é 'n ànno  do  III secolo.
201,ligurian,template_boilerplate,Wikimedia Commons a contêgne di files in sce 201
2010,ligurian,template_boilerplate,O 2010 (MMX in nùmeri români) o l'é 'n ànno  do  XXI secolo.
2010,ligurian,template_boilerplate,- Canpionòu de Serie A 2009-2010 - Inter - Ivan Basso o goâgna o Gîo d'Italia 2010.
2011,ligurian,template_boilerplate,O 2011 (MMXI in nùmeri români) o l'é 'n ànno  do  XXI secolo.
2011,ligurian,template_boilerplate,Canpionòu de Serie A 2010-2011 - Milan Michele Scarponi o goâgna o Gîo d'Italia 2011.
2011,ligurian,template_boilerplate,Seviggia - Coppa Davis 2011.
2012,ligurian,template_boilerplate,O 2012 (MMXII in nùmeri români) o l'é 'n ànno bizestîle do  XXI secolo.
2012,ligurian,template_boilerplate,Canpionòu de Serie A 2011-2012 - Juventus Ryder Hesjedal o goâgna o Gîo d'Italia 2012.
2012,ligurian,template_boilerplate,Praga - Coppa Davis 2012.
2013,ligurian,template_boilerplate,O 2013 (MMXIII in nùmeri români) o l'é 'n ànno  do  XXI secolo.
2013,ligurian,template_boilerplate,Canpionòu de Serie A 2012-2013 - Juventus Vincenzo Nibali o goâgna o Gîo d'Italia 2013.
2013,ligurian,template_boilerplate,Belgrado - Coppa Davis 2013.
2014,ligurian,template_boilerplate,O 2014 (MMXIV in nùmeri români) o l'é 'n ànno  do  XXI secolo.
2014,ligurian,template_boilerplate,- Canpionòu de Serie A 2013-2014 - Juventus - Nairo Quintana o goâgna o Gîo d'Italia 2014.
2014,ligurian,template_boilerplate,- Lille (Fransa) - Coppa Davis 2014.
2015,ligurian,template_boilerplate,O 2015 (MMXV in nùmeri români) o l'é 'n ànno  do  XXI secolo.
2015,ligurian,template_boilerplate,Canpionòu de Serie A 2014-2015 - Juventus Alberto Contador o goâgna o Gîo d'Italia 2015.
2015,ligurian,template_boilerplate,Ghent (Belgio) - Coppa Davis 2015.
2016,ligurian,template_boilerplate,O 2016 (MMXVI in nùmeri români) o l'é 'n ànno bizestîle do  XXI secolo.
2016,ligurian,template_boilerplate,Canpionòu de Serie A 2015-2016 - Juventus Vincenzo Nibali o goâgna o Gîo d'Italia 2016.
2016,ligurian,template_boilerplate,Zagabria - Coppa Davis 2016.
2017,ligurian,template_boilerplate,O 2017 (MMXVII in nùmeri români) o l'é 'n ànno  do  XXI secolo.
2017,ligurian,template_boilerplate,Canpionòu de Serie A 2016-2017 - Juventus Tom Dumoulin o goâgna o Gîo d'Italia 2017.
2017,ligurian,template_boilerplate,Lille Fransa - Coppa Davis 2017.
2017,ligurian,template_boilerplate,Vincitô: Fransa Formula 1 (2017) - Vincitô: Lewis Hamilton sôvia Mercedes Prémio Nobel pe-a pâxe: [[]] Prémio Nobel pe-a letiatûa: [[]] Prémio Nobel pe-a meixìnn-a: [[]] Prémio Nobel pe-a fìxica: [[]] Prémio Nobel pe-a chìmica: [[]] Prémio Nobel pe l'economîa: [[]] Wikimedia Commons a contêgne di files in sce 2017
2018,ligurian,template_boilerplate,O 2018 (MMXVIII in nùmeri români) o l'é 'n ànno  do  XXI secolo.
2018,ligurian,template_boilerplate,Canpionòu de Serie A 2017-2018 - Juventus Chris Froome o goâgna o Gîo d'Italia 2018.
2018,ligurian,template_boilerplate,Lille (Fransa) - Coppa Davis 2018.
2019,ligurian,template_boilerplate,O 2019 (MMXIX in nùmeri români) o l'é 'n ànno  do  XXI secolo.
2019,ligurian,template_boilerplate,Canpionòu de Serie A 2018-2019 - Juventus Richard Carapaz o goâgna o Gîo d'Italia 2019.
2019,ligurian,template_boilerplate,Madrid - Coppa Davis 2019.
2019,ligurian,template_boilerplate,Vincitô: Spagna Formula 1 (2019) - Vincitô: Lewis Hamilton sôvia Mercedes Prémio Nobel pe-a pâxe: [[]] Prémio Nobel pe-a letiatûa: [[]] Prémio Nobel pe-a meixìnn-a:  [[]] Prémio Nobel pe-a fìxica: [[]] Prémio Nobel pe-a chìmica: [[]] Prémio Nobel pe l'economîa: [[]] Wikimedia Commons a contêgne di files in sce 2019
201_a.C.,ligurian,template_boilerplate,C. (CCI a. C. in nùmeri români) o l'é 'n ànno  do  III secolo a.
201_a.C.,ligurian,template_boilerplate,C. Wikimedia Commons a contêgne di files in sce 201 a.
202,ligurian,template_boilerplate,O 202 (CCII in nùmeri români) o l'é 'n ànno  do  III secolo.
202,ligurian,template_boilerplate,Wikimedia Commons a contêgne di files in sce 202
2020,ligurian,template_boilerplate,O 2020 (MMXX in nùmeri români) o l'é 'n ànno bizestîle do  XXI secolo.
2020,ligurian,citation_fragment;template_boilerplate,"Alter, Michael Houghton, Charles M."
2021,ligurian,template_boilerplate,O 2021 (MMXXI in nùmeri români) o l'é 'n ànno  do  XXI secolo.
2021,ligurian,template_boilerplate,- Canpionòu de Serie A 2020-2021 - Inter - Egan Bernal  o goâgna o Gîo d'Italia 2021.
2021,ligurian,template_boilerplate,Wikimedia Commons a contêgne di files in sce 2021
2022,ligurian,template_boilerplate,O 2022 (MMXXII in nùmeri români) o l'é 'n ànno  do  XXI secolo.
2022,ligurian,template_boilerplate,Wikimedia Commons a contêgne di files in sce 2022
2023,ligurian,template_boilerplate,O 2023 (MMXXIII in nùmeri români) o l'é 'n ànno  do  XXI secolo.
2023,ligurian,template_boilerplate,Wikimedia Commons a contêgne di files in sce 2023
2024,ligurian,template_boilerplate,O 2024 (MMXXIV in nùmeri români) o l'é 'n ànno bizestîle do  XXI secolo.
2024,ligurian,template_boilerplate,Wikimedia Commons a contêgne di files in sce 2024
2025,ligurian,template_boilerplate,O 2025 (MMXXV in nùmeri români) o l'é 'n ànno  do  XXI secolo.
2025,ligurian,template_boilerplate,Wikimedia Commons a contêgne di files in sce 2025
2026,ligurian,template_boilerplate,O 2026 (MMXXVI in nùmeri români) o l'é 'n ànno  do  XXI secolo.
2026,ligurian,template_boilerplate,Wikimedia Commons a contêgne di files in sce 2026
2027,ligurian,template_boilerplate,O 2027 (MMXXVII in nùmeri români) o l'é 'n ànno  do  XXI secolo.
2027,ligurian,template_boilerplate,Wikimedia Commons a contêgne di files in sce 2027
2028,ligurian,template_boilerplate,O 2028 (MMXXVIII in nùmeri români) o l'é 'n ànno bizestîle do  XXI secolo.
2028,ligurian,template_boilerplate,Wikimedia Commons a contêgne di files in sce 2028
2029,ligurian,template_boilerplate,O 2029 (MMXXIX in nùmeri români) o l'é 'n ànno  do  XXI secolo.
2029,ligurian,template_boilerplate,Wikimedia Commons a contêgne di files in sce 2029
202_a.C.,ligurian,template_boilerplate,C. (CCII a. C. in nùmeri români) o l'é 'n ànno  do  III secolo a.
202_a.C.,ligurian,template_boilerplate,C. Wikimedia Commons a contêgne di files in sce 202 a.
203,ligurian,template_boilerplate,O 203 (CCIII in nùmeri români) o l'é 'n ànno  do  III secolo.
203,ligurian,template_boilerplate,Wikimedia Commons a contêgne di files in sce 203
2030,ligurian,template_boilerplate,O 2030 (MMXXX in nùmeri români) o l'é 'n ànno  do  XXI secolo.
2030,ligurian,template_boilerplate,Wikimedia Commons a contêgne di files in sce 2030
2031,ligurian,template_boilerplate,O 2031 (MMXXXI in nùmeri români) o l'é 'n ànno  do  XXI secolo.
2031,ligurian,template_boilerplate,Wikimedia Commons a contêgne di files in sce 2031
2032,ligurian,template_boilerplate,O 2032 (MMXXXII in nùmeri români) o l'é 'n ànno bizestîle do  XXI secolo.
2032,ligurian,template_boilerplate,Wikimedia Commons a contêgne di files in sce 2032
2033,ligurian,template_boilerplate,O 2033 (MMXXXIII in nùmeri români) o l'é 'n ànno  do  XXI secolo.
2033,ligurian,template_boilerplate,Wikimedia Commons a contêgne di files in sce 2033
2034,ligurian,template_boilerplate,O 2034 (MMXXXIV in nùmeri români) o l'é 'n ànno  do  XXI secolo.
2034,ligurian,template_boilerplate,Wikimedia Commons a contêgne di files in sce 2034
2035,ligurian,template_boilerplate,O 2035 (MMXXXV in nùmeri români) o l'é 'n ànno  do  XXI secolo.
2035,ligurian,template_boilerplate,Wikimedia Commons a contêgne di files in sce 2035
2036,ligurian,template_boilerplate,O 2036 (MMXXXVI in nùmeri români) o l'é 'n ànno bizestîle do  XXI secolo.
2036,ligurian,template_boilerplate,Wikimedia Commons a contêgne di files in sce 2036
2037,ligurian,template_boilerplate,O 2037 (MMXXXVII in nùmeri români) o l'é 'n ànno  do  XXI secolo.
2037,ligurian,template_boilerplate,Wikimedia Commons a contêgne di files in sce 2037
2038,ligurian,template_boilerplate,O 2038 (MMXXXVIII in nùmeri români) o l'é 'n ànno  do  XXI secolo.
2038,ligurian,template_boilerplate,Wikimedia Commons a contêgne di files in sce 2038
2039,ligurian,template_boilerplate,O 2039 (MMXXXIX in nùmeri români) o l'é 'n ànno  do  XXI secolo.
2039,ligurian,template_boilerplate,Wikimedia Commons a contêgne di files in sce 2039
203_a.C.,ligurian,template_boilerplate,C. (CCIII a. C. in nùmeri români) o l'é 'n ànno  do  III secolo a.
203_a.C.,ligurian,template_boilerplate,C. Wikimedia Commons a contêgne di files in sce 203 a.
204,ligurian,template_boilerplate,O 204 (CCIV in nùmeri români) o l'é 'n ànno bizestîle do  III secolo.
204,ligurian,template_boilerplate,Wikimedia Commons a contêgne di files in sce 204
2040,ligurian,template_boilerplate,O 2040 (MMXL in nùmeri români) o l'é 'n ànno bizestîle do  XXI secolo.
2040,ligurian,template_boilerplate,Wikimedia Commons a contêgne di files in sce 2040
2041,ligurian,template_boilerplate,O 2041 (MMXLI in nùmeri români) o l'é 'n ànno  do  XXI secolo.
2041,ligurian,template_boilerplate,Wikimedia Commons a contêgne di files in sce 2041
2043,ligurian,template_boilerplate,O 2043 (MMXLIII in nùmeri români) o l'é 'n ànno  do  XXI secolo.
2043,ligurian,template_boilerplate,Wikimedia Commons a contêgne di files in sce 2043
2044,ligurian,template_boilerplate,O 2044 (MMXLIV in nùmeri români) o l'é 'n ànno bizestîle do  XXI secolo.
2044,ligurian,template_boilerplate,Wikimedia Commons a contêgne di files in sce 2044
2045,ligurian,template_boilerplate,O 2045 (MMXLV in nùmeri români) o l'é 'n ànno  do  XXI secolo.
2045,ligurian,template_boilerplate,Wikimedia Commons a contêgne di files in sce 2045
2046,ligurian,template_boilerplate,O 2046 (MMXLVI in nùmeri români) o l'é 'n ànno  do  XXI secolo.
2046,ligurian,template_boilerplate,Wikimedia Commons a contêgne di files in sce 2046
2047,ligurian,template_boilerplate,O 2047 (MMXLVII in nùmeri români) o l'é 'n ànno  do  XXI secolo.
2047,ligurian,template_boilerplate,Wikimedia Commons a contêgne di files in sce 2047
2048,ligurian,template_boilerplate,O 2048 (MMXLVIII in nùmeri români) o l'é 'n ànno bizestîle do  XXI secolo.
2048,ligurian,template_boilerplate,Wikimedia Commons a contêgne di files in sce 2048
204_a.C.,ligurian,template_boilerplate,C. (CCIV a. C. in nùmeri români) o l'é 'n ànno  do  III secolo a.
204_a.C.,ligurian,template_boilerplate,C. Wikimedia Commons a contêgne di files in sce 204 a.
205,ligurian,template_boilerplate,O 205 (CCV in nùmeri români) o l'é 'n ànno  do  III secolo.
205,ligurian,template_boilerplate,Wikimedia Commons a contêgne di files in sce 205
2050,ligurian,template_boilerplate,O 2050 (MML in nùmeri români) o l'é 'n ànno  do  XXI secolo.
2050,ligurian,template_boilerplate,Wikimedia Commons a contêgne di files in sce 2050
205_a.C.,ligurian,template_boilerplate,C. (CCV a. C. in nùmeri români) o l'é 'n ànno  do  III secolo a.
205_a.C.,ligurian,template_boilerplate,C. Wikimedia Commons a contêgne di files in sce 205 a.
206,ligurian,template_boilerplate,O 206 (CCVI in nùmeri români) o l'é 'n ànno  do  III secolo.
206,ligurian,template_boilerplate,Wikimedia Commons a contêgne di files in sce 206
206_a.C.,ligurian,template_boilerplate,C. (CCVI a. C. in nùmeri români) o l'é 'n ànno  do  III secolo a.
206_a.C.,ligurian,template_boilerplate,C. Wikimedia Commons a contêgne di files in sce 206 a.
207,ligurian,template_boilerplate,O 207 (CCVII in nùmeri români) o l'é 'n ànno  do  III secolo.
207,ligurian,template_boilerplate,Wikimedia Commons a contêgne di files in sce 207
207_a.C.,ligurian,template_boilerplate,C. (CCVII a. C. in nùmeri români) o l'é 'n ànno  do  III secolo a.
207_a.C.,ligurian,template_boilerplate,C. Wikimedia Commons a contêgne di files in sce 207 a.
208,ligurian,template_boilerplate,O 208 (CCVIII in nùmeri români) o l'é 'n ànno bizestîle do  III secolo.
208,ligurian,template_boilerplate,Wikimedia Commons a contêgne di files in sce 208
208_a.C.,ligurian,template_boilerplate,C. (CCVIII a. C. in nùmeri români) o l'é 'n ànno  do  III secolo a.
208_a.C.,ligurian,template_boilerplate,C. Wikimedia Commons a contêgne di files in sce 208 a.
209,ligurian,template_boilerplate,O 209 (CCIX in nùmeri români) o l'é 'n ànno  do  III secolo.
209,ligurian,template_boilerplate,Wikimedia Commons a contêgne di files in sce 209
209_a.C.,ligurian,template_boilerplate,C. (CCIX a. C. in nùmeri români) o l'é 'n ànno  do  III secolo a.
209_a.C.,ligurian,template_boilerplate,C. Wikimedia Commons a contêgne di files in sce 209 a.
20_a.C.,ligurian,template_boilerplate,C. (XX a. C. in nùmeri români) o l'é 'n ànno  do  I secolo a.
20_a.C.,ligurian,template_boilerplate,C. Wikimedia Commons a contêgne di files in sce 20 a.
20_agosto,ligurian,template_boilerplate,O 20 agosto o l'é o 232° giórno de l'ànno (233° inti ànni bizestîli) segondo o Lûnäio Gregorian.
20_agosto,ligurian,template_boilerplate,Màncan 133 giórni a-a fin de l'ànno.
20_agosto,ligurian,template_boilerplate,Wikimedia Commons a contêgne di files in sce 20 agosto
20_arvî,ligurian,template_boilerplate,O 20 arvî o l'é o 110° giórno de l'ànno (111° inti ànni bizestîli) segondo o Lûnäio Gregorian.
20_arvî,ligurian,template_boilerplate,Màncan 255 giórni a-a fin de l'ànno.
20_arvî,ligurian,template_boilerplate,Wikimedia Commons a contêgne di files in sce 20 arvî
20_dexénbre,ligurian,template_boilerplate,O 20 dexénbre o l'é o 354° giórno de l'ànno (355° inti ànni bizestîli) segondo o Lûnäio Gregorian.
20_dexénbre,ligurian,template_boilerplate,Màncan 11 giórni a-a fin de l'ànno.
20_dexénbre,ligurian,template_boilerplate,Wikimedia Commons a contêgne di files in sce 20 dexénbre
20_frevâ,ligurian,template_boilerplate,O 20 frevâ o l'é o 51° giórno de l'ànno segondo o Lûnäio Gregorian.
20_frevâ,ligurian,template_boilerplate,Mancan 314 giórni a-a fin de l'ànno (315 inti ànni bizestîli) Wikimedia Commons a contêgne di files in sce 20 frevâ
20_lûggio,ligurian,template_boilerplate,O 20 lûggio o l'é o 201° giórno de l'ànno (202° inti ànni bizestîli) segondo o Lûnäio Gregorian.
20_lûggio,ligurian,template_boilerplate,Màncan 164 giórni a-a fin de l'ànno.
20_lûggio,ligurian,template_boilerplate,Wikimedia Commons a contêgne di files in sce 20 lûggio
20_marso,ligurian,template_boilerplate,O 20 marso o l'é o 79° giórno de l'ànno (80° inti ànni bizestîli) segondo o Lûnäio Gregorian.
20_marso,ligurian,template_boilerplate,Mancân 286 giórni a-a fin de l'ànno.
20_marso,ligurian,template_boilerplate,Wikimedia Commons a contêgne di files in sce 20 marso
20_mazzo,ligurian,template_boilerplate,O 20 mazzo o l'é o 140° giórno de l'ànno (141° inti ànni bizestîli) segondo o Lûnäio Gregorian.
20_mazzo,ligurian,template_boilerplate,Màncan 225 giórni a-a fin de l'ànno.
20_mazzo,ligurian,template_boilerplate,Wikimedia Commons a contêgne di files in sce 20 mazzo
20_novénbre,ligurian,template_boilerplate,O 20 novénbre o l'é o 324° giórno de l'ànno (325° inti ànni bizestîli) segondo o Lûnäio Gregorian.
20_novénbre,ligurian,template_boilerplate,Màncan 41 giórni a-a fin de l'ànno.
20_novénbre,ligurian,template_boilerplate,Wikimedia Commons a contêgne di files in sce 20 novénbre
20_seténbre,ligurian,template_boilerplate,O 20 seténbre o l'é o 263° giórno de l'ànno (264° inti ànni bizestîli) segondo o Lûnäio Gregorian.
20_seténbre,ligurian,template_boilerplate,Màncan 102 giórni a-a fin de l'ànno.
20_seténbre,ligurian,template_boilerplate,Wikimedia Commons a contêgne di files in sce 20 seténbre
20_zenâ,ligurian,template_boilerplate,O 20 zenâ o l'é o 20° giórno de l'ànno segondo o Lûnäio Gregorian.
20_zenâ,ligurian,template_boilerplate,Mancan 345 giórni a-a fin de l'ànno (346 inti ànni bizestîli) Wikimedia Commons a contêgne di files in sce 20 zenâ
20_zûgno,ligurian,template_boilerplate,O 20 zûgno o l'é o 171° giórno de l'ànno (172° inti ànni bizestîli) segondo o Lûnäio Gregorian.
20_zûgno,ligurian,template_boilerplate,Màncan 194 giórni a-a fin de l'ànno.
20_zûgno,ligurian,template_boilerplate,Wikimedia Commons a contêgne di files in sce 20 zûgno
20_òtôbre,ligurian,template_boilerplate,O 20 òtôbre o l'é o 293° giórno de l'ànno (294° inti ànni bizestîli) segondo o Lûnäio Gregorian.
20_òtôbre,ligurian,template_boilerplate,Màncan 72 giórni a-a fin de l'ànno.
20_òtôbre,ligurian,template_boilerplate,Wikimedia Commons a contêgne di files in sce 20 òtôbre
21,ligurian,template_boilerplate,O 21 (XXI in nùmeri români) o l'é 'n ànno  do  I secolo.
21,ligurian,template_boilerplate,Wikimedia Commons a contêgne di files in sce 21
210,ligurian,template_boilerplate,O 210 (CCX in nùmeri români) o l'é 'n ànno  do  III secolo.
210,ligurian,template_boilerplate,Wikimedia Commons a contêgne di files in sce 210
210_a.C.,ligurian,template_boilerplate,C. (CCX a. C. in nùmeri români) o l'é 'n ànno  do  III secolo a.
210_a.C.,ligurian,template_boilerplate,C. Wikimedia Commons a contêgne di files in sce 210 a.
211,ligurian,template_boilerplate,O 211 (CCXI in nùmeri români) o l'é 'n ànno  do  III secolo.
211,ligurian,template_boilerplate,Wikimedia Commons a contêgne di files in sce 211
211_a.C.,ligurian,template_boilerplate,C. (CCXI a. C. in nùmeri români) o l'é 'n ànno  do  III secolo a.
211_a.C.,ligurian,template_boilerplate,C. Wikimedia Commons a contêgne di files in sce 211 a.
212,ligurian,template_boilerplate,O 212 (CCXII in nùmeri români) o l'é 'n ànno bizestîle do  III secolo.
212,ligurian,template_boilerplate,Wikimedia Commons a contêgne di files in sce 212
212_a.C.,ligurian,template_boilerplate,C. (CCXII a. C. in nùmeri români) o l'é 'n ànno  do  III secolo a.
212_a.C.,ligurian,template_boilerplate,C. Wikimedia Commons a contêgne di files in sce 212 a.
213,ligurian,template_boilerplate,O 213 (CCXIII in nùmeri români) o l'é 'n ànno  do  III secolo.
213,ligurian,template_boilerplate,Wikimedia Commons a contêgne di files in sce 213
213_a.C.,ligurian,template_boilerplate,C. (CCXIII a. C. in nùmeri români) o l'é 'n ànno  do  III secolo a.
213_a.C.,ligurian,template_boilerplate,C. Wikimedia Commons a contêgne di files in sce 213 a.
214,ligurian,template_boilerplate,O 214 (CCXIV in nùmeri români) o l'é 'n ànno  do  III secolo.
214,ligurian,template_boilerplate,Wikimedia Commons a contêgne di files in sce 214
214_a.C.,ligurian,template_boilerplate,C. (CCXIV a. C. in nùmeri români) o l'é 'n ànno  do  III secolo a.
214_a.C.,ligurian,template_boilerplate,C. Wikimedia Commons a contêgne di files in sce 214 a.
215,ligurian,template_boilerplate,O 215 (CCXV in nùmeri români) o l'é 'n ànno  do  III secolo.
215,ligurian,template_boilerplate,Wikimedia Commons a contêgne di files in sce 215
215_a.C.,ligurian,template_boilerplate,C. (CCXV a. C. in nùmeri români) o l'é 'n ànno  do  III secolo a.
215_a.C.,ligurian,template_boilerplate,C. Wikimedia Commons a contêgne di files in sce 215 a.
216,ligurian,template_boilerplate,O 216 (CCXVI in nùmeri români) o l'é 'n ànno bizestîle do  III secolo.
216,ligurian,template_boilerplate,Wikimedia Commons a contêgne di files in sce 216
216_a.C.,ligurian,template_boilerplate,C. (CCXVI a. C. in nùmeri români) o l'é 'n ànno  do  III secolo a.
216_a.C.,ligurian,template_boilerplate,C. Wikimedia Commons a contêgne di files in sce 216 a.
217,ligurian,template_boilerplate,O 217 (CCXVII in nùmeri români) o l'é 'n ànno  do  III secolo.
217,ligurian,template_boilerplate,Wikimedia Commons a contêgne di files in sce 217
217_a.C.,ligurian,template_boilerplate,C. (CCXVII a. C. in nùmeri români) o l'é 'n ànno  do  III secolo a.
217_a.C.,ligurian,template_boilerplate,C. Wikimedia Commons a contêgne di files in sce 217 a.
218,ligurian,template_boilerplate,O 218 (CCXVIII in nùmeri români) o l'é 'n ànno  do  III secolo.
218,ligurian,template_boilerplate,Wikimedia Commons a contêgne di files in sce 218
218_a.C.,ligurian,template_boilerplate,C. (CCXVIII a. C. in nùmeri români) o l'é 'n ànno  do  III secolo a.
218_a.C.,ligurian,template_boilerplate,C. Wikimedia Commons a contêgne di files in sce 218 a.
219,ligurian,template_boilerplate,O 219 (CCXIX in nùmeri români) o l'é 'n ànno  do  III secolo.
219,ligurian,template_boilerplate,Wikimedia Commons a contêgne di files in sce 219
219_a.C.,ligurian,template_boilerplate,C. (CCXIX a. C. in nùmeri români) o l'é 'n ànno  do  III secolo a.
219_a.C.,ligurian,template_boilerplate,C. Wikimedia Commons a contêgne di files in sce 219 a.
21_a.C.,ligurian,template_boilerplate,C. (XXI a. C. in nùmeri români) o l'é 'n ànno  do  I secolo a.
21_a.C.,ligurian,template_boilerplate,C. Wikimedia Commons a contêgne di files in sce 21 a.
21_agosto,ligurian,template_boilerplate,O 21 agosto o l'é o 233° giórno de l'ànno (234° inti ànni bizestîli) segondo o Lûnäio Gregorian.
21_agosto,ligurian,template_boilerplate,Màncan 132 giórni a-a fin de l'ànno.
21_agosto,ligurian,template_boilerplate,Wikimedia Commons a contêgne di files in sce 21 agosto
21_arvî,ligurian,template_boilerplate,O 21 arvî o l'é o 111° giórno de l'ànno (112° inti ànni bizestîli) segondo o Lûnäio Gregorian.
21_arvî,ligurian,template_boilerplate,Màncan 254 giórni a-a fin de l'ànno.
21_arvî,ligurian,template_boilerplate,Wikimedia Commons a contêgne di files in sce 21 arvî
21_dexénbre,ligurian,template_boilerplate,O 21 dexénbre o l'é o 355° giórno de l'ànno (356° inti ànni bizestîli) segondo o Lûnäio Gregorian.
21_dexénbre,ligurian,template_boilerplate,Màncan 10 giórni a-a fin de l'ànno.
21_dexénbre,ligurian,template_boilerplate,Wikimedia Commons a contêgne di files in sce 21 dexénbre
21_frevâ,ligurian,template_boilerplate,O 21 frevâ o l'é o 52° giórno de l'ànno segondo o Lûnäio Gregorian.
21_frevâ,ligurian,template_boilerplate,Mancan 313 giórni a-a fin de l'ànno (314 inti ànni bizestîli) Wikimedia Commons a contêgne di files in sce 21 frevâ
21_lûggio,ligurian,template_boilerplate,O 21 lûggio o l'é o 202° giórno de l'ànno (203° inti ànni bizestîli) segondo o Lûnäio Gregorian.
21_lûggio,ligurian,template_boilerplate,Wikimedia Commons a contêgne di files in sce 21 lûggio
21_marso,ligurian,template_boilerplate,O 21 marso o l'é o 80° giórno de l'ànno (81° inti ànni bizestîli) segondo o Lûnäio Gregorian.
21_marso,ligurian,template_boilerplate,Mancân 285 giórni a-a fin de l'ànno.
21_marso,ligurian,template_boilerplate,Wikimedia Commons a contêgne di files in sce 21 marso
21_mazzo,ligurian,template_boilerplate,O 21 mazzo o l'é o 141° giórno de l'ànno (142° inti ànni bizestîli) segondo o Lûnäio Gregorian.
21_mazzo,ligurian,template_boilerplate,Màncan 224 giórni a-a fin de l'ànno.
21_mazzo,ligurian,template_boilerplate,Wikimedia Commons a contêgne di files in sce 21 mazzo
21_novénbre,ligurian,template_boilerplate,O 21 novénbre o l'é o 325° giórno de l'ànno (326° inti ànni bizestîli) segondo o Lûnäio Gregorian.
21_novénbre,ligurian,template_boilerplate,Màncan 40 giórni a-a fin de l'ànno.
21_novénbre,ligurian,template_boilerplate,Wikimedia Commons a contêgne di files in sce 21 novénbre
21_seténbre,ligurian,template_boilerplate,O 21 seténbre o l'é o 264° giórno de l'ànno (265° inti ànni bizestîli) segondo o Lûnäio Gregorian.
21_seténbre,ligurian,template_boilerplate,Màncan 101 giórni a-a fin de l'ànno.
21_seténbre,ligurian,template_boilerplate,Wikimedia Commons a contêgne di files in sce 21 seténbre
21_zenâ,ligurian,template_boilerplate,O 21 zenâ o l'é o 21° giórno de l'ànno segondo o Lûnäio Gregorian.
21_zenâ,ligurian,template_boilerplate,Mancan 344 giórni a-a fin de l'ànno (345 inti ànni bizestîli) Wikimedia Commons a contêgne di files in sce 21 zenâ
21_zûgno,ligurian,template_boilerplate,O 21 zûgno o l'é o 172° giórno de l'ànno (173° inti ànni bizestîli) segondo o Lûnäio Gregorian.
21_zûgno,ligurian,template_boilerplate,Màncan 193 giórni a-a fin de l'ànno.
21_zûgno,ligurian,template_boilerplate,Wikimedia Commons a contêgne di files in sce 21 zûgno
21_òtôbre,ligurian,template_boilerplate,O 21 òtôbre o l'é o 294° giórno de l'ànno (295° inti ànni bizestîli) segondo o Lûnäio Gregorian.
21_òtôbre,ligurian,template_boilerplate,Màncan 71 giórni a-a fin de l'ànno.
21_òtôbre,ligurian,template_boilerplate,Wikimedia Commons a contêgne di files in sce 21 òtôbre
22,ligurian,template_boilerplate,O 22 (XXII in nùmeri români) o l'é 'n ànno  do  I secolo.
22,ligurian,template_boilerplate,Wikimedia Commons a contêgne di files in sce 22
220,ligurian,template_boilerplate,O 220 (CCXX in nùmeri români) o l'é 'n ànno bizestîle do  III secolo.
220,ligurian,template_boilerplate,Wikimedia Commons a contêgne di files in sce 220
220_a.C.,ligurian,template_boilerplate,C. (CCXX a. C. in nùmeri români) o l'é 'n ànno  do  III secolo a.
220_a.C.,ligurian,template_boilerplate,C. Wikimedia Commons a contêgne di files in sce 220 a.
221,ligurian,template_boilerplate,O 221 (CCXXI in nùmeri români) o l'é 'n ànno  do  III secolo.
221,ligurian,template_boilerplate,Wikimedia Commons a contêgne di files in sce 221
221_a.C.,ligurian,template_boilerplate,C. (CCXXI a. C. in nùmeri români) o l'é 'n ànno  do  III secolo a.
221_a.C.,ligurian,template_boilerplate,C. Wikimedia Commons a contêgne di files in sce 221 a.
222,ligurian,template_boilerplate,O 222 (CCXXII in nùmeri români) o l'é 'n ànno  do  III secolo.
222,ligurian,template_boilerplate,Wikimedia Commons a contêgne di files in sce 222
222_a.C.,ligurian,template_boilerplate,C. (CCXXII a. C. in nùmeri români) o l'é 'n ànno  do  III secolo a.
222_a.C.,ligurian,template_boilerplate,C. Wikimedia Commons a contêgne di files in sce 222 a.
223,ligurian,template_boilerplate,O 223 (CCXXIII in nùmeri români) o l'é 'n ànno  do  III secolo.
223,ligurian,template_boilerplate,Wikimedia Commons a contêgne di files in sce 223
223_a.C.,ligurian,template_boilerplate,C. (CCXXIII a. C. in nùmeri români) o l'é 'n ànno  do  III secolo a.
223_a.C.,ligurian,template_boilerplate,C. Wikimedia Commons a contêgne di files in sce 223 a.
224,ligurian,template_boilerplate,O 224 (CCXXIV in nùmeri români) o l'é 'n ànno bizestîle do  III secolo.
224,ligurian,template_boilerplate,Wikimedia Commons a contêgne di files in sce 224
225,ligurian,template_boilerplate,O 225 (CCXXV in nùmeri români) o l'é 'n ànno  do  III secolo.
225,ligurian,template_boilerplate,Wikimedia Commons a contêgne di files in sce 225
225_a.C.,ligurian,template_boilerplate,C. (CCXXV a. C. in nùmeri români) o l'é 'n ànno  do  III secolo a.
225_a.C.,ligurian,template_boilerplate,C. Wikimedia Commons a contêgne di files in sce 225 a.
226,ligurian,template_boilerplate,O 226 (CCXXVI in nùmeri români) o l'é 'n ànno  do  III secolo.
226,ligurian,template_boilerplate,Wikimedia Commons a contêgne di files in sce 226
226_a.C.,ligurian,template_boilerplate,C. (CCXXVI a. C. in nùmeri români) o l'é 'n ànno  do  III secolo a.
226_a.C.,ligurian,template_boilerplate,C. Wikimedia Commons a contêgne di files in sce 226 a.
227,ligurian,template_boilerplate,O 227 (CCXXVII in nùmeri români) o l'é 'n ànno  do  III secolo.
227,ligurian,template_boilerplate,Wikimedia Commons a contêgne di files in sce 227
228,ligurian,template_boilerplate,O 228 (CCXXVIII in nùmeri români) o l'é 'n ànno bizestîle do  III secolo.
228,ligurian,template_boilerplate,Wikimedia Commons a contêgne di files in sce 228
228_a.C.,ligurian,template_boilerplate,C. (CCXXVIII a. C. in nùmeri români) o l'é 'n ànno  do  III secolo a.
228_a.C.,ligurian,template_boilerplate,C. Wikimedia Commons a contêgne di files in sce 228 a.
229,ligurian,template_boilerplate,O 229 (CCXXIX in nùmeri români) o l'é 'n ànno  do  III secolo.
229,ligurian,template_boilerplate,Wikimedia Commons a contêgne di files in sce 229
22_agosto,ligurian,template_boilerplate,O 22 agosto o l'é o 234° giórno de l'ànno (235° inti ànni bizestîli) segondo o Lûnäio Gregorian.
22_agosto,ligurian,template_boilerplate,Màncan 131 giórni a-a fin de l'ànno.
22_agosto,ligurian,template_boilerplate,Wikimedia Commons a contêgne di files in sce 22 agosto
22_arvî,ligurian,template_boilerplate,O 22 arvî o l'é o 112° giórno de l'ànno (113° inti ànni bizestîli) segondo o Lûnäio Gregorian.
22_arvî,ligurian,template_boilerplate,Màncan 253 giórni a-a fin de l'ànno.
22_arvî,ligurian,template_boilerplate,Wikimedia Commons a contêgne di files in sce 22 arvî
22_dexénbre,ligurian,template_boilerplate,O 22 dexénbre o l'é o 356° giórno de l'ànno (357° inti ànni bizestîli) segondo o Lûnäio Gregorian.
22_dexénbre,ligurian,template_boilerplate,Màncan 9 giórni a-a fin de l'ànno.
22_dexénbre,ligurian,template_boilerplate,Wikimedia Commons a contêgne di files in sce 22 dexénbre
22_frevâ,ligurian,template_boilerplate,O 22 frevâ o l'é o 53° giórno de l'ànno segondo o Lûnäio Gregorian.
22_frevâ,ligurian,template_boilerplate,Mancan 312 giórni a-a fin de l'ànno (313 inti ànni bizestîli) Wikimedia Commons a contêgne di files in sce 22 frevâ
22_lûggio,ligurian,template_boilerplate,O 22 lûggio o l'é o 203° giórno de l'ànno (204° inti ànni bizestîli) segondo o Lûnäio Gregorian.
22_lûggio,ligurian,template_boilerplate,Màncan 162 giórni a-a fin de l'ànno.
22_lûggio,ligurian,template_boilerplate,Wikimedia Commons a contêgne di files in sce 22 lûggio
22_marso,ligurian,template_boilerplate,O 22 marso o l'é o 81° giórno de l'ànno (82° inti ànni bizestîli) segondo o Lûnäio Gregorian.
22_marso,ligurian,template_boilerplate,Mancân 284 giórni a-a fin de l'ànno.
22_marso,ligurian,template_boilerplate,Wikimedia Commons a contêgne di files in sce 22 marso
22_mazzo,ligurian,template_boilerplate,O 22 mazzo o l'é o 142° giórno de l'ànno (143° inti ànni bizestîli) segondo o Lûnäio Gregorian.
22_mazzo,ligurian,template_boilerplate,Màncan 223 giórni a-a fin de l'ànno.
22_mazzo,ligurian,template_boilerplate,Wikimedia Commons a contêgne di files in sce 22 mazzo
22_novénbre,ligurian,template_boilerplate,O 22 novénbre o l'é o 326° giórno de l'ànno (327° inti ànni bizestîli) segondo o Lûnäio Gregorian.
22_novénbre,ligurian,template_boilerplate,Màncan 39 giórni a-a fin de l'ànno.
22_novénbre,ligurian,template_boilerplate,Wikimedia Commons a contêgne di files in sce 22 novénbre
22_seténbre,ligurian,template_boilerplate,O 22 seténbre o l'é o 265° giórno de l'ànno (266° inti ànni bizestîli) segondo o Lûnäio Gregorian.
22_seténbre,ligurian,template_boilerplate,Màncan 100 giórni a-a fin de l'ànno.
22_seténbre,ligurian,template_boilerplate,Wikimedia Commons a contêgne di files in sce 22 seténbre
22_zenâ,ligurian,template_boilerplate,O 22 zenâ o l'é o 22° giórno de l'ànno segondo o Lûnäio Gregorian.
22_zenâ,ligurian,template_boilerplate,Mancan 343 giórni a-a fin de l'ànno (344 inti ànni bizestîli) Wikimedia Commons a contêgne di files in sce 22 zenâ
22_zûgno,ligurian,template_boilerplate,O 22 zûgno o l'é o 173° giórno de l'ànno (174° inti ànni bizestîli) segondo o Lûnäio Gregorian.
22_zûgno,ligurian,template_boilerplate,Màncan 192 giórni a-a fin de l'ànno.
22_zûgno,ligurian,template_boilerplate,Wikimedia Commons a contêgne di files in sce 22 zûgno
22_òtôbre,ligurian,template_boilerplate,O 22 òtôbre o l'é o 295° giórno de l'ànno (296° inti ànni bizestîli) segondo o Lûnäio Gregorian.
22_òtôbre,ligurian,template_boilerplate,Màncan 70 giórni a-a fin de l'ànno.
22_òtôbre,ligurian,template_boilerplate,Wikimedia Commons a contêgne di files in sce 22 òtôbre
23,ligurian,template_boilerplate,O 23 (XXIII in nùmeri români) o l'é 'n ànno  do  I secolo.
23,ligurian,template_boilerplate,Wikimedia Commons a contêgne di files in sce 23
230,ligurian,template_boilerplate,O 230 (CCXXX in nùmeri români) o l'é 'n ànno  do  III secolo.
230,ligurian,template_boilerplate,Wikimedia Commons a contêgne di files in sce 230
230_a.C.,ligurian,template_boilerplate,C. (CCXXX a. C. in nùmeri români) o l'é 'n ànno  do  III secolo a.
230_a.C.,ligurian,template_boilerplate,C. Wikimedia Commons a contêgne di files in sce 230 a.
231,ligurian,template_boilerplate,O 231 (CCXXXI in nùmeri români) o l'é 'n ànno  do  III secolo.
231,ligurian,template_boilerplate,Wikimedia Commons a contêgne di files in sce 231
232,ligurian,template_boilerplate,O 232 (CCXXXII in nùmeri români) o l'é 'n ànno bizestîle do  III secolo.
232,ligurian,template_boilerplate,Wikimedia Commons a contêgne di files in sce 232
232_a.C.,ligurian,template_boilerplate,C. (CCXXXII a. C. in nùmeri români) o l'é 'n ànno  do  III secolo a.
232_a.C.,ligurian,template_boilerplate,C. Wikimedia Commons a contêgne di files in sce 232 a.
233,ligurian,template_boilerplate,O 233 (CCXXXIII in nùmeri români) o l'é 'n ànno  do  III secolo.
233,ligurian,template_boilerplate,Wikimedia Commons a contêgne di files in sce 233
234,ligurian,template_boilerplate,O 234 (CCXXXIV in nùmeri români) o l'é 'n ànno  do  III secolo.
234,ligurian,template_boilerplate,Wikimedia Commons a contêgne di files in sce 234
234_a.C.,ligurian,template_boilerplate,C. (CCXXXIV a. C. in nùmeri români) o l'é 'n ànno  do  III secolo a.
234_a.C.,ligurian,template_boilerplate,C. Wikimedia Commons a contêgne di files in sce 234 a.
235,ligurian,template_boilerplate,O 235 (CCXXXV in nùmeri români) o l'é 'n ànno  do  III secolo.
235,ligurian,template_boilerplate,Wikimedia Commons a contêgne di files in sce 235
235_a.C.,ligurian,template_boilerplate,C. (CCXXXV a. C. in nùmeri români) o l'é 'n ànno  do  III secolo a.
235_a.C.,ligurian,template_boilerplate,C. Wikimedia Commons a contêgne di files in sce 235 a.
236,ligurian,template_boilerplate,O 236 (CCXXXVI in nùmeri români) o l'é 'n ànno bizestîle do  III secolo.
236,ligurian,template_boilerplate,Wikimedia Commons a contêgne di files in sce 236
236_a.C.,ligurian,template_boilerplate,C. (CCXXXVI a. C. in nùmeri români) o l'é 'n ànno  do  III secolo a.
237,ligurian,template_boilerplate,O 237 (CCXXXVII in nùmeri români) o l'é 'n ànno  do  III secolo.
237,ligurian,template_boilerplate,Wikimedia Commons a contêgne di files in sce 237
237_a.C.,ligurian,template_boilerplate,C. (CCXXXVII a. C. in nùmeri români) o l'é 'n ànno  do  III secolo a.
237_a.C.,ligurian,template_boilerplate,C. Wikimedia Commons a contêgne di files in sce 237 a.
238,ligurian,template_boilerplate,O 238 (CCXXXVIII in nùmeri români) o l'é 'n ànno  do  III secolo.
238,ligurian,template_boilerplate,Wikimedia Commons a contêgne di files in sce 238
238_a.C.,ligurian,template_boilerplate,C. (CCXXXVIII a. C. in nùmeri români) o l'é 'n ànno  do  III secolo a.
238_a.C.,ligurian,template_boilerplate,C. Wikimedia Commons a contêgne di files in sce 238 a.
239,ligurian,template_boilerplate,O 239 (CCXXXIX in nùmeri români) o l'é 'n ànno  do  III secolo.
239,ligurian,template_boilerplate,Wikimedia Commons a contêgne di files in sce 239
239_a.C.,ligurian,template_boilerplate,C. (CCXXXIX a. C. in nùmeri români) o l'é 'n ànno  do  III secolo a.
239_a.C.,ligurian,template_boilerplate,C. Wikimedia Commons a contêgne di files in sce 239 a.
23_a.C.,ligurian,template_boilerplate,C. (XXIII a. C. in nùmeri români) o l'é 'n ànno  do  I secolo a.
23_a.C.,ligurian,template_boilerplate,C. Wikimedia Commons a contêgne di files in sce 23 a.
23_agosto,ligurian,template_boilerplate,O 23 agosto o l'é o 235° giórno de l'ànno (236° inti ànni bizestîli) segondo o Lûnäio Gregorian.
23_agosto,ligurian,template_boilerplate,Màncan 130 giórni a-a fin de l'ànno.
23_agosto,ligurian,template_boilerplate,Wikimedia Commons a contêgne di files in sce 23 agosto
23_arvî,ligurian,template_boilerplate,O 23 arvî o l'é o 113° giórno de l'ànno (114° inti ànni bizestîli) segondo o Lûnäio Gregorian.
23_arvî,ligurian,template_boilerplate,Màncan 252 giórni a-a fin de l'ànno.
23_arvî,ligurian,template_boilerplate,Wikimedia Commons a contêgne di files in sce 23 arvî
23_dexénbre,ligurian,template_boilerplate,O 23 dexénbre o l'é o 357° giórno de l'ànno (358° inti ànni bizestîli) segondo o Lûnäio Gregorian.
23_dexénbre,ligurian,template_boilerplate,Màncan 8 giórni a-a fin de l'ànno.
23_dexénbre,ligurian,template_boilerplate,Wikimedia Commons a contêgne di files in sce 23 dexénbre
23_frevâ,ligurian,template_boilerplate,O 23 frevâ o l'é o 54° giórno de l'ànno segondo o Lûnäio Gregorian.
23_lûggio,ligurian,template_boilerplate,O 23 lûggio o l'é o 204° giórno de l'ànno (205° inti ànni bizestîli) segondo o Lûnäio Gregorian.
23_lûggio,ligurian,template_boilerplate,Màncan 161 giórni a-a fin de l'ànno.
23_lûggio,ligurian,template_boilerplate,Wikimedia Commons a contêgne di files in sce 23 lûggio
23_marso,ligurian,template_boilerplate,O 23 marso o l'é o 82° giórno de l'ànno (83° inti ànni bizestîli) segondo o Lûnäio Gregorian.
23_marso,ligurian,template_boilerplate,Mancân 283 giórni a-a fin de l'ànno.
23_marso,ligurian,template_boilerplate,Wikimedia Commons a contêgne di files in sce 23 marso
23_mazzo,ligurian,template_boilerplate,O 23 mazzo o l'é o 143° giórno de l'ànno (144° inti ànni bizestîli) segondo o Lûnäio Gregorian.
23_mazzo,ligurian,template_boilerplate,Màncan 222 giórni a-a fin de l'ànno.
23_mazzo,ligurian,template_boilerplate,Wikimedia Commons a contêgne di files in sce 23 mazzo
23_novénbre,ligurian,template_boilerplate,O 23 novénbre o l'é o 327° giórno de l'ànno (328° inti ànni bizestîli) segondo o Lûnäio Gregorian.
23_novénbre,ligurian,template_boilerplate,Màncan 38 giórni a-a fin de l'ànno.
23_novénbre,ligurian,template_boilerplate,Wikimedia Commons a contêgne di files in sce 23 novénbre
23_seténbre,ligurian,template_boilerplate,O 23 seténbre o l'é o 266° giórno de l'ànno (267° inti ànni bizestîli) segondo o Lûnäio Gregorian.
23_seténbre,ligurian,template_boilerplate,Màncan 99 giórni a-a fin de l'ànno.
23_seténbre,ligurian,template_boilerplate,Wikimedia Commons a contêgne di files in sce 23 seténbre
23_zenâ,ligurian,template_boilerplate,O 23 zenâ o l'é o 23° giórno de l'ànno segondo o Lûnäio Gregorian.
23_zenâ,ligurian,template_boilerplate,Mancan 342 giórni a-a fin de l'ànno (343 inti ànni bizestîli) Wikimedia Commons a contêgne di files in sce 23 zenâ
23_zûgno,ligurian,template_boilerplate,O 23 zûgno o l'é o 174° giórno de l'ànno (175° inti ànni bizestîli) segondo o Lûnäio Gregorian.
23_zûgno,ligurian,template_boilerplate,Màncan 191 giórni a-a fin de l'ànno.
23_zûgno,ligurian,template_boilerplate,Wikimedia Commons a contêgne di files in sce 23 zûgno
23_òtôbre,ligurian,template_boilerplate,O 23 òtôbre o l'é o 296° giórno de l'ànno (297° inti ànni bizestîli) segondo o Lûnäio Gregorian.
23_òtôbre,ligurian,template_boilerplate,Màncan 69 giórni a-a fin de l'ànno.
23_òtôbre,ligurian,template_boilerplate,Wikimedia Commons a contêgne di files in sce 23 òtôbre
24,ligurian,template_boilerplate,O 24 (XXIV in nùmeri români) o l'é 'n ànno bizestîle do  I secolo.
24,ligurian,template_boilerplate,Wikimedia Commons a contêgne di files in sce 24
.actor,emilian,template_boilerplate,Al funsiòuna da 'l 26 ed fervêr dal 2014.
.aigo,emilian,template_boilerplate,Al funsiòuna da 'l 17 'd agòst dal 2016.
.amex,emilian,template_boilerplate,Al funsiòuna da 'l 2 'd agòst dal 2016.
.archi,emilian,template_boilerplate,Al funsiòuna da 'l 31 ed mêrs dal 2014.
.asda,emilian,template_boilerplate,Al funsiòuna da 'l 23 'd agòst dal 2016.
.axa,emilian,template_boilerplate,Al funsiòuna da 'l 19 ed mêrs dal 2014.
.bar,emilian,template_boilerplate,Al funsiòuna da 'l 27 ed fervêr dal 2014.
.bid,emilian,template_boilerplate,Al funsiòuna da 'l 2 ed mêrs dal 2014.
.black,emilian,template_boilerplate,Al funsiòuna da 'l 27 ed mêrs dal 2014.
.blue,emilian,template_boilerplate,Al funsiòuna da 'l 5 ed fervêr dal 2014.
.capitalone,emilian,template_boilerplate,Al funsiòuna da 'l 10 'd agòst dal 2016.
.cards,emilian,template_boilerplate,Al funsiòuna da 'l 11 ed fervêr dal 2014.
.catering,emilian,template_boilerplate,Al funsiòuna da 'l 4 ed fervêr dal 2014.
.diy,emilian,template_boilerplate,Al funsiòuna da 'l 25 'd agòst dal 2016.
.dnp,emilian,template_boilerplate,Al funsiòuna da 'l 11 ed mêrs dal 2014.
.eco,emilian,template_boilerplate,Al funsiòuna da 'l 28 'd agòst dal 2016.
.fish,emilian,template_boilerplate,Al funsiòuna da 'l 21 ed fervêr dal 2014.
.gay,emilian,template_boilerplate,Al funsiòuna da 'l 9 'd agòst dal 2019.
.george,emilian,template_boilerplate,Al funsiòuna da 'l 18 'd agòst dal 2016.
.hbo,emilian,template_boilerplate,Al funsiòuna da 'l 14 'd agòst dal 2016.
.jetzt,emilian,template_boilerplate,Al funsiòuna da 'l 15 ed mêrs dal 2014.
.koeln,emilian,template_boilerplate,Al funsiòuna da 'l 5 ed mêrs dal 2014.
.london,emilian,template_boilerplate,Al funsiòuna da 'l 22 ed mêrs dal 2014.
.mango,emilian,template_boilerplate,Al funsiòuna da 'l 16 ed fervêr dal 2014.
.neustar,emilian,template_boilerplate,Al funsiòuna da 'l 19 ed fervêr dal 2014.
.nyc,emilian,template_boilerplate,Al funsiòuna da 'l 20 ed mêrs dal 2014.
.qpon,emilian,template_boilerplate,Al funsiòuna da 'l 12 ed fervêr dal 2014.
.sohu,emilian,template_boilerplate,Al funsiòuna da 'l 25 ed mêrs dal 2014.
.supplies,emilian,template_boilerplate,Al funsiòuna da 'l 25 ed fervêr dal 2014.
.بازار,emilian,template_boilerplate,Al funsiòuna da 'l 18 ed fervêr dal 2014.
.संगठन,emilian,template_boilerplate,Al funsiòuna da 'l 9 ed mêrs dal 2014.
.世界,emilian,template_boilerplate,Al funsiòuna da 'l 12 ed mêrs dal 2014.
'A_Mecca,tarantino,citation_shape;english_text,"Patricia Crone, Meccan Trade and the Rise of Islam, Princeton, Princeton University Press, 1987."
'A_Spezie,tarantino,template_boilerplate,Uicchimedie Commons tène files multimediale sus La Spezia
'Mbere_Bizzandine,tarantino,isbn_doi;citation_shape,"Georg Ostrogorsky, Storie de le 'Mbere Bizandine, Torino, Einaudi, 1993 Giorgio Ravegnani, Introduzione ad 'a storie bizandine, Bologne, 'U Muline, 2006 Warren Treadgold, Storie de Bisanzie, Bologne, 'U Muline, 2005 (inglese) John F. Haldon, Byzantium in the Seventh Century: The Transformation of a Culture, Cambridge University Press, ottobre 1997, ISBN 0-521-31917-X, ISBN 978-0-521-31917-1."
'Mbere_Ottomane,tarantino,citation_shape,"The Classical Age. 1300-1600, 2nd ed., Phoenix, London 1995 S."
'Mbere_Ottomane,tarantino,english_text,"Shaw, History of the Ottoman Empire and Modern Turkey, 2 voll., C.U.P., Cambridge 1976 (traduz. italiana parziale in A."
'Mbere_Ottomane,tarantino,citation_shape;english_text,"Itzkowitz, Ottoman Empire and Islamic Tradition, The University of Chicago Press, London-Chocago 1972 Download Ottomane Immagine ""'Mbere Ottomane Immagine"" Osservatorie sus a le Balcane Osmanlılar (le Ottomane) sus ô site Turchia."
'Mberie,tarantino,template_boilerplate,Uicchimedie Commons tène files multimediale sus Imperia
'Ngeclopedije,tarantino,isbn_doi;citation_shape;english_text,"Collison, Robert, Encyclopaedias: Their History Throughout the Ages, 2nd ed. (New York, London: Hafner, 1966) Darnton, Robert, The business of enlightenment: a publishing history of the Encyclopédie, 1775-1800 (Cambridge: Belknap Press, 1979) ISBN 0-674-08785-2 Kafker, Frank A. (ed.), Notable encyclopedias of the seventeenth and eighteenth centuries: nine predecessors of the Encyclopédie (Oxford: Voltaire Foundation, 1981) ISBN Kafker, Frank A. (ed.), Notable encyclopedias of the late eighteenth century: eleven successors of the Encyclopédie (Oxford: Voltaire Foundation, 1994) ISBN Tega, W. (ed.), L'unità del sapere e l'ideale enciclopedico nel pensiero moderno (Bologna: il Mulino, 1983) Walsh, S."
'Ngeclopedije,tarantino,citation_shape;english_text,"Padraig, Anglo-American general encyclopedias: a historical bibliography, 1703-1967 (New York: Bowker, 1968, 270 pp.) Includes an historical bibliography, arranged alphabetically, with brief notes on the history of many encyclopedias; a chronology; indexes by editor and publisher; bibliography; and 18 pages of notes from a 1965 American Library Association symposium on encyclopedias."
'Ngeclopedije,tarantino,url_metadata,"Appleton and Company) (FI)  Nordisk Familjebok - Konversationslexikon och Realencyklopedi, 1876-1926 (DE)  Meyers Konversations-Lexikon 4ª ed. 1885-1892 (EN)  Encyclopædia Britannica, 11º ediziune (1911) jndr'ô site LoveToKnow"
'Omar_ibn_al-Khattāb,tarantino,citation_shape,"Donner, Fred, Le prime Conguiste Islamiche, Princeton University Press, 1981."
'Omar_ibn_al-Khattāb,tarantino,citation_shape,"Guillaume, A., 'A vite de Maometto, Oxford University Press, 1955."
'Omar_ibn_al-Khattāb,tarantino,citation_shape,"Madelung, Wilferd, 'A successione de Muhammad, Cambridge University Press, 1997."
'Omar_ibn_al-Khattāb,tarantino,citation_shape,"""G.LeviDellaVida e M.Bonner ""Umar"" in 'Ngeclopedije de l'Islam CD-ROM Edition v. 1.0, Koninklijke Brill NV, Leiden, The Netherlands 1999"" Previte-Orton, C. W (1971)."
'Omar_ibn_al-Khattāb,tarantino,template_boilerplate,The Shorter Cambridge Medieval History.
'Omar_ibn_al-Khattāb,tarantino,url_metadata;english_text,"(EN)  The Caliphate, its rise, decline and fall, de William Muir Capitole I, 11 A.H., Death of Mohammad, Election of Abu Bekr, 'Omar, 'Ali, Abu 'Obeida Janine et Dominique Sourdel, Dictionnaire historique de l'islam, Éd."
'Omar_ibn_al-Khattāb,tarantino,isbn_doi,"PUF, Template:ISBN Tabari, La Chronique (Volume II), Actes-Sud Template:ISBN"
'U_Cairo,tarantino,isbn_doi;citation_shape,"Giulio Girardi, presbitere, felosofe, teologhe Ayman al-Zawahiri militande terroriste funnamendaliste islameche sunnite Naguib Mahfouz, Pistèrule d'u mortaije, collane Universale Economeche Feltrinelli, Feltrinelli, 2000,  pp. 251 pp., 35 capp., ISBN 978-88-07-81119-7."
'U_Cairo,tarantino,isbn_doi;citation_shape,"Vatteroni, collane Nuève narrative Newton, Newton Compton, Rome, 2008,  pp. 126 pp., ISBN 978-88-541-1151-6."
'U_Cairo,tarantino,isbn_doi;citation_shape,"Le stradère d'u Cairo se raccundane, traduziune de Ernesto Pagano, collane Altriarabi, il Sirente, Fagnano Alto, 2008,  pp. 216 pp., 58 capp., ISBN 978-88-87847-14-7."
1801,tarantino,template_boilerplate,'U 1801 (MDCCCI jndr'à le numere romane) jè 'n'anne  d'u XIX sechele.
1801,tarantino,template_boilerplate,Uicchimedie Commons tène files multimediale sus 1801
1802,tarantino,template_boilerplate,'U 1802 (MDCCCII jndr'à le numere romane) jè 'n'anne  d'u XIX sechele.
1802,tarantino,template_boilerplate,Uicchimedie Commons tène files multimediale sus 1802
1803,tarantino,template_boilerplate,'U 1803 (MDCCCIII jndr'à le numere romane) jè 'n'anne  d'u XIX sechele.
1803,tarantino,template_boilerplate,Uicchimedie Commons tène files multimediale sus 1803
1804,tarantino,template_boilerplate,'U 1804 (MDCCCIV jndr'à le numere romane) jè 'n'anne bisestile d'u XIX sechele.
1804,tarantino,template_boilerplate,Uicchimedie Commons tène files multimediale sus 1804
1805,tarantino,template_boilerplate,'U 1805 (MDCCCV jndr'à le numere romane) jè 'n'anne  d'u XIX sechele.
1805,tarantino,template_boilerplate,Uicchimedie Commons tène files multimediale sus 1805
1809,tarantino,template_boilerplate,'U 1809 (MDCCCIX jndr'à le numere romane) jè 'n'anne  d'u XIX sechele.
1809,tarantino,template_boilerplate,Uicchimedie Commons tène files multimediale sus 1809
1901,tarantino,template_boilerplate,'U 1901 (MCMI jndr'à le numere romane) jè 'n'anne  d'u XX sechele.
1902,tarantino,template_boilerplate,'U 1902 (MCMII jndr'à le numere romane) jè 'n'anne  d'u XX sechele.
1903,tarantino,template_boilerplate,'U 1903 (MCMIII jndr'à le numere romane) jè 'n'anne  d'u XX sechele.
1904,tarantino,template_boilerplate,'U 1904 (MCMIV jndr'à le numere romane) jè 'n'anne bisestile d'u XX sechele.
1905,tarantino,template_boilerplate,'U 1905 (MCMV jndr'à le numere romane) jè 'n'anne  d'u XX sechele.
1906,tarantino,template_boilerplate,'U 1906 (MCMVI jndr'à le numere romane) jè 'n'anne  d'u XX sechele.
1907,tarantino,template_boilerplate,'U 1907 (MCMVII jndr'à le numere romane) jè 'n'anne  d'u XX sechele.
1908,tarantino,template_boilerplate,'U 1908 (MCMVIII jndr'à le numere romane) jè 'n'anne bisestile d'u XX sechele.
1909,tarantino,template_boilerplate,'U 1909 (MCMIX jndr'à le numere romane) jè 'n'anne  d'u XX sechele.
1910,tarantino,template_boilerplate,'U 1910 (MCMX jndr'à le numere romane) jè 'n'anne  d'u XX sechele.
1911,tarantino,template_boilerplate,'U 1911 (MCMXI jndr'à le numere romane) jè 'n'anne  d'u XX sechele.
1912,tarantino,template_boilerplate,'U 1912 (MCMXII jndr'à le numere romane) jè 'n'anne bisestile d'u XX sechele.
1913,tarantino,template_boilerplate,'U 1913 (MCMXIII jndr'à le numere romane) jè 'n'anne  d'u XX sechele.
1914,tarantino,template_boilerplate,'U 1914 (MCMXIV jndr'à le numere romane) jè 'n'anne  d'u XX sechele.
1915,tarantino,template_boilerplate,'U 1915 (MCMXV jndr'à le numere romane) jè 'n'anne  d'u XX sechele.
1916,tarantino,template_boilerplate,'U 1916 (MCMXVI jndr'à le numere romane) jè 'n'anne bisestile d'u XX sechele.
1917,tarantino,template_boilerplate,'U 1917 (MCMXVII jndr'à le numere romane) jè 'n'anne  d'u XX sechele.
1918,tarantino,template_boilerplate,'U 1918 (MCMXVIII jndr'à le numere romane) jè 'n'anne  d'u XX sechele.
1919,tarantino,template_boilerplate,'U 1919 (MCMXIX jndr'à le numere romane) jè 'n'anne  d'u XX sechele.
1920,tarantino,template_boilerplate,'U 1920 (MCMXX jndr'à le numere romane) jè 'n'anne bisestile d'u XX sechele.
1921,tarantino,template_boilerplate,'U 1921 (MCMXXI jndr'à le numere romane) jè 'n'anne  d'u XX sechele.
1922,tarantino,template_boilerplate,'U 1922 (MCMXXII jndr'à le numere romane) jè 'n'anne  d'u XX sechele.
1923,tarantino,template_boilerplate,'U 1923 (MCMXXIII jndr'à le numere romane) jè 'n'anne  d'u XX sechele.
1924,tarantino,template_boilerplate,'U 1924 (MCMXXIV jndr'à le numere romane) jè 'n'anne bisestile d'u XX sechele.
1925,tarantino,template_boilerplate,'U 1925 (MCMXXV jndr'à le numere romane) jè 'n'anne  d'u XX sechele.
1926,tarantino,template_boilerplate,'U 1926 (MCMXXVI jndr'à le numere romane) jè 'n'anne  d'u XX sechele.
1927,tarantino,template_boilerplate,'U 1927 (MCMXXVII jndr'à le numere romane) jè 'n'anne  d'u XX sechele.
1928,tarantino,template_boilerplate,'U 1928 (MCMXXVIII jndr'à le numere romane) jè 'n'anne bisestile d'u XX sechele.
1929,tarantino,template_boilerplate,'U 1929 (MCMXXIX jndr'à le numere romane) jè 'n'anne  d'u XX sechele.
1930,tarantino,template_boilerplate,'U 1930 (MCMXXX jndr'à le numere romane) jè 'n'anne  d'u XX sechele.
1931,tarantino,template_boilerplate,'U 1931 (MCMXXXI jndr'à le numere romane) jè 'n'anne  d'u XX sechele.
1932,tarantino,template_boilerplate,'U 1932 (MCMXXXII jndr'à le numere romane) jè 'n'anne bisestile d'u XX sechele.
1933,tarantino,template_boilerplate,'U 1933 (MCMXXXIII jndr'à le numere romane) jè 'n'anne  d'u XX sechele.
1934,tarantino,template_boilerplate,'U 1934 (MCMXXXIV jndr'à le numere romane) jè 'n'anne  d'u XX sechele.
1935,tarantino,template_boilerplate,'U 1935 (MCMXXXV jndr'à le numere romane) jè 'n'anne  d'u XX sechele.
1936,tarantino,template_boilerplate,'U 1936 (MCMXXXVI jndr'à le numere romane) jè 'n'anne bisestile d'u XX sechele.
1937,tarantino,template_boilerplate,'U 1937 (MCMXXXVII jndr'à le numere romane) jè 'n'anne  d'u XX sechele.
1938,tarantino,template_boilerplate,'U 1938 (MCMXXXVIII jndr'à le numere romane) jè 'n'anne  d'u XX sechele.
1939,tarantino,template_boilerplate,'U 1939 (MCMXXXIX jndr'à le numere romane) jè 'n'anne  d'u XX sechele.
1940,tarantino,template_boilerplate,'U 1940 (MCMXL jndr'à le numere romane) jè 'n'anne bisestile d'u XX sechele.
1941,tarantino,template_boilerplate,'U 1941 (MCMXLI jndr'à le numere romane) jè 'n'anne  d'u XX sechele.
1942,tarantino,template_boilerplate,'U 1942 (MCMXLII jndr'à le numere romane) jè 'n'anne  d'u XX sechele.
1943,tarantino,template_boilerplate,'U 1943 (MCMXLIII jndr'à le numere romane) jè 'n'anne  d'u XX sechele.
1944,tarantino,template_boilerplate,'U 1944 (MCMXLIV jndr'à le numere romane) jè 'n'anne bisestile d'u XX sechele.
1946,tarantino,template_boilerplate,'U 1946 (MCMXLVI jndr'à le numere romane) jè 'n'anne  d'u XX sechele.
1947,tarantino,template_boilerplate,'U 1947 (MCMXLVII jndr'à le numere romane) jè 'n'anne  d'u XX sechele.
1948,tarantino,template_boilerplate,'U 1948 (MCMXLVIII jndr'à le numere romane) jè 'n'anne bisestile d'u XX sechele.
1949,tarantino,template_boilerplate,'U 1949 (MCMXLIX jndr'à le numere romane) jè 'n'anne  d'u XX sechele.
1950,tarantino,template_boilerplate,'U 1950 (MCML jndr'à le numere romane) jè 'n'anne  d'u XX sechele.
1951,tarantino,template_boilerplate,'U 1951 (MCMLI jndr'à le numere romane) jè 'n'anne  d'u XX sechele.
1952,tarantino,template_boilerplate,'U 1952 (MCMLII jndr'à le numere romane) jè 'n'anne bisestile d'u XX sechele.
1953,tarantino,template_boilerplate,'U 1953 (MCMLIII jndr'à le numere romane) jè 'n'anne  d'u XX sechele.
1954,tarantino,template_boilerplate,'U 1954 (MCMLIV jndr'à le numere romane) jè 'n'anne  d'u XX sechele.
1955,tarantino,template_boilerplate,'U 1955 (MCMLV jndr'à le numere romane) jè 'n'anne  d'u XX sechele.
1956,tarantino,template_boilerplate,'U 1956 (MCMLVI jndr'à le numere romane) jè 'n'anne bisestile d'u XX sechele.
1957,tarantino,template_boilerplate,'U 1957 (MCMLVII jndr'à le numere romane) jè 'n'anne  d'u XX sechele.
1958,tarantino,template_boilerplate,'U 1958 (MCMLVIII jndr'à le numere romane) jè 'n'anne  d'u XX sechele.
1959,tarantino,template_boilerplate,'U 1959 (MCMLIX jndr'à le numere romane) jè 'n'anne  d'u XX sechele.
1960,tarantino,template_boilerplate,'U 1960 (MCMLX jndr'à le numere romane) jè 'n'anne bisestile d'u XX sechele.
1961,tarantino,template_boilerplate,'U 1961 (MCMLXI jndr'à le numere romane) jè 'n'anne  d'u XX sechele.
1962,tarantino,template_boilerplate,'U 1962 (MCMLXII jndr'à le numere romane) jè 'n'anne  d'u XX sechele.
1963,tarantino,template_boilerplate,'U 1963 (MCMLXIII jndr'à le numere romane) jè 'n'anne  d'u XX sechele.
1964,tarantino,template_boilerplate,'U 1964 (MCMLXIV jndr'à le numere romane) jè 'n'anne bisestile d'u XX sechele.
1965,tarantino,template_boilerplate,'U 1965 (MCMLXV jndr'à le numere romane) jè 'n'anne  d'u XX sechele.
1966,tarantino,template_boilerplate,'U 1966 (MCMLXVI jndr'à le numere romane) jè 'n'anne  d'u XX sechele.
1967,tarantino,template_boilerplate,'U 1967 (MCMLXVII jndr'à le numere romane) jè 'n'anne  d'u XX sechele.
1968,tarantino,template_boilerplate,'U 1968 (MCMLXVIII jndr'à le numere romane) jè 'n'anne bisestile d'u XX sechele.
1969,tarantino,template_boilerplate,'U 1969 (MCMLXIX jndr'à le numere romane) jè 'n'anne  d'u XX sechele.
1970,tarantino,template_boilerplate,'U 1970 (MCMLXX jndr'à le numere romane) jè 'n'anne  d'u XX sechele.
1971,tarantino,template_boilerplate,'U 1971 (MCMLXXI jndr'à le numere romane) jè 'n'anne  d'u XX sechele.
1972,tarantino,template_boilerplate,'U 1972 (MCMLXXII jndr'à le numere romane) jè 'n'anne bisestile d'u XX sechele.
1973,tarantino,template_boilerplate,'U 1973 (MCMLXXIII jndr'à le numere romane) jè 'n'anne  d'u XX sechele.
1974,tarantino,template_boilerplate,'U 1974 (MCMLXXIV jndr'à le numere romane) jè 'n'anne  d'u XX sechele.
1975,tarantino,template_boilerplate,'U 1975 (MCMLXXV jndr'à le numere romane) jè 'n'anne  d'u XX sechele.
1976,tarantino,template_boilerplate,'U 1976 (MCMLXXVI jndr'à le numere romane) jè 'n'anne bisestile d'u XX sechele.
1977,tarantino,template_boilerplate,'U 1977 (MCMLXXVII jndr'à le numere romane) jè 'n'anne  d'u XX sechele.
1978,tarantino,template_boilerplate,'U 1978 (MCMLXXVIII jndr'à le numere romane) jè 'n'anne  d'u XX sechele.
1979,tarantino,template_boilerplate,'U 1979 (MCMLXXIX jndr'à le numere romane) jè 'n'anne  d'u XX sechele.
1980,tarantino,template_boilerplate,'U 1980 (MCMLXXX jndr'à le numere romane) jè 'n'anne bisestile d'u XX sechele.
1981,tarantino,template_boilerplate,'U 1981 (MCMLXXXI jndr'à le numere romane) jè 'n'anne  d'u XX sechele.
1982,tarantino,template_boilerplate,'U 1982 (MCMLXXXII jndr'à le numere romane) jè 'n'anne  d'u XX sechele.
1983,tarantino,template_boilerplate,'U 1983 (MCMLXXXIII jndr'à le numere romane) jè 'n'anne  d'u XX sechele.
1984,tarantino,template_boilerplate,'U 1984 (MCMLXXXIV jndr'à le numere romane) jè 'n'anne bisestile d'u XX sechele.
1985,tarantino,template_boilerplate,'U 1985 (MCMLXXXV jndr'à le numere romane) jè 'n'anne  d'u XX sechele.
1985,tarantino,english_text,Premie Nobel pè 'a pace: International Physicians for the Prevention of Nuclear War Premie Nobel pè 'a letterature: Claude Simon Premie Nobel pè 'a medicine: Michael Stuart Brown e Joseph L.
1986,tarantino,template_boilerplate,'U 1986 (MCMLXXXVI jndr'à le numere romane) jè 'n'anne  d'u XX sechele.
1987,tarantino,template_boilerplate,'U 1987 (MCMLXXXVII jndr'à le numere romane) jè 'n'anne  d'u XX sechele.
1988,tarantino,template_boilerplate,'U 1988 (MCMLXXXVIII jndr'à le numere romane) jè 'n'anne bisestile d'u XX sechele.
1989,tarantino,template_boilerplate,'U 1989 (MCMLXXXIX jndr'à le numere romane) jè 'n'anne  d'u XX sechele.
1989,tarantino,citation_fragment,Michael Bishop e Harold E.
1990,tarantino,template_boilerplate,'U 1990 (MCMXC jndr'à le numere romane) jè 'n'anne  d'u XX sechele.
1991,tarantino,template_boilerplate,'U 1991 (MCMXCI jndr'à le numere romane) jè 'n'anne  d'u XX sechele.
1992,tarantino,template_boilerplate,'U 1992 (MCMXCII jndr'à le numere romane) jè 'n'anne bisestile d'u XX sechele.
1993,tarantino,template_boilerplate,'U 1993 (MCMXCIII jndr'à le numere romane) jè 'n'anne  d'u XX sechele.
1994,tarantino,template_boilerplate,'U 1994 (MCMXCIV jndr'à le numere romane) jè 'n'anne  d'u XX sechele.
1995,tarantino,template_boilerplate,'U 1995 (MCMXCV jndr'à le numere romane) jè 'n'anne  d'u XX sechele.
1995,tarantino,template_boilerplate,Uicchimedie Commons tène files multimediale sus 1995
1996,tarantino,template_boilerplate,'U 1996 (MCMXCVI jndr'à le numere romane) jè 'n'anne bisestile d'u XX sechele.
1997,tarantino,template_boilerplate,'U 1997 (MCMXCVII jndr'à le numere romane) jè 'n'anne  d'u XX sechele.
1998,tarantino,template_boilerplate,'U 1998 (MCMXCVIII jndr'à le numere romane) jè 'n'anne  d'u XX sechele.
1999,tarantino,template_boilerplate,'U 1999 (MCMXCIX jndr'à le numere romane) jè 'n'anne  d'u XX sechele.
2000,tarantino,template_boilerplate,'U 2000 (MM jndr'à le numere romane) jè 'n'anne bisestile d'u XX sechele.
2001,tarantino,template_boilerplate,'U 2001 (MMI jndr'à le numere romane) jè 'n'anne  d'u XXI sechele.
2002,tarantino,template_boilerplate,'U 2002 (MMII jndr'à le numere romane) jè 'n'anne  d'u XXI sechele.
2003,tarantino,template_boilerplate,'U 2003 (MMIII jndr'à le numere romane) jè 'n'anne  d'u XXI sechele.
2004,tarantino,template_boilerplate,'U 2004 (MMIV jndr'à le numere romane) jè 'n'anne bisestile d'u XXI sechele.
2005,tarantino,template_boilerplate,'U 2005 (MMV jndr'à le numere romane) jè 'n'anne  d'u XXI sechele.
2006,tarantino,template_boilerplate,'U 2006 (MMVI jndr'à le numere romane) jè 'n'anne  d'u XXI sechele.
2007,tarantino,template_boilerplate,'U 2007 (MMVII jndr'à le numere romane) jè 'n'anne  d'u XXI sechele.
2008,tarantino,template_boilerplate,'U 2008 (MMVIII jndr'à le numere romane) jè 'n'anne bisestile d'u XXI sechele.
2009,tarantino,template_boilerplate,'U 2009 (MMIX jndr'à le numere romane) jè 'n'anne  d'u XXI sechele.
2010,tarantino,template_boilerplate,'U 2010 (MMX jndr'à le numere romane) jè 'n'anne  d'u XXI sechele.
2011,tarantino,template_boilerplate,'U 2011 (MMXI jndr'à le numere romane) jè 'n'anne  d'u XXI sechele.
2012,tarantino,template_boilerplate,'U 2012 (MMXII jndr'à le numere romane) jè 'n'anne bisestile d'u XXI sechele.
2013,tarantino,template_boilerplate,'U 2013 (MMXIII jndr'à le numere romane) jè 'n'anne  d'u XXI sechele.
2014,tarantino,template_boilerplate,'U 2014 (MMXIV jndr'à le numere romane) jè 'n'anne  d'u XXI sechele.
2015,tarantino,template_boilerplate,'U 2015 (MMXV jndr'à le numere romane) jè 'n'anne  d'u XXI sechele.
2016,tarantino,template_boilerplate,'U 2016 (MMXVI jndr'à le numere romane) jè 'n'anne bisestile d'u XXI sechele.
2016,tarantino,citation_fragment;template_boilerplate,"Kosterlitz, Duncan Haldane, David J."
2017,tarantino,template_boilerplate,'U 2017 (MMXVII jndr'à le numere romane) jè 'n'anne  d'u XXI sechele.
2017,tarantino,citation_fragment;template_boilerplate,"Hall, Michael Rosbash, Michael W."
2018,tarantino,template_boilerplate,'U 2018 (MMXVIII jndr'à le numere romane) jè 'n'anne  d'u XXI sechele.
2019,tarantino,template_boilerplate,'U 2019 (MMXIX jndr'à le numere romane) jè 'n'anne  d'u XXI sechele.
2020,tarantino,template_boilerplate,'U 2020 (MMXX jndr'à le numere romane) jè 'n'anne bisestile d'u XXI sechele.
2021,tarantino,template_boilerplate,'U 2021 (MMXXI jndr'à le numere romane) jè 'n'anne  d'u XXI sechele.
2022,tarantino,template_boilerplate,'U 2022 (MMXXII jndr'à le numere romane) jè 'n'anne  d'u XXI sechele.
2023,tarantino,template_boilerplate,'U 2023 (MMXXIII jndr'à le numere romane) jè 'n'anne  d'u XXI sechele.
2024,tarantino,template_boilerplate,'U 2024 (MMXXIV jndr'à le numere romane) jè 'n'anne bisestile d'u XXI sechele.
2024,tarantino,template_boilerplate,Uicchimedie Commons tène files multimediale sus 2024
2090,tarantino,template_boilerplate,'U 2090 (MMXC jndr'à le numere romane) jè 'n'anne  d'u XXI sechele.
2099,tarantino,template_boilerplate,'U 2099 (MMXCIX jndr'à le numere romane) jè 'n'anne  d'u XXI sechele.
2100,tarantino,template_boilerplate,'U 2100 (MMC jndr'à le numere romane) jè 'n'anne  d'u XXI sechele.
Abano_Terme,tarantino,template_boilerplate,Abano Terme éte 'nu comune tagliáne de 19.062 crestiáne.
Abbadia_Cerreto,tarantino,template_boilerplate,Abbadia Cerreto éte 'nu comune tagliáne de 276 crestiáne.
Abbadia_Lariana,tarantino,template_boilerplate,Abbadia Lariana éte 'nu comune tagliáne de 3.151 crestiáne.
Abbadia_San_Salvatore,tarantino,template_boilerplate,Abbadia San Salvatore éte 'nu comune tagliáne de 6.816 crestiáne.
Abbasanta,tarantino,template_boilerplate,Abbasanta éte 'nu comune tagliáne de 2.888  crestiáne.
Abbateggio,tarantino,template_boilerplate,Abbateggio éte 'nu comune tagliáne de 439 crestiáne.
Abbiategrasso,tarantino,template_boilerplate,Abbiategrasso éte 'nu comune tagliáne de 30.120 crestiáne.
Abbruzze,tarantino,template_boilerplate,Uicchimedie Commons tène files multimediale sus Abbruzze
Abetone,tarantino,template_boilerplate,Abetone éte 'nu comune tagliáne de 707 crestiáne.
Abriola,tarantino,template_boilerplate,Abriola éte 'nu comune tagliáne de 1.691 crestiáne.
Acate,tarantino,template_boilerplate,Acate éte 'nu comune tagliáne de 8.425 crestiáne.
Accadia,tarantino,template_boilerplate,Accadia éte 'nu comune tagliáne de 2.289 crestiáne.
Accadia,tarantino,template_boilerplate,Uicchimedie Commons tène files multimediale sus Accadia
Acceglio,tarantino,template_boilerplate,Acceglio éte 'nu comune tagliáne de 160 crestiáne.
Accettura,tarantino,template_boilerplate,Accettura éte 'nu comune tagliáne de 2.427 crestiáne.
Acciano,tarantino,template_boilerplate,Acciano éte 'nu comune tagliáne de 396 crestiáne.
Accumoli,tarantino,template_boilerplate,Accumoli éte 'nu comune tagliáne de 724 crestiáne.
Acerenza,tarantino,template_boilerplate,Acerenza éte 'nu comune tagliáne de 2.705 crestiáne.
Acerno,tarantino,template_boilerplate,Acerno éte 'nu comune tagliáne de 3.013 crestiáne.
Acerra,tarantino,template_boilerplate,Acerra éte 'nu comune tagliáne de 52.403 crestiáne.
Achal_Prabhala,tarantino,english_text,"Uicchimedie Commons tène files multimediale sus Achal Prabhala The Road To Wellville By Achal Prabhala The Times of India : Patent Wrong Battling HIV/AIDS – A Decision Maker's Guide to the Procurement of Medicines and Related Supplies Intellectual Property, Education and Access to Knowledge in Southern Africa, Response to Indian Copyright Law Amendment ""Reconsidering the Pirate Nation: Notes from South Africa and India"" By Lawrence Liang and Achal Prabhala."
Achal_Prabhala,tarantino,english_text,"Tehelka : Indian Patents: Doing Just Fine : In the wake of the Madras High Court’s landmark ruling on Novartis, CHAN PARK and ACHAL PRABHALA disentangle some key myths around patent law"
Acireale,tarantino,template_boilerplate,Acireale éte 'nu comune tagliáne de 52.574 crestiáne.
Acquacanina,tarantino,template_boilerplate,Acquacanina éte 'nu comune tagliáne de 124 crestiáne.
Acquafondata,tarantino,template_boilerplate,Acquafondata éte 'nu comune tagliáne de 316 crestiáne.
Acquaformosa,tarantino,template_boilerplate,Acquaformosa éte 'nu comune tagliáne de 1.289 crestiáne.
Acquafredda,tarantino,template_boilerplate,Acquafredda éte 'nu comune tagliáne de 1.409 crestiáne.
Acquagnora_Cremonese,tarantino,template_boilerplate,Acquanegra Cremonese éte 'nu comune tagliáne de 1.225 crestiáne.
Acqualagna,tarantino,template_boilerplate,Acqualagna éte 'nu comune tagliáne de 4.344 crestiáne.
Acquapendente,tarantino,template_boilerplate,Acquapendente éte 'nu comune tagliáne de 5.771 crestiáne.
Acquappesa,tarantino,template_boilerplate,Acquappesa éte 'nu comune tagliáne de 2.065 crestiáne.
Acquaro,tarantino,template_boilerplate,Acquaro éte 'nu comune tagliáne de 3.064 crestiáne.
Acquasanta_Terme,tarantino,template_boilerplate,Acquasanta Terme éte 'nu comune tagliáne de 3.253 crestiáne.
Acquasparta,tarantino,template_boilerplate,Acquasparta éte 'nu comune tagliáne de 4.533 crestiáne.
Acquaviva_Collecroce,tarantino,template_boilerplate,Acquaviva Collecroce éte 'nu comune tagliáne de 754 crestiáne.
Acquaviva_Picena,tarantino,template_boilerplate,Acquaviva Picena éte 'nu comune tagliáne de 3.605 crestiáne.
Acquaviva_Platani,tarantino,template_boilerplate,Acquaviva Platani éte 'nu comune tagliáne de 967 crestiáne.
Acquedoce,tarantino,template_boilerplate,Acquedoce (in tagliàne Acquedolci) éte 'nu comune tagliáne de 5.436 crestiáne.
Acqui_Terme,tarantino,template_boilerplate,Acqui Terme éte 'nu comune tagliáne de 20.488 crestiáne.
Acri,tarantino,template_boilerplate,Acri éte 'nu comune tagliáne de 23190 crestiáne.
Acuto,tarantino,template_boilerplate,Acuto éte 'nu comune tagliáne de 1.857 crestiáne.
Adolf_Hitler,tarantino,url_metadata,"Adolf Hitler, su MYmovies.it, Mo-Net Srl. (EN) Adolf Hitler, su IMDb, IMDb.com."
Adrano,tarantino,template_boilerplate,Adrano éte 'nu comune tagliáne de 36.071 crestiáne.
Adrara_San_Martino,tarantino,template_boilerplate,Adrara San Martino éte 'nu comune tagliáne de 2.029 crestiáne.
Adria,tarantino,template_boilerplate,Adria éte 'nu comune tagliáne de 20.669 crestiáne.
Adro,tarantino,template_boilerplate,Adro éte 'nu comune tagliáne de 6.769 crestiáne.
Aeropuerte_de_Bare-Palese,tarantino,url_metadata,"Jndr'à 'u 2005 'u trend positive se interrompe; complice 'u fallimende d'a combagnie aerèe low-cost Volareweb.com (divenute protagoniste jndr'à 'u scale barese) e 'u traggeche incidente d'u Vole Tuninter 1153, 'nu ATR 72 d'a combagnie aerèe tunisine, partito da Bare per Djerba e precipitate a 'u larghe de Palerme."
Aeropuerte_de_Bare-Palese,tarantino,url_metadata,"Scheda di QMVM sull'aeroporto di Bari, su sarcamedia.com."
Affi,tarantino,template_boilerplate,Affi éte 'nu comune tagliáne de 1.940 crestiáne.
Affile,tarantino,template_boilerplate,Affile éte 'nu comune tagliáne de 1.688 crestiáne.
Afghanistan,tarantino,url_metadata,"'A popolazzione afgane jè de cirche 29,863,000 crestiáne (Date ambasciate de ll'Afghanistan jndr'à Itaglie https://web.archive.org/web/20111116141914/http://www.afghanistanembassyitaly.com/facts.htm) Da 'u mumènde ca jndr'ô paise non ge se effettuane cchiù cenzimènde accurate da 'nu munne de decennie, non ge sonde 'mbormazziune satte-satte sus 'a combosiziune etneche d'a popolazzione."
Afragóla,tarantino,template_boilerplate,Afragóla éte 'nu comune tagliáne de 62.319 crestiáne.
Africo,tarantino,template_boilerplate,Africo éte 'nu comune tagliáne de 3.345 crestiáne.
Agazzano,tarantino,template_boilerplate,Agazzano éte 'nu comune tagliáne de 2.003 crestiáne.
Agerola,tarantino,template_boilerplate,Agerola éte 'nu comune tagliáne de 7.392 crestiáne.
Aggius,tarantino,template_boilerplate,Aggius éte 'nu comune tagliáne de 1.686 crestiáne.
Agira,tarantino,template_boilerplate,Agira éte 'nu comune tagliáne de 8.171 crestiáne.
Agliana,tarantino,template_boilerplate,Agliana éte 'nu comune tagliáne de 15.405 crestiáne.
Agliano_Terme,tarantino,template_boilerplate,Agliano Terme éte 'nu comune tagliáne de 1.666 crestiáne.
Aglientu,tarantino,template_boilerplate,Aglientu éte 'nu comune tagliáne de 1.125 crestiáne.
Agliè,tarantino,template_boilerplate,Agliè éte 'nu comune tagliáne de 2.572 crestiáne.
Agna,tarantino,template_boilerplate,Agna éte 'nu comune tagliáne de 3.157 crestiáne.
Agnadello,tarantino,template_boilerplate,Agnadello éte 'nu comune tagliáne de 2.977 crestiáne.
Agnana_Calabra,tarantino,template_boilerplate,Agnana Calabra éte 'nu comune tagliáne de 673 crestiáne.
Agnone,tarantino,template_boilerplate,Agnone éte 'nu comune tagliáne de 5.667 crestiáne.
Agnosine,tarantino,template_boilerplate,Agnosine éte 'nu comune tagliáne de 1.875 crestiáne.
Agordo,tarantino,template_boilerplate,Agordo éte 'nu comune tagliáne de 4.262 crestiáne.
Agosta,tarantino,template_boilerplate,Agosta éte 'nu comune tagliáne de 1.987 crestiáne.
Agra_(VA),tarantino,template_boilerplate,Agra éte 'nu comune tagliáne de 370 crestiáne.
Agrate_Brianza,tarantino,template_boilerplate,Agrate Brianza éte 'nu comune tagliáne de 14.621 crestiáne.
Agrate_Conturbia,tarantino,template_boilerplate,Agrate Conturbia éte 'nu comune tagliáne de 1.184 crestiáne.
Agrigende,tarantino,template_boilerplate,Agrigende (in tagliàne Agrigento) éte 'nu comune tagliáne de 61.378 crestiáne.
Agrigende,tarantino,template_boilerplate,Uicchimedie Commons tène files multimediale sus Agrigento
Agropoli,tarantino,template_boilerplate,Agropoli éte 'nu comune tagliáne de 20.246 crestiáne.
Agugliano,tarantino,template_boilerplate,Agugliano éte 'nu comune tagliáne de 4.353 crestiáne.
Agugliaro,tarantino,template_boilerplate,Agugliaro éte 'nu comune tagliáne de 1.350 crestiáne.
Aicurzio,tarantino,template_boilerplate,Aicurzio éte 'nu comune tagliáne de 2.012 crestiáne.
Aidomaggiore,tarantino,template_boilerplate,Aidomaggiore éte 'nu comune tagliáne de 542 crestiáne.
Aidone,tarantino,template_boilerplate,Aidone éte 'nu comune tagliáne de 5.380 crestiáne.
Aielli,tarantino,template_boilerplate,Aielli éte 'nu comune tagliáne de 1.506 crestiáne.
Aiello_Calabro,tarantino,template_boilerplate,Aiello Calabro éte 'nu comune tagliáne de 2.392 crestiáne.
Aieta,tarantino,template_boilerplate,Aieta éte 'nu comune tagliáne de 888 crestiáne.
Ailano,tarantino,template_boilerplate,Ailano éte 'nu comune tagliáne de 1.465 crestiáne.
Ailoche,tarantino,template_boilerplate,Ailoche éte 'nu comune tagliáne de 317 crestiáne.
Airasca,tarantino,template_boilerplate,Airasca éte 'nu comune tagliáne de 3.756 crestiáne.
Airola,tarantino,template_boilerplate,Airola éte 'nu comune tagliáne de 7.860  crestiáne.
Airuno,tarantino,template_boilerplate,Airuno éte 'nu comune tagliáne de 2.607 crestiáne.
Aisone,tarantino,template_boilerplate,Aisone éte 'nu comune tagliáne de 257 crestiáne.
Akira_Kurosawa,tarantino,isbn_doi;citation_shape,"Aldo Tassone, Akira Kurosawa, Melane, Il Castoro Cinema, 1994, ISBN 88-8033-015-2."
Akira_Kurosawa,tarantino,isbn_doi;citation_shape,"Quasi un'autobiografia, a cura di Aldo Tassone, tradotto da Roberto Buffagni, Melane, Baldini&Castoldi, 1995, ISBN 88-8089-850-7."
Akira_Kurosawa,tarantino,url_metadata,"Uicchimedie Commons tène files multimediale sus Akira Kurosawa Schede sus a Akira Kurosawa de l'Internet Movie Database (EN) Profile sus a Japan Zone, su japan-zone.com."
Akira_Kurosawa,tarantino,url_metadata,"URL conzultate il 12 scennare 2016. (EN) Akira Kurosawa News and Information, su akirakurosawa.info."
Akira_Kurosawa,tarantino,url_metadata,"URL conzultate il 12 scennare 2016. (IT) Kurosawa ‹kurosaua›, Akira, in Treccani.it – Enciclopedie on line, Rome, Istitute d'a 'Ngeclopedije Tagliàne."
Ala_(TN),tarantino,template_boilerplate,Ala éte 'nu comune tagliáne de 7.350 crestiáne.
Ala_di_Stura,tarantino,template_boilerplate,Ala di Stura éte 'nu comune tagliáne de 477 crestiáne.
Alagna,tarantino,template_boilerplate,Alagna éte 'nu comune tagliáne de 755 crestiáne.
Alagna_Valsesia,tarantino,template_boilerplate,Alagna Valsesia éte 'nu comune tagliáne de 458 crestiáne.
Alanno,tarantino,template_boilerplate,Alanno éte 'nu comune tagliáne de 3.683 crestiáne.
Alano_di_Piave,tarantino,template_boilerplate,Alano di Piave éte 'nu comune tagliáne de 2.773 crestiáne.
Alassio,tarantino,template_boilerplate,Alassio éte 'nu comune tagliáne de 11.268 crestiáne.
Alassio,tarantino,template_boilerplate,Uicchimedie Commons tène files multimediale sus Alassio
Alatri,tarantino,template_boilerplate,Alatri éte 'nu comune tagliáne de 28.192 crestiáne.
Alba_Adriatica,tarantino,template_boilerplate,Alba Adriatica éte 'nu comune tagliáne de 11.104 crestiáne.
Albagiara,tarantino,template_boilerplate,Albagiara éte 'nu comune tagliáne de 289 crestiáne.
Albairate,tarantino,template_boilerplate,Albairate éte 'nu comune tagliáne de 4.152 crestiáne.
Albanella_(SA),tarantino,template_boilerplate,Albanella éte 'nu comune tagliáne de 6.314 crestiáne.
Albanie,tarantino,english_text,"Linee de successiune ad 'u trone d'Albanie Uicchimedie Commons tène files multimediale sus Albanie Albanie sus a Open Directory Project (Segnala sus a DMoz 'nu collegamende ca cendre cu l'argomende ""Albanie"") (EN, SQ)  Presidenze d'a Repubbleche d'Albanie (SQ)  Parlamènde Albanise (site ufficiale) (EN, SQ)  Conziglie de le Ministre d'a Repubbleche d'Albanie (EN, SQ)  Istitute Statale Albanise de Statisteche (site ufficiale) National Tourism Organization Official website for travel & tourism information Website of the National Tourist Organisation of Albania Camere de Commerce de Tirana - Uffice de Torino"
Albano_Laziale,tarantino,template_boilerplate,Albano Laziale éte 'nu comune tagliáne de 37.508 crestiáne.
Albano_Sant'Alessandro,tarantino,template_boilerplate,Albano Sant'Alessandro éte 'nu comune tagliáne de 7.170 crestiáne.
Albano_Vercellese,tarantino,template_boilerplate,Albano Vercellese éte 'nu comune tagliáne de 339 crestiáne.
Albaredo_Arnaboldi,tarantino,template_boilerplate,Albaredo Arnaboldi éte 'nu comune tagliáne de 205 crestiáne.
Albaredo_d'Adige,tarantino,template_boilerplate,Albaredo d'Adige éte 'nu comune tagliáne de 5.032 crestiáne.
Albareto,tarantino,template_boilerplate,Albareto éte 'nu comune tagliáne de 2.180 crestiáne.
Albavilla,tarantino,template_boilerplate,Albavilla éte 'nu comune tagliáne de 6.070 crestiáne.
Albenghe,tarantino,template_boilerplate,Uicchimedie Commons tène files multimediale sus Albenga
Albera_Ligure,tarantino,template_boilerplate,Albera Ligure éte 'nu comune tagliáne de 332 crestiáne.
Alberobbelle,tarantino,template_boilerplate,Alberobello éte 'nu comune tagliáne de 10.745 crestiáne.
Alberobbelle,tarantino,template_boilerplate,Uicchimedie Commons tène files multimediale sus Alberobbelle
Alberona,tarantino,template_boilerplate,Alberona éte 'nu comune tagliáne de 1.134 crestiáne.
Albi_(CZ),tarantino,template_boilerplate,Albi éte 'nu comune tagliáne de 1.105 crestiáne.
Albiano,tarantino,template_boilerplate,Albiano éte 'nu comune tagliáne de 1.448  crestiáne.
Albiano_d'Ivrea,tarantino,template_boilerplate,Albiano d'Ivrea éte 'nu comune tagliáne de 1.696 crestiáne.
Albiate,tarantino,template_boilerplate,Albiate éte 'nu comune tagliáne de 5.877 crestiáne.
Albidona,tarantino,template_boilerplate,Albidona éte 'nu comune tagliáne de 1.480 crestiáne.
Albignasego,tarantino,template_boilerplate,Albignasego éte 'nu comune tagliáne de 20.561 crestiáne.
Albinea,tarantino,template_boilerplate,Albinea éte 'nu comune tagliáne de 8.121 crestiáne.
Albinea,tarantino,template_boilerplate,Uicchimedie Commons tène files multimediale sus Albinea
Albino_(BG),tarantino,template_boilerplate,Albino éte 'nu comune tagliáne de 17.322 crestiáne.
Albiolo,tarantino,template_boilerplate,Albiolo éte 'nu comune tagliáne de 2.260 crestiáne.
Albisola_Superiore,tarantino,template_boilerplate,Albisola Superiore éte 'nu comune tagliáne de 10.370 crestiáne.
Albisola_Superiore,tarantino,template_boilerplate,Uicchimedie Commons tène files multimediale sus Albisola Superiore
Albissola_Marina,tarantino,template_boilerplate,Albissola Marina éte 'nu comune tagliáne de 5.680 crestiáne.
Albissola_Marina,tarantino,template_boilerplate,Uicchimedie Commons tène files multimediale sus Albissola Marina
Albizzate,tarantino,template_boilerplate,Albizzate éte 'nu comune tagliáne de 4.934 crestiáne.
Albonese,tarantino,template_boilerplate,Albonese éte 'nu comune tagliáne de 504 crestiáne.
Albosaggia,tarantino,template_boilerplate,Albosaggia éte 'nu comune tagliáne de 3.083 crestiáne.
Albugnano,tarantino,template_boilerplate,Albugnano éte 'nu comune tagliáne de 495 crestiáne.
Albuzzano,tarantino,template_boilerplate,Albuzzano éte 'nu comune tagliáne de 2.256 crestiáne.
Alcamo,tarantino,template_boilerplate,Alcamo éte 'nu comune tagliáne de 44.959 crestiáne.
Alcara_Li_Fusi,tarantino,template_boilerplate,Alcara Li Fusi éte 'nu comune tagliáne de 2.474 crestiáne.
Aldeno,tarantino,template_boilerplate,Aldeno éte 'nu comune tagliáne de 2.818 crestiáne.
Aldino,tarantino,template_boilerplate,Aldino éte 'nu comune tagliáne de 1.676   crestiáne.
Ales,tarantino,template_boilerplate,Ales éte 'nu comune tagliáne de 1700 crestiáne.
Alessandria,tarantino,template_boilerplate,Alessandria éte 'nu comune tagliáne de 92.430 crestiáne.
Alessano,tarantino,template_boilerplate,Alessano éte 'nu comune tagliáne de 6.636 crestiáne.
Alezio,tarantino,template_boilerplate,Alezio éte 'nu comune tagliáne de 5.233 crestiáne.
Alfabbète_cirilleche,tarantino,url_metadata,"Е е = /ɛ/, /jɛ-/ Convenziune de traslitterazione d'u cirilleche Uicchimedie Commons tène files multimediale sus Alfabbète cirilleche (EN)  'Ndroduziune a l'alfabbète bielorusse (EN)  'Ndroduziune a l'alfabbète latine bielorusse (EN)  'A lènga bielorusse jndr'ô alfabbète arabe (EN)  Microsoft Transliteration Utility v1.0 (TU) (Gratis)  Programma gratuito per traslitterare la scrittura di una lingua naturale in un'altra."
Alfabbète_cirilleche,tarantino,url_metadata,"(EN)  Traslitterazione cirillica per Microsoft Office (Gratis)  Servizio gratuito di conversione online Latino<->Cirillico per Office Research (EN)  Convertitore dal latino in cirillico (EN)  L'alfabeto cirillico su Omniglot.com (EN)  Un occhiata all'uso dello scritto cirillico moderno, incluso il repertorio completo richiesto di caratteri grafici, di J. W. van Wingen."
Alfabbète_cirilleche,tarantino,url_metadata,(EN)  Lingue minoritarie della Russia in rete (EN)  Alfabeto cirillico bulgaro (audio) (EN)  Informazioni sulla traslitterazione cirillica e la forma scritta a mano del cirillico.
Alfabbète_cirilleche,tarantino,url_metadata;english_text,"(EN)  Tavola dei codici Unicode ""Cirillico"" (PDF) (EN)  Tavola dei codici Unicode ""Cirillico"" supplemento (PDF) (EN)  The Cyrillic Charset Soup, Roman Czyborra’s overview and history of Cyrillic charsets."
Alfabbète_cirilleche,tarantino,url_metadata;english_text,"(EN)  The Russ Key Mozilla Firefox extension, this extension allows typing in Russian and other languages and transliterating HTML text into Cyrillic."
Alfabbète_cirilleche,tarantino,url_metadata,"(EN)  Kazakh Online Transliterator, also allows viewing of Kazakh Cyrillic web pages in Latin characters."
Alfabbète_cirilleche,tarantino,url_metadata;english_text,"(EN)  Universal Cyrillic decoder, an online program that may help recovering unreadable Cyrillic texts with wrong character encodings."
Alfabbète_cirilleche,tarantino,url_metadata,"(EN)  ""Fontozbir"": Serbian Cyrillic fonts package, 650 + Freeware Serbian True Type Fonts, in a single -Zip archive."
Alfano,tarantino,template_boilerplate,Alfano éte 'nu comune tagliáne de 1.305 crestiáne.
Alfedena,tarantino,template_boilerplate,Alfedena éte 'nu comune tagliáne de 787 crestiáne.
Alfianello,tarantino,template_boilerplate,Alfianello éte 'nu comune tagliáne de 2.347 crestiáne.
Alfiano_Natta,tarantino,template_boilerplate,Alfiano Natta éte 'nu comune tagliáne de 785 crestiáne.
Alfonsine,tarantino,template_boilerplate,Alfonsine éte 'nu comune tagliáne de 11.739 crestiáne.
Algua,tarantino,template_boilerplate,Algua éte 'nu comune tagliáne de 686 crestiáne.
Alia,tarantino,template_boilerplate,Alia éte 'nu comune tagliáne de 4.184 crestiáne.
Aliano,tarantino,template_boilerplate,Aliano éte 'nu comune tagliáne de 1.274 crestiáne.
Alice_Castello,tarantino,template_boilerplate,Alice Castello éte 'nu comune tagliáne de 2.603 crestiáne.
Alice_Superiore,tarantino,template_boilerplate,Alice Superiore éte 'nu comune tagliáne de 614 crestiáne.
Alife,tarantino,template_boilerplate,Alife éte 'nu comune tagliáne de 7.372 crestiáne.
Alimena,tarantino,template_boilerplate,Alimena éte 'nu comune tagliáne de 2.494 crestiáne.
Aliminusa,tarantino,template_boilerplate,Aliminusa éte 'nu comune tagliáne de 1.334 crestiáne.
Allai,tarantino,template_boilerplate,Allai éte 'nu comune tagliáne de 413 crestiáne.
Alleghe,tarantino,template_boilerplate,Alleghe éte 'nu comune tagliáne de 1.408 crestiáne.
Allein,tarantino,template_boilerplate,Allein éte 'nu comune tagliáne de 249 crestiáne.
Allerona,tarantino,template_boilerplate,Allerona éte 'nu comune tagliáne de 1.822 crestiáne.
Alliste,tarantino,template_boilerplate,Alliste éte 'nu comune tagliáne de 6.542 crestiáne.
Allumiere,tarantino,template_boilerplate,Allumiere éte 'nu comune tagliáne de 4.275 crestiáne.
Alluvioni_Cambiò,tarantino,template_boilerplate,Alluvioni Cambiò éte 'nu comune tagliáne de 1.009 crestiáne.
Almenno_San_Bartolomeo,tarantino,template_boilerplate,Almenno San Bartolomeo éte 'nu comune tagliáne de 5.499 crestiáne.
Almenno_San_Salvatore,tarantino,template_boilerplate,Almenno San Salvatore éte 'nu comune tagliáne de 5.821 crestiáne.
Almese,tarantino,template_boilerplate,Almese éte 'nu comune tagliáne de 5.932 crestiáne.
Almè,tarantino,template_boilerplate,Almè éte 'nu comune tagliáne de 5.839 crestiáne.
Alonte,tarantino,template_boilerplate,Alonte éte 'nu comune tagliáne de 1.239 crestiáne.
Alozza,tarantino,url_metadata,"Tarde e 'u Mare - Pesche e Pescature - Tarde, 1979 (EN) ITIS Standard Report Page: Sphyraena sphyraena, in Integrated Taxonomic Information System."
Alozza,tarantino,url_metadata,"(EN)  Catalogue of Life: Sphyraena sphyraena, su catalogueoflife.org."
Alpe,tarantino,template_boilerplate,"SOIUSA, Pavone Canavese, Priuli & Verlucca, 2005."
Alpe,tarantino,isbn_doi;citation_shape,"ISBN 88-7480-049-5 Enrico Camanni et al. (a cura di), Le Alpi: il grande dizionario, 12 voll., Scarmagnio: Priuli & Verlucca, 2007."
Alpette,tarantino,template_boilerplate,Alpette éte 'nu comune tagliáne de 300 crestiáne.
Alpignano,tarantino,template_boilerplate,Alpignano éte 'nu comune tagliáne de 17.036 crestiáne.
Alseno,tarantino,template_boilerplate,Alseno éte 'nu comune tagliáne de 4.661 crestiáne.
Alserio,tarantino,template_boilerplate,Alserio éte 'nu comune tagliáne de 1.110 crestiáne.
Altamure,tarantino,template_boilerplate,Altamura éte 'nu comune tagliáne de 67.903 crestiáne.
Altavilla_Irpina,tarantino,template_boilerplate,Altavilla Irpina éte 'nu comune tagliáne de 4.233 crestiáne.
Altavilla_Milicia,tarantino,template_boilerplate,Altavilla Milicia éte 'nu comune tagliáne de 5.257 crestiáne.
Altavilla_Monferrato,tarantino,template_boilerplate,Altavilla Monferrato éte 'nu comune tagliáne de 494 crestiáne.
Altavilla_Silentina,tarantino,template_boilerplate,Altavilla Silentina éte 'nu comune tagliáne de 6.724 crestiáne.
Altavilla_Vicentina,tarantino,template_boilerplate,Altavilla Vicentina éte 'nu comune tagliáne de 10.807 crestiáne.
Altidona,tarantino,template_boilerplate,Altidona éte 'nu comune tagliáne de 2.815 crestiáne.
Altilia,tarantino,template_boilerplate,Altilia éte 'nu comune tagliáne de 768 crestiáne.
Altino_(CH),tarantino,template_boilerplate,Altino éte 'nu comune tagliáne de 2.633 crestiáne.
Altissimo,tarantino,template_boilerplate,Altissimo éte 'nu comune tagliáne de 2.263 crestiáne.
Altivole,tarantino,template_boilerplate,Altivole éte 'nu comune tagliáne de 6.377 crestiáne.
Alto_(CN),tarantino,template_boilerplate,Alto éte 'nu comune tagliáne de 118 crestiáne.
Altofonte,tarantino,template_boilerplate,Altofonte éte 'nu comune tagliáne de 9.649 crestiáne.
Altomonde,tarantino,template_boilerplate,Altomonde (in tagliàne Altomonte) éte 'nu comune tagliáne de 4.493 crestiáne.
Altopascio,tarantino,template_boilerplate,Altopascio éte 'nu comune tagliáne de 12.485 crestiáne.
Alviano,tarantino,template_boilerplate,Alviano éte 'nu comune tagliáne de 1.508 crestiáne.
Alvignano,tarantino,template_boilerplate,Alvignano éte 'nu comune tagliáne de 4.951 crestiáne.
Alvito,tarantino,template_boilerplate,Alvito éte 'nu comune tagliáne de 3.032 crestiáne.
Alzano_Lombardo,tarantino,template_boilerplate,Alzano Lombardo éte 'nu comune tagliáne de 12.065 crestiáne.
Alzano_Scrivia,tarantino,template_boilerplate,Alzano Scrivia éte 'nu comune tagliáne de 403 crestiáne.
Alzate_Brianza,tarantino,template_boilerplate,Alzate Brianza éte 'nu comune tagliáne de 4.815 crestiáne.
Alì_(ME),tarantino,template_boilerplate,Alì éte 'nu comune tagliáne de 933 crestiáne.
Alì_Terme,tarantino,template_boilerplate,Alì Terme éte 'nu comune tagliáne de 2.565 crestiáne.
Amalfi,tarantino,template_boilerplate,Amalfi éte 'nu comune tagliáne de 5.480 crestiáne.
Amandola,tarantino,template_boilerplate,Amandola éte 'nu comune tagliáne de 3.882 crestiáne.
Amantea,tarantino,template_boilerplate,Amantea éte 'nu comune tagliáne de 13.548 crestiáne.
Amaro,tarantino,template_boilerplate,Amaro éte 'nu comune tagliáne de 821 crestiáne.
Amaro,tarantino,template_boilerplate,Uicchimedie Commons tène files multimediale sus Amaro
Amaroni,tarantino,template_boilerplate,Amaroni éte 'nu comune tagliáne de 2.007 crestiáne.
Amaseno,tarantino,template_boilerplate,Amaseno éte 'nu comune tagliáne de 4.223 crestiáne.
Amato_(CZ),tarantino,template_boilerplate,Amato éte 'nu comune tagliáne de 874 crestiáne.
Amatrice,tarantino,template_boilerplate,Amatrice éte 'nu comune tagliáne de 2.803 crestiáne.
Amblar,tarantino,template_boilerplate,Amblar éte 'nu comune tagliáne de 213 crestiáne.
Ameglia,tarantino,template_boilerplate,Ameglia éte 'nu comune tagliáne de 4.558 crestiáne.
Ameglia,tarantino,template_boilerplate,Uicchimedie Commons tène files multimediale sus Ameglia
Amelia_(TR),tarantino,template_boilerplate,Amelia éte 'nu comune tagliáne de 11.750 crestiáne.
Amendolara,tarantino,template_boilerplate,Amendolara éte 'nu comune tagliáne de 3.135 crestiáne.
Ameno,tarantino,template_boilerplate,Ameno éte 'nu comune tagliáne de 926 crestiáne.
Americhe_meridionale,tarantino,template_boilerplate,New York: Columbia University Press.
Americhe_settendrionale,tarantino,english_text,"UN Statistics Division: Composition of macro geographical (continental) regions, geographical sub-regions, and selected economic and other groupings GeoHive: The population of continents, regions and countries Houghton Mifflin Company, ""North America"" Consortium for North American Higher Education Collaboration Crystal Reference Encyclopedia, ""North America"""
Amorosi,tarantino,template_boilerplate,Amorosi éte 'nu comune tagliáne de 2.905 crestiáne.
Ampezzo_(UD),tarantino,template_boilerplate,Ampezzo éte 'nu comune tagliáne de 1.100 crestiáne.
Ampezzo_(UD),tarantino,template_boilerplate,Uicchimedie Commons tène files multimediale sus Ampezzo
Amsterdam,tarantino,url_metadata,"(Dutch) 'Mbormazzione sus a 'u clime, su knmi.nl, Royal Netherlands Meteorological Institute. URL conzultate il 30 másce 2009. 'Mbormazzione sus a 'u clime, su worldweather.org. URL conzultate il 6 scennàre 2008. Amsterdam jè 'u cendre culturale de le Pajèsere Vasce, cu 'na granna attivitata jndr'â lle arte, jndr'â danze, jndr'â musèche e jndr'ô tiatre."
Anacapri,tarantino,template_boilerplate,Anacapri éte 'nu comune tagliáne de 6.240 crestiáne.
Anagni,tarantino,template_boilerplate,Anagni éte 'nu comune tagliáne de 19.253 crestiáne.
Ancarano,tarantino,template_boilerplate,Ancarano éte 'nu comune tagliáne de 1.854 crestiáne.
Andali,tarantino,template_boilerplate,Andali éte 'nu comune tagliáne de 954 crestiáne.
Andalo,tarantino,template_boilerplate,Andalo éte 'nu comune tagliáne de 1.014 crestiáne.
Andalo_Valtellino,tarantino,template_boilerplate,Andalo Valtellino éte 'nu comune tagliáne de 548 crestiáne.
Ande,tarantino,isbn_doi;citation_shape,"Viaggi di esplorazione alla cordigliera patagonica australe, Meláne, CDA & Vivalda, 1999-22-11, ISBN 978-88-7808-142-0."
Andezeno,tarantino,template_boilerplate,Andezeno éte 'nu comune tagliáne de 1.705 crestiáne.
Andonie_Vivaldi,tarantino,isbn_doi;citation_shape,"Vita di Antonio Vivaldi (Meláne, 2006) Pozzi, Egidio: Antonio Vivaldi (Palermo, 2007)ISBN 978-88-8302-242-5 Cavicchi, Adriano: Inediti nell'epistolario Vivaldi-Bentivoglio Nuova Rivista Musicale Italiana, vol."
Andora,tarantino,template_boilerplate,Andora éte 'nu comune tagliáne de 7.186 crestiáne.
Andora,tarantino,template_boilerplate,Uicchimedie Commons tène files multimediale sus Andora
Andorno_Micca,tarantino,template_boilerplate,Andorno Micca éte 'nu comune tagliáne de 3.549 crestiáne.
Andrano,tarantino,template_boilerplate,Andrano éte 'nu comune tagliáne de 5.153 crestiáne.
Andrate,tarantino,template_boilerplate,Andrate éte 'nu comune tagliáne de 476 crestiáne.
Andreis,tarantino,template_boilerplate,Andreis éte 'nu comune tagliáne de 298 crestiáne.
Andreis,tarantino,template_boilerplate,Uicchimedie Commons tène files multimediale sus Andreis
Andretta,tarantino,template_boilerplate,Andretta éte 'nu comune tagliáne de 2.188 crestiáne.
Andriano,tarantino,template_boilerplate,Andriano éte 'nu comune tagliáne de 912 crestiáne.
Anela,tarantino,template_boilerplate,Anela éte 'nu comune tagliáne de 817 crestiáne.
Anemone_trifolia,tarantino,latin_taxonomy,Jndr'à Itaglie sonde presende dò subspecie de Anemone trifolia L. subsp.
Anfo,tarantino,template_boilerplate,Anfo éte 'nu comune tagliáne de 444 crestiáne.
Angera,tarantino,template_boilerplate,Angera éte 'nu comune tagliáne de 5.713 crestiáne.
Anghiari,tarantino,template_boilerplate,Anghiari éte 'nu comune tagliáne de 5.847 crestiáne.
Angiari,tarantino,template_boilerplate,Angiari éte 'nu comune tagliáne de 1.844 crestiáne.
Angolo_Terme,tarantino,template_boilerplate,Angolo Terme éte 'nu comune tagliáne de 2.508 crestiáne.
Angone,tarantino,template_boilerplate,Uicchimedie Commons tène files multimediale sus Angone
Angri,tarantino,template_boilerplate,Angri éte 'nu comune tagliáne de 30.545 crestiáne.
Angrogna,tarantino,template_boilerplate,Angrogna éte 'nu comune tagliáne de 777 crestiáne.
Anguillara_Sabazia,tarantino,template_boilerplate,Anguillara Sabazia éte 'nu comune tagliáne de 16.273 crestiáne.
Anguillara_Veneta,tarantino,template_boilerplate,Anguillara Veneta éte 'nu comune tagliáne de 4.739 crestiáne.
Annicco,tarantino,template_boilerplate,Annicco éte 'nu comune tagliáne de 1.897 crestiáne.
Annone_Veneto,tarantino,template_boilerplate,Annone Veneto éte 'nu comune tagliáne de 3.733 crestiáne.
Annone_di_Brianza,tarantino,template_boilerplate,Annone di Brianza éte 'nu comune tagliáne de 2.000 crestiáne.
Anoia,tarantino,template_boilerplate,Anoia éte 'nu comune tagliáne de 2.308 crestiáne.
Antartide,tarantino,url_metadata,"Musee de l'Artiche e de l'Antartiche de San Pietroburghe Musee Naziunale de l'Antartide ""Felice Ippolito"" Uicchisorggende tène 'na pàgene dedicata a Antartide Uicchizionarie tène il lemma di dizionario «Antartide» Uicchinotizie tène notizie di attualità sus Antartide Uicchimedie Commons tène files multimediale sus Antartide Antartide sus a Open Directory Project (Segnala sus a DMoz 'nu collegamende ca cendre cu l'argomende ""Antartide"") Conziglie Naziunale de le Recerche - Seziune Polarnet (EN)  The British Antarctic Survey (EN)  L.L."
Antartide,tarantino,url_metadata,"Ivanov et al, Mappa topografica delle isole di Livingston e di Greenwich (EN)  Commissiune bulgare pè le nome sciugrafeche antartiche"
Antegnate,tarantino,template_boilerplate,Antegnate éte 'nu comune tagliáne de 2.365 crestiáne.
Anterivo,tarantino,template_boilerplate,Anterivo éte 'nu comune tagliáne de 390 crestiáne.
Anticoli_Corrado,tarantino,template_boilerplate,Anticoli Corrado éte 'nu comune tagliáne de 909 crestiáne.
Antignano,tarantino,template_boilerplate,Antignano éte 'nu comune tagliáne de 998 crestiáne.
Antillo,tarantino,template_boilerplate,Antillo éte 'nu comune tagliáne de 1.130 crestiáne.
Antonimina,tarantino,template_boilerplate,Antonimina éte 'nu comune tagliáne de 1.418 crestiáne.
Antrodoco,tarantino,template_boilerplate,Antrodoco éte 'nu comune tagliáne de 2.845 crestiáne.
Antrona_Schieranco,tarantino,template_boilerplate,Antrona Schieranco éte 'nu comune tagliáne de 544 crestiáne.
Anze,tarantino,template_boilerplate,Anzi éte 'nu comune tagliáne de 1.866 crestiáne.
Anzio,tarantino,template_boilerplate,Anzio éte 'nu comune tagliáne de 48.484 crestiáne.
Aosta,tarantino,template_boilerplate,Aosta éte 'nu comune tagliáne de 34.610 crestiáne.
Aosta,tarantino,template_boilerplate,Uicchimedie Commons tène files multimediale sus Aosta
Apecchio,tarantino,template_boilerplate,Apecchio éte 'nu comune tagliáne de 2.082 crestiáne.
Apiaceae,tarantino,url_metadata,"(EN)  APIACEAE Lindley, nom. cons."
Apiaceae,tarantino,url_metadata,/ UMBELLIFERAE Jussieu sus a 'u mobot.org (EN)  Apiaceae Lindl sus a 'u catalogueoflife.org
Apice,tarantino,template_boilerplate,Apice éte 'nu comune tagliáne de 5.700 crestiáne.
Apiro,tarantino,template_boilerplate,Apiro éte 'nu comune tagliáne de 2.427 crestiáne.
Apollosa,tarantino,template_boilerplate,Apollosa éte 'nu comune tagliáne de 2.733 crestiáne.
Appiano_Gentile,tarantino,template_boilerplate,Appiano Gentile éte 'nu comune tagliáne de 7.355 crestiáne.
Appignano,tarantino,template_boilerplate,Appignano éte 'nu comune tagliáne de 3.906 crestiáne.
Aprica,tarantino,template_boilerplate,Aprica éte 'nu comune tagliáne de 1.583 crestiáne.
Apricale,tarantino,template_boilerplate,Uicchimedie Commons tène files multimediale sus Apricale
Apricena,tarantino,template_boilerplate,Apricena éte 'nu comune tagliáne de 13.542 crestiáne.
Aprigliano,tarantino,template_boilerplate,Aprigliano éte 'nu comune tagliáne de 2.833 crestiáne.
Aprilia_(LT),tarantino,template_boilerplate,Aprilia éte 'nu comune tagliáne de 64.648 crestiáne.
Aquara,tarantino,template_boilerplate,Aquara éte 'nu comune tagliáne de 1.798 crestiáne.
Aquileia,tarantino,template_boilerplate,Aquileia éte 'nu comune tagliáne de 3.491 crestiáne.
Aquilonia,tarantino,template_boilerplate,Aquilonia éte 'nu comune tagliáne de 1.978 crestiáne.
Aquino,tarantino,template_boilerplate,Aquino éte 'nu comune tagliáne de 5.301 crestiáne.
Arabie_Saudite,tarantino,english_text,"Al-Yassini, Religion and State in the Kingdom of Saudi Arabia, Londra, Boulder, 1986."
Arabie_Saudite,tarantino,english_text,"Kostiner, The Making of Saudi Arabia: from Chieftaincy to monarchical State, Oxford, 1993."
Arabie_Saudite,tarantino,english_text,"James P. Piscatory, ""The Role of Islam in Saudi Arabia's political Development"", in (John L. Esposito ed.), Islam and Development."
Aradeo,tarantino,template_boilerplate,Aradeo éte 'nu comune tagliáne de 9.725 crestiáne.
Aragona_(AG),tarantino,template_boilerplate,Aragona éte 'nu comune tagliáne de 9.840 crestiáne.
Aragona_(AG),tarantino,template_boilerplate,Uicchimedie Commons tène files multimediale sus Aragona
Aramengo,tarantino,template_boilerplate,Aramengo éte 'nu comune tagliáne de 624 crestiáne.
Arba,tarantino,template_boilerplate,Arba éte 'nu comune tagliáne de 1.228 crestiáne.
Arba,tarantino,template_boilerplate,Uicchimedie Commons tène files multimediale sus Arba
Arborea,tarantino,template_boilerplate,Arborea éte 'nu comune tagliáne de 3.927 crestiáne.
Arborio,tarantino,template_boilerplate,Arborio éte 'nu comune tagliáne de 1.033 crestiáne.
Arbus,tarantino,template_boilerplate,Arbus éte 'nu comune tagliáne de 6.895 crestiáne.
Arcade_(TV),tarantino,template_boilerplate,Arcade éte 'nu comune tagliáne de 3.900 crestiáne.
Arce,tarantino,template_boilerplate,Arce éte 'nu comune tagliáne de 5.976 crestiáne.
Arcene,tarantino,template_boilerplate,Arcene éte 'nu comune tagliáne de 4.636 crestiáne.
Arcevia,tarantino,template_boilerplate,Arcevia éte 'nu comune tagliáne de 5.300 crestiáne.
Archi,tarantino,template_boilerplate,Archi éte 'nu comune tagliáne de 2.330 crestiáne.
Arcidosso,tarantino,template_boilerplate,Arcidosso éte 'nu comune tagliáne de 4.093 crestiáne.
Arcinazzo_Romano,tarantino,template_boilerplate,Arcinazzo Romano éte 'nu comune tagliáne de 1.335 crestiáne.
Arcisate,tarantino,template_boilerplate,Arcisate éte 'nu comune tagliáne de 9.853 crestiáne.
Arco_(TN),tarantino,template_boilerplate,Arco éte 'nu comune tagliáne de 15.556 crestiáne.
Arcola,tarantino,template_boilerplate,Arcola éte 'nu comune tagliáne de 10.192 crestiáne.
Arcola,tarantino,template_boilerplate,Uicchimedie Commons tène files multimediale sus Arcola
Arcole,tarantino,template_boilerplate,Arcole éte 'nu comune tagliáne de 5.930 crestiáne.
Arconate,tarantino,template_boilerplate,Arconate éte 'nu comune tagliáne de 5.871 crestiáne.
Arcore,tarantino,template_boilerplate,Arcore éte 'nu comune tagliáne de 16.896 crestiáne.
Arcugnano,tarantino,template_boilerplate,Arcugnano éte 'nu comune tagliáne de 7.519 crestiáne.
Ardara,tarantino,template_boilerplate,Ardara éte 'nu comune tagliáne de 847 crestiáne.
Ardauli,tarantino,template_boilerplate,Ardauli éte 'nu comune tagliáne de 1.158 crestiáne.
Ardea,tarantino,template_boilerplate,Ardea éte 'nu comune tagliáne de 36.846 crestiáne.
Ardenno,tarantino,template_boilerplate,Ardenno éte 'nu comune tagliáne de 3.122 crestiáne.
Ardesio,tarantino,template_boilerplate,Ardesio éte 'nu comune tagliáne de 3.672 crestiáne.
Ardore,tarantino,template_boilerplate,Ardore éte 'nu comune tagliáne de 4.814 crestiáne.
Arena_(VV),tarantino,template_boilerplate,Arena éte 'nu comune tagliáne de 1.895 crestiáne.
Arena_Po,tarantino,template_boilerplate,Arena Po éte 'nu comune tagliáne de 1.572 crestiáne.
Arenzano,tarantino,template_boilerplate,Arenzano éte 'nu comune tagliáne de 11.544 crestiáne.
Arenzano,tarantino,template_boilerplate,Uicchimedie Commons tène files multimediale sus Arenzano
Arese,tarantino,template_boilerplate,Arese éte 'nu comune tagliáne de 19.333 crestiáne.
Arezzo,tarantino,template_boilerplate,Arezzo éte 'nu comune tagliáne de 97.047 crestiáne.
Argegno,tarantino,template_boilerplate,Argegno éte 'nu comune tagliáne de 654 crestiáne.
Argelato,tarantino,template_boilerplate,Argelato éte 'nu comune tagliáne de 9.317 crestiáne.
Argenta,tarantino,template_boilerplate,Argenta éte 'nu comune tagliáne de 21.971 crestiáne.
Argentera,tarantino,template_boilerplate,Argentera éte 'nu comune tagliáne de 101 crestiáne.
Arguello,tarantino,template_boilerplate,Arguello éte 'nu comune tagliáne de 174 crestiáne.
Argusto,tarantino,template_boilerplate,Argusto éte 'nu comune tagliáne de 568 crestiáne.
Ari,tarantino,template_boilerplate,Ari éte 'nu comune tagliáne de 1.319 crestiáne.
Ariano_Irpino,tarantino,template_boilerplate,Ariano Irpino éte 'nu comune tagliáne de 23.297 crestiáne.
Ariccia,tarantino,template_boilerplate,Ariccia éte 'nu comune tagliáne de 18.053 crestiáne.
Arielli,tarantino,template_boilerplate,Arielli éte 'nu comune tagliáne de 1.196 crestiáne.
Arienzo,tarantino,template_boilerplate,Arienzo éte 'nu comune tagliáne de 5.262 crestiáne.
Arignano,tarantino,template_boilerplate,Arignano éte 'nu comune tagliáne de 898 crestiáne.
Aritzo,tarantino,template_boilerplate,Aritzo éte 'nu comune tagliáne de 1.544 crestiáne.
Arizzano,tarantino,template_boilerplate,Arizzano éte 'nu comune tagliáne de 1.888 crestiáne.
Arlena_di_Castro,tarantino,template_boilerplate,Arlena di Castro éte 'nu comune tagliáne de 867 crestiáne.
Arluno,tarantino,template_boilerplate,Arluno éte 'nu comune tagliáne de 10.786 crestiáne.
Armeno_(NO),tarantino,template_boilerplate,Armeno éte 'nu comune tagliáne de 2.185 crestiáne.
Armento,tarantino,template_boilerplate,Armento éte 'nu comune tagliáne de 721 crestiáne.
Armo_(IM),tarantino,template_boilerplate,Uicchimedie Commons tène files multimediale sus Armo
Armungia,tarantino,template_boilerplate,Armungia éte 'nu comune tagliáne de 584 crestiáne.
Arnad,tarantino,template_boilerplate,Arnad éte 'nu comune tagliáne de 1.272 crestiáne.
Arnara,tarantino,template_boilerplate,Arnara éte 'nu comune tagliáne de 2.453 crestiáne.
Arnasco,tarantino,template_boilerplate,Arnasco éte 'nu comune tagliáne de 587 crestiáne.
Arnasco,tarantino,template_boilerplate,Uicchimedie Commons tène files multimediale sus Arnasco
Arnesane,tarantino,template_boilerplate,Arnesano éte 'nu comune tagliáne de 3.453 crestiáne.
Arola,tarantino,template_boilerplate,Arola éte 'nu comune tagliáne de 279 crestiáne.
Arona,tarantino,template_boilerplate,Arona éte 'nu comune tagliáne de 14.249 crestiáne.
Arosio_(CO),tarantino,template_boilerplate,Arosio éte 'nu comune tagliáne de 4.469 crestiáne.
Arpaia,tarantino,template_boilerplate,Arpaia éte 'nu comune tagliáne de 1.913 crestiáne.
Arpaise,tarantino,template_boilerplate,Arpaise éte 'nu comune tagliáne de 887 crestiáne.
Arpino_(FR),tarantino,template_boilerplate,Arpino éte 'nu comune tagliáne de 7.736 crestiáne.
Arquata_Scrivia,tarantino,template_boilerplate,Arquata Scrivia éte 'nu comune tagliáne de 5.884 crestiáne.
Arquà_Petrarca,tarantino,template_boilerplate,Arquà Petrarca éte 'nu comune tagliáne de 1.876 crestiáne.
Arquà_Polesine,tarantino,template_boilerplate,Arquà Polesine éte 'nu comune tagliáne de 2.913 crestiáne.
Arre,tarantino,template_boilerplate,Arre éte 'nu comune tagliáne de 2.029 crestiáne.
Arrone,tarantino,template_boilerplate,Arrone éte 'nu comune tagliáne de 2.693 crestiáne.
Arsago_Seprio,tarantino,template_boilerplate,Arsago Seprio éte 'nu comune tagliáne de 4.508 crestiáne.
Arsiero,tarantino,template_boilerplate,Arsiero éte 'nu comune tagliáne de 3.392 crestiáne.
Arsita,tarantino,template_boilerplate,Arsita éte 'nu comune tagliáne de 952 crestiáne.
Arsié,tarantino,template_boilerplate,Arsié éte 'nu comune tagliáne de 2.830 crestiáne.
Arsoli,tarantino,template_boilerplate,Arsoli éte 'nu comune tagliáne de 1.537 crestiáne.
Arta_Terme,tarantino,template_boilerplate,Arta Terme éte 'nu comune tagliáne de 2.356 crestiáne.
Artegna,tarantino,template_boilerplate,Artegna éte 'nu comune tagliáne de 2.956 crestiáne.
Artena,tarantino,template_boilerplate,Artena éte 'nu comune tagliáne de 12.419 crestiáne.
Artogne,tarantino,template_boilerplate,Artogne éte 'nu comune tagliáne de 3.135 crestiáne.
Arvier,tarantino,template_boilerplate,Arvier éte 'nu comune tagliáne de 869 crestiáne.
Arzachena,tarantino,template_boilerplate,Arzachena éte 'nu comune tagliáne de 12.122 crestiáne.
Arzago_d'Adda,tarantino,template_boilerplate,Arzago d'Adda éte 'nu comune tagliáne de 2.644 crestiáne.
Arzana,tarantino,template_boilerplate,Arzana éte 'nu comune tagliáne de 2.730 crestiáne.
Arzano,tarantino,template_boilerplate,Arzano éte 'nu comune tagliáne de 37.994 crestiáne.
Arzene,tarantino,template_boilerplate,Arzene éte 'nu comune tagliáne de 1.608 crestiáne.
Arzene,tarantino,template_boilerplate,Uicchimedie Commons tène files multimediale sus Arzene
Arzergrande,tarantino,template_boilerplate,Arzergrande éte 'nu comune tagliáne de 4.111 crestiáne.
Arzignano,tarantino,template_boilerplate,Arzignano éte 'nu comune tagliáne de 25.143 crestiáne.
Ascea,tarantino,template_boilerplate,Ascea éte 'nu comune tagliáne de 5.576 crestiáne.
Asciano,tarantino,template_boilerplate,Asciano éte 'nu comune tagliáne de 6.845 crestiáne.
Ascole_Picene,tarantino,template_boilerplate,Ascoli Piceno éte 'nu comune tagliáne de 51 490 crestiáne.
Ascole_Satriane,tarantino,template_boilerplate,Ascoli Satriano éte 'nu comune tagliáne de 6.309 crestiáne.
Ascrea,tarantino,template_boilerplate,Ascrea éte 'nu comune tagliáne de 284 crestiáne.
Asiago,tarantino,template_boilerplate,Asiago éte 'nu comune tagliáne de 6.758 crestiáne.
Asie,tarantino,template_boilerplate,"New York: Facts On File, 2004."
Asie,tarantino,isbn_doi;citation_shape,"New Delhi:Wordsmith,2002, ISBN 978-81-87412-08-3 Kapadia, Feroz, and Mandira Mukherjee."
Asie,tarantino,template_boilerplate,"New Delhi: Anmol Publications, 1999."
Asie,tarantino,template_boilerplate,"New York: Charles Scribner's Sons, 2002."
Asie,tarantino,url_metadata,Artichele sus a l'Asia d'u cendre studie www.geopolitica.info Artichele sus a l'adesione d'a Cine a 'u WTO Uicchizionarie tène il lemma di dizionario «Asie» Uicchinotizie tène notizie di attualità sus Asie Uicchimedie Commons tène files multimediale sus Asie
Asigliano_Veneto,tarantino,template_boilerplate,Asigliano Veneto éte 'nu comune tagliáne de 860 crestiáne.
Asigliano_Vercellese,tarantino,template_boilerplate,Asigliano Vercellese éte 'nu comune tagliáne de 1.419 crestiáne.
Asola,tarantino,template_boilerplate,Asola éte 'nu comune tagliáne de 9.778 crestiáne.
Asolo,tarantino,template_boilerplate,Asolo éte 'nu comune tagliáne de 8.947 crestiáne.
Assago,tarantino,template_boilerplate,Assago éte 'nu comune tagliáne de 7.780 crestiáne.
Assemini,tarantino,template_boilerplate,Assemini éte 'nu comune tagliáne de 25.343 crestiáne.
Assisi,tarantino,template_boilerplate,Assisi éte 'nu comune tagliáne de 26.196 crestiáne.
Asso_(CO),tarantino,template_boilerplate,Asso éte 'nu comune tagliáne de 3.425 crestiáne.
Assolo_(OR),tarantino,template_boilerplate,Assolo éte 'nu comune tagliáne de 485 crestiáne.
Assoro,tarantino,template_boilerplate,Assoro éte 'nu comune tagliáne de 5.380 crestiáne.
Asti,tarantino,template_boilerplate,Asti éte 'nu comune tagliáne de 74.392 crestiáne.
Asuni,tarantino,template_boilerplate,Asuni éte 'nu comune tagliáne de 425 crestiáne.
Ateleta,tarantino,template_boilerplate,Ateleta éte 'nu comune tagliáne de 1.227 crestiáne.
Atella_(PZ),tarantino,template_boilerplate,Atella éte 'nu comune tagliáne de 3.869 crestiáne.
Atena_Lucana,tarantino,template_boilerplate,Àtena Lucana éte 'nu comune tagliáne de 2.231 crestiáne.
Atene,tarantino,citation_shape,"Ad Atene sonde presende le seguende universetate statale: Universetate naziunale capodistriane de Atene ('a prime universetate d'a Grecie lìbberate d'a dominazione turche, funnate jndr'ô 1837) National Technical University of Athens, chiamate pure Politecneche Metsovio, 'mbortànde cendre pe' le 'ngegnerije Universetate de scienze sociale Pantio, AUEB (Athens University of Economics and Business), Scola naziunale de amministrazione pubbleche, Accademie agrarie de Atene ccu annesse le 'mbortande orte botaneche."
Atene,tarantino,url_metadata,"Uicchiquote tène citazioni de oppure sus Atene Uicchimedie Commons tène files multimediale sus Atene Atene sus a Open Directory Project (Segnala sus a DMoz 'nu collegamende ca cendre cu l'argomende ""Atene"") (EN)  'Nu archivije fotografeche de le reste archeologgeche e architettoneche d'a cetate de Atene"
Atessa,tarantino,template_boilerplate,Atessa éte 'nu comune tagliáne de 10.455 crestiáne.
Atina,tarantino,template_boilerplate,Atina éte 'nu comune tagliáne de 4.480 crestiáne.
Atrani,tarantino,template_boilerplate,Atrani éte 'nu comune tagliáne de 965 crestiáne.
Atri,tarantino,template_boilerplate,Atri éte 'nu comune tagliáne de 11.378 crestiáne.
Atripalda,tarantino,template_boilerplate,Atripalda éte 'nu comune tagliáne de 11.234 crestiáne.
Attigliano,tarantino,template_boilerplate,Attigliano éte 'nu comune tagliáne de 1.695 crestiáne.
Attimis,tarantino,template_boilerplate,Attimis éte 'nu comune tagliáne de 1.833 crestiáne.
Atzara,tarantino,template_boilerplate,Atzara éte 'nu comune tagliáne de 1.310 crestiáne.
Auditore,tarantino,template_boilerplate,Auditore éte 'nu comune tagliáne de 1.540 crestiáne.
Augusta_(SR),tarantino,template_boilerplate,Augusta éte 'nu comune tagliáne de 33.957 crestiáne.
Auletta,tarantino,template_boilerplate,Auletta éte 'nu comune tagliáne de 2.520 crestiáne.
Aulla,tarantino,template_boilerplate,Aulla éte 'nu comune tagliáne de 10.456 crestiáne.
Aunìone_europèe,tarantino,citation_shape,"Mito o realtà?, Italian University Press, Genova 2010 Nicoletta Di Sotto, Dalla periferia all'Europa."
Aurano,tarantino,template_boilerplate,Aurano éte 'nu comune tagliáne de 118 crestiáne.
Aurigo,tarantino,template_boilerplate,Uicchimedie Commons tène files multimediale sus Aurigo
Auronzo_di_Cadore,tarantino,template_boilerplate,Auronzo di Cadore éte 'nu comune tagliáne de 3.611 crestiáne.
Ausonia_(FR),tarantino,template_boilerplate,Ausonia éte 'nu comune tagliáne de 2.564 crestiáne.
Austis,tarantino,template_boilerplate,Austis éte 'nu comune tagliáne de 959 crestiáne.
Australie,tarantino,isbn_doi;citation_shape,"L'Australie., TEA, Meláne, 2008, ISBN 978 88 50 20284 3."
Austrie,tarantino,isbn_doi;url_metadata;citation_shape,"Linee de successione ad 'u trone d'Austrie-Ungherie (EN)   Brook-Shepherd Gordon, The Austrians: A thousand-year odyssey, Carroll & Graf Publishers, Inc.; 19 West 21st Street; New York, NY 10010, 1997, ISBN 0-7867-0520-5. (EN)   Lonnie Johnson, Introducing Austria: A short history, Ariadne Press, 270 Goins Court, Riverside, CA 92507, 1989, ISBN 0-929497-03-1. (EN)   CIA - The 2008 World Factbook, su cia.gov."
Austrie,tarantino,isbn_doi;citation_shape,"L'ultimo atto di una dinastia, Trieste, mgs press, 2004, ISBN 88-89219-04-1."
Autostrade_A14_(Itaglie),tarantino,url_metadata,"Uicchimedie Commons tène files multimediale sus Autostrade A14 (EN) Autostrade A14, su Structurae."
Avelengo,tarantino,template_boilerplate,Avelengo éte 'nu comune tagliáne de 709 crestiáne.
Avella,tarantino,template_boilerplate,Avella éte 'nu comune tagliáne de 7.785 crestiáne.
Avellino,tarantino,template_boilerplate,Avellino éte 'nu comune tagliáne de 56.928 crestiáne.
Averara,tarantino,template_boilerplate,Averara éte 'nu comune tagliáne de 202 crestiáne.
Avezzano,tarantino,template_boilerplate,Avezzano éte 'nu comune tagliáne de 40.110 crestiáne.
Aviano,tarantino,template_boilerplate,Aviano éte 'nu comune tagliáne de 8.747 crestiáne.
Aviano,tarantino,template_boilerplate,Uicchimedie Commons tène files multimediale sus Aviano
Aviatico,tarantino,template_boilerplate,Aviatico éte 'nu comune tagliáne de 488 crestiáne.
Avigliane_(Basilicate),tarantino,template_boilerplate,Avigliano éte 'nu comune tagliáne de 12.055 crestiáne.
Avigliane_(Piemonde),tarantino,template_boilerplate,Avigliana éte 'nu comune tagliáne de 11.791 crestiáne.
Avigliano_Umbro,tarantino,template_boilerplate,Avigliano Umbro éte 'nu comune tagliáne de 2.376 crestiáne.
Avio_(TN),tarantino,template_boilerplate,Avio éte 'nu comune tagliáne de 3.917 crestiáne.
Avise,tarantino,template_boilerplate,Avise éte 'nu comune tagliáne de 307 crestiáne.
Avola,tarantino,template_boilerplate,Avola éte 'nu comune tagliáne de 31.620 crestiáne.
Avolasca,tarantino,template_boilerplate,Avolasca éte 'nu comune tagliáne de 287 crestiáne.
Avégne,tarantino,template_boilerplate,Uicchimedie Commons tène files multimediale sus Avegno
Ayas,tarantino,template_boilerplate,Ayas éte 'nu comune tagliáne de 1.266 crestiáne.
Aymavilles,tarantino,template_boilerplate,Aymavilles éte 'nu comune tagliáne de 1.850 crestiáne.
Azeglio,tarantino,template_boilerplate,Azeglio éte 'nu comune tagliáne de 1.275 crestiáne.
Azzanello,tarantino,template_boilerplate,Azzanello éte 'nu comune tagliáne de 670 crestiáne.
Azzano_Decimo,tarantino,template_boilerplate,Azzano Decimo éte 'nu comune tagliáne de 12.882 crestiáne.
Azzano_Decimo,tarantino,template_boilerplate,Uicchimedie Commons tène files multimediale sus Azzano Decimo
Azzano_Mella,tarantino,template_boilerplate,Azzano Mella éte 'nu comune tagliáne de 1.794 crestiáne.
Azzano_San_Paolo,tarantino,template_boilerplate,Azzano San Paolo éte 'nu comune tagliáne de 7.351 crestiáne.
Azzate,tarantino,template_boilerplate,Azzate éte 'nu comune tagliáne de 3.820 crestiáne.
Azzio,tarantino,template_boilerplate,Azzio éte 'nu comune tagliáne de 701 crestiáne.
Azzone,tarantino,template_boilerplate,Azzone éte 'nu comune tagliáne de 487 crestiáne.
Ba_Ria,tarantino,template_boilerplate,Uicchimedie Commons tène files multimediale sus Ba Ria
Baceno,tarantino,template_boilerplate,Baceno éte 'nu comune tagliáne de 952 crestiáne.
Bacoli,tarantino,template_boilerplate,Bacoli éte 'nu comune tagliáne de 27.402 crestiáne.
Badalucco,tarantino,template_boilerplate,Uicchimedie Commons tène files multimediale sus Badalucco
Badesi,tarantino,template_boilerplate,Badesi éte 'nu comune tagliáne de 1.862 crestiáne.
Badia,tarantino,template_boilerplate,Badia éte 'nu comune tagliáne de 3.237  crestiáne.
Badia_Calavena,tarantino,template_boilerplate,Badia Calavena éte 'nu comune tagliáne de 2.382 crestiáne.
Badia_Pavese,tarantino,template_boilerplate,Badia Pavese éte 'nu comune tagliáne de 393 crestiáne.
Badia_Polesine,tarantino,template_boilerplate,Badia Polesine éte 'nu comune tagliáne de 10.431 crestiáne.
Badia_Tedalda,tarantino,template_boilerplate,Badia Tedalda éte 'nu comune tagliáne de 1.203 crestiáne.
Badolato,tarantino,template_boilerplate,Badolato éte 'nu comune tagliáne de 3.315 crestiáne.
Bagaladi,tarantino,template_boilerplate,Bagaladi éte 'nu comune tagliáne de 1.197 crestiáne.
Baghdad,tarantino,url_metadata,"...e 'u Tigri placide scorre... - istandanee d'a Baghdad occupate, documendarije 'ndependente tagliáne scirate a Baghdad nnande a 'u 2003 (EN)  Le monumènde de Baghdad"
Bagheria,tarantino,template_boilerplate,Bagheria éte 'nu comune tagliáne de 53.381 crestiáne.
Bagnacavallo,tarantino,template_boilerplate,Bagnacavallo éte 'nu comune tagliáne de 16.169 crestiáne.
Bagnara_Calabra,tarantino,template_boilerplate,Bagnara Calabra éte 'nu comune tagliáne de 10.914 crestiáne.
Bagnara_di_Romagna,tarantino,template_boilerplate,Bagnara di Romagna éte 'nu comune tagliáne de 1.840 crestiáne.
Bagnaria,tarantino,template_boilerplate,Bagnaria éte 'nu comune tagliáne de 639 crestiáne.
Bagnaria_Arsa,tarantino,template_boilerplate,Bagnaria Arsa éte 'nu comune tagliáne de 3.471 crestiáne.
Bagnasco,tarantino,template_boilerplate,Bagnasco éte 'nu comune tagliáne de 1.012 crestiáne.
Bagnatica,tarantino,template_boilerplate,Bagnatica éte 'nu comune tagliáne de 3.625 crestiáne.
Bagni_di_Lucca,tarantino,template_boilerplate,Bagni di Lucca éte 'nu comune tagliáne de 6.551 crestiáne.
Bagno_di_Romagna,tarantino,template_boilerplate,Bagno di Romagna éte 'nu comune tagliáne de 6.076 crestiáne.
Bagnoli_Irpino,tarantino,template_boilerplate,Bagnoli Irpino éte 'nu comune tagliáne de 3.341 crestiáne.
Bagnoli_di_Sopra,tarantino,template_boilerplate,Bagnoli di Sopra éte 'nu comune tagliáne de 3.882 crestiáne.
Bagnolo_Cremasco,tarantino,template_boilerplate,Bagnolo Cremasco éte 'nu comune tagliáne de 4.554 crestiáne.
Bagnolo_Mella,tarantino,template_boilerplate,Bagnolo Mella éte 'nu comune tagliáne de 11.375 crestiáne.
Bagnolo_Piemonte,tarantino,template_boilerplate,Bagnolo Piemonte éte 'nu comune tagliáne de 5.193 crestiáne.
Bagnolo_San_Vito,tarantino,template_boilerplate,Bagnolo San Vito éte 'nu comune tagliáne de 5.399 crestiáne.
Bagnolo_di_Po,tarantino,template_boilerplate,Bagnolo di Po éte 'nu comune tagliáne de 1.409 crestiáne.
Bagnone,tarantino,template_boilerplate,Bagnone éte 'nu comune tagliáne de 2.022 crestiáne.
Bagnoregio,tarantino,template_boilerplate,Bagnoregio éte 'nu comune tagliáne de 3.639 crestiáne.
Bagolino,tarantino,template_boilerplate,Bagolino éte 'nu comune tagliáne de 3.919 crestiáne.
Baiano,tarantino,template_boilerplate,Baiano éte 'nu comune tagliáne de 4.743 crestiáne.
Bairo,tarantino,template_boilerplate,Bairo éte 'nu comune tagliáne de 787 crestiáne.
Baiso,tarantino,template_boilerplate,Baiso éte 'nu comune tagliáne de 3.259 crestiáne.
Bajardo,tarantino,template_boilerplate,Uicchimedie Commons tène files multimediale sus Bajardo
Balangero,tarantino,template_boilerplate,Balangero éte 'nu comune tagliáne de 3.048 crestiáne.
Baldichieri_d'Asti,tarantino,template_boilerplate,Baldichieri d'Asti éte 'nu comune tagliáne de 1.017 crestiáne.
Baldissero_Canavese,tarantino,template_boilerplate,Baldissero Canavese éte 'nu comune tagliáne de 510 crestiáne.
Baldissero_Torinese,tarantino,template_boilerplate,Baldissero Torinese éte 'nu comune tagliáne de 3.240 crestiáne.
Baldissero_d'Alba,tarantino,template_boilerplate,Baldissero d'Alba éte 'nu comune tagliáne de 1.084 crestiáne.
Balestrate,tarantino,template_boilerplate,Balestrate éte 'nu comune tagliáne de 5.853 crestiáne.
Balestrino,tarantino,template_boilerplate,Balestrino éte 'nu comune tagliáne de 575 crestiáne.
Ballabio,tarantino,template_boilerplate,Ballabio éte 'nu comune tagliáne de 3.326 crestiáne.
Ballao,tarantino,template_boilerplate,Ballao éte 'nu comune tagliáne de 971 crestiáne.
Balme,tarantino,template_boilerplate,Balme éte 'nu comune tagliáne de 97 crestiáne.
Balmuccia,tarantino,template_boilerplate,Balmuccia éte 'nu comune tagliáne de 100 crestiáne.
Balocco,tarantino,template_boilerplate,Balocco éte 'nu comune tagliáne de 262 crestiáne.
Balsorano,tarantino,template_boilerplate,Balsorano éte 'nu comune tagliáne de 3.706 crestiáne.
Balvano,tarantino,template_boilerplate,Balvano éte 'nu comune tagliáne de 1.938 crestiáne.
Balzola,tarantino,template_boilerplate,Balzola éte 'nu comune tagliáne de 1.447 crestiáne.
Banari,tarantino,template_boilerplate,Banari éte 'nu comune tagliáne de 677 crestiáne.
Banchette,tarantino,template_boilerplate,Banchette éte 'nu comune tagliáne de 3.427 crestiáne.
Bannio_Anzino,tarantino,template_boilerplate,Bannio Anzino éte 'nu comune tagliáne de 584 crestiáne.
Banzi,tarantino,template_boilerplate,Banzi éte 'nu comune tagliáne de 1.484 crestiáne.
Baone,tarantino,template_boilerplate,Baone éte 'nu comune tagliáne de 3.137 crestiáne.
Baradili,tarantino,template_boilerplate,Baradili éte 'nu comune tagliáne de 95 crestiáne.
Baragiano,tarantino,template_boilerplate,Baragiano éte 'nu comune tagliáne de 2.737 crestiáne.
Baranello,tarantino,template_boilerplate,Baranello éte 'nu comune tagliáne de 2.636 crestiáne.
Barano_d'Ischia,tarantino,template_boilerplate,Barano d'Ischia éte 'nu comune tagliáne de 8.591 crestiáne.
Baranzate,tarantino,template_boilerplate,Baranzate éte 'nu comune tagliáne de 11.190 crestiáne.
Barasso,tarantino,template_boilerplate,Barasso éte 'nu comune tagliáne de 1.693 crestiáne.
Baratili_San_Pietro,tarantino,template_boilerplate,Baratili San Pietro éte 'nu comune tagliáne de 1.251 crestiáne.
Barbania,tarantino,template_boilerplate,Barbania éte 'nu comune tagliáne de 1.480 crestiáne.
Barbara_(AN),tarantino,template_boilerplate,Barbara éte 'nu comune tagliáne de 1.481 crestiáne.
Barbarano_Romano,tarantino,template_boilerplate,Barbarano Romano éte 'nu comune tagliáne de 950 crestiáne.
Barbarano_Vicentino,tarantino,template_boilerplate,Barbarano Vicentino éte 'nu comune tagliáne de 3.958 crestiáne.
Barbaresco_(CN),tarantino,template_boilerplate,Barbaresco éte 'nu comune tagliáne de 638 crestiáne.
Barbariga,tarantino,template_boilerplate,Barbariga éte 'nu comune tagliáne de 2.177 crestiáne.
Barbata,tarantino,template_boilerplate,Barbata éte 'nu comune tagliáne de 606 crestiáne.
Barberino_di_Mugello,tarantino,template_boilerplate,Barberino di Mugello éte 'nu comune tagliáne de 9.515 crestiáne.
Barbianello,tarantino,template_boilerplate,Barbianello éte 'nu comune tagliáne de 835 crestiáne.
Barbiano,tarantino,template_boilerplate,Barbiano éte 'nu comune tagliáne de 1.557 crestiáne.
Barbona,tarantino,template_boilerplate,Barbona éte 'nu comune tagliáne de 778 crestiáne.
Barchi,tarantino,template_boilerplate,Barchi éte 'nu comune tagliáne de 972 crestiáne.
Barcis,tarantino,template_boilerplate,Barcis éte 'nu comune tagliáne de 283 crestiáne.
Barcis,tarantino,template_boilerplate,Uicchimedie Commons tène files multimediale sus Barcis
Bard,tarantino,template_boilerplate,Bard éte 'nu comune tagliáne de 134 crestiáne.
Bardello,tarantino,template_boilerplate,Bardello éte 'nu comune tagliáne de 1.218 crestiáne.
Bardi,tarantino,template_boilerplate,Bardi éte 'nu comune tagliáne de 2.712 crestiáne.
Bardineto,tarantino,template_boilerplate,Bardineto éte 'nu comune tagliáne de 654 crestiáne.
Bardolino,tarantino,template_boilerplate,Bardolino éte 'nu comune tagliáne de 6.377 crestiáne.
Bardonecchia,tarantino,template_boilerplate,Bardonecchia éte 'nu comune tagliáne de 3.063 crestiáne.
Bareggio,tarantino,template_boilerplate,Bareggio éte 'nu comune tagliáne de 16.264 crestiáne.
Barengo,tarantino,template_boilerplate,Barengo éte 'nu comune tagliáne de 942 crestiáne.
Baressa,tarantino,template_boilerplate,Baressa éte 'nu comune tagliáne de 849 crestiáne.
Barete,tarantino,template_boilerplate,Barete éte 'nu comune tagliáne de 664 crestiáne.
Barga,tarantino,template_boilerplate,Barga éte 'nu comune tagliáne de 10.038 crestiáne.
Bargagli,tarantino,template_boilerplate,Bargagli éte 'nu comune tagliáne de 2.719 crestiáne.
Bargagli,tarantino,template_boilerplate,Uicchimedie Commons tène files multimediale sus Bargagli
Barge,tarantino,template_boilerplate,Barge éte 'nu comune tagliáne de 7.571 crestiáne.
Barghe,tarantino,template_boilerplate,Barghe éte 'nu comune tagliáne de 1.123 crestiáne.
Bari_Sardo,tarantino,template_boilerplate,Bari Sardo éte 'nu comune tagliáne de 3.871 crestiáne.
Bariano,tarantino,template_boilerplate,Bariano éte 'nu comune tagliáne de 4.244 crestiáne.
Baricella,tarantino,template_boilerplate,Baricella éte 'nu comune tagliáne de 6.039 crestiáne.
Barile_(PZ),tarantino,template_boilerplate,Barile éte 'nu comune tagliáne de 3.077 crestiáne.
Barisciano,tarantino,template_boilerplate,Barisciano éte 'nu comune tagliáne de 1.787 crestiáne.
Barlassina,tarantino,template_boilerplate,Barlassina éte 'nu comune tagliáne de 6.231 crestiáne.
Barlette,tarantino,isbn_doi;citation_shape,"Aleksandar Stipcevic, The Illyrians: history and culture, Noyes Press, 1977, ISBN 978-0-8155-5052-5."
Barlette,tarantino,url_metadata,"Belli D'elia, BARLETTA, in Enciclopedia dell'Arte Medievale, Istituto dell'Enciclopedia Italiana, 1991-2000. (EN) Barletta, su Enciclopedia Britannica, Encyclopædia Britannica, Inc."
Barni,tarantino,template_boilerplate,Barni éte 'nu comune tagliáne de 501 crestiáne.
Barolo_(CN),tarantino,template_boilerplate,Barolo éte 'nu comune tagliáne de 679 crestiáne.
Barone_Canavese,tarantino,template_boilerplate,Barone Canavese éte 'nu comune tagliáne de 582 crestiáne.
Baronissi,tarantino,template_boilerplate,Baronissi éte 'nu comune tagliáne de 15.746 crestiáne.
Barrafranghe,tarantino,template_boilerplate,Barrafranghe (in tagliàne Barrafranca) éte 'nu comune tagliáne de 13.003 crestiáne.
Barrali,tarantino,template_boilerplate,Barrali éte 'nu comune tagliáne de 1.076 crestiáne.
Barrea,tarantino,template_boilerplate,Barrea éte 'nu comune tagliáne de 771 crestiáne.
Barumini,tarantino,template_boilerplate,Barumini éte 'nu comune tagliáne de 1.413 crestiáne.
Barzago,tarantino,template_boilerplate,Barzago éte 'nu comune tagliáne de 2.451 crestiáne.
Barzana,tarantino,template_boilerplate,Barzana éte 'nu comune tagliáne de 1.778 crestiáne.
Barzanò,tarantino,template_boilerplate,Barzanò éte 'nu comune tagliáne de 4.871 crestiáne.
Barzio,tarantino,template_boilerplate,Barzio éte 'nu comune tagliáne de 1.277 crestiáne.
Basaluzzo,tarantino,template_boilerplate,Basaluzzo éte 'nu comune tagliáne de 1.949 crestiáne.
Bascapè,tarantino,template_boilerplate,Bascapè éte 'nu comune tagliáne de 1.585 crestiáne.
Baschi,tarantino,template_boilerplate,Baschi éte 'nu comune tagliáne de 2.651 crestiáne.
Basciano,tarantino,template_boilerplate,Basciano éte 'nu comune tagliáne de 2.453 crestiáne.
Baselga_di_Piné,tarantino,template_boilerplate,Baselga di Piné éte 'nu comune tagliáne de 4.427 crestiáne.
Baselice,tarantino,template_boilerplate,Baselice éte 'nu comune tagliáne de 2.699 crestiáne.
Basiano,tarantino,template_boilerplate,Basiano éte 'nu comune tagliáne de 2.943 crestiáne.
Basicò,tarantino,template_boilerplate,Basicò éte 'nu comune tagliáne de 745 crestiáne.
Basiglio,tarantino,template_boilerplate,Basiglio éte 'nu comune tagliáne de 8.444 crestiáne.
Basiliano_(UD),tarantino,template_boilerplate,Basiliano éte 'nu comune tagliáne de 5.002 crestiáne.
Basilicate,tarantino,template_boilerplate,Uicchimedie Commons tène files multimediale sus Basilicata
Bassano_Bresciano,tarantino,template_boilerplate,Bassano Bresciano éte 'nu comune tagliáne de 1.799 crestiáne.
Bassano_Romano,tarantino,template_boilerplate,Bassano Romano éte 'nu comune tagliáne de 4.277 crestiáne.
Bassiano_(LT),tarantino,template_boilerplate,Bassiano éte 'nu comune tagliáne de 1.614 crestiáne.
Bassignana,tarantino,template_boilerplate,Bassignana éte 'nu comune tagliáne de 1.802 crestiáne.
Bastia_Mondovì,tarantino,template_boilerplate,Bastia Mondovì éte 'nu comune tagliáne de 624 crestiáne.
Bastia_Umbra,tarantino,template_boilerplate,Bastia Umbra éte 'nu comune tagliáne de 19.471 crestiáne.
Bastida_Pancarana,tarantino,template_boilerplate,Bastida Pancarana éte 'nu comune tagliáne de 969 crestiáne.
Bastiglia_(MO),tarantino,template_boilerplate,Bastiglia éte 'nu comune tagliáne de 3.345 crestiáne.
Battaglia_Terme,tarantino,template_boilerplate,Battaglia Terme éte 'nu comune tagliáne de 4.128 crestiáne.
Battifollo,tarantino,template_boilerplate,Battifollo éte 'nu comune tagliáne de 262 crestiáne.
Battipaglia,tarantino,template_boilerplate,Battipaglia éte 'nu comune tagliáne de 50.958 crestiáne.
Battuda,tarantino,template_boilerplate,Battuda éte 'nu comune tagliáne de 358 crestiáne.
Baucina,tarantino,template_boilerplate,Baucina éte 'nu comune tagliáne de 2.033 crestiáne.
Bauladu,tarantino,template_boilerplate,Bauladu éte 'nu comune tagliáne de 735 crestiáne.
Baunei,tarantino,template_boilerplate,Baunei éte 'nu comune tagliáne de 3.886 crestiáne.
Baveno,tarantino,template_boilerplate,Baveno éte 'nu comune tagliáne de 4.527 crestiáne.
Bazzano,tarantino,template_boilerplate,Bazzano éte 'nu comune tagliáne de 6.386 crestiáne.
Bedero_Valcuvia,tarantino,template_boilerplate,Bedero Valcuvia éte 'nu comune tagliáne de 602 crestiáne.
Bedizzole,tarantino,template_boilerplate,Bedizzole éte 'nu comune tagliáne de 10.203 crestiáne.
Bedollo,tarantino,template_boilerplate,Bedollo éte 'nu comune tagliáne de 1.395 crestiáne.
Bedonia,tarantino,template_boilerplate,Bedonia éte 'nu comune tagliáne de 3.810 crestiáne.
Bedulita,tarantino,template_boilerplate,Bedulita éte 'nu comune tagliáne de 710 crestiáne.
Bee,tarantino,template_boilerplate,Bee éte 'nu comune tagliáne de 623 crestiáne.
Beilngries,tarantino,template_boilerplate,Uicchimedie Commons tène files multimediale sus Beilngries
Beinasco,tarantino,template_boilerplate,Beinasco éte 'nu comune tagliáne de 18.393 crestiáne.
Beinette,tarantino,template_boilerplate,Beinette éte 'nu comune tagliáne de 2.719 crestiáne.
Belcastro,tarantino,template_boilerplate,Belcastro éte 'nu comune tagliáne de 1.385 crestiáne.
Belfiore,tarantino,template_boilerplate,Belfiore éte 'nu comune tagliáne de 2.610 crestiáne.
Belforte_Monferrato,tarantino,template_boilerplate,Belforte Monferrato éte 'nu comune tagliáne de 443 crestiáne.
Belgioioso,tarantino,template_boilerplate,Belgioioso éte 'nu comune tagliáne de 5.752 crestiáne.
Belgirate,tarantino,template_boilerplate,Belgirate éte 'nu comune tagliáne de 521 crestiáne.
Bella,tarantino,template_boilerplate,Bella éte 'nu comune tagliáne de 5.338 crestiáne.
Bellagio,tarantino,template_boilerplate,Bellagio éte 'nu comune tagliáne de 2.945 crestiáne.
Bellano,tarantino,template_boilerplate,Bellano éte 'nu comune tagliáne de 3.332 crestiáne.
Bellante,tarantino,template_boilerplate,Bellante éte 'nu comune tagliáne de 7.198 crestiáne.
Bellaria-Igea_Marina,tarantino,template_boilerplate,Bellaria-Igea Marina éte 'nu comune tagliáne de 17.288 crestiáne.
Bellegra,tarantino,template_boilerplate,Bellegra éte 'nu comune tagliáne de 3.029 crestiáne.
Bellino_(CN),tarantino,template_boilerplate,Bellino éte 'nu comune tagliáne de 179 crestiáne.
Bellinzago_Lombardo,tarantino,template_boilerplate,Bellinzago Lombardo éte 'nu comune tagliáne de 3.537 crestiáne.
Bellinzago_Novarese,tarantino,template_boilerplate,Bellinzago Novarese éte 'nu comune tagliáne de 8.804 crestiáne.
Bellizzi,tarantino,template_boilerplate,Bellizzi éte 'nu comune tagliáne de 15.862 crestiáne.
Bellona_(CE),tarantino,template_boilerplate,Bellona éte 'nu comune tagliáne de 5.109 crestiáne.
Bellosguardo,tarantino,template_boilerplate,Bellosguardo éte 'nu comune tagliáne de 1.009 crestiáne.
Belluno,tarantino,template_boilerplate,Belluno éte 'nu comune tagliáne de 36.042 crestiáne.
Bellusco,tarantino,template_boilerplate,Bellusco éte 'nu comune tagliáne de 6.748 crestiáne.
Belmonde_Calabro,tarantino,template_boilerplate,Belmonte Calabro éte 'nu comune tagliáne de 3.013 crestiáne.
Belmonte_Piceno,tarantino,template_boilerplate,Belmonte Piceno éte 'nu comune tagliáne de 659 crestiáne.
Belpasso,tarantino,template_boilerplate,Belpasso éte 'nu comune tagliáne de 28.181 crestiáne.
Belsito,tarantino,template_boilerplate,Belsito éte 'nu comune tagliáne de 929 crestiáne.
Belvedere_Langhe,tarantino,template_boilerplate,Belvedere Langhe éte 'nu comune tagliáne de 395 crestiáne.
Belvedere_Ostrense,tarantino,template_boilerplate,Belvedere Ostrense éte 'nu comune tagliáne de 2.273 crestiáne.
Belveglio,tarantino,template_boilerplate,Belveglio éte 'nu comune tagliáne de 321 crestiáne.
Belvì,tarantino,template_boilerplate,Belvì éte 'nu comune tagliáne de 741 crestiáne.
Bema,tarantino,template_boilerplate,Bema éte 'nu comune tagliáne de 144 crestiáne.
Bene_Lario,tarantino,template_boilerplate,Bene Lario éte 'nu comune tagliáne de 310 crestiáne.
Bene_Vagienna,tarantino,template_boilerplate,Bene Vagienna éte 'nu comune tagliáne de 3.294 crestiáne.
Benestare,tarantino,template_boilerplate,Benestare éte 'nu comune tagliáne de 2.448 crestiáne.
Benetutti,tarantino,template_boilerplate,Benetutti éte 'nu comune tagliáne de 2.181 crestiáne.
Benevello,tarantino,template_boilerplate,Benevello éte 'nu comune tagliáne de 448 crestiáne.
Benna,tarantino,template_boilerplate,Benna éte 'nu comune tagliáne de 1.164 crestiáne.
Bentivoglio,tarantino,template_boilerplate,Bentivoglio éte 'nu comune tagliáne de 4.557 crestiáne.
Berbenno,tarantino,template_boilerplate,Berbenno éte 'nu comune tagliáne de 2.358 crestiáne.
Berbenno_di_Valtellina,tarantino,template_boilerplate,Berbenno di Valtellina éte 'nu comune tagliáne de 4.180 crestiáne.
Berceto,tarantino,template_boilerplate,Berceto éte 'nu comune tagliáne de 2.430 crestiáne.
Berchidda,tarantino,template_boilerplate,Berchidda éte 'nu comune tagliáne de 3.177 crestiáne.
Bereguardo,tarantino,template_boilerplate,Bereguardo éte 'nu comune tagliáne de 2.389 crestiáne.
Bergamasco_(AL),tarantino,template_boilerplate,Bergamasco éte 'nu comune tagliáne de 755 crestiáne.
Bergantino,tarantino,template_boilerplate,Bergantino éte 'nu comune tagliáne de 2.611 crestiáne.
Bergeggi,tarantino,template_boilerplate,Bergeggi éte 'nu comune tagliáne de 1.224 crestiáne.
Bergolo,tarantino,template_boilerplate,Bergolo éte 'nu comune tagliáne de 79 crestiáne.
Berline,tarantino,isbn_doi;citation_shape,"Melane: Mondadori, 2003 - ISBN 88-04-34693-0 Leonard Gross: ""L'utlimo ebreo a Berlino""."
Berline,tarantino,isbn_doi;citation_shape,"Carroll & Graf Publishers, 1999 - ISBN 0-7867-0687-2 Chandler Tertius: ""Quattrocento anni di crescita urbana: Un censimento storico""."
Berline,tarantino,isbn_doi;citation_shape,"Edwin Mellen Pr, 1987 - ISBN 0-88946-207-0 Wolfgang Ribbe: ""Storia di Berlino""."
Berline,tarantino,isbn_doi;citation_shape,"Bwv - Berliner Wissenschafts-Verlag, 2002 - ISBN 3-8305-0166-8 M.Kaufman Gwertzman: ""Il collasso del comunismo""."
Berline,tarantino,isbn_doi;citation_shape,"New York: W.W. Norton, 1994 - ISBN 0-393-03606-5 David Clay Large: ""Berlin""."
Berline,tarantino,isbn_doi;url_metadata;citation_shape,"New York: Basic Books, 2001 - ISBN 0-465-02632-X Uicchimedie Commons tène files multimediale sus Berline Berline sus a Open Directory Project (Segnala sus a DMoz 'nu collegamende ca cendre cu l'argomende ""Berline"") (DE, EN)  Berline (Site ufficiale) Site istituzionale de l'Uffice d'u Turisme Berline: 'nu sechele de architetture moderne (DE, EN)  Berline in 3D (DE, EN)  Storie de Berline Est (DE, EN)  Mappe de Berline da 'u 1738 a 'u 1989 (EN)  Hypermedia Berlin - Mappe inderattive de Berline (DE)  Berliner Mauer - memoriale cendre storeche e documendazione sus a 'u mure de Berline"
Berlingo,tarantino,template_boilerplate,Berlingo éte 'nu comune tagliáne de 2.231 crestiáne.
Bernalda,tarantino,template_boilerplate,Bernalda éte 'nu comune tagliáne de 12.188 crestiáne.
Bernareggio,tarantino,template_boilerplate,Bernareggio éte 'nu comune tagliáne de 9.341 crestiáne.
Bernate_Ticino,tarantino,template_boilerplate,Bernate Ticino éte 'nu comune tagliáne de 2.939 crestiáne.
Bernezzo,tarantino,template_boilerplate,Bernezzo éte 'nu comune tagliáne de 3.009 crestiáne.
Berra,tarantino,template_boilerplate,Berra éte 'nu comune tagliáne de 5.696 crestiáne.
Bersone,tarantino,template_boilerplate,Bersone éte 'nu comune tagliáne de 295 crestiáne.
Bertinoro,tarantino,template_boilerplate,Bertinoro éte 'nu comune tagliáne de 9.830 crestiáne.
Bertiolo,tarantino,template_boilerplate,Bertiolo éte 'nu comune tagliáne de 2.542 crestiáne.
Bertonico,tarantino,template_boilerplate,Bertonico éte 'nu comune tagliáne de 1.113 crestiáne.
Berzano_di_Tortona,tarantino,template_boilerplate,Berzano di Tortona éte 'nu comune tagliáne de 157 crestiáne.
Berzo_Demo,tarantino,template_boilerplate,Berzo Demo éte 'nu comune tagliáne de 1.847 crestiáne.
Berzo_Inferiore,tarantino,template_boilerplate,Berzo Inferiore éte 'nu comune tagliáne de 2.206 crestiáne.
Berzo_San_Fermo,tarantino,template_boilerplate,Berzo San Fermo éte 'nu comune tagliáne de 1.142 crestiáne.
Besano,tarantino,template_boilerplate,Besano éte 'nu comune tagliáne de 2.350 crestiáne.
Besate,tarantino,template_boilerplate,Besate éte 'nu comune tagliáne de 1.826 crestiáne.
Besenello,tarantino,template_boilerplate,Besenello éte 'nu comune tagliáne de 1.753 crestiáne.
Besenzone,tarantino,template_boilerplate,Besenzone éte 'nu comune tagliáne de 953 crestiáne.
Besnate,tarantino,template_boilerplate,Besnate éte 'nu comune tagliáne de 5.021 crestiáne.
Besozzo,tarantino,template_boilerplate,Besozzo éte 'nu comune tagliáne de 8.793 crestiáne.
Bessude,tarantino,template_boilerplate,Bessude éte 'nu comune tagliáne de 501 crestiáne.
Bettola,tarantino,template_boilerplate,Bettola éte 'nu comune tagliáne de 3.195 crestiáne.
Bettona,tarantino,template_boilerplate,Bettona éte 'nu comune tagliáne de 3.784 crestiáne.
Beura-Cardezza,tarantino,template_boilerplate,Beura-Cardezza éte 'nu comune tagliáne de 1.372 crestiáne.
Bevagna,tarantino,template_boilerplate,Bevagna éte 'nu comune tagliáne de 5.013 crestiáne.
Beverino,tarantino,template_boilerplate,Beverino éte 'nu comune tagliáne de 2.280 crestiáne.
Bevilacqua,tarantino,template_boilerplate,Bevilacqua éte 'nu comune tagliáne de 1.691 crestiáne.
Biandrate,tarantino,template_boilerplate,Biandrate éte 'nu comune tagliáne de 1.103 crestiáne.
Biandronno,tarantino,template_boilerplate,Biandronno éte 'nu comune tagliáne de 3.102 crestiáne.
Bianzano,tarantino,template_boilerplate,Bianzano éte 'nu comune tagliáne de 541 crestiáne.
Bianzone,tarantino,template_boilerplate,Bianzone éte 'nu comune tagliáne de 1.220 crestiáne.
Bianzè,tarantino,template_boilerplate,Bianzè éte 'nu comune tagliáne de 2.038 crestiáne.
Biassono,tarantino,template_boilerplate,Biassono éte 'nu comune tagliáne de 11.324 crestiáne.
Bibbiano,tarantino,template_boilerplate,Bibbiano éte 'nu comune tagliáne de 8.422 crestiáne.
Bibbiena,tarantino,template_boilerplate,Bibbiena éte 'nu comune tagliáne de 12.117 crestiáne.
Bibbona,tarantino,template_boilerplate,Bibbona éte 'nu comune tagliáne de 3.017 crestiáne.
Bibiana_(TO),tarantino,template_boilerplate,Bibiana éte 'nu comune tagliáne de 2.854 crestiáne.
Biccari,tarantino,template_boilerplate,Biccari éte 'nu comune tagliáne de 3.031 crestiáne.
Bicinicco,tarantino,template_boilerplate,Bicinicco éte 'nu comune tagliáne de 1.832 crestiáne.
Bidonì,tarantino,template_boilerplate,Bidonì éte 'nu comune tagliáne de 159 crestiáne.
Bienno,tarantino,template_boilerplate,Bienno éte 'nu comune tagliáne de 3.510 crestiáne.
Bieno,tarantino,template_boilerplate,Bieno éte 'nu comune tagliáne de 441 crestiáne.
Bientina,tarantino,template_boilerplate,Bientina éte 'nu comune tagliáne de 6.484 crestiáne.
Bigarello,tarantino,template_boilerplate,Bigarello éte 'nu comune tagliáne de 1.625 crestiáne.
Binago,tarantino,template_boilerplate,Binago éte 'nu comune tagliáne de 4.249 crestiáne.
Binasco,tarantino,template_boilerplate,Binasco éte 'nu comune tagliáne de 7.236 crestiáne.
Binette,tarantino,template_boilerplate,Binetto éte 'nu comune tagliáne de 1.934 crestiáne.
Bioglio,tarantino,template_boilerplate,Bioglio éte 'nu comune tagliáne de 1.092 crestiáne.
Bionaz,tarantino,template_boilerplate,Bionaz éte 'nu comune tagliáne de 238 crestiáne.
Bione_(BS),tarantino,template_boilerplate,Bione éte 'nu comune tagliáne de 1.386 crestiáne.
Birori,tarantino,template_boilerplate,Birori éte 'nu comune tagliáne de 591 crestiáne.
Birra_Raffo,tarantino,template_boilerplate,Uicchimedie Commons tène files multimediale sus Birra Raffo
Bisaccia,tarantino,template_boilerplate,Bisaccia éte 'nu comune tagliáne de 4.148 crestiáne.
Bisacquino,tarantino,template_boilerplate,Bisacquino éte 'nu comune tagliáne de 5.119 crestiáne.
Bisegna,tarantino,template_boilerplate,Bisegna éte 'nu comune tagliáne de 345 crestiáne.
Bisenti,tarantino,template_boilerplate,Bisenti éte 'nu comune tagliáne de 2.103 crestiáne.
Bisignano,tarantino,template_boilerplate,Bisignano éte 'nu comune tagliáne de 10.840 crestiáne.
Bistagno,tarantino,template_boilerplate,Bistagno éte 'nu comune tagliáne de 1.831 crestiáne.
Bisuschio,tarantino,template_boilerplate,Bisuschio éte 'nu comune tagliáne de 3.794 crestiáne.
Bitette,tarantino,template_boilerplate,Bitetto éte 'nu comune tagliáne de 11.203 crestiáne.
Bitonde,tarantino,template_boilerplate,Uicchimedie Commons tène files multimediale sus Bitonto
Bitritte,tarantino,template_boilerplate,Bitritto éte 'nu comune tagliáne de 10.298 crestiáne.
Bitti,tarantino,template_boilerplate,Bitti éte 'nu comune tagliáne de 3.481 crestiáne.
Bivona,tarantino,template_boilerplate,Bivona éte 'nu comune tagliáne de 4.069 crestiáne.
Bivona,tarantino,template_boilerplate,Uicchimedie Commons tène files multimediale sus Bivona
Bivongi,tarantino,template_boilerplate,Bivongi éte 'nu comune tagliáne de 1.513 crestiáne.
Bizzarone,tarantino,template_boilerplate,Bizzarone éte 'nu comune tagliáne de 1.494 crestiáne.
Bleggio_Inferiore,tarantino,template_boilerplate,Bleggio Inferiore éte 'nu comune tagliáne de 1.084 crestiáne.
Bleggio_Superiore,tarantino,template_boilerplate,Bleggio Superiore éte 'nu comune tagliáne de 1.528 crestiáne.
Blello,tarantino,template_boilerplate,Blello éte 'nu comune tagliáne de 94 crestiáne.
Blera,tarantino,template_boilerplate,Blera éte 'nu comune tagliáne de 3.208 crestiáne.
Blessagno,tarantino,template_boilerplate,Blessagno éte 'nu comune tagliáne de 253 crestiáne.
Blevio,tarantino,template_boilerplate,Blevio éte 'nu comune tagliáne de 1.219 crestiáne.
Blufi,tarantino,template_boilerplate,Blufi éte 'nu comune tagliáne de 1.208  crestiáne.
Boara_Pisani,tarantino,template_boilerplate,Boara Pisani éte 'nu comune tagliáne de 2.507 crestiáne.
Bobbio,tarantino,template_boilerplate,Bobbio éte 'nu comune tagliáne de 3.816 crestiáne.
Bobbio_Pellice,tarantino,template_boilerplate,Bobbio Pellice éte 'nu comune tagliáne de 598 crestiáne.
Boca,tarantino,template_boilerplate,Boca éte 'nu comune tagliáne de 1.186 crestiáne.
Bocchigliero,tarantino,template_boilerplate,Bocchigliero éte 'nu comune tagliáne de 1.895 crestiáne.
Boccioleto,tarantino,template_boilerplate,Boccioleto éte 'nu comune tagliáne de 277 crestiáne.
Bocenago,tarantino,template_boilerplate,Bocenago éte 'nu comune tagliáne de 404 crestiáne.
Bodio_Lomnago,tarantino,template_boilerplate,Bodio Lomnago éte 'nu comune tagliáne de 2.009 crestiáne.
Boffalora_d'Adda,tarantino,template_boilerplate,Boffalora d'Adda éte 'nu comune tagliáne de 1.042 crestiáne.
Bogliasco,tarantino,template_boilerplate,Bogliasco éte 'nu comune tagliáne de 4.569 crestiáne.
Bognanco,tarantino,template_boilerplate,Bognanco éte 'nu comune tagliáne de 319 crestiáne.
Bogogno,tarantino,template_boilerplate,Bogogno éte 'nu comune tagliáne de 1251 crestiáne.
Boissano,tarantino,template_boilerplate,Boissano éte 'nu comune tagliáne de 2.258 crestiáne.
Bojano,tarantino,template_boilerplate,Bojano éte 'nu comune tagliáne de 8.273 crestiáne.
Bolano,tarantino,template_boilerplate,Bolano éte 'nu comune tagliáne de 7.533 crestiáne.
Bolbeno,tarantino,template_boilerplate,Bolbeno éte 'nu comune tagliáne de 330 crestiáne.
Bolgare,tarantino,template_boilerplate,Bolgare éte 'nu comune tagliáne de 4.198 crestiáne.
Bollate,tarantino,template_boilerplate,Bollate éte 'nu comune tagliáne de 37.360 crestiáne.
Bollengo,tarantino,template_boilerplate,Bollengo éte 'nu comune tagliáne de 1.996 crestiáne.
Bolognano,tarantino,template_boilerplate,Bolognano éte 'nu comune tagliáne de 1.217 crestiáne.
Bolognette,tarantino,template_boilerplate,Bolognette (in tagliàne Bolognetta) éte 'nu comune tagliáne de 3.438 crestiáne.
Bolognola,tarantino,template_boilerplate,Bolognola éte 'nu comune tagliáne de 172 crestiáne.
Bolotana,tarantino,template_boilerplate,Bolotana éte 'nu comune tagliáne de 3.276 crestiáne.
Bolsena,tarantino,template_boilerplate,Bolsena éte 'nu comune tagliáne de 4.111 crestiáne.
Boltiere,tarantino,template_boilerplate,Boltiere éte 'nu comune tagliáne de 4.183 crestiáne.
Bolzano,tarantino,template_boilerplate,Bolzano éte 'nu comune tagliáne de 100.268 crestiáne.
Bolzano_Novarese,tarantino,template_boilerplate,Bolzano Novarese éte 'nu comune tagliáne de 1.040 crestiáne.
Bolzano_Vicentino,tarantino,template_boilerplate,Bolzano Vicentino éte 'nu comune tagliáne de 5.455 crestiáne.
Bomarzo,tarantino,template_boilerplate,Bomarzo éte 'nu comune tagliáne de 1.615 crestiáne.
Bomba_(CH),tarantino,template_boilerplate,Bomba éte 'nu comune tagliáne de 954 crestiáne.
Bomba_(CH),tarantino,template_boilerplate,Uicchimedie Commons tène files multimediale sus Bomba
Bompensiere,tarantino,template_boilerplate,Bompensiere éte 'nu comune tagliáne de 676 crestiáne.
Bompitre,tarantino,template_boilerplate,Bompietro éte 'nu comune tagliáne de 1.750 crestiáne.
Bomporto,tarantino,template_boilerplate,Bomporto éte 'nu comune tagliáne de 8.857 crestiáne.
Bonarcado,tarantino,template_boilerplate,Bonarcado éte 'nu comune tagliáne de 1.702 crestiáne.
Bonassola,tarantino,template_boilerplate,Bonassola éte 'nu comune tagliáne de 941 crestiáne.
Bonate_Sopra,tarantino,template_boilerplate,Bonate Sopra éte 'nu comune tagliáne de 6.246 crestiáne.
Bonate_Sotto,tarantino,template_boilerplate,Bonate Sotto éte 'nu comune tagliáne de 6.010 crestiáne.
Bonavigo,tarantino,template_boilerplate,Bonavigo éte 'nu comune tagliáne de 1.879 crestiáne.
Bondeno,tarantino,template_boilerplate,Bondeno éte 'nu comune tagliáne de 15.527 crestiáne.
Bondo,tarantino,template_boilerplate,Bondo éte 'nu comune tagliáne de 667 crestiáne.
Bondone,tarantino,template_boilerplate,Bondone éte 'nu comune tagliáne de 667 crestiáne.
Bonea,tarantino,template_boilerplate,Bonea éte 'nu comune tagliáne de 1.479  crestiáne.
Bonefro,tarantino,template_boilerplate,Bonefro éte 'nu comune tagliáne de 1.873 crestiáne.
Bonemerse,tarantino,template_boilerplate,Bonemerse éte 'nu comune tagliáne de 1.104 crestiáne.
Bonifati,tarantino,template_boilerplate,Bonifati éte 'nu comune tagliáne de 3.357 crestiáne.
Bonito_(AV),tarantino,template_boilerplate,Bonito éte 'nu comune tagliáne de 2.540 crestiáne.
Bonnanaro,tarantino,template_boilerplate,Bonnanaro éte 'nu comune tagliáne de 1.127 crestiáne.
Bono_(SS),tarantino,template_boilerplate,Bono éte 'nu comune tagliáne de 3.800 crestiáne.
Bonorva,tarantino,template_boilerplate,Bonorva éte 'nu comune tagliáne de 4.106 crestiáne.
Bonvicino,tarantino,template_boilerplate,Bonvicino éte 'nu comune tagliáne de 119 crestiáne.
Borbona,tarantino,template_boilerplate,Borbona éte 'nu comune tagliáne de 725 crestiáne.
Borca_di_Cadore,tarantino,template_boilerplate,Borca di Cadore éte 'nu comune tagliáne de 774 crestiáne.
Bordano,tarantino,template_boilerplate,Bordano éte 'nu comune tagliáne de 795 crestiáne.
Bordighera,tarantino,template_boilerplate,Uicchimedie Commons tène files multimediale sus Bordighera
Bordolano,tarantino,template_boilerplate,Bordolano éte 'nu comune tagliáne de 567 crestiáne.
Bore,tarantino,template_boilerplate,Bore éte 'nu comune tagliáne de 902 crestiáne.
Boretto,tarantino,template_boilerplate,Boretto éte 'nu comune tagliáne de 4.638 crestiáne.
Borgarello,tarantino,template_boilerplate,Borgarello éte 'nu comune tagliáne de 1.594 crestiáne.
Borgaro_Torinese,tarantino,template_boilerplate,Borgaro Torinese éte 'nu comune tagliáne de 13.317 crestiáne.
Borgetto,tarantino,template_boilerplate,Borgetto éte 'nu comune tagliáne de 6.576 crestiáne.
Borghetto_Lodigiano,tarantino,template_boilerplate,Borghetto Lodigiano éte 'nu comune tagliáne de 3.561 crestiáne.
Borghetto_Santo_Spirito,tarantino,template_boilerplate,Borghetto Santo Spirito éte 'nu comune tagliáne de 5.379 crestiáne.
Borghetto_di_Borbera,tarantino,template_boilerplate,Borghetto di Borbera éte 'nu comune tagliáne de 1.976 crestiáne.
Borghetto_di_Vara,tarantino,template_boilerplate,Borghetto di Vara éte 'nu comune tagliáne de 983 crestiáne.
Borghi,tarantino,template_boilerplate,Borghi éte 'nu comune tagliáne de 2.348 crestiáne.
Borgia_(CZ),tarantino,template_boilerplate,Borgia éte 'nu comune tagliáne de 7.269 crestiáne.
Borgiallo,tarantino,template_boilerplate,Borgiallo éte 'nu comune tagliáne de 496 crestiáne.
Borgio_Verezzi,tarantino,template_boilerplate,Borgio Verezzi éte 'nu comune tagliáne de 2.358 crestiáne.
Borgo_Pace,tarantino,template_boilerplate,Borgo Pace éte 'nu comune tagliáne de 661 crestiáne.
Borgo_Priolo,tarantino,template_boilerplate,Borgo Priolo éte 'nu comune tagliáne de 1.373 crestiáne.
Borgo_San_Dalmazzo,tarantino,template_boilerplate,Borgo San Dalmazzo éte 'nu comune tagliáne de 11.256 crestiáne.
Borgo_San_Giacomo,tarantino,template_boilerplate,Borgo San Giacomo éte 'nu comune tagliáne de 5.162 crestiáne.
Borgo_San_Giovanni,tarantino,template_boilerplate,Borgo San Giovanni éte 'nu comune tagliáne de 1.597 crestiáne.
Borgo_San_Lorenzo,tarantino,template_boilerplate,Borgo San Lorenzo éte 'nu comune tagliáne de 17.350 crestiáne.
Borgo_San_Siro,tarantino,template_boilerplate,Borgo San Siro éte 'nu comune tagliáne de 1.022 crestiáne.
Borgo_Ticino,tarantino,template_boilerplate,Borgo Ticino éte 'nu comune tagliáne de 4.350 crestiáne.
Borgo_Tossignano,tarantino,template_boilerplate,Borgo Tossignano éte 'nu comune tagliáne de 3.010 crestiáne.
Borgo_Valsugana,tarantino,template_boilerplate,Borgo Valsugana éte 'nu comune tagliáne de 6.182 crestiáne.
Borgo_Velino,tarantino,template_boilerplate,Borgo Velino éte 'nu comune tagliáne de 919 crestiáne.
Borgo_Vercelli,tarantino,template_boilerplate,Borgo Vercelli éte 'nu comune tagliáne de 2.158 crestiáne.
Borgo_d'Ale,tarantino,template_boilerplate,Borgo d'Ale éte 'nu comune tagliáne de 2.565 crestiáne.
Borgo_di_Terzo,tarantino,template_boilerplate,Borgo di Terzo éte 'nu comune tagliáne de 932 crestiáne.
Borgoforte,tarantino,template_boilerplate,Borgoforte éte 'nu comune tagliáne de 3.278 crestiáne.
Borgofranco_d'Ivrea,tarantino,template_boilerplate,Borgofranco d'Ivrea éte 'nu comune tagliáne de 3.634 crestiáne.
Borgolavezzaro,tarantino,template_boilerplate,Borgolavezzaro éte 'nu comune tagliáne de 1.879 crestiáne.
Borgomale,tarantino,template_boilerplate,Borgomale éte 'nu comune tagliáne de 365 crestiáne.
Borgomanero,tarantino,template_boilerplate,Borgomanero éte 'nu comune tagliáne de 20.597 crestiáne.
Borgomasino,tarantino,template_boilerplate,Borgomasino éte 'nu comune tagliáne de 785 crestiáne.
Borgone_Susa,tarantino,template_boilerplate,Borgone Susa éte 'nu comune tagliáne de 2.227 crestiáne.
Borgonovo_Val_Tidone,tarantino,template_boilerplate,Borgonovo Val Tidone éte 'nu comune tagliáne de 6.819 crestiáne.
Borgoratto_Alessandrino,tarantino,template_boilerplate,Borgoratto Alessandrino éte 'nu comune tagliáne de 607 crestiáne.
Borgoratto_Mormorolo,tarantino,template_boilerplate,Borgoratto Mormorolo éte 'nu comune tagliáne de 418 crestiáne.
Borgoricco,tarantino,template_boilerplate,Borgoricco éte 'nu comune tagliáne de 7.429 crestiáne.
Borgorose,tarantino,template_boilerplate,Borgorose éte 'nu comune tagliáne de 4.515 crestiáne.
Borgosatollo,tarantino,template_boilerplate,Borgosatollo éte 'nu comune tagliáne de 8.282 crestiáne.
Borgosesia,tarantino,template_boilerplate,Borgosesia éte 'nu comune tagliáne de 13.674 crestiáne.
Bormida,tarantino,template_boilerplate,Bormida éte 'nu comune tagliáne de 442 crestiáne.
Bormio,tarantino,template_boilerplate,Bormio éte 'nu comune tagliáne de 4.088 crestiáne.
Bornasco,tarantino,template_boilerplate,Bornasco éte 'nu comune tagliáne de 1.676 crestiáne.
Borno,tarantino,template_boilerplate,Borno éte 'nu comune tagliáne de 2.699 crestiáne.
Boroneddu,tarantino,template_boilerplate,Boroneddu éte 'nu comune tagliáne de 184 crestiáne.
Borore,tarantino,template_boilerplate,Borore éte 'nu comune tagliáne de 2.352 crestiáne.
Borrello,tarantino,template_boilerplate,Borrello éte 'nu comune tagliáne de 423 crestiáne.
Borriana,tarantino,template_boilerplate,Borriana éte 'nu comune tagliáne de 849 crestiáne.
Bortigali,tarantino,template_boilerplate,Bortigali éte 'nu comune tagliáne de 1.543 crestiáne.
Bortigiadas,tarantino,template_boilerplate,Bortigiadas éte 'nu comune tagliáne de 896 crestiáne.
Borutta,tarantino,template_boilerplate,Borutta éte 'nu comune tagliáne de 318 crestiáne.
Borzonasca,tarantino,template_boilerplate,Borzonasca éte 'nu comune tagliáne de 2.105 crestiáne.
Bosa,tarantino,template_boilerplate,Bosa éte 'nu comune tagliáne de 7.972 crestiáne.
Bosaro,tarantino,template_boilerplate,Bosaro éte 'nu comune tagliáne de 1.316 crestiáne.
Boschi_Sant'Anna,tarantino,template_boilerplate,Boschi Sant'Anna éte 'nu comune tagliáne de 1.346 crestiáne.
Bosco_Chiesanuova,tarantino,template_boilerplate,Bosco Chiesanuova éte 'nu comune tagliáne de 3.162 crestiáne.
Bosco_Marengo,tarantino,template_boilerplate,Bosco Marengo éte 'nu comune tagliáne de 2.521 crestiáne.
Bosconero,tarantino,template_boilerplate,Bosconero éte 'nu comune tagliáne de 2.924 crestiáne.
Boscoreale,tarantino,template_boilerplate,Boscoreale éte 'nu comune tagliáne de 27.476 crestiáne.
Boscotrecase,tarantino,template_boilerplate,Boscotrecase éte 'nu comune tagliáne de 10.791 crestiáne.
Bosentino,tarantino,template_boilerplate,Bosentino éte 'nu comune tagliáne de 698 crestiáne.
Bosia,tarantino,template_boilerplate,Bosia éte 'nu comune tagliáne de 203 crestiáne.
Bosio,tarantino,template_boilerplate,Bosio éte 'nu comune tagliáne de 1.175 crestiáne.
Bosisio_Parini,tarantino,template_boilerplate,Bosisio Parini éte 'nu comune tagliáne de 3.090 crestiáne.
Bosnasco,tarantino,template_boilerplate,Bosnasco éte 'nu comune tagliáne de 600 crestiáne.
Bosnie-Erzegovine,tarantino,english_text,", Guide to Collections of the Regional Museum of Bosnia and Herzegovina, Sarajeve 1984 AA.VV."
Bosnie-Erzegovine,tarantino,url_metadata,"Uicchimedie Commons tène files multimediale sus Bosnie-Erzegovine Bosnie-Erzegovine sus a Open Directory Project (Segnala sus a DMoz 'nu collegamende ca cendre cu l'argomende ""Bosnie-Erzegovine"") (BS, EN, DE, FR, ES)  Bosnie Erzegovine online Schede d'a Bosnie Erzegovine da 'u site Viaggiare Secure - Site curate da 'u Ministere de le Estere e da ll'ACI Sezione Bosnie-Erzegovine de l'Osservatorije sus a lle Balcane Monumènde Nazionale de Bosnie - Muslibegovic House (EN)  Ufficio dell'Alto Rappresentande jndr'â Bosnie-Erzegovine Gallerije fotografeche d'a Bosnie e Herzegovine Le prospettive europee d'a Bosnie Sisteme Polìteche d'a Bosnie Erzegovine (EN)  Turisme jndr'â Bosnie Erzegovine"
Bossico,tarantino,template_boilerplate,Bossico éte 'nu comune tagliáne de 997 crestiáne.
Bossolasco,tarantino,template_boilerplate,Bossolasco éte 'nu comune tagliáne de 683 crestiáne.
Botricello,tarantino,template_boilerplate,Botricello éte 'nu comune tagliáne de 4.586 crestiáne.
Botrugno,tarantino,template_boilerplate,Botrugno éte 'nu comune tagliáne de 3.046 crestiáne.
Botticino,tarantino,template_boilerplate,Botticino éte 'nu comune tagliáne de 10.082 crestiáne.
Bottidda,tarantino,template_boilerplate,Bottidda éte 'nu comune tagliáne de 804 crestiáne.
Bova_(RC),tarantino,template_boilerplate,Bova éte 'nu comune tagliáne de 480 crestiáne.
Bova_(RC),tarantino,template_boilerplate,Uicchimedie Commons tène files multimediale sus Bova
Bova_Marina,tarantino,template_boilerplate,Bova Marina éte 'nu comune tagliáne de 3.813 crestiáne.
Bovalino,tarantino,template_boilerplate,Bovalino éte 'nu comune tagliáne de 8.403 crestiáne.
Bovegno,tarantino,template_boilerplate,Bovegno éte 'nu comune tagliáne de 2.321 crestiáne.
Boves,tarantino,template_boilerplate,Boves éte 'nu comune tagliáne de 9.507 crestiáne.
Bovezzo,tarantino,template_boilerplate,Bovezzo éte 'nu comune tagliáne de 7.508 crestiáne.
Boville_Ernica,tarantino,template_boilerplate,Boville Ernica éte 'nu comune tagliáne de 8.869 crestiáne.
Bovino_(FG),tarantino,template_boilerplate,Bovino éte 'nu comune tagliáne de 3.991 crestiáne.
Bovisio-Masciago,tarantino,template_boilerplate,Bovisio-Masciago éte 'nu comune tagliáne de 14.808 crestiáne.
Bovolenta,tarantino,template_boilerplate,Bovolenta éte 'nu comune tagliáne de 3.143 crestiáne.
Bovolone,tarantino,template_boilerplate,Bovolone éte 'nu comune tagliáne de 14.288 crestiáne.
Bozzole,tarantino,template_boilerplate,Bozzole éte 'nu comune tagliáne de 323 crestiáne.
Bozzolo_(MN),tarantino,template_boilerplate,Bozzolo éte 'nu comune tagliáne de 4.089 crestiáne.
Bra,tarantino,template_boilerplate,Bra éte 'nu comune tagliáne de 28.819 crestiáne.
Bracca,tarantino,template_boilerplate,Bracca éte 'nu comune tagliáne de 755 crestiáne.
Bracciano,tarantino,template_boilerplate,Bracciano éte 'nu comune tagliáne de 15.509 crestiáne.
Bracigliano,tarantino,template_boilerplate,Bracigliano éte 'nu comune tagliáne de 5.363 crestiáne.
Braies,tarantino,template_boilerplate,Braies éte 'nu comune tagliáne de 655 crestiáne.
Brallo_di_Pregola,tarantino,template_boilerplate,Brallo di Pregola éte 'nu comune tagliáne de 930 crestiáne.
Brandico,tarantino,template_boilerplate,Brandico éte 'nu comune tagliáne de 1.041 crestiáne.
Brandizzo,tarantino,template_boilerplate,Brandizzo éte 'nu comune tagliáne de 8.000 crestiáne.
Brangalione_(RC),tarantino,template_boilerplate,Brangalione (in tagliàne Brancaleone) éte 'nu comune tagliáne de 3.811 crestiáne.
Branzi,tarantino,template_boilerplate,Branzi éte 'nu comune tagliáne de 762 crestiáne.
Braone,tarantino,template_boilerplate,Braone éte 'nu comune tagliáne de 610 crestiáne.
Brebbia,tarantino,template_boilerplate,Brebbia éte 'nu comune tagliáne de 3.119 crestiáne.
Breda_di_Piave,tarantino,template_boilerplate,Breda di Piave éte 'nu comune tagliáne de 6.348 crestiáne.
Bregano,tarantino,template_boilerplate,Bregano éte 'nu comune tagliáne de 726 crestiáne.
Breganze,tarantino,template_boilerplate,Breganze éte 'nu comune tagliáne de 8.315 crestiáne.
Bregnano,tarantino,template_boilerplate,Bregnano éte 'nu comune tagliáne de 5.900 crestiáne.
Breguzzo,tarantino,template_boilerplate,Breguzzo éte 'nu comune tagliáne de 579 crestiáne.
Breia,tarantino,template_boilerplate,Breia éte 'nu comune tagliáne de 191 crestiáne.
Brembate,tarantino,template_boilerplate,Brembate éte 'nu comune tagliáne de 7.604 crestiáne.
Brembate_di_Sopra,tarantino,template_boilerplate,Brembate di Sopra éte 'nu comune tagliáne de 7.422 crestiáne.
Brembilla,tarantino,template_boilerplate,Brembilla éte 'nu comune tagliáne de 4.233 crestiáne.
Brembio,tarantino,template_boilerplate,Brembio éte 'nu comune tagliáne de 2.363 crestiáne.
Breme,tarantino,template_boilerplate,Breme éte 'nu comune tagliáne de 936 crestiáne.
Brendola,tarantino,template_boilerplate,Brendola éte 'nu comune tagliáne de 6.456 crestiáne.
Brenna_(CO),tarantino,template_boilerplate,Brenna éte 'nu comune tagliáne de 1.817 crestiáne.
Brennero,tarantino,template_boilerplate,Brennero éte 'nu comune tagliáne de 2.072 crestiáne.
Breno,tarantino,template_boilerplate,Breno éte 'nu comune tagliáne de 4.957 crestiáne.
Brenta_(VA),tarantino,template_boilerplate,Brenta éte 'nu comune tagliáne de 1.643 crestiáne.
Brentino_Belluno,tarantino,template_boilerplate,Brentino Belluno éte 'nu comune tagliáne de 1.300 crestiáne.
Brentonico,tarantino,template_boilerplate,Brentonico éte 'nu comune tagliáne de 3.621 crestiáne.
Brenzone_sus_Garde,tarantino,template_boilerplate,Brenzone éte 'nu comune tagliáne de 2.357 crestiáne.
Brescello,tarantino,template_boilerplate,Brescello éte 'nu comune tagliáne de 4.918 crestiáne.
Brescie,tarantino,template_boilerplate,Brescia éte 'nu comune tagliáne de 191.059 crestiáne.
Bresimo,tarantino,template_boilerplate,Bresimo éte 'nu comune tagliáne de 292 crestiáne.
Bressana_Bottarone,tarantino,template_boilerplate,Bressana Bottarone éte 'nu comune tagliáne de 3.386 crestiáne.
Bressanone,tarantino,template_boilerplate,Bressanone éte 'nu comune tagliáne de 19.163 crestiáne.
Bressanvido,tarantino,template_boilerplate,Bressanvido éte 'nu comune tagliáne de 2.859 crestiáne.
Bresso,tarantino,template_boilerplate,Bresso éte 'nu comune tagliáne de 27.052 crestiáne.
Brez,tarantino,template_boilerplate,Brez éte 'nu comune tagliáne de 747 crestiáne.
Brezzo_di_Bedero,tarantino,template_boilerplate,Brezzo di Bedero éte 'nu comune tagliáne de 950 crestiáne.
Briaglia,tarantino,template_boilerplate,Briaglia éte 'nu comune tagliáne de 288 crestiáne.
Briatico,tarantino,template_boilerplate,Briatico éte 'nu comune tagliáne de 4.103 crestiáne.
Bricherasio,tarantino,template_boilerplate,Bricherasio éte 'nu comune tagliáne de 4.016 crestiáne.
Brienno,tarantino,template_boilerplate,Brienno éte 'nu comune tagliáne de 424 crestiáne.
Brienza,tarantino,template_boilerplate,Brienza éte 'nu comune tagliáne de 4.193 crestiáne.
Briga_Alta,tarantino,template_boilerplate,Briga Alta éte 'nu comune tagliáne de 62 crestiáne.
Briga_Novarese,tarantino,template_boilerplate,Briga Novarese éte 'nu comune tagliáne de 2.758 crestiáne.
Brignano-Frascata,tarantino,template_boilerplate,Brignano-Frascata éte 'nu comune tagliáne de 486 crestiáne.
Brinnese,tarantino,isbn_doi,"ISBN 88-8086-357-6 Paole Lopane, Insediamenti cavallereschi in Puglia."
Brinnese,tarantino,isbn_doi;citation_shape,"ISBN 88-8082-408-2 Marije Rosarie Muratore, Guida del Salento 2, Galatine, Congedo, 1997."
Brinnese,tarantino,isbn_doi,"ISBN 88-85204-33-3 Frangische Perfetti, Parola di Re."
Brinnese,tarantino,isbn_doi,"ISBN 978-88-7166-965-6 Cosime D. Poso, Il Salento normanno."
Brinnese,tarantino,isbn_doi;citation_shape,"ISBN 88-7786-097-9 A. Sanasi, Antiche vie del Salento, Galatine, Congedo, 1971."
Brinzio,tarantino,template_boilerplate,Brinzio éte 'nu comune tagliáne de 804 crestiáne.
Briona,tarantino,template_boilerplate,Briona éte 'nu comune tagliáne de 1.132 crestiáne.
Brione_(BS),tarantino,template_boilerplate,Brione éte 'nu comune tagliáne de 546 crestiáne.
Brione_(TN),tarantino,template_boilerplate,Brione éte 'nu comune tagliáne de 146 crestiáne.
Briosco,tarantino,template_boilerplate,Briosco éte 'nu comune tagliáne de 5.676 crestiáne.
Brisighella,tarantino,template_boilerplate,Brisighella éte 'nu comune tagliáne de 7.740 crestiáne.
Brissago-Valtravaglia,tarantino,template_boilerplate,Brissago-Valtravaglia éte 'nu comune tagliáne de 1.050 crestiáne.
Brissago-Valtravaglia,tarantino,template_boilerplate,Uicchimedie Commons tène files multimediale sus Brissago-Valtravaglia
Brissogne,tarantino,template_boilerplate,Brissogne éte 'nu comune tagliáne de 904 crestiáne.
Brittoli,tarantino,template_boilerplate,Brittoli éte 'nu comune tagliáne de 382 crestiáne.
Brivio,tarantino,template_boilerplate,Brivio éte 'nu comune tagliáne de 4.115 crestiáne.
Broccostella,tarantino,template_boilerplate,Broccostella éte 'nu comune tagliáne de 2.646 crestiáne.
Brogliano,tarantino,template_boilerplate,Brogliano éte 'nu comune tagliáne de 2.933 crestiáne.
Brognaturo,tarantino,template_boilerplate,Brognaturo éte 'nu comune tagliáne de 766 crestiáne.
Brolo,tarantino,template_boilerplate,Brolo éte 'nu comune tagliáne de 5.595 crestiáne.
Brondello,tarantino,template_boilerplate,Brondello éte 'nu comune tagliáne de 348 crestiáne.
Broni,tarantino,template_boilerplate,Broni éte 'nu comune tagliáne de 9.278 crestiáne.
Bronte_(CT),tarantino,template_boilerplate,Bronte éte 'nu comune tagliáne de 19.172 crestiáne.
Bronzolo,tarantino,template_boilerplate,Bronzolo éte 'nu comune tagliáne de 2.294 crestiáne.
Brosso,tarantino,template_boilerplate,Brosso éte 'nu comune tagliáne de 475 crestiáne.
Brovello-Carpugnino,tarantino,template_boilerplate,Brovello-Carpugnino éte 'nu comune tagliáne de 546 crestiáne.
Brozolo,tarantino,template_boilerplate,Brozolo éte 'nu comune tagliáne de 434 crestiáne.
Brugherio,tarantino,template_boilerplate,Brugherio éte 'nu comune tagliáne de 32.724 crestiáne.
Brugine,tarantino,template_boilerplate,Brugine éte 'nu comune tagliáne de 6.579 crestiáne.
Brugnato,tarantino,template_boilerplate,Brugnato éte 'nu comune tagliáne de 1.208 crestiáne.
Brugnera,tarantino,template_boilerplate,Brugnera éte 'nu comune tagliáne de 8.714 crestiáne.
Brugnera,tarantino,template_boilerplate,Uicchimedie Commons tène files multimediale sus Brugnera
Bruino,tarantino,template_boilerplate,Bruino éte 'nu comune tagliáne de 7.928 crestiáne.
Brumano,tarantino,template_boilerplate,Brumano éte 'nu comune tagliáne de 97 crestiáne.
Brunate,tarantino,template_boilerplate,Brunate éte 'nu comune tagliáne de 1.727 crestiáne.
Brunello,tarantino,template_boilerplate,Brunello éte 'nu comune tagliáne de 953 crestiáne.
Brunico,tarantino,template_boilerplate,Brunico éte 'nu comune tagliáne de 14.148 crestiáne.
Bruno_(AT),tarantino,template_boilerplate,Bruno éte 'nu comune tagliáne de 365 crestiáne.
Brusasco,tarantino,template_boilerplate,Brusasco éte 'nu comune tagliáne de 1.663 crestiáne.
Brusciano,tarantino,template_boilerplate,Brusciano éte 'nu comune tagliáne de 15.526 crestiáne.
Brusimpiano,tarantino,template_boilerplate,Brusimpiano éte 'nu comune tagliáne de 1.082 crestiáne.
Brusnengo,tarantino,template_boilerplate,Brusnengo éte 'nu comune tagliáne de 2.098 crestiáne.
Brusson,tarantino,template_boilerplate,Brusson éte 'nu comune tagliáne de 892 crestiáne.
Bruzolo,tarantino,template_boilerplate,Bruzolo éte 'nu comune tagliáne de 1.336 crestiáne.
Bruzzano_Zeffirio,tarantino,template_boilerplate,Bruzzano Zeffirio éte 'nu comune tagliáne de 1.284 crestiáne.
Bubbiano,tarantino,template_boilerplate,Bubbiano éte 'nu comune tagliáne de 1.400 crestiáne.
Bubbio,tarantino,template_boilerplate,Bubbio éte 'nu comune tagliáne de 905 crestiáne.
Buccheri,tarantino,template_boilerplate,Buccheri éte 'nu comune tagliáne de 2.187 crestiáne.
Bucchianico,tarantino,template_boilerplate,Bucchianico éte 'nu comune tagliáne de 5.003 crestiáne.
Bucciano,tarantino,template_boilerplate,Bucciano éte 'nu comune tagliáne de 1.958 crestiáne.
Buccinasco,tarantino,template_boilerplate,Buccinasco éte 'nu comune tagliáne de 25.922 crestiáne.
Buccino,tarantino,template_boilerplate,Buccino éte 'nu comune tagliáne de 5.555 crestiáne.
Bucine,tarantino,template_boilerplate,Bucine éte 'nu comune tagliáne de 9.796 crestiáne.
Buddusò,tarantino,template_boilerplate,Buddusò éte 'nu comune tagliáne de 4.145 crestiáne.
Budoia,tarantino,template_boilerplate,Budoia éte 'nu comune tagliáne de 2.150 crestiáne.
Budoia,tarantino,template_boilerplate,Uicchimedie Commons tène files multimediale sus Budoia
Budoni,tarantino,template_boilerplate,Budoni éte 'nu comune tagliáne de 4.361 crestiáne.
Budrio,tarantino,template_boilerplate,Budrio éte 'nu comune tagliáne de 16.167 crestiáne.
Buggerru,tarantino,template_boilerplate,Buggerru éte 'nu comune tagliáne de 1.163 crestiáne.
Buggiano,tarantino,template_boilerplate,Buggiano éte 'nu comune tagliáne de 8.462 crestiáne.
Bugnara,tarantino,template_boilerplate,Bugnara éte 'nu comune tagliáne de 1.076 crestiáne.
Buguggiate,tarantino,template_boilerplate,Buguggiate éte 'nu comune tagliáne de 3.139 crestiáne.
Buja,tarantino,template_boilerplate,Buja éte 'nu comune tagliáne de 6.741 crestiáne.
Bulgarograsso,tarantino,template_boilerplate,Bulgarograsso éte 'nu comune tagliáne de 2.984 crestiáne.
Bultei,tarantino,template_boilerplate,Bultei éte 'nu comune tagliáne de 1.206 crestiáne.
Bulzi,tarantino,template_boilerplate,Bulzi éte 'nu comune tagliáne de 634 crestiáne.
Buonabitacolo,tarantino,template_boilerplate,Buonabitacolo éte 'nu comune tagliáne de 2.576 crestiáne.
Buonalbergo,tarantino,template_boilerplate,Buonalbergo éte 'nu comune tagliáne de 1.884 crestiáne.
Buonconvento,tarantino,template_boilerplate,Buonconvento éte 'nu comune tagliáne de 3.153 crestiáne.
Buonvicino,tarantino,template_boilerplate,Buonvicino éte 'nu comune tagliáne de 2.427 crestiáne.
Burago_di_Molgora,tarantino,template_boilerplate,Burago di Molgora éte 'nu comune tagliáne de 4.090 crestiáne.
Burcei,tarantino,template_boilerplate,Burcei éte 'nu comune tagliáne de 2.807 crestiáne.
Burgio,tarantino,template_boilerplate,Burgio éte 'nu comune tagliáne de 2.964 crestiáne.
Burgio,tarantino,template_boilerplate,Uicchimedie Commons tène files multimediale sus Burgio
Burgos_(SS),tarantino,template_boilerplate,Burgos éte 'nu comune tagliáne de 1.068 crestiáne.
Buriasco,tarantino,template_boilerplate,Buriasco éte 'nu comune tagliáne de 1.304 crestiáne.
Burolo,tarantino,template_boilerplate,Burolo éte 'nu comune tagliáne de 1.349 crestiáne.
Buronzo,tarantino,template_boilerplate,Buronzo éte 'nu comune tagliáne de 950 crestiáne.
Busachi,tarantino,template_boilerplate,Busachi éte 'nu comune tagliáne de 1.629 crestiáne.
Busalla,tarantino,template_boilerplate,Busalla éte 'nu comune tagliáne de 5.909 crestiáne.
Busana,tarantino,template_boilerplate,Busana éte 'nu comune tagliáne de 1.352 crestiáne.
Busano,tarantino,template_boilerplate,Busano éte 'nu comune tagliáne de 1.365 crestiáne.
Busca,tarantino,template_boilerplate,Busca éte 'nu comune tagliáne de 9.727 crestiáne.
Buscate,tarantino,template_boilerplate,Buscate éte 'nu comune tagliáne de 4.196 crestiáne.
Buseto_Palizzolo,tarantino,template_boilerplate,Buseto Palizzolo éte 'nu comune tagliáne de 3.170 crestiáne.
Busnago,tarantino,template_boilerplate,Busnago éte 'nu comune tagliáne de 5.087 crestiáne.
Bussero,tarantino,template_boilerplate,Bussero éte 'nu comune tagliáne de 8.545 crestiáne.
Busseto,tarantino,template_boilerplate,Busseto éte 'nu comune tagliáne de 6.890 crestiáne.
Busso,tarantino,template_boilerplate,Busso éte 'nu comune tagliáne de 1.409 crestiáne.
Bussolengo,tarantino,template_boilerplate,Bussolengo éte 'nu comune tagliáne de 18.834 crestiáne.
Bussoleno,tarantino,template_boilerplate,Bussoleno éte 'nu comune tagliáne de 6.560 crestiáne.
Busto_Arsizio,tarantino,template_boilerplate,Busto Arsizio éte 'nu comune tagliáne de 80.135 crestiáne.
Busto_Garolfo,tarantino,template_boilerplate,Busto Garolfo éte 'nu comune tagliáne de 12.772 crestiáne.
Butera,tarantino,template_boilerplate,Butera éte 'nu comune tagliáne de 5.063 crestiáne.
Buti,tarantino,template_boilerplate,Buti éte 'nu comune tagliáne de 5.566 crestiáne.
Buttapietra,tarantino,template_boilerplate,Buttapietra éte 'nu comune tagliáne de 6.195 crestiáne.
Buttigliera_Alta,tarantino,template_boilerplate,Buttigliera Alta éte 'nu comune tagliáne de 6.575 crestiáne.
Buttigliera_d'Asti,tarantino,template_boilerplate,Buttigliera d'Asti éte 'nu comune tagliáne de 2.215 crestiáne.
Buttrio,tarantino,template_boilerplate,Buttrio éte 'nu comune tagliáne de 4.000 crestiáne.
Bérgame,tarantino,template_boilerplate,Uicchimedie Commons tène files multimediale sus Bérgame
Cabella_Ligure,tarantino,template_boilerplate,Cabella Ligure éte 'nu comune tagliáne de 596 crestiáne.
Cabiate,tarantino,template_boilerplate,Cabiate éte 'nu comune tagliáne de 7.156 crestiáne.
Cabras,tarantino,template_boilerplate,Cabras éte 'nu comune tagliáne de 8.889 crestiáne.
Caccamo,tarantino,template_boilerplate,Caccamo éte 'nu comune tagliáne de 8.528 crestiáne.
Caccuri,tarantino,template_boilerplate,Caccuri éte 'nu comune tagliáne de 1.780 crestiáne.
Cadegliano-Viconago,tarantino,template_boilerplate,Cadegliano-Viconago éte 'nu comune tagliáne de 1.774 crestiáne.
Cadelbosco_di_Sopra,tarantino,template_boilerplate,Cadelbosco di Sopra éte 'nu comune tagliáne de 7.868 crestiáne.
Cadeo,tarantino,template_boilerplate,Cadeo éte 'nu comune tagliáne de 5.601 crestiáne.
Cadoneghe,tarantino,template_boilerplate,Cadoneghe éte 'nu comune tagliáne de 15.204 crestiáne.
Cadorago,tarantino,template_boilerplate,Cadorago éte 'nu comune tagliáne de 6.952 crestiáne.
Cadrezzate,tarantino,template_boilerplate,Cadrezzate éte 'nu comune tagliáne de 1.577 crestiáne.
Cafasse,tarantino,template_boilerplate,Cafasse éte 'nu comune tagliáne de 3.516 crestiáne.
Caggiano,tarantino,template_boilerplate,Caggiano éte 'nu comune tagliáne de 3.010 crestiáne.
Cagli,tarantino,template_boilerplate,Cagli éte 'nu comune tagliáne de 9.002 crestiáne.
Cagliari,tarantino,template_boilerplate,Cagliari éte 'nu comune tagliáne de 154.460 crestiáne.
Caglio_(CO),tarantino,template_boilerplate,Caglio éte 'nu comune tagliáne de 369 crestiáne.
Cagnano_Amiterno,tarantino,template_boilerplate,Cagnano Amiterno éte 'nu comune tagliáne de 1.431 crestiáne.
Cagnano_Varano,tarantino,template_boilerplate,Cagnano Varano éte 'nu comune tagliáne de 7.142 crestiáne.
Cagno,tarantino,template_boilerplate,Cagno éte 'nu comune tagliáne de 2.017 crestiáne.
Cagnò,tarantino,template_boilerplate,Cagnò éte 'nu comune tagliáne de 368 crestiáne.
Caianello,tarantino,template_boilerplate,Caianello éte 'nu comune tagliáne de 1.757 crestiáne.
Caiazzo,tarantino,template_boilerplate,Caiazzo éte 'nu comune tagliáne de 5.836 crestiáne.
Caines,tarantino,template_boilerplate,Caines éte 'nu comune tagliáne de 319 crestiáne.
Caino_(BS),tarantino,template_boilerplate,Caino éte 'nu comune tagliáne de 1.945 crestiáne.
Caiolo,tarantino,template_boilerplate,Caiolo éte 'nu comune tagliáne de 956 crestiáne.
Cairano,tarantino,template_boilerplate,Cairano éte 'nu comune tagliáne de 392 crestiáne.
Cairate,tarantino,template_boilerplate,Cairate éte 'nu comune tagliáne de 7.570 crestiáne.
Cairo_Montenotte,tarantino,template_boilerplate,Cairo Montenotte éte 'nu comune tagliáne de 13.209 crestiáne.
Caivano,tarantino,template_boilerplate,Caivano éte 'nu comune tagliáne de 36.980 crestiáne.
Calabritto,tarantino,template_boilerplate,Calabritto éte 'nu comune tagliáne de 2.690 crestiáne.
Calalzo_di_Cadore,tarantino,template_boilerplate,Calalzo di Cadore éte 'nu comune tagliáne de 2.415 crestiáne.
Calamandrana,tarantino,template_boilerplate,Calamandrana éte 'nu comune tagliáne de 1.648 crestiáne.
Calamonaci,tarantino,template_boilerplate,Calamonaci éte 'nu comune tagliáne de 1.428 crestiáne.
Calamonaci,tarantino,template_boilerplate,Uicchimedie Commons tène files multimediale sus Calamonaci
Calangianus,tarantino,template_boilerplate,Calangianus éte 'nu comune tagliáne de 4.642 crestiáne.
Calanna,tarantino,template_boilerplate,Calanna éte 'nu comune tagliáne de 1.065 crestiáne.
Calascibetta,tarantino,template_boilerplate,Calascibetta éte 'nu comune tagliáne de 4.797 crestiáne.
Calascio,tarantino,template_boilerplate,Calascio éte 'nu comune tagliáne de 169 crestiáne.
Calasetta,tarantino,template_boilerplate,Calasetta éte 'nu comune tagliáne de 2.745 crestiáne.
Calatabiano,tarantino,template_boilerplate,Calatabiano éte 'nu comune tagliáne de 5.309 crestiáne.
Calatafimi-Segesta,tarantino,template_boilerplate,Calatafimi-Segesta éte 'nu comune tagliáne de 7.423 crestiáne.
Calavino,tarantino,template_boilerplate,Calavino éte 'nu comune tagliáne de 1.226 crestiáne.
Calavrie,tarantino,template_boilerplate,Uicchimedie Commons tène files multimediale sus Calavrie
Calcata,tarantino,template_boilerplate,Calcata éte 'nu comune tagliáne de 846 crestiáne.
Calci,tarantino,template_boilerplate,Calci éte 'nu comune tagliáne de 6004 crestiáne.
Calciano,tarantino,template_boilerplate,Calciano éte 'nu comune tagliáne de 892 crestiáne.
Calcinaia,tarantino,template_boilerplate,Calcinaia éte 'nu comune tagliáne de 9.366 crestiáne.
Calcinate,tarantino,template_boilerplate,Calcinate éte 'nu comune tagliáne de 5.273 crestiáne.
Calcinato,tarantino,template_boilerplate,Calcinato éte 'nu comune tagliáne de 11.709 crestiáne.
Calcio_(BG),tarantino,template_boilerplate,Calcio éte 'nu comune tagliáne de 4.798 crestiáne.
Calco,tarantino,template_boilerplate,Calco éte 'nu comune tagliáne de 4.039 crestiáne.
Calcutta,tarantino,url_metadata,"Raccunde UK da Calcutta, Mondadori, 2006 Alka Saraogi, Bypass ad 'u côre de Calcutta, Neri Pozza, 2007 Uicchimedie Commons tène files multimediale sus Calcutta (EN)  calcuttaweb.com Totte sus a Calcutta"
Caldarola,tarantino,template_boilerplate,Caldarola éte 'nu comune tagliáne de 1.706 crestiáne.
Calderara_di_Reno,tarantino,template_boilerplate,Calderara di Reno éte 'nu comune tagliáne de 11.632 crestiáne.
Caldes,tarantino,template_boilerplate,Caldes éte 'nu comune tagliáne de 1.040 crestiáne.
Caldiero,tarantino,template_boilerplate,Caldiero éte 'nu comune tagliáne de 6.046 crestiáne.
Caldogno,tarantino,template_boilerplate,Caldogno éte 'nu comune tagliáne de 10.600 crestiáne.
Caldonazzo,tarantino,template_boilerplate,Caldonazzo éte 'nu comune tagliáne de 3.000 crestiáne.
Calendasco,tarantino,template_boilerplate,Calendasco éte 'nu comune tagliáne de 2.310 crestiáne.
Calenzano,tarantino,template_boilerplate,Calenzano éte 'nu comune tagliáne de 15.557 crestiáne.
Calestano,tarantino,template_boilerplate,Calestano éte 'nu comune tagliáne de 1.811 crestiáne.
Calice_Ligure,tarantino,template_boilerplate,Calice Ligure éte 'nu comune tagliáne de 1.500 crestiáne.
Calimera,tarantino,template_boilerplate,Calimera éte 'nu comune tagliáne de 7.336 crestiáne.
Calitri,tarantino,template_boilerplate,Calitri éte 'nu comune tagliáne de 5.362 crestiáne.
Calizzano,tarantino,template_boilerplate,Calizzano éte 'nu comune tagliáne de 1.545 crestiáne.
Callabiana,tarantino,template_boilerplate,Callabiana éte 'nu comune tagliáne de 144 crestiáne.
Calliano_(AT),tarantino,template_boilerplate,Calliano éte 'nu comune tagliáne de 1.430 crestiáne.
Calliano_(TN),tarantino,template_boilerplate,Calliano éte 'nu comune tagliáne de 1.099 crestiáne.
Calolziocorte,tarantino,template_boilerplate,Calolziocorte éte 'nu comune tagliáne de 14.121 crestiáne.
Calopezzati,tarantino,template_boilerplate,Calopezzati éte 'nu comune tagliáne de 1.207 crestiáne.
Calosso,tarantino,template_boilerplate,Calosso éte 'nu comune tagliáne de 1.305 crestiáne.
Caloveto,tarantino,template_boilerplate,Caloveto éte 'nu comune tagliáne de 1.431 crestiáne.
Caltabellotta,tarantino,template_boilerplate,Caltabellotta éte 'nu comune tagliáne de 4.254 crestiáne.
Caltabellotta,tarantino,template_boilerplate,Uicchimedie Commons tène files multimediale sus Caltabellotta
Caltagirone,tarantino,template_boilerplate,Caltagirone éte 'nu comune tagliáne de 38.828 crestiáne.
Caltanissetta,tarantino,template_boilerplate,Caltanissetta éte 'nu comune tagliáne de 63.290 crestiáne.
Caltanissetta,tarantino,template_boilerplate,Uicchimedie Commons tène files multimediale sus Caltanissetta
Caltavuturo,tarantino,template_boilerplate,Caltavuturo éte 'nu comune tagliáne de 4.571 crestiáne.
Caltignaga,tarantino,template_boilerplate,Caltignaga éte 'nu comune tagliáne de 2.345 crestiáne.
Calto,tarantino,template_boilerplate,Calto éte 'nu comune tagliáne de 865 crestiáne.
Caltrano,tarantino,template_boilerplate,Caltrano éte 'nu comune tagliáne de 2.545 crestiáne.
Calusco_d'Adda,tarantino,template_boilerplate,Calusco d'Adda éte 'nu comune tagliáne de 8.125 crestiáne.
Caluso,tarantino,template_boilerplate,Caluso éte 'nu comune tagliáne de 7.387 crestiáne.
Calvanico,tarantino,template_boilerplate,Calvanico éte 'nu comune tagliáne de 1.355 crestiáne.
Calvatone,tarantino,template_boilerplate,Calvatone éte 'nu comune tagliáne de 1.248 crestiáne.
Calvello,tarantino,template_boilerplate,Calvello éte 'nu comune tagliáne de 2.231 crestiáne.
Calvene,tarantino,template_boilerplate,Calvene éte 'nu comune tagliáne de 1.273 crestiáne.
Calvenzano,tarantino,template_boilerplate,Calvenzano éte 'nu comune tagliáne de 3.447 crestiáne.
Calvera,tarantino,template_boilerplate,Calvera éte 'nu comune tagliáne de 522 crestiáne.
Calvi_(BN),tarantino,template_boilerplate,Calvi éte 'nu comune tagliáne de 2.400 crestiáne.
Calvi_Risorta,tarantino,template_boilerplate,Calvi Risorta éte 'nu comune tagliáne de 5.857 crestiáne.
Calvignano,tarantino,template_boilerplate,Calvignano éte 'nu comune tagliáne de 114 crestiáne.
Calvignasco,tarantino,template_boilerplate,Calvignasco éte 'nu comune tagliáne de 1.029 crestiáne.
Calvisano,tarantino,template_boilerplate,Calvisano éte 'nu comune tagliáne de 7.906 crestiáne.
Calvizzano,tarantino,template_boilerplate,Calvizzano éte 'nu comune tagliáne de 12.406 crestiáne.
Camagna_Monferrato,tarantino,template_boilerplate,Camagna Monferrato éte 'nu comune tagliáne de 551 crestiáne.
Camaiore,tarantino,template_boilerplate,Camaiore éte 'nu comune tagliáne de 30.676 crestiáne.
Camairago,tarantino,template_boilerplate,Camairago éte 'nu comune tagliáne de 585 crestiáne.
Camandona,tarantino,template_boilerplate,Camandona éte 'nu comune tagliáne de 400 crestiáne.
Camastra,tarantino,template_boilerplate,Camastra éte 'nu comune tagliáne de 2.096 crestiáne.
Camastra,tarantino,template_boilerplate,Uicchimedie Commons tène files multimediale sus Camastra
Cambane_(CS),tarantino,template_boilerplate,Cambane (in tagliàne Campana) éte 'nu comune tagliáne de 2.868 crestiáne.
Cambanie,tarantino,template_boilerplate,Uicchimedie Commons tène files multimediale sus Campania
Cambebelle_de_Licata,tarantino,template_boilerplate,Campobello di Licata éte 'nu comune tagliáne de 10.525 crestiáne.
Cambedepetre,tarantino,template_boilerplate,Cambedepetre (in tagliàne Campodipietra) éte 'nu comune tagliáne de 2.059 crestiáne.
Cambefiorito,tarantino,template_boilerplate,Cambefiorito (in tagliàne Campofiorito) éte 'nu comune tagliáne de 1.401 crestiáne.
Cambefranghe,tarantino,template_boilerplate,Cambefranghe (in tagliàne Campofranco) éte 'nu comune tagliáne de 3.631 crestiáne.
Cambeliete,tarantino,template_boilerplate,Cambeliete (in tagliàne Campolieto) éte 'nu comune tagliáne de 1.064 crestiáne.
Cambemarine,tarantino,template_boilerplate,Cambemarine (in tagliàne Campomarino) éte 'nu comune tagliáne de 6.658 crestiáne.
Cambereale,tarantino,template_boilerplate,Cambereale (in tagliàne Camporeale) éte 'nu comune tagliáne de 3.711 crestiáne.
Cambiago,tarantino,template_boilerplate,Cambiago éte 'nu comune tagliáne de 6.057 crestiáne.
Cambiano,tarantino,template_boilerplate,Cambiano éte 'nu comune tagliáne de 6.008 crestiáne.
Cambiasca,tarantino,template_boilerplate,Cambiasca éte 'nu comune tagliáne de 1.541 crestiáne.
Camburzano,tarantino,template_boilerplate,Camburzano éte 'nu comune tagliáne de 1.184 crestiáne.
Camerana,tarantino,template_boilerplate,Camerana éte 'nu comune tagliáne de 723 crestiáne.
Camerano_(AN),tarantino,template_boilerplate,Camerano éte 'nu comune tagliáne de 6.757 crestiáne.
Camerano_Casasco,tarantino,template_boilerplate,Camerano Casasco éte 'nu comune tagliáne de 490 crestiáne.
Camerata_Cornello,tarantino,template_boilerplate,Camerata Cornello éte 'nu comune tagliáne de 594 crestiáne.
Camerata_Picena,tarantino,template_boilerplate,Camerata Picena éte 'nu comune tagliáne de 1.917 crestiáne.
Cameri,tarantino,template_boilerplate,Cameri éte 'nu comune tagliáne de 10.424 crestiáne.
Camerino,tarantino,template_boilerplate,Camerino éte 'nu comune tagliáne de 6.986 crestiáne.
Camerota,tarantino,template_boilerplate,Camerota éte 'nu comune tagliáne de 7.026 crestiáne.
Camigliano,tarantino,template_boilerplate,Camigliano éte 'nu comune tagliáne de 1.739 crestiáne.
Caminata,tarantino,template_boilerplate,Caminata éte 'nu comune tagliáne de 301 crestiáne.
Camini,tarantino,template_boilerplate,Camini éte 'nu comune tagliáne de 764 crestiáne.
Camino_(AL),tarantino,template_boilerplate,Camino éte 'nu comune tagliáne de 778 crestiáne.
Camisano_(CR),tarantino,template_boilerplate,Camisano éte 'nu comune tagliáne de 1.223 crestiáne.
Camisano_Vicentino,tarantino,template_boilerplate,Camisano Vicentino éte 'nu comune tagliáne de 8.466 crestiáne.
Cammarata,tarantino,template_boilerplate,Cammarata éte 'nu comune tagliáne de 6.391 crestiáne.
Cammarata,tarantino,template_boilerplate,Uicchimedie Commons tène files multimediale sus Cammarata
Camo,tarantino,template_boilerplate,Camo éte 'nu comune tagliáne de 238 crestiáne.
Camogli,tarantino,template_boilerplate,Camogli éte 'nu comune tagliáne de 5.682 crestiáne.
Campagna_(SA),tarantino,template_boilerplate,Campagna éte 'nu comune tagliáne de 15.518 crestiáne.
Campagna_Lupia,tarantino,template_boilerplate,Campagna Lupia éte 'nu comune tagliáne de 6.288 crestiáne.
Campagnatico,tarantino,template_boilerplate,Campagnatico éte 'nu comune tagliáne de 2.380 crestiáne.
Campagnola_Cremasca,tarantino,template_boilerplate,Campagnola Cremasca éte 'nu comune tagliáne de 606 crestiáne.
Camparada,tarantino,template_boilerplate,Camparada éte 'nu comune tagliáne de 1.703 crestiáne.
Campegine,tarantino,template_boilerplate,Campegine éte 'nu comune tagliáne de 4.551 crestiáne.
Campertogno,tarantino,template_boilerplate,Campertogno éte 'nu comune tagliáne de 228 crestiáne.
Campi_Bisenzio,tarantino,template_boilerplate,Campi Bisenzio éte 'nu comune tagliáne de 37.161 crestiáne.
Campiglia_Cervo,tarantino,template_boilerplate,Campiglia Cervo éte 'nu comune tagliáne de 178 crestiáne.
Campiglia_Marittima,tarantino,template_boilerplate,Campiglia Marittima éte 'nu comune tagliáne de 12.543 crestiáne.
Campiglione-Fenile,tarantino,template_boilerplate,Campiglione-Fenile éte 'nu comune tagliáne de 1.284 crestiáne.
Campitello_di_Fassa,tarantino,template_boilerplate,Campitello di Fassa éte 'nu comune tagliáne de 732 crestiáne.
Campli,tarantino,template_boilerplate,Campli éte 'nu comune tagliáne de 7.533 crestiáne.
Campo_Tures,tarantino,template_boilerplate,Campo Tures éte 'nu comune tagliáne de 4.944 crestiáne.
Campo_di_Trens,tarantino,template_boilerplate,Campo di Trens éte 'nu comune tagliáne de 2.460 crestiáne.
Campodarsego,tarantino,template_boilerplate,Campodarsego éte 'nu comune tagliáne de 12.209 crestiáne.
Campodenno,tarantino,template_boilerplate,Campodenno éte 'nu comune tagliáne de 1.436 crestiáne.
Campodolcino,tarantino,template_boilerplate,Campodolcino éte 'nu comune tagliáne de 1.078 crestiáne.
Campodoro,tarantino,template_boilerplate,Campodoro éte 'nu comune tagliáne de 2.170 crestiáne.
Campofilone,tarantino,template_boilerplate,Campofilone éte 'nu comune tagliáne de 1.885 crestiáne.
Campoformido,tarantino,template_boilerplate,Campoformido éte 'nu comune tagliáne de 7.458 crestiáne.
Campogalliano,tarantino,template_boilerplate,Campogalliano éte 'nu comune tagliáne de 8.044 crestiáne.
Campolattaro,tarantino,template_boilerplate,Campolattaro éte 'nu comune tagliáne de 1.101 crestiáne.
Campoli_Appennino,tarantino,template_boilerplate,Campoli Appennino éte 'nu comune tagliáne de 1.804 crestiáne.
Campolongo_Maggiore,tarantino,template_boilerplate,Campolongo Maggiore éte 'nu comune tagliáne de 9.188 crestiáne.
Campolongo_Tapogliano,tarantino,template_boilerplate,Campolongo Tapogliano éte 'nu comune tagliáne de 1.209 crestiáne.
Campolongo_Tapogliano,tarantino,template_boilerplate,Uicchimedie Commons tène files multimediale sus Campolongo Tapogliano
Campomorone,tarantino,template_boilerplate,Campomorone éte 'nu comune tagliáne de 7.481 crestiáne.
Camponogara,tarantino,template_boilerplate,Camponogara éte 'nu comune tagliáne de 11.756 crestiáne.
Campora,tarantino,template_boilerplate,Campora éte 'nu comune tagliáne de 563 crestiáne.
Camporgiano,tarantino,template_boilerplate,Camporgiano éte 'nu comune tagliáne de 2.393 crestiáne.
Camporosso,tarantino,template_boilerplate,Uicchimedie Commons tène files multimediale sus Camporosso
Camporotondo_di_Fiastrone,tarantino,template_boilerplate,Camporotondo di Fiastrone éte 'nu comune tagliáne de 583 crestiáne.
Camposampiero,tarantino,template_boilerplate,Camposampiero éte 'nu comune tagliáne de 11.392 crestiáne.
Camposano,tarantino,template_boilerplate,Camposano éte 'nu comune tagliáne de 5.389 crestiáne.
Camposanto,tarantino,template_boilerplate,Camposanto éte 'nu comune tagliáne de 3.107 crestiáne.
Campospinoso,tarantino,template_boilerplate,Campospinoso éte 'nu comune tagliáne de 772 crestiáne.
Camugnano,tarantino,template_boilerplate,Camugnano éte 'nu comune tagliáne de 2.132 crestiáne.
Canal_San_Bovo,tarantino,template_boilerplate,Canal San Bovo éte 'nu comune tagliáne de 1.661 crestiáne.
Canale_(CN),tarantino,template_boilerplate,Canale éte 'nu comune tagliáne de 5.217 crestiáne.
Canale_d'Agordo,tarantino,template_boilerplate,Canale d'Agordo éte 'nu comune tagliáne de 1.230 crestiáne.
Canale_de_Panama,tarantino,citation_shape,"Danville, Ill.: Interstate Publishers, OCLC 138568 Mellander, Gustavo A.; Nelly Maldonado Mellander (1999)."
Canale_de_Panama,tarantino,template_boilerplate,Charles Edward Magoon: The Panama Years.
Canale_de_Suez,tarantino,citation_shape,Rules of navigation Arab republic of Egypt Suez canal authority Edition de 1995.
Canaro,tarantino,template_boilerplate,Canaro éte 'nu comune tagliáne de 2.836 crestiáne.
Canazei,tarantino,template_boilerplate,Canazei éte 'nu comune tagliáne de 1.819 crestiáne.
Cancellara,tarantino,template_boilerplate,Cancellara éte 'nu comune tagliáne de 1.596 crestiáne.
Canda,tarantino,template_boilerplate,Canda éte 'nu comune tagliáne de 936 crestiáne.
Candelo,tarantino,template_boilerplate,Candelo éte 'nu comune tagliáne de 7.989 crestiáne.
Candia_Canavese,tarantino,template_boilerplate,Candia Canavese éte 'nu comune tagliáne de 1.304 crestiáne.
Candia_Lomellina,tarantino,template_boilerplate,Candia Lomellina éte 'nu comune tagliáne de 1.646 crestiáne.
Candiana,tarantino,template_boilerplate,Candiana éte 'nu comune tagliáne de 2.451 crestiáne.
Candida_(AV),tarantino,template_boilerplate,Candida éte 'nu comune tagliáne de 1.129 crestiáne.
Candidoni,tarantino,template_boilerplate,Candidoni éte 'nu comune tagliáne de 375 crestiáne.
Candiolo,tarantino,template_boilerplate,Candiolo éte 'nu comune tagliáne de 5.385 crestiáne.
!4RC4N01D!_2:_Retro_Edition,ladin,citation_shape,2: Retro Edition ie n videojuech svilupà da armogames y publicà ai 3 fauré 2018 da armogames.
!4RC4N01D!_4:_Kohbeep_Edition,ladin,citation_shape,4: Kohbeep Edition ie n videojuech svilupà da armogames y publicà ai 30 merz 2018 da armogames.
113_Thalluru,ladin,template_boilerplate,L ie tl Phirangipuram mandal dl raion Guntur.
113_Thalluru,ladin,template_boilerplate,Tl 2011 ovel na populazion de 3 584.
1948,ladin,template_boilerplate,1948 ie n ann dl calender gregorian.
1992,ladin,template_boilerplate,1992 ie n ann dl calender gregorian.
1_SGM,ladin,template_boilerplate,Tl 2011 ovel na populazion de 2 493.
2010,ladin,template_boilerplate,2010 ie n ann dl calender gregorian.
2011,ladin,template_boilerplate,2011 ie n ann dl calender gregorian.
2012,ladin,template_boilerplate,2012 ie n ann dl calender gregorian.
2013,ladin,template_boilerplate,2013 ie n ann dl calender gregorian.
2014,ladin,template_boilerplate,2014 ie n ann dl calender gregorian.
2015,ladin,template_boilerplate,2015 ie n ann dl calender gregorian.
2016,ladin,template_boilerplate,2016 ie n ann dl calender gregorian.
2nd_Super_Robot_Wars,ladin,citation_shape,2nd Super Robot Wars ie n videojuech svilupà da Banpresto y publicà ai 12 dezëmber 1991 da Banpresto.
2nd_Super_Robot_Wars_Alpha,ladin,citation_shape,2nd Super Robot Wars Alpha ie n videojuech svilupà da Banpresto y publicà ai 27 merz 2003 da Banpresto.
2nd_Super_Robot_Wars_Original_Generation,ladin,citation_shape,2nd Super Robot Wars Original Generation ie n videojuech svilupà da Banpresto y publicà ai 29 nuvëmber 2012 da Bandai Namco Entertainment.
3D_Pool,ladin,template_boilerplate,"Gold, Mirror Image, MicroPlay Software."
3DiTeams,ladin,citation_shape,3DiTeams ie n videojuech svilupà da Duke University Hospital y publicà ai 1 nuvëmber 2007 da Duke University Medical Center.
3rd_Super_Robot_Wars,ladin,citation_shape,3rd Super Robot Wars ie n videojuech svilupà da Banpresto y publicà ai 23 lugio 1993 da Banpresto.
3rd_Super_Robot_Wars_Alpha:_To_the_End_of_the_Galaxy,ladin,citation_shape,3rd Super Robot Wars Alpha: To the End of the Galaxy ie n videojuech svilupà da Banpresto y publicà ai 28 lugio 2005 da Banpresto.
A'Chralaig_-_A'Chioch,ladin,template_boilerplate,L A'Chralaig - A'Chioch ie n crëp tl Riam Unì.
A'_Bhuidheanach,ladin,template_boilerplate,L A' Bhuidheanach ie n crëp tl Riam Unì.
A'_Bhuidheanaich,ladin,template_boilerplate,L A' Bhuidheanaich ie n crëp tl Riam Unì.
A'_Chailleach,ladin,template_boilerplate,L A' Chailleach ie n crëp tl Riam Unì.
A'_Chailleach,ladin,template_boilerplate,"L toca pra la ciadëina de crëps Crëps Monadhliath y à na autëza de 929,2 metri."
A'_Chairidh,ladin,template_boilerplate,L A' Chairidh ie n crëp tl Riam Unì.
A'_Chraidhleag,ladin,template_boilerplate,L A' Chraidhleag ie n crëp tl Riam Unì.
A'_Chrois,ladin,template_boilerplate,L A' Chrois ie n crëp tl Riam Unì.
A'_Chrois,ladin,template_boilerplate,L à na autëza de 848 metri.
A'_Chràlaig,ladin,template_boilerplate,L A' Chràlaig ie n crëp tl Riam Unì.
A'_Chràlaig,ladin,template_boilerplate,L à na autëza de 1 120 metri.
A'_Ghlaise,ladin,template_boilerplate,L A' Ghlaise ie n crëp tl Riam Unì.
A'_Ghlas-bheinn,ladin,template_boilerplate,L à na autëza de 918 metri.
A'_Mhaighdean,ladin,template_boilerplate,L A' Mhaighdean ie n crëp tl Riam Unì.
A'_Mhaighdean,ladin,template_boilerplate,L à na autëza de 967 metri.
A'_Mharconaich,ladin,template_boilerplate,L A' Mharconaich ie n crëp tl Riam Unì.
A'_Mharconaich,ladin,template_boilerplate,"L toca pra la ciadëina de crëps Crëps Grampians y à na autëza de 973,2 metri."
A'_Phoit,ladin,template_boilerplate,L A' Phoit ie n crëp tl Riam Unì.
A'nyê_Maqên,ladin,template_boilerplate,L A'nyê Maqên ie na ciadëina de crëps te la Cina.
A'nyê_Maqên,ladin,template_boilerplate,Si pont plu aut ie a 6 282 metri.
A-erh-ssu-lang-nu-j,ladin,template_boilerplate,Si pont plu aut ie a 811 metri.
A.Duppala_Palle,ladin,template_boilerplate,L ie tl Thipparthi dl raion Nalgonda.
A.Duppala_Palle,ladin,template_boilerplate,Tl 2011 ovel na populazion de 1 671.
A.Hosahalli,ladin,template_boilerplate,A.Hosahalli ie n luech te l'India tl stat federel Karnataka.
A.Hosahalli,ladin,template_boilerplate,L ie tl Turuvekere Taluk dl raion Tumakuru.
A.Hosahalli,ladin,template_boilerplate,Tl 2011 ovel na populazion de 925.
A.I.Bheemavaram,ladin,template_boilerplate,Tl 2011 ovel na populazion de 4 554.
A.Konduru,ladin,template_boilerplate,Tl 2011 ovel na populazion de 6 462.
A.Mallavaram,ladin,template_boilerplate,L ie tl Rowthulapudi mandal dl raion Kakinada.
A.Mallavaram,ladin,template_boilerplate,Tl 2011 ovel na populazion de 2 833.
A.Vemavaram,ladin,template_boilerplate,L ie tl Amalapuram mandal dl raion Konaseema.
A.Vemavaram,ladin,template_boilerplate,Tl 2011 ovel na populazion de 3 854.
A._Hosahalli,ladin,template_boilerplate,A. Hosahalli ie n luech te l'India tl stat federel Karnataka.
A._Hosahalli,ladin,template_boilerplate,L ie tl Kunigal Taluk dl raion Tumakuru.
A._Hosahalli,ladin,template_boilerplate,Tl 2011 ovel na populazion de 732.
A._Nagathihalli,ladin,template_boilerplate,A. Nagathihalli ie n luech te l'India tl stat federel Karnataka.
A._Nagathihalli,ladin,template_boilerplate,L ie tl Nagamangala Taluk dl raion Mandya.
A._Nagathihalli,ladin,template_boilerplate,Tl 2011 ovel na populazion de 1 174.
A._Rangapura,ladin,template_boilerplate,A. Rangapura ie n luech te l'India tl stat federel Karnataka.
A._Rangapura,ladin,template_boilerplate,L ie tl Tarikere Taluk dl raion Chikmagalur.
A._Rangapura,ladin,template_boilerplate,Tl 2011 ovel na populazion de 724.
A._Venkatapura,ladin,template_boilerplate,A. Venkatapura ie n luech te l'India tl stat federel Karnataka.
A._Venkatapura,ladin,template_boilerplate,L ie tl Koratagere Taluk dl raion Tumakuru.
A._Venkatapura,ladin,template_boilerplate,Tl 2011 ovel na populazion de 1 253.
ARATLAKATTA_(PALAKOLLU_MANDAL),ladin,template_boilerplate,Tl 2011 ovel na populazion de 2 739.
A_Arnoia,ladin,template_boilerplate,A Arnoia ie n chemun de la Spania te la provinzia de Ourense de la Galizia.
A_Arnoia,ladin,template_boilerplate,"Tl 2018 ovel na populazion de 1 015 ti cunfins dl chemun, sun na spersa de 20,69 km²."
A_Baña,ladin,template_boilerplate,"Tl 2018 ovel na populazion de 3 333 ti cunfins dl chemun, sun na spersa de 98,63 km²."
A_Bola,ladin,template_boilerplate,A Bola ie n chemun de la Spania te la provinzia de Ourense de la Galizia.
A_Bola,ladin,template_boilerplate,"Tl 2018 ovel na populazion de 1 088 ti cunfins dl chemun, sun na spersa de 34,9 km²."
A_Capela,ladin,template_boilerplate,"Tl 2018 ovel na populazion de 1 225 ti cunfins dl chemun, sun na spersa de 58 km²."
A_Cañiza,ladin,template_boilerplate,A Cañiza ie n chemun de la Spania te la provinzia de Pontevedra de la Galizia.
A_Cañiza,ladin,template_boilerplate,"Tl 2018 ovel na populazion de 5 115 ti cunfins dl chemun, sun na spersa de 108,1 km²."
A_Cova_da_Serpe,ladin,template_boilerplate,L à na autëza de 841 metri.
A_Estrada,ladin,template_boilerplate,A Estrada ie n chemun de la Spania te la provinzia de Pontevedra de la Galizia.
A_Estrada,ladin,template_boilerplate,"Tl 2018 ovel na populazion de 20 106 ti cunfins dl chemun, sun na spersa de 281 km²."
A_Farewell_to_Dragons,ladin,citation_shape,A Farewell to Dragons ie n videojuech svilupà da KranX Productions y publicà ai 19 fauré 2010 da Excalibur Publishing.
A_Fonsagrada,ladin,template_boilerplate,A Fonsagrada ie n chemun de la Spania te la provinzia de Lugo de la Galizia.
A_Fonsagrada,ladin,template_boilerplate,"Tl 2018 ovel na populazion de 3 265 ti cunfins dl chemun, sun na spersa de 434,8 km²."
A_Guarda,ladin,template_boilerplate,A Guarda ie n chemun de la Spania te la provinzia de Pontevedra de la Galizia.
A_Guarda,ladin,template_boilerplate,"Tl 2018 ovel na populazion de 10 013 ti cunfins dl chemun, sun na spersa de 20,5 km²."
A_Gudiña,ladin,template_boilerplate,A Gudiña ie n chemun de la Spania te la provinzia de Ourense de la Galizia.
A_Gudiña,ladin,template_boilerplate,"Tl 2018 ovel na populazion de 1 180 ti cunfins dl chemun, sun na spersa de 171,4 km²."
A_Illa_de_Arousa,ladin,template_boilerplate,"Tl 2018 ovel na populazion de 4 878 ti cunfins dl chemun, sun na spersa de 7 km²."
A_Lama,ladin,template_boilerplate,A Lama ie n chemun de la Spania te la provinzia de Pontevedra de la Galizia.
A_Lama,ladin,template_boilerplate,"Tl 2018 ovel na populazion de 2 499 ti cunfins dl chemun, sun na spersa de 111,8 km²."
A_Laracha,ladin,template_boilerplate,"Tl 2018 ovel na populazion de 11 505 ti cunfins dl chemun, sun na spersa de 125,95 km²."
A_Merca,ladin,template_boilerplate,A Merca ie n chemun de la Spania te la provinzia de Ourense de la Galizia.
A_Merca,ladin,template_boilerplate,"Tl 2018 ovel na populazion de 1 966 ti cunfins dl chemun, sun na spersa de 51 km²."
A_Mezquita,ladin,template_boilerplate,A Mezquita ie n chemun de la Spania te la provinzia de Ourense de la Galizia.
A_Mezquita,ladin,template_boilerplate,"Tl 2018 ovel na populazion de 1 005 ti cunfins dl chemun, sun na spersa de 104,26 km²."
A_Pastoriza,ladin,template_boilerplate,A Pastoriza ie n chemun de la Spania te la provinzia de Lugo de la Galizia.
A_Pastoriza,ladin,template_boilerplate,"Tl 2018 ovel na populazion de 2 879 ti cunfins dl chemun, sun na spersa de 175 km²."
A_Peroxa,ladin,template_boilerplate,A Peroxa ie n chemun de la Spania te la provinzia de Ourense de la Galizia.
A_Peroxa,ladin,template_boilerplate,"Tl 2018 ovel na populazion de 1 805 ti cunfins dl chemun, sun na spersa de 54,52 km²."
A_Pobra_de_Trives,ladin,template_boilerplate,"Tl 2018 ovel na populazion de 2 019 ti cunfins dl chemun, sun na spersa de 84,2 km²."
A_Pobra_do_Brollón,ladin,template_boilerplate,"Tl 2018 ovel na populazion de 1 551 ti cunfins dl chemun, sun na spersa de 176,7 km²."
A_Pobra_do_Caramiñal,ladin,template_boilerplate,"Tl 2018 ovel na populazion de 9 290 ti cunfins dl chemun, sun na spersa de 34 km²."
A_Pontenova,ladin,template_boilerplate,A Pontenova ie n chemun de la Spania te la provinzia de Lugo de la Galizia.
A_Pontenova,ladin,template_boilerplate,"Tl 2018 ovel na populazion de 2 191 ti cunfins dl chemun, sun na spersa de 133,3 km²."
A_Rúa_de_Valdeorras,ladin,template_boilerplate,"Tl 2018 ovel na populazion de 4 186 ti cunfins dl chemun, sun na spersa de 36 km²."
A_Teixeira,ladin,template_boilerplate,A Teixeira ie n chemun de la Spania te la provinzia de Ourense de la Galizia.
A_Teixeira,ladin,template_boilerplate,"Tl 2018 ovel na populazion de 345 ti cunfins dl chemun, sun na spersa de 27,64 km²."
A_Veiga,ladin,template_boilerplate,A Veiga ie n chemun de la Spania te la provinzia de Ourense de la Galizia.
A_Veiga,ladin,template_boilerplate,"Tl 2018 ovel na populazion de 901 ti cunfins dl chemun, sun na spersa de 290,49 km²."
A_Veiga_(Asturies),ladin,template_boilerplate,"Tl 2018 ovel na populazion de 3 895 ti cunfins dl chemun, sun na spersa de 80,69 km²."
Aach,ladin,template_boilerplate,"Tl 2020 ovel na populazion de 1 116 sun na spersa de 6,96 km²."
Aach_ed_Djâjé,ladin,template_boilerplate,L à na autëza de 1 304 metri.
Aachen,ladin,template_boilerplate,"Tl 2020 ovela na populazion de 248 878 sun na spersa de 160,85 km²."
Aadan_Birkaan,ladin,template_boilerplate,L Aadan Birkaan ie na ciadëina de crëps te la Somalia.
Aadan_Birkaan,ladin,template_boilerplate,Si pont plu aut ie a 379 metri.
Aadorp,ladin,template_boilerplate,Aadorp ie n luech ti Paejes Basc che toca pra l chemun de Almelo te la provinzia de Overijssel.
Aafrah,ladin,template_boilerplate,L à na autëza de 1 645 metri.
Aag,ladin,template_boilerplate,L Aag ie n crëp te la Ruscia.
Aag,ladin,template_boilerplate,L à na autëza de 2 310 metri.
Aagtdorp,ladin,template_boilerplate,Aagtdorp ie n luech ti Paejes Basc che toca pra l chemun de Bergen te la provinzia de l'Olanda dl Nord.
Aagtekerke,ladin,template_boilerplate,Aagtekerke ie n luech ti Paejes Basc che toca pra l chemun de Veere te la provinzia de Zeeland.
Aakenustunturi,ladin,template_boilerplate,L Aakenustunturi ie n crëp te la Finlandia.
Aalden,ladin,template_boilerplate,Aalden ie n luech ti Paejes Basc che toca pra l chemun de Coevorden te la provinzia de Drenthe.
Aalen,ladin,template_boilerplate,"Tl 2020 ovela na populazion de 68 361 sun na spersa de 146,58 km²."
Aallejegaejsie,ladin,template_boilerplate,L Aallejegaejsie ie n crëp te la Norvegia.
Aalsmeer,ladin,template_boilerplate,Aalsmeer ie n luech ti Paejes Basc che toca pra l chemun de Aalsmeer te la provinzia de l'Olanda dl Nord.
Aalst_(Zaltbommel),ladin,template_boilerplate,Aalst ie n luech ti Paejes Basc che toca pra l chemun de Zaltbommel te la provinzia de Gelderland.
Aalsum_(Leeuwarden),ladin,template_boilerplate,Aalsum ie n luech ti Paejes Basc che toca pra l chemun de Leeuwarden te la provinzia de Friesland.
Aalten,ladin,template_boilerplate,Aalten ie n luech ti Paejes Basc che toca pra l chemun de Aalten te la provinzia de Gelderland.
Aamani_jammalamadaka,ladin,template_boilerplate,L ie tl Macharla mandal dl raion Palnadu.
Aamani_jammalamadaka,ladin,template_boilerplate,Tl 2011 ovel na populazion de 4 664.
Aarbergen,ladin,template_boilerplate,"Tl 2020 ovel na populazion de 6 337 sun na spersa de 33,97 km²."
Aareavaara,ladin,template_boilerplate,L Aareavaara ie n crëp te la Svezia.
Aaronsburg_(Pennsylvania),ladin,template_boilerplate,"Tl 2019 ovel na populazion de 795 sun na spersa de 2,3 km²."
Aaronsburg_(Pennsylvania),ladin,template_boilerplate,Aaronsburg fej pert de la contea Centre.
Aartswoud,ladin,template_boilerplate,Aartswoud ie n luech ti Paejes Basc che toca pra l chemun de Opmeer te la provinzia de l'Olanda dl Nord.
Aasbüttel,ladin,template_boilerplate,Aasbüttel ie n chemun te la Germania tl Kreis Steinburg dl stat federel Schleswig-Holstein.
Aasbüttel,ladin,template_boilerplate,"Tl 2020 ovel na populazion de 140 sun na spersa de 4,51 km²."
Aasvoëlberg,ladin,template_boilerplate,L Aasvoëlberg ie na ciadëina de crëps tl Sudafrica.
Aasvoëlberg,ladin,template_boilerplate,Si pont plu aut ie a 923 metri.
Aasvoëlberge,ladin,template_boilerplate,I Aasvoëlberge ie na ciadëina de crëps tl Sudafrica.
Aasvoëlberge,ladin,template_boilerplate,Si pont plu aut ie a 508 metri.
Aavasaksa,ladin,template_boilerplate,L Aavasaksa ie n crëp te la Finlandia.
Ab_Kettleby,ladin,template_boilerplate,Ab Kettleby ie n luech te la Nghiltiera te la contea zeremoniela Leicestershire.
Ababuj,ladin,template_boilerplate,"Tl 2018 ovel na populazion de 72 ti cunfins dl chemun, sun na spersa de 54,300184 km²."
Abad_Bhagabanpur,ladin,template_boilerplate,Abad Bhagabanpur ie n luech te l'India tl stat federel Bengal dl Vest.
Abad_Bhagabanpur,ladin,template_boilerplate,L ie tl Mathurapur I community development block dl raion Diamond Harbour.
Abad_Bhagabanpur,ladin,template_boilerplate,Tl 2011 ovel na populazion de 1 736.
Abad_Gangadharpur,ladin,template_boilerplate,Abad Gangadharpur ie n luech te l'India tl stat federel Bengal dl Vest.
Abad_Gangadharpur,ladin,template_boilerplate,L ie tl Patharpratima community development block dl raion Kakdwip.
Abad_Gangadharpur,ladin,template_boilerplate,Tl 2011 ovel na populazion de 1 615.
Abad_Ishwaripur,ladin,template_boilerplate,Abad Ishwaripur ie n luech te l'India tl stat federel Bengal dl Vest.
Abad_Ishwaripur,ladin,template_boilerplate,L ie tl Magrahat II community development block dl raion Diamond Harbour.
Abad_Ishwaripur,ladin,template_boilerplate,Tl 2011 ovel na populazion de 1 817.
Abad_Simulganaja,ladin,template_boilerplate,Abad Simulganaja ie n luech te l'India tl stat federel Bengal dl Vest.
Abad_Simulganaja,ladin,template_boilerplate,L ie tl Falta community development block dl raion Diamond Harbour.
Abad_Simulganaja,ladin,template_boilerplate,Tl 2011 ovel na populazion de 917.
Abades,ladin,template_boilerplate,Abades ie n chemun de la Spania te la provinzia de Segovia de la Castilia y León.
Abades,ladin,template_boilerplate,"Tl 2018 ovel na populazion de 839 ti cunfins dl chemun, sun na spersa de 31 km²."
Abadiño,ladin,template_boilerplate,"Tl 2018 ovel na populazion de 7 708 ti cunfins dl chemun, sun na spersa de 36,26 km²."
Abadnagar,ladin,template_boilerplate,Abadnagar ie n luech te l'India tl stat federel Bengal dl Vest.
Abadnagar,ladin,template_boilerplate,L ie tl Rajnagar community development block dl raion Suri Sadar.
Abadnagar,ladin,template_boilerplate,Tl 2011 ovel na populazion de 882.
Abadé,ladin,numeric_junk,"G 1879; G 1923; L 1933; Ma 1953; F 2002; DLS 2002, fas."
Abadía,ladin,template_boilerplate,Abadía ie n chemun de la Spania te la provinzia de Cáceres de l'Extremadura.
Abadía,ladin,template_boilerplate,"Tl 2018 ovel na populazion de 340 ti cunfins dl chemun, sun na spersa de 44,85 km²."
Abadín,ladin,template_boilerplate,"Tl 2018 ovel na populazion de 2 259 ti cunfins dl chemun, sun na spersa de 196,1 km²."
Abajas,ladin,template_boilerplate,Abajas ie n chemun de la Spania te la provinzia de Burgos de la Castilia y León.
Abajas,ladin,template_boilerplate,"Tl 2018 ovel na populazion de 29 ti cunfins dl chemun, sun na spersa de 35 km²."
Abajo_Peak,ladin,template_boilerplate,L Abajo Peak ie n crëp ti Stac Unii.
Abajo_Peak,ladin,template_boilerplate,L toca pra la ciadëina de crëps Crëps Abajo y à na autëza de 3 465 metri.
Abal_Uein,ladin,template_boilerplate,L Abal Uein ie na ciadëina de crëps te la Somalia.
Abal_Uein,ladin,template_boilerplate,Si pont plu aut ie a 1 582 metri.
Abalavadi,ladin,template_boilerplate,Abalavadi ie n luech te l'India tl stat federel Karnataka.
Abalavadi,ladin,template_boilerplate,L ie tl Maddur dl raion Mandya.
Abalavadi,ladin,template_boilerplate,Tl 2011 ovel na populazion de 2 331.
Abaltzisketa,ladin,template_boilerplate,"Tl 2018 ovel na populazion de 309 ti cunfins dl chemun, sun na spersa de 11,18 km²."
Abanda_(Alabama),ladin,template_boilerplate,Abanda fej pert de la contea Chambers.
Abanilla,ladin,template_boilerplate,"Tl 2018 ovel na populazion de 6 146 ti cunfins dl chemun, sun na spersa de 236,6 km²."
Abano_Terme,ladin,template_boilerplate,"Tl 2021 ovel na populazion de 19.769 sun na spersa de 21,57 km²."
Abant_Dağları,ladin,template_boilerplate,L Abant Dağları ie na ciadëina de crëps te la Turchia.
Abant_Dağları,ladin,template_boilerplate,Si pont plu aut ie a 1 720 metri.
Abantika,ladin,template_boilerplate,Abantika ie n luech te l'India tl stat federel Bengal dl Vest.
Abantika,ladin,template_boilerplate,L ie tl Bishnupur community development block dl raion Bishnupur.
Abantika,ladin,template_boilerplate,Tl 2011 ovel na populazion de 1 109.
Abanto,ladin,template_boilerplate,"Tl 2018 ovel na populazion de 89 ti cunfins dl chemun, sun na spersa de 63,84395 km²."
Abanto_y_Ciérbana-Abanto_Zierbena,ladin,template_boilerplate,"Tl 2018 ovel na populazion de 9 369 ti cunfins dl chemun, sun na spersa de 18 km²."
Abarca_de_Campos,ladin,template_boilerplate,"Tl 2018 ovel na populazion de 43 ti cunfins dl chemun, sun na spersa de 11,39 km²."
Abarratea,ladin,template_boilerplate,L Abarratea ie n crëp te la Franzia.
Abarán,ladin,template_boilerplate,"Tl 2018 ovel na populazion de 12 992 ti cunfins dl chemun, sun na spersa de 115 km²."
Abas_Berya,ladin,template_boilerplate,Abas Berya ie n luech te l'India tl stat federel Bengal dl Vest.
Abas_Berya,ladin,template_boilerplate,L ie tl Bhagabanpur I community development block dl raion Egra.
Abas_Berya,ladin,template_boilerplate,Tl 2011 ovel na populazion de 2 907.
Abas_Ratanpur,ladin,template_boilerplate,Abas Ratanpur ie n luech te l'India tl stat federel Bengal dl Vest.
Abas_Ratanpur,ladin,template_boilerplate,L ie tl Mathabhanga I community development block dl raion Mathabhanga.
Abas_Ratanpur,ladin,template_boilerplate,Tl 2011 ovel na populazion de 1 242.
Abaurrea_Alta,ladin,template_boilerplate,"Tl 2018 ovel na populazion de 120 ti cunfins dl chemun, sun na spersa de 21,36 km²."
Abaurrea_Baja,ladin,template_boilerplate,"Tl 2018 ovel na populazion de 31 ti cunfins dl chemun, sun na spersa de 10,89 km²."
Abbadia_Cerreto,ladin,template_boilerplate,"Tl 2021 ovel na populazion de 295 sun na spersa de 6,11 km²."
Abbadia_Lariana,ladin,template_boilerplate,"Tl 2021 ovel na populazion de 3233 sun na spersa de 17,09 km²."
Abbadia_San_Salvatore,ladin,template_boilerplate,"Tl 2021 ovel na populazion de 6528 sun na spersa de 58,92 km²."
Abbani,ladin,template_boilerplate,Abbani ie n luech te l'India tl stat federel Karnataka.
Abbani,ladin,template_boilerplate,L ie tl Kolar Taluk dl raion Kolar.
Abbani,ladin,template_boilerplate,Tl 2011 ovel na populazion de 1 308.
Abbasanta,ladin,template_boilerplate,Abbasanta ie n chemun talian te la provinzia de Oristano te la Sardegna.
Abbasanta,ladin,template_boilerplate,"Tl 2021 ovel na populazion de 2 818 sun na spersa de 39,85 km²."
Abbateggio,ladin,template_boilerplate,"Tl 2021 ovel na populazion de 424 sun na spersa de 15,71 km²."
Abbekerk,ladin,template_boilerplate,Abbekerk ie n luech ti Paejes Basc che toca pra l chemun de Medemblik te la provinzia de l'Olanda dl Nord.
Abbenahalli,ladin,template_boilerplate,Abbenahalli ie n luech te l'India tl stat federel Karnataka.
Abbenahalli,ladin,template_boilerplate,L ie tl Malur Taluk dl raion Kolar.
Abbenahalli,ladin,template_boilerplate,Tl 2011 ovel na populazion de 1 436.
Abbenbroek,ladin,template_boilerplate,Abbenbroek ie n luech ti Paejes Basc che toca pra l chemun de Nissewaard te la provinzia de l'Olanda dl Sud.
Abbenes,ladin,template_boilerplate,Abbenes ie n luech ti Paejes Basc che toca pra l chemun de Haarlemmermeer te la provinzia de l'Olanda dl Nord.
Abbenstein,ladin,template_boilerplate,L Abbenstein ie n crëp te la Germania.
Abberley,ladin,template_boilerplate,Abberley ie n luech te la Nghiltiera te la contea zeremoniela Worcestershire.
Abberton_(Essex),ladin,template_boilerplate,Abberton ie n luech te la Nghiltiera te la contea zeremoniela Essex.
Abberton_(Worcestershire),ladin,template_boilerplate,Abberton ie n luech te la Nghiltiera te la contea zeremoniela Worcestershire.
Abberwick,ladin,template_boilerplate,Abberwick ie n luech te la Nghiltiera te la contea zeremoniela Northumberland.
Abbeville_(Alabama),ladin,template_boilerplate,"Tl 2019 ovela na populazion de 2 572 sun na spersa de 40,8 km²."
Abbeville_(Alabama),ladin,template_boilerplate,Abbeville fej pert de la contea Henry.
Abbeville_(Georgia_(stat_American)),ladin,template_boilerplate,Abbeville ie na zità te la Georgia te i Stac Unii d’America.
Abbeville_(Georgia_(stat_American)),ladin,template_boilerplate,"Tl 2019 ovela na populazion de 2 725 sun na spersa de 7,9 km²."
Abbeville_(Georgia_(stat_American)),ladin,template_boilerplate,Abbeville fej pert de la contea Wilcox.
Abbeville_(Louisiana),ladin,template_boilerplate,Abbeville ie na zità te la Louisiana te i Stac Unii d’America.
Abbeville_(Louisiana),ladin,template_boilerplate,"Tl 2019 ovela na populazion de 12 167 sun na spersa de 15,7 km²."
Abbeville_(Louisiana),ladin,template_boilerplate,Abbeville fej pert de la contea Vermilion.
Abbeville_(Mississippi),ladin,template_boilerplate,Abbeville ie na zità tl Mississippi te i Stac Unii d’America.
Abbeville_(Mississippi),ladin,template_boilerplate,"Tl 2019 ovela na populazion de 363 sun na spersa de 9,1 km²."
Abbeville_(Mississippi),ladin,template_boilerplate,Abbeville fej pert de la contea Lafayette.
Abbeville_(South_Carolina),ladin,template_boilerplate,"Tl 2019 ovela na populazion de 5 014 sun na spersa de 16,1 km²."
Abbeville_(South_Carolina),ladin,template_boilerplate,Abbeville fej pert de la contea Abbeville.
Abbey_Dore,ladin,template_boilerplate,Abbey Dore ie n luech te la Nghiltiera te la contea zeremoniela Herefordshire.
Abbiategrasso,ladin,template_boilerplate,Abbiategrasso ie n chemun talian te la zità metropolitana de Milan te la Lombardia.
Abbiategrasso,ladin,template_boilerplate,"Tl 2021 ovel na populazion de 31 325 sun na spersa de 47,1 km²."
Abbigeri_(Koppal),ladin,template_boilerplate,Abbigeri (Koppal) ie n luech te l'India tl stat federel Karnataka.
Abbigeri_(Koppal),ladin,template_boilerplate,L ie tl Koppal Taluk dl raion Koppal.
Abbigeri_(Koppal),ladin,template_boilerplate,Tl 2011 ovel na populazion de 1 370.
Abbigirihosahalli,ladin,template_boilerplate,Abbigirihosahalli ie n luech te l'India tl stat federel Karnataka.
Abbigirihosahalli,ladin,template_boilerplate,L ie tl Bangarapet Taluk dl raion Kolar.
Abbigirihosahalli,ladin,template_boilerplate,Tl 2011 ovel na populazion de 1 416.
Abbots_Bickington,ladin,template_boilerplate,Abbots Bickington ie n luech te la Nghiltiera te la contea zeremoniela Devon.
Abbots_Bromley,ladin,template_boilerplate,Abbots Bromley ie n luech te la Nghiltiera te la contea zeremoniela Staffordshire.
Abbots_Langley,ladin,template_boilerplate,Abbots Langley ie n luech te la Nghiltiera te la contea zeremoniela Hertfordshire.
Abbots_Langley,ladin,template_boilerplate,Tl 2019 ovel na populazion de 19 574 abitanc.
Abbots_Leigh,ladin,template_boilerplate,Abbots Leigh ie n luech te la Nghiltiera te la contea zeremoniela Somerset.
Abbots_Morton,ladin,template_boilerplate,Abbots Morton ie n luech te la Nghiltiera te la contea zeremoniela Worcestershire.
Abbots_Ripton,ladin,template_boilerplate,Abbots Ripton ie n luech te la Nghiltiera te la contea zeremoniela Cambridgeshire.
Abbotsbury,ladin,template_boilerplate,Abbotsbury ie n luech te la Nghiltiera te la contea zeremoniela Dorset.
Abbotsford_(Wisconsin),ladin,template_boilerplate,Abbotsford ie n luech tl Wisconsin te i Stac Unii d’America.
Abbotsford_(Wisconsin),ladin,template_boilerplate,"Tl 2019 ovel na populazion de 1 940 sun na spersa de 7,7 km²."
Abbotsford_(Wisconsin),ladin,template_boilerplate,Abbotsford fej pert de la contea Marathon.
Abbotsham,ladin,template_boilerplate,Abbotsham ie n luech te la Nghiltiera te la contea zeremoniela Devon.
Abbotskerswell,ladin,template_boilerplate,Abbotskerswell ie n luech te la Nghiltiera te la contea zeremoniela Devon.
Abbotsley,ladin,template_boilerplate,Abbotsley ie n luech te la Nghiltiera te la contea zeremoniela Cambridgeshire.
Abbott_(Texas),ladin,template_boilerplate,Abbott ie na zità tl Texas te i Stac Unii d’America.
Abbott_(Texas),ladin,template_boilerplate,"Tl 2019 ovela na populazion de 354 sun na spersa de 1,5 km²."
Abbott_(Texas),ladin,template_boilerplate,Abbott fej pert de la contea Hill.
Abbott_Peak,ladin,template_boilerplate,L Abbott Peak ie n crëp te l'Antartis.
Abbott_Peak,ladin,template_boilerplate,L à na autëza de 1 649 metri.
Abbotts_Ann,ladin,template_boilerplate,Abbotts Ann ie n luech te la Nghiltiera te la contea zeremoniela Hampshire.
Abbottstown_(Pennsylvania),ladin,template_boilerplate,"Tl 2019 ovel na populazion de 884 sun na spersa de 1,4 km²."
Abbottstown_(Pennsylvania),ladin,template_boilerplate,Abbottstown fej pert de la contea Adams.
Abbs_Valley_(Virginia),ladin,template_boilerplate,Abbs Valley fej pert de la contea Tazewell.
Abbur,ladin,template_boilerplate,Abbur ie n luech te l'India tl stat federel Karnataka.
Abbur,ladin,template_boilerplate,L ie tl Piriyapatna Taluk dl raion Mysore.
Abbur,ladin,template_boilerplate,Tl 2011 ovel na populazion de 1 373.
Abburu,ladin,template_boilerplate,Abburu ie n luech te l'India tl stat federel Andhra Pradesh.
Abburu,ladin,template_boilerplate,L ie tl Sattenapalle mandal dl raion Palnadu.
Abburu,ladin,template_boilerplate,Tl 2011 ovel na populazion de 4 100.
Abbyville_(Kansas),ladin,template_boilerplate,Abbyville ie n luech tl Kansas te i Stac Unii d’America.
Abbyville_(Kansas),ladin,template_boilerplate,"Tl 2019 ovel na populazion de 60 sun na spersa de 0,5 km²."
Abbyville_(Kansas),ladin,template_boilerplate,Abbyville fej pert de la contea Reno.
Abbévillers,ladin,template_boilerplate,Tl 2019 ovel na populazion de 1 050.
Abdalipur,ladin,template_boilerplate,Abdalipur ie n luech te l'India tl stat federel Bengal dl Vest.
Abdalipur,ladin,template_boilerplate,L ie tl Debra community development block dl raion Kharagpur.
Abdalipur,ladin,template_boilerplate,Tl 2011 ovel na populazion de 1 588.
Abdarpur_(P),ladin,template_boilerplate,Abdarpur (P) ie n luech te l'India tl stat federel Bengal dl Vest.
Abdarpur_(P),ladin,template_boilerplate,L ie tl Suri I community development block dl raion Suri Sadar.
Abdarpur_(P),ladin,template_boilerplate,Tl 2011 ovel na populazion de 2 414.
Abdon,ladin,template_boilerplate,Abdon ie n luech te la Nghiltiera te la contea zeremoniela Shropshire.
Abdul_Karimpur,ladin,template_boilerplate,Abdul Karimpur ie n luech te l'India tl stat federel Bengal dl Vest.
Abdul_Karimpur,ladin,template_boilerplate,L ie tl Jaynagar I community development block dl raion Baruipur.
Abdul_Karimpur,ladin,template_boilerplate,Tl 2011 ovel na populazion de 1 467.
Abdulla,ladin,template_boilerplate,Abdulla ie n luech te l'India tl stat federel Bengal dl Vest.
Abdulla,ladin,template_boilerplate,L ie tl Pingla community development block dl raion Kharagpur.
Abdulla,ladin,template_boilerplate,Tl 2011 ovel na populazion de 1 568.
Abdullapur,ladin,template_boilerplate,Abdullapur ie n luech te l'India tl stat federel Bengal dl Vest.
Abdullapur,ladin,template_boilerplate,L ie tl Murarai I community development block dl raion Rampurhat.
Abdullapur,ladin,template_boilerplate,Tl 2011 ovel na populazion de 1 616.
Abdulpur,ladin,template_boilerplate,Abdulpur ie n luech te l'India tl stat federel Bengal dl Vest.
Abdulpur,ladin,template_boilerplate,L ie tl Balagarh community development block dl raion Chinsurah.
Abdulpur,ladin,template_boilerplate,Tl 2011 ovel na populazion de 2 157.
Abegondo,ladin,template_boilerplate,"Tl 2018 ovel na populazion de 5 534 ti cunfins dl chemun, sun na spersa de 83,8 km²."
Abeilhan,ladin,template_boilerplate,Tl 2019 ovel na populazion de 1 750.
Abejar,ladin,template_boilerplate,Abejar ie n chemun de la Spania te la provinzia de Soria de la Castilia y León.
Abejar,ladin,template_boilerplate,"Tl 2018 ovel na populazion de 273 ti cunfins dl chemun, sun na spersa de 23,43 km²."
Abejuela,ladin,template_boilerplate,"Tl 2018 ovel na populazion de 56 ti cunfins dl chemun, sun na spersa de 86,667637 km²."
Abella_de_la_Conca,ladin,template_boilerplate,"Tl 2018 ovel na populazion de 167 ti cunfins dl chemun, sun na spersa de 78,3 km²."
Abeltjeshuis,ladin,template_boilerplate,Abeltjeshuis ie n luech ti Paejes Basc che toca pra l chemun de Westerwolde te la provinzia de Groningen.
Abenberg,ladin,template_boilerplate,Abenberg ie n chemun te la Germania tl Landkreis Roth dl stat federel Paiern.
Abenberg,ladin,template_boilerplate,"Tl 2020 ovel na populazion de 5 492 sun na spersa de 48,41 km²."
Abenda,ladin,template_boilerplate,Abenda ie n luech te l'India tl stat federel Telangana.
Abenda,ladin,template_boilerplate,L ie tl Narayankhed dl raion Medak.
Abenda,ladin,template_boilerplate,Tl 2011 ovel na populazion de 4 228.
Abendberg,ladin,template_boilerplate,L Abendberg ie n crëp te la Svizra.
Abendroth_Peak,ladin,template_boilerplate,L Abendroth Peak ie n crëp te l'Antartis.
Abendstein_(Elpes_de_Brandenberg),ladin,template_boilerplate,L Abendstein ie n crëp te l'Austria.
Abendstein_(Elpes_de_Brandenberg),ladin,template_boilerplate,L toca pra la ciadëina de crëps Elpes de Brandenberg y à na autëza de 1 596 metri.
Abengibre,ladin,template_boilerplate,"Tl 2018 ovel na populazion de 739 ti cunfins dl chemun, sun na spersa de 30,7 km²."
Abenhall,ladin,template_boilerplate,Abenhall ie n luech te la Nghiltiera te la contea zeremoniela Gloucestershire.
Abensberg,ladin,template_boilerplate,Abensberg ie n chemun te la Germania tl Landkreis Kelheim dl stat federel Paiern.
Abensberg,ladin,template_boilerplate,"Tl 2020 ovel na populazion de 14 192 sun na spersa de 60,26 km²."
Abentheuer,ladin,template_boilerplate,Abentheuer ie n chemun te la Germania tl Landkreis Birkenfeld dl stat federel Rheinland-Pfalz.
Abentheuer,ladin,template_boilerplate,"Tl 2020 ovel na populazion de 441 sun na spersa de 6,12 km²."
Abenójar,ladin,template_boilerplate,"Tl 2018 ovel na populazion de 1 314 ti cunfins dl chemun, sun na spersa de 423,43 km²."
Abercrombie_(North_Dakota),ladin,template_boilerplate,Abercrombie fej pert de la contea Richland.
Abercrombie_Crests,ladin,template_boilerplate,L Abercrombie Crests ie n crëp te l'Antartis.
Abercrombie_Crests,ladin,template_boilerplate,L toca pra la ciadëina de crëps Crëps Churchill y à na autëza de 1 259 metri.
Aberdeen_(Idaho),ladin,template_boilerplate,Aberdeen ie n luech tl Idaho te i Stac Unii d’America.
Aberdeen_(Idaho),ladin,template_boilerplate,"Tl 2019 ovel na populazion de 2 449 sun na spersa de 2,7 km²."
Aberdeen_(Idaho),ladin,template_boilerplate,Aberdeen fej pert de la contea Bingham.
Aberdeen_(Indiana),ladin,template_boilerplate,Aberdeen ie n luech tl Indiana te i Stac Unii d’America.
Aberdeen_(Indiana),ladin,template_boilerplate,"Tl 2019 ovel na populazion de 1 698 sun na spersa de 3,3 km²."
Aberdeen_(Indiana),ladin,template_boilerplate,Aberdeen fej pert de la contea Porter.
Aberdeen_(Maryland),ladin,template_boilerplate,Aberdeen ie na zità tl Maryland te i Stac Unii d’America.
Aberdeen_(Maryland),ladin,template_boilerplate,"Tl 2019 ovela na populazion de 15 904 sun na spersa de 17,1 km²."
Aberdeen_(Maryland),ladin,template_boilerplate,Aberdeen fej pert de la contea Harford.
Aberdeen_(Mississippi),ladin,template_boilerplate,Aberdeen ie na zità tl Mississippi te i Stac Unii d’America.
Aberdeen_(Mississippi),ladin,template_boilerplate,"Tl 2019 ovela na populazion de 5 302 sun na spersa de 31,4 km²."
Aberdeen_(Mississippi),ladin,template_boilerplate,Aberdeen fej pert de la contea Monroe.
Aberdeen_(North_Carolina),ladin,template_boilerplate,"Tl 2019 ovela na populazion de 7 862 sun na spersa de 26,3 km²."
Aberdeen_(North_Carolina),ladin,template_boilerplate,Aberdeen fej pert de la contea Moore.
Aberdeen_(Ohio),ladin,template_boilerplate,Aberdeen ie n luech tl Ohio te i Stac Unii d’America.
Aberdeen_(Ohio),ladin,template_boilerplate,"Tl 2019 ovel na populazion de 1 484 sun na spersa de 3,5 km²."
Aberdeen_(Ohio),ladin,template_boilerplate,Aberdeen fej pert de la contea Brown.
Aberdeen_(South_Dakota),ladin,template_boilerplate,"Tl 2019 ovela na populazion de 28 315 sun na spersa de 42,8 km²."
Aberdeen_(Washington),ladin,template_boilerplate,"Tl 2019 ovela na populazion de 16 571 sun na spersa de 28,2 km²."
Aberdeen_(Washington),ladin,template_boilerplate,Aberdeen fej pert de la contea Grays Harbor.
Aberdeen_Gardens_(Washington),ladin,template_boilerplate,"Tl 2019 ovela na populazion de 305 sun na spersa de 4,2 km²."
Aberford,ladin,template_boilerplate,Tl 2019 ovel na populazion de 1 059 abitanc.
Aberin,ladin,template_boilerplate,"Tl 2018 ovel na populazion de 371 ti cunfins dl chemun, sun na spersa de 21,25 km²."
Abernathy_(Texas),ladin,template_boilerplate,Abernathy ie na zità tl Texas te i Stac Unii d’America.
Abernathy_(Texas),ladin,template_boilerplate,"Tl 2019 ovela na populazion de 3 408 sun na spersa de 8,3 km²."
Abernathy_(Texas),ladin,template_boilerplate,Abernathy fej pert de la contea Hale.
Abertura,ladin,template_boilerplate,Abertura ie n chemun de la Spania te la provinzia de Cáceres de l'Extremadura.
Abertura,ladin,template_boilerplate,"Tl 2018 ovel na populazion de 388 ti cunfins dl chemun, sun na spersa de 62,71 km²."
Aberé,ladin,numeric_junk,"A 1879; G 1879; G 1923; L 1933; Ma 1953; F 2002; DLS 2002, fas."
Aberé,ladin,numeric_junk,"A 1879; G 1923; T 1934; Pe 1973; P/M 1985; Pz 1989; DLS 2002; Ms 2005, amp."
Abetone_Cutigliano,ladin,template_boilerplate,"Tl 2021 ovel na populazion de 28 sun na spersa de 74,94 km²."
Abeytas_(New_Mexico),ladin,template_boilerplate,"Tl 2019 ovela na populazion de 245 sun na spersa de 3,2 km²."
Abeytas_(New_Mexico),ladin,template_boilerplate,Abeytas fej pert de la contea Socorro.
Abezames,ladin,template_boilerplate,Abezames ie n chemun de la Spania te la provinzia de Zamora de la Castilia y León.
Abezames,ladin,template_boilerplate,"Tl 2018 ovel na populazion de 65 ti cunfins dl chemun, sun na spersa de 23,26 km²."
Abhanga_Puram,ladin,template_boilerplate,Abhanga Puram ie n luech te l'India tl stat federel Telangana.
Abhanga_Puram,ladin,template_boilerplate,L ie tl Madugulapalli dl raion Nalgonda.
Abhanga_Puram,ladin,template_boilerplate,Tl 2011 ovel na populazion de 1 073.
Abhaya,ladin,template_boilerplate,Abhaya ie n luech te l'India tl stat federel Bengal dl Vest.
Abhaya,ladin,template_boilerplate,L ie tl Salboni community development block dl raion Medinipur Sadar.
Abhaya,ladin,template_boilerplate,Tl 2011 ovel na populazion de 863.
Abhaynagar,ladin,template_boilerplate,Abhaynagar ie n luech te l'India tl stat federel Bengal dl Vest.
Abhaynagar,ladin,template_boilerplate,L ie tl Tehatta II community development block dl raion Tehatta.
Abhaynagar,ladin,template_boilerplate,Tl 2011 ovel na populazion de 2 254.
Abhaypur,ladin,template_boilerplate,Abhaypur ie n luech te l'India tl stat federel Bengal dl Vest.
Abhaypur,ladin,template_boilerplate,L ie tl Karimpur I community development block dl raion Tehatta.
Abhaypur,ladin,template_boilerplate,Tl 2011 ovel na populazion de 2 071.
Abhinagar,ladin,template_boilerplate,Abhinagar ie n luech te l'India tl stat federel Bengal dl Vest.
Abhinagar,ladin,template_boilerplate,L ie tl Itahar community development block dl raion Raiganj.
Abhinagar,ladin,template_boilerplate,Tl 2011 ovel na populazion de 1 208.
Abhiram,ladin,template_boilerplate,Abhiram ie n luech te l'India tl stat federel Bengal dl Vest.
Abhiram,ladin,template_boilerplate,L ie tl Phansidewa community development block dl raion Siliguri.
Abhiram,ladin,template_boilerplate,Tl 2011 ovel na populazion de 1 773.
Abhirampur,ladin,template_boilerplate,Abhirampur ie n luech te l'India tl stat federel Bengal dl Vest.
Abhirampur,ladin,template_boilerplate,Tl 2011 ovel na populazion de 4 618.
Abhirampur_(P),ladin,template_boilerplate,Abhirampur (P) ie n luech te l'India tl stat federel Bengal dl Vest.
Abhirampur_(P),ladin,template_boilerplate,L ie tl Barrackpore I community development block dl raion Barrackpore.
Abhirampur_(P),ladin,template_boilerplate,Tl 2011 ovel na populazion de 989.
Abhor,ladin,template_boilerplate,Abhor ie n luech te l'India tl stat federel Bengal dl Vest.
Abhor,ladin,template_boilerplate,L ie tl Raiganj community development block dl raion Raiganj.
Abhor,ladin,template_boilerplate,Tl 2011 ovel na populazion de 1 460.
Abi_Gamin,ladin,template_boilerplate,L Abi Gamin ie n crëp te la India.
Abi_Gamin,ladin,template_boilerplate,L toca pra la ciadëina de crëps Himalaia y à na autëza de 7 355 metri.
Abia_de_las_Torres,ladin,template_boilerplate,"Tl 2018 ovel na populazion de 169 ti cunfins dl chemun, sun na spersa de 27,16 km²."
Abiathar_Peak,ladin,template_boilerplate,L Abiathar Peak ie n crëp ti Stac Unii.
Abiathar_Peak,ladin,template_boilerplate,L toca pra la ciadëina de crëps Ciadëina de Absaroka y à na autëza de 3 331 metri.
Abie_(Nebraska),ladin,template_boilerplate,Abie ie n luech tl Nebraska te i Stac Unii d’America.
Abie_(Nebraska),ladin,template_boilerplate,"Tl 2019 ovel na populazion de 44 sun na spersa de 0,7 km²."
Abie_(Nebraska),ladin,template_boilerplate,Abie fej pert de la contea Butler.
Abiego,ladin,template_boilerplate,"Tl 2018 ovel na populazion de 278 ti cunfins dl chemun, sun na spersa de 38,191585 km²."
Abilene_(Kansas),ladin,template_boilerplate,Abilene ie na zità tl Kansas te i Stac Unii d’America.
Abilene_(Kansas),ladin,template_boilerplate,"Tl 2019 ovela na populazion de 6 258 sun na spersa de 12,3 km²."
Abilene_(Kansas),ladin,template_boilerplate,Abilene fej pert de la contea Dickinson.
Abilene_(Texas),ladin,template_boilerplate,Abilene ie na zità tl Texas te i Stac Unii d’America.
Abilene_(Texas),ladin,template_boilerplate,"Tl 2019 ovela na populazion de 110 993 sun na spersa de 246,1 km²."
Abilene_(Texas),ladin,template_boilerplate,Abilene fej pert de la contea Taylor.
Abilly-Sur-Claise,ladin,template_boilerplate,Tl 2019 ovel na populazion de 1 152.
Abinashpur,ladin,template_boilerplate,Abinashpur ie n luech te l'India tl stat federel Bengal dl Vest.
Abinashpur,ladin,template_boilerplate,L ie tl Suri II community development block dl raion Suri Sadar.
Abinashpur,ladin,template_boilerplate,Tl 2011 ovel na populazion de 1 846.
Abingdon_(Illinois),ladin,template_boilerplate,Abingdon ie na zità tl Illinois te i Stac Unii d’America.
Abingdon_(Illinois),ladin,template_boilerplate,"Tl 2019 ovela na populazion de 3 570 sun na spersa de 3,7 km²."
Abingdon_(Illinois),ladin,template_boilerplate,Abingdon fej pert de la contea Knox.
Abingdon_(Maryland),ladin,template_boilerplate,Abingdon ie na zità tl Maryland te i Stac Unii d’America.
Abingdon_(Maryland),ladin,template_boilerplate,"Tl 2019 ovela na populazion de 5 324 sun na spersa de 7,2 km²."
Abingdon_(Maryland),ladin,template_boilerplate,Abingdon fej pert de la contea Harford.
Abingdon_(Virginia),ladin,template_boilerplate,Abingdon ie na zità tl Virginia te i Stac Unii d’America.
Abingdon_(Virginia),ladin,template_boilerplate,"Tl 2019 ovela na populazion de 7 936 sun na spersa de 20,9 km²."
Abingdon_(Virginia),ladin,template_boilerplate,Abingdon fej pert de la contea Washington.
Abinger,ladin,template_boilerplate,Abinger ie n luech te la Nghiltiera te la contea zeremoniela Surrey.
Abington,ladin,template_boilerplate,Abington ie n luech te la Nghiltiera te la contea zeremoniela Northamptonshire.
Abington_Pigotts,ladin,template_boilerplate,Abington Pigotts ie n luech te la Nghiltiera te la contea zeremoniela Cambridgeshire.
Abiné,ladin,numeric_junk,"B 1763; A 1879; A 1895; Ma 1950; P/P 1966; V/P 1998; DLS 2002, grd."
Abiné,ladin,numeric_junk,"A 1879; G 1879; G 1923; L 1933; Ma 1953; DLS 2002, fas."
Abiné,ladin,numeric_junk,A 1879; R 1914/99; DA 1973; Mz 1976; DLS 2002; DILF 2013) Ⓘ ◇
Abiquiu_(New_Mexico),ladin,template_boilerplate,Abiquiu ie n luech tl New Mexico te i Stac Unii d’America.
Abiquiu_(New_Mexico),ladin,template_boilerplate,"Tl 2019 ovel na populazion de 150 sun na spersa de 2,5 km²."
Abiquiu_(New_Mexico),ladin,template_boilerplate,Abiquiu fej pert de la contea Rio Arriba.
Abira,ladin,template_boilerplate,Abira ie n luech te l'India tl stat federel Bengal dl Vest.
Abira,ladin,template_boilerplate,L ie tl Pandua community development block dl raion Chinsurah.
Abira,ladin,template_boilerplate,Tl 2011 ovel na populazion de 720.
Abita_Springs_(Louisiana),ladin,template_boilerplate,"Tl 2019 ovela na populazion de 2 571 sun na spersa de 11,9 km²."
Abitazion,ladin,numeric_junk,"R 1914/99; DLS 2002; DILF 2013,"
Abitigarra,ladin,template_boilerplate,L Abitigarra ie n crëp te la Spania.
Abitigarra,ladin,template_boilerplate,L toca pra la ciadëina de crëps Ciadëina de Iturrieta y à na autëza de 1 165 metri.
Abizanda,ladin,template_boilerplate,"Tl 2018 ovel na populazion de 151 ti cunfins dl chemun, sun na spersa de 44,838534 km²."
Abjakhali,ladin,template_boilerplate,Abjakhali ie n luech te l'India tl stat federel Bengal dl Vest.
Abjakhali,ladin,template_boilerplate,L ie tl Bishnupur I community development block dl raion Alipore Sadar.
Abjakhali,ladin,template_boilerplate,Tl 2011 ovel na populazion de 2 459.
Abjan_Nagar,ladin,template_boilerplate,Abjan Nagar ie n luech te l'India tl stat federel Bengal dl Vest.
Abjan_Nagar,ladin,template_boilerplate,Tl 2011 ovel na populazion de 5 544.
Abla,ladin,template_boilerplate,Abla ie n chemun de la Spania te la provinzia de Almería de l'Andalusia.
Abla,ladin,template_boilerplate,"Tl 2018 ovel na populazion de 1 247 ti cunfins dl chemun, sun na spersa de 45,24 km²."
Ablai,ladin,template_boilerplate,L à na autëza de 2 346 metri.
Ablain-Saint-Nazaire,ladin,template_boilerplate,Tl 2019 ovel na populazion de 1 824.
Ablanque,ladin,template_boilerplate,"Tl 2018 ovel na populazion de 63 ti cunfins dl chemun, sun na spersa de 51,4 km²."
Ablapur,ladin,template_boilerplate,Ablapur ie n luech te l'India tl stat federel Telangana.
Ablapur,ladin,template_boilerplate,L ie tl Papannapet mandal dl raion Medak.
Ablapur,ladin,template_boilerplate,Tl 2011 ovel na populazion de 1 215.
Ableiges,ladin,template_boilerplate,Tl 2019 ovel na populazion de 1 142.
Ablis,ladin,template_boilerplate,Tl 2019 ovel na populazion de 3 443.
Ablitas,ladin,template_boilerplate,"Tl 2018 ovel na populazion de 2 557 ti cunfins dl chemun, sun na spersa de 77,48 km²."
Ablon,ladin,template_boilerplate,Tl 2019 ovel na populazion de 1 198.
Ablon-sur-Seine,ladin,template_boilerplate,Tl 2019 ovel na populazion de 5 818.
Abner_Range,ladin,template_boilerplate,Si pont plu aut ie a 192 metri.
Abney_Crossroads_(South_Carolina),ladin,template_boilerplate,"Tl 2019 ovel na populazion de 110 sun na spersa de 1,2 km²."
Abney_Crossroads_(South_Carolina),ladin,template_boilerplate,Abney Crossroads fej pert de la contea Kershaw.
Abodi,ladin,template_boilerplate,L Abodi ie n crëp te la Spania.
Abodi,ladin,template_boilerplate,L toca pra la ciadëina de crëps Ciadëina de Abodi y à na autëza de 1 533 metri.
Abra_Dihi,ladin,template_boilerplate,Abra Dihi ie n luech te l'India tl stat federel Bengal dl Vest.
Abra_Dihi,ladin,template_boilerplate,Tl 2011 ovel na populazion de 1 166.
Abra_Grande,ladin,template_boilerplate,L Abra Grande ie n crëp te l'Argentina.
Abra_Grande,ladin,template_boilerplate,L toca pra la ciadëina de crëps Andes y à na autëza de 5 391 metri.
Abraham,ladin,template_boilerplate,L Abraham ie n crëp te la Germania.
Abraham,ladin,template_boilerplate,L à na autëza de 134 metri.
Abrahamów,ladin,template_boilerplate,L Abrahamów ie n crëp te la Polonia.
Abrahamów,ladin,template_boilerplate,L à na autëza de 857 metri.
Abrahimto,ladin,template_boilerplate,L Abrahimto ie na ciadëina de crëps tl Eritrea.
Abrahimto,ladin,template_boilerplate,Si pont plu aut ie a 628 metri.
Abram_(Texas),ladin,template_boilerplate,Abram ie n luech tl Texas te i Stac Unii d’America.
Abram_(Texas),ladin,template_boilerplate,"Tl 2019 ovel na populazion de 1 566 sun na spersa de 7,9 km²."
Abram_(Texas),ladin,template_boilerplate,Abram fej pert de la contea Hidalgo.
Abrams_(Wisconsin),ladin,template_boilerplate,Abrams ie na zità tl Wisconsin te i Stac Unii d’America.
Abrams_(Wisconsin),ladin,template_boilerplate,"Tl 2019 ovela na populazion de 401 sun na spersa de 2,1 km²."
Abrams_(Wisconsin),ladin,template_boilerplate,Abrams fej pert de la contea Oconto.
Abrera,ladin,template_boilerplate,"Tl 2018 ovel na populazion de 12 697 ti cunfins dl chemun, sun na spersa de 19,9 km²."
Abrest,ladin,template_boilerplate,Tl 2019 ovel na populazion de 2 908.
Abriola,ladin,template_boilerplate,Abriola ie n chemun talian te la provinzia de Potenza te la Basilicata.
Abriola,ladin,template_boilerplate,"Tl 2021 ovel na populazion de 1 546 sun na spersa de 96,64 km²."
Abrucena,ladin,template_boilerplate,Abrucena ie n chemun de la Spania te la provinzia de Almería de l'Andalusia.
Abrucena,ladin,template_boilerplate,"Tl 2018 ovel na populazion de 1 221 ti cunfins dl chemun, sun na spersa de 83 km²."
Absam,ladin,template_boilerplate,"Ai 1 de jené 2021Template:FormatDate/Wartung/Error ovel na populazion de 7 319 sun na spersa de 51,93 km²."
Absarokee_(Montana),ladin,template_boilerplate,Absarokee ie n luech tl Montana te i Stac Unii d’America.
Absarokee_(Montana),ladin,template_boilerplate,"Tl 2019 ovel na populazion de 1 048 sun na spersa de 5,5 km²."
Absarokee_(Montana),ladin,template_boilerplate,Absarokee fej pert de la contea Stillwater.
Absberg,ladin,template_boilerplate,"Tl 2020 ovel na populazion de 1 392 sun na spersa de 18,98 km²."
Abscon,ladin,template_boilerplate,Tl 2019 ovel na populazion de 4 376.
Absdorf,ladin,template_boilerplate,"Ai 1 de jené 2022Template:FormatDate/Wartung/Error ovel na populazion de 2 300 sun na spersa de 15,98 km²."
Absecon_(New_Jersey),ladin,template_boilerplate,"Tl 2019 ovela na populazion de 8 471 sun na spersa de 14,2 km²."
Absecon_(New_Jersey),ladin,template_boilerplate,Absecon fej pert de la contea Atlantic.
Absecon_Highlands_(New_Jersey),ladin,template_boilerplate,"Tl 2019 ovel na populazion de 1 386 sun na spersa de 5,1 km²."
Absecon_Highlands_(New_Jersey),ladin,template_boilerplate,Absecon Highlands fej pert de la contea Atlantic.
Abskiy_Khrebet,ladin,template_boilerplate,L Abskiy Khrebet ie na ciadëina de crëps te la Ruscia.
Abskiy_Khrebet,ladin,template_boilerplate,Si pont plu aut ie a 640 metri.
Abstatt,ladin,template_boilerplate,Abstatt ie n chemun te la Germania tl Landkreis Heilbronn dl stat federel Baden-Württemberg.
Abstatt,ladin,template_boilerplate,"Tl 2020 ovel na populazion de 4 911 sun na spersa de 9,66 km²."
Abtenau,ladin,template_boilerplate,"Ai 1 de jené 2021Template:FormatDate/Wartung/Error ovel na populazion de 5 894 sun na spersa de 186,95 km²."
Abterodaer_Berg,ladin,template_boilerplate,L Abterodaer Berg ie n crëp te la Germania.
Abterodaer_Berg,ladin,template_boilerplate,L à na autëza de 310 metri.
Abthorpe,ladin,template_boilerplate,Abthorpe ie n luech te la Nghiltiera te la contea zeremoniela Northamptonshire.
Abtsbessingen,ladin,template_boilerplate,"Tl 2020 ovel na populazion de 475 sun na spersa de 14,09 km²."
Abtsgmünd,ladin,template_boilerplate,"Tl 2020 ovel na populazion de 7 442 sun na spersa de 71,57 km²."
Abtsrodaer_Kuppe,ladin,template_boilerplate,L Abtsrodaer Kuppe ie n crëp te la Germania.
Abtsrodaer_Kuppe,ladin,template_boilerplate,"L toca pra la ciadëina de crëps Crëps Rhön y à na autëza de 904,8 metri."
Abtsteinach,ladin,template_boilerplate,Abtsteinach ie n chemun te la Germania tl Kreis Bergstraße dl stat federel Hessen.
Abtsteinach,ladin,template_boilerplate,"Tl 2020 ovel na populazion de 2 462 sun na spersa de 11,02 km²."
Abtswind,ladin,template_boilerplate,Abtswind ie n chemun te la Germania tl Landkreis Kitzingen dl stat federel Paiern.
Abtswind,ladin,template_boilerplate,"Tl 2020 ovel na populazion de 849 sun na spersa de 12,81 km²."
Abtweiler,ladin,template_boilerplate,"Tl 2020 ovel na populazion de 189 sun na spersa de 5,76 km²."
Abu-san,ladin,template_boilerplate,"L à na autëza de 586,4 metri."
Abu_Auda,ladin,template_boilerplate,L à na autëza de 105 metri.
Abu_Kubais,ladin,template_boilerplate,L à na autëza de 420 metri.
Abua,ladin,template_boilerplate,Abua ie n luech te l'India tl stat federel Bengal dl Vest.
Abua,ladin,template_boilerplate,L ie tl Bhangar II community development block dl raion Baruipur.
Abua,ladin,template_boilerplate,Tl 2011 ovel na populazion de 1 766.
Abuarpathar,ladin,template_boilerplate,Abuarpathar ie n luech te l'India tl stat federel Bengal dl Vest.
Abuarpathar,ladin,template_boilerplate,L ie tl Sitalkuchi community development block dl raion Mathabhanga.
Abuarpathar,ladin,template_boilerplate,Tl 2011 ovel na populazion de 3 468.
Abuhar,ladin,template_boilerplate,Abuhar ie n luech te l'India tl stat federel Bengal dl Vest.
Abuhar,ladin,template_boilerplate,L ie tl Kushmandi community development block dl raion Gangarampur.
Abuhar,ladin,template_boilerplate,Tl 2011 ovel na populazion de 984.
Abujhati,ladin,template_boilerplate,Abujhati ie n luech te l'India tl stat federel Bengal dl Vest.
Abujhati,ladin,template_boilerplate,Tl 2011 ovel na populazion de 4 611.
Abul_Kasim,ladin,template_boilerplate,L Abul Kasim ie n crëp te l'Etiopia.
Abul_Kasim,ladin,template_boilerplate,L à na autëza de 2 573 metri.
Abusejo,ladin,template_boilerplate,Abusejo ie n chemun de la Spania te la provinzia de Salamanca de la Castilia y León.
Abusejo,ladin,template_boilerplate,"Tl 2018 ovel na populazion de 161 ti cunfins dl chemun, sun na spersa de 23 km²."
Abuye_Meda,ladin,template_boilerplate,L Abuye Meda ie n crëp te l'Etiopia.
Abuye_Meda,ladin,template_boilerplate,L à na autëza de 4 000 metri.
Abzugari,ladin,template_boilerplate,Si pont plu aut ie a 2 205 metri.
Abáigar,ladin,template_boilerplate,"Tl 2018 ovel na populazion de 80 ti cunfins dl chemun, sun na spersa de 4,9 km²."
Abánades,ladin,template_boilerplate,"Tl 2018 ovel na populazion de 61 ti cunfins dl chemun, sun na spersa de 36,08 km²."
Abárzuza-Abartzuza,ladin,template_boilerplate,"Tl 2018 ovel na populazion de 527 ti cunfins dl chemun, sun na spersa de 14,7 km²."
Acacia_Villas_(Florida),ladin,template_boilerplate,"Tl 2019 ovel na populazion de 643 sun na spersa de 0,3 km²."
Acala_(Texas),ladin,template_boilerplate,Acala ie n luech tl Texas te i Stac Unii d’America.
Acala_(Texas),ladin,template_boilerplate,"Tl 2019 ovel na populazion de 65 sun na spersa de 8,1 km²."
Acala_(Texas),ladin,template_boilerplate,Acala fej pert de la contea Hudspeth.
Acalanes_Ridge_(California),ladin,template_boilerplate,"Tl 2019 ovel na populazion de 875 sun na spersa de 1,2 km²."
Acamarachi,ladin,template_boilerplate,L toca pra la ciadëina de crëps Andes y à na autëza de 6 046 metri.
Acampo_(California),ladin,template_boilerplate,Acampo ie na zità te la California te i Stac Unii d’America.
Acampo_(California),ladin,template_boilerplate,"Tl 2019 ovela na populazion de 261 sun na spersa de 2,4 km²."
Acampo_(California),ladin,template_boilerplate,Acampo fej pert de la contea San Joaquin.
Acarnanian_Mountains,ladin,template_boilerplate,I Acarnanian Mountains ie na ciadëina de crëps te la Grecia.
Acarnanian_Mountains,ladin,template_boilerplate,Si pont plu aut ie a 1 589 metri.
Acaryapur,ladin,template_boilerplate,Acaryapur ie n luech te l'India tl stat federel Telangana.
Acaryapur,ladin,template_boilerplate,L ie tl Koilkonda dl raion Mahbubnagar.
Acaryapur,ladin,template_boilerplate,Tl 2011 ovel na populazion de 1 377.
Acate,ladin,template_boilerplate,Acate ie n chemun talian te la provinzia de Ragusa te la Sizilia.
Acate,ladin,template_boilerplate,"Tl 2021 ovel na populazion de 9 962 sun na spersa de 101,42 km²."
Accadia,ladin,template_boilerplate,Accadia ie n chemun talian te la provinzia de Foggia te la Puglia.
Accadia,ladin,template_boilerplate,"Tl 2021 ovel na populazion de 2 426 sun na spersa de 30,48 km²."
Acceglio,ladin,template_boilerplate,"Tl 2021 ovel na populazion de 173 sun na spersa de 151,94 km²."
Accettura,ladin,template_boilerplate,Accettura ie n chemun talian te la provinzia de Matera te la Basilicata.
Accettura,ladin,template_boilerplate,"Tl 2021 ovel na populazion de 1 945 sun na spersa de 89,27 km²."
Acciano,ladin,template_boilerplate,"Tl 2021 ovel na populazion de 339 sun na spersa de 32,36 km²."
Accident_(Maryland),ladin,template_boilerplate,Accident ie na zità tl Maryland te i Stac Unii d’America.
Accident_(Maryland),ladin,template_boilerplate,"Tl 2019 ovela na populazion de 368 sun na spersa de 1,3 km²."
Accident_(Maryland),ladin,template_boilerplate,Accident fej pert de la contea Garrett.
Accokeek_(Maryland),ladin,template_boilerplate,Accokeek ie na zità tl Maryland te i Stac Unii d’America.
Accokeek_(Maryland),ladin,template_boilerplate,"Tl 2019 ovela na populazion de 11 590 sun na spersa de 71,1 km²."
Accokeek_(Maryland),ladin,template_boilerplate,Accokeek fej pert de la contea Prince George's.
Accomac_(Virginia),ladin,template_boilerplate,Accomac ie n luech tl Virginia te i Stac Unii d’America.
Accomac_(Virginia),ladin,template_boilerplate,"Tl 2019 ovel na populazion de 855 sun na spersa de 1,1 km²."
Accomac_(Virginia),ladin,template_boilerplate,Accomac fej pert de la contea Accomack.
Accord_(New_York),ladin,template_boilerplate,"Tl 2019 ovel na populazion de 555 sun na spersa de 8,8 km²."
Accord_(New_York),ladin,template_boilerplate,Accord fej pert de la contea Ulster.
Accoville_(West_Virginia),ladin,template_boilerplate,Accoville ie n luech tl West Virginia te i Stac Unii d’America.
Accoville_(West_Virginia),ladin,template_boilerplate,"Tl 2019 ovel na populazion de 765 sun na spersa de 8,4 km²."
Accoville_(West_Virginia),ladin,template_boilerplate,Accoville fej pert de la contea Logan.
Accumoli,ladin,template_boilerplate,Accumoli ie n chemun talian te la provinzia de Rieti te la Toscana.
Accumoli,ladin,template_boilerplate,"Tl 2021 ovel na populazion de 682 sun na spersa de 86,89 km²."
Acebedo,ladin,template_boilerplate,Acebedo ie n chemun de la Spania te la provinzia de León de la Castilia y León.
Acebedo,ladin,template_boilerplate,"Tl 2018 ovel na populazion de 185 ti cunfins dl chemun, sun na spersa de 50,18 km²."
Acebo,ladin,template_boilerplate,Acebo ie n chemun de la Spania te la provinzia de Cáceres de l'Extremadura.
Acebo,ladin,template_boilerplate,"Tl 2018 ovel na populazion de 542 ti cunfins dl chemun, sun na spersa de 57,4 km²."
Acebuche_(crëp),ladin,template_boilerplate,L Acebuche ie n crëp te la Spania.
Acedera,ladin,template_boilerplate,Acedera ie n chemun de la Spania te la provinzia de Badajoz de l'Extremadura.
Acedera,ladin,template_boilerplate,"Tl 2018 ovel na populazion de 816 ti cunfins dl chemun, sun na spersa de 82,5 km²."
Acehúche,ladin,template_boilerplate,Acehúche ie n chemun de la Spania te la provinzia de Cáceres de l'Extremadura.
Acehúche,ladin,template_boilerplate,"Tl 2018 ovel na populazion de 816 ti cunfins dl chemun, sun na spersa de 91 km²."
Aceituna,ladin,template_boilerplate,Aceituna ie n chemun de la Spania te la provinzia de Cáceres de l'Extremadura.
Aceituna,ladin,template_boilerplate,"Tl 2018 ovel na populazion de 588 ti cunfins dl chemun, sun na spersa de 40 km²."
Aceitunas_(Puerto_Rico),ladin,template_boilerplate,Aceitunas ie n luech tl Puerto Rico te i Stac Unii d’America.
Aceitunas_(Puerto_Rico),ladin,template_boilerplate,"Tl 2019 ovel na populazion de 2 085 sun na spersa de 2,2 km²."
Aceitunas_(Puerto_Rico),ladin,template_boilerplate,Aceitunas fej pert de la contea Moca.
Acequia_(Idaho),ladin,template_boilerplate,Acequia ie na zità tl Idaho te i Stac Unii d’America.
Acequia_(Idaho),ladin,template_boilerplate,"Tl 2019 ovela na populazion de 223 sun na spersa de 1,4 km²."
Acequia_(Idaho),ladin,template_boilerplate,Acequia fej pert de la contea Minidoka.
Acered,ladin,template_boilerplate,"Tl 2018 ovel na populazion de 138 ti cunfins dl chemun, sun na spersa de 30,404091 km²."
Acerenza,ladin,template_boilerplate,Acerenza ie n chemun talian te la provinzia de Potenza te la Basilicata.
Acerenza,ladin,template_boilerplate,"Tl 2021 ovel na populazion de 2 501 sun na spersa de 77,13 km²."
Acerno,ladin,template_boilerplate,Acerno ie n chemun talian te la provinzia de Salerno te la Campania.
Acerno,ladin,template_boilerplate,"Tl 2021 ovel na populazion de 2832 sun na spersa de 72,36 km²."
Acerra,ladin,template_boilerplate,Acerra ie n chemun talian te la zità metropolitana de Napoli te la Campania.
Acerra,ladin,template_boilerplate,"Tl 2021 ovel na populazion de 56 909 sun na spersa de 54,08 km²."
Aceruta,ladin,template_boilerplate,L toca pra la ciadëina de crëps Andes y à na autëza de 5 400 metri.
Aceuchal,ladin,template_boilerplate,Aceuchal ie n chemun de la Spania te la provinzia de Badajoz de l'Extremadura.
Aceuchal,ladin,template_boilerplate,"Tl 2018 ovel na populazion de 5 456 ti cunfins dl chemun, sun na spersa de 63,1 km²."
Achachi_Qala,ladin,template_boilerplate,L Achachi Qala ie n crëp te la Bolivia.
Achachi_Qala,ladin,template_boilerplate,L toca pra la ciadëina de crëps Andes y à na autëza de 4 505 metri.
Achacollo,ladin,template_boilerplate,L toca pra la ciadëina de crëps Andes y à na autëza de 5 690 metri.
Achada_do_Teixeira,ladin,template_boilerplate,L à na autëza de 1 600 metri.
Achaipalli,ladin,template_boilerplate,Achaipalli ie n luech te l'India tl stat federel Telangana.
Achaipalli,ladin,template_boilerplate,L ie tl Mulugu Mandal dl raion Warangal.
Achaipalli,ladin,template_boilerplate,Tl 2011 ovel na populazion de 1 077.
Achal,ladin,template_boilerplate,Achal ie n luech te l'India tl stat federel Punjab (India).
Achal,ladin,template_boilerplate,Tl 2011 ovel na populazion de 1 470.
Achalm,ladin,template_boilerplate,L Achalm ie n crëp te la Germania.
Achalm,ladin,template_boilerplate,"L toca pra la ciadëina de crëps Schwäbische Alb y à na autëza de 706,5 metri."
Achammanahalli,ladin,template_boilerplate,Achammanahalli ie n luech te l'India tl stat federel Karnataka.
Achammanahalli,ladin,template_boilerplate,L ie tl Pavagada Taluk dl raion Tumakuru.
Achammanahalli,ladin,template_boilerplate,Tl 2011 ovel na populazion de 2 393.
Achampalli,ladin,template_boilerplate,Achampalli ie n luech te l'India tl stat federel Karnataka.
Achampalli,ladin,template_boilerplate,L ie tl Srinivaspur Taluk dl raion Kolar.
Achampalli,ladin,template_boilerplate,Tl 2011 ovel na populazion de 1 341.
Achampet,ladin,template_boilerplate,Achampet ie n luech te l'India tl stat federel Telangana.
Achampet,ladin,template_boilerplate,L ie tl Yeldurthy dl raion Medak.
Achampet,ladin,template_boilerplate,Tl 2011 ovel na populazion de 1 010.
Achanda,ladin,template_boilerplate,Achanda ie n luech te l'India tl stat federel Bengal dl Vest.
Achanda,ladin,template_boilerplate,Tl 2011 ovel na populazion de 711.
Achanta,ladin,template_boilerplate,Achanta ie n luech te l'India tl stat federel Andhra Pradesh.
Achanta,ladin,template_boilerplate,Tl 2011 ovel na populazion de 19 507.
Achanta_Vemavaram,ladin,template_boilerplate,Tl 2011 ovel na populazion de 7 566.
Achanur,ladin,template_boilerplate,Achanur ie n luech te l'India tl stat federel Karnataka.
Achanur,ladin,template_boilerplate,L ie tl Bagalkot Taluk dl raion Bagalkot.
Achanur,ladin,template_boilerplate,Tl 2011 ovel na populazion de 1 844.
Achappana_Koppalu,ladin,template_boilerplate,Achappana Koppalu ie n luech te l'India tl stat federel Karnataka.
Achappana_Koppalu,ladin,template_boilerplate,L ie tl Shrirangapattana dl raion Mandya.
Achappana_Koppalu,ladin,template_boilerplate,Tl 2011 ovel na populazion de 927.
Acharnarsapur,ladin,template_boilerplate,Acharnarsapur ie n luech te l'India tl stat federel Karnataka.
Acharnarsapur,ladin,template_boilerplate,L ie tl Gangawati Taluk dl raion Koppal.
Acharnarsapur,ladin,template_boilerplate,Tl 2011 ovel na populazion de 2 526.
Acharul,ladin,template_boilerplate,Acharul ie n luech te l'India tl stat federel Bengal dl Vest.
Acharul,ladin,template_boilerplate,Tl 2011 ovel na populazion de 729.
Achasan,ladin,template_boilerplate,L à na autëza de 287 metri.
Achau,ladin,template_boilerplate,"Ai 1 de jené 2022Template:FormatDate/Wartung/Error ovel na populazion de 1 517 sun na spersa de 11,88 km²."
Achberg,ladin,template_boilerplate,Achberg ie n chemun te la Germania tl Landkreis Ravensburg dl stat federel Baden-Württemberg.
Achberg,ladin,template_boilerplate,"Tl 2020 ovel na populazion de 1 745 sun na spersa de 12,92 km²."
Achen,ladin,template_boilerplate,Tl 2019 ovel na populazion de 1 001.
Achenheim,ladin,template_boilerplate,Tl 2019 ovel na populazion de 2 145.
Achenkirch,ladin,template_boilerplate,"Ai 1 de jené 2021Template:FormatDate/Wartung/Error ovel na populazion de 2 169 sun na spersa de 113,95 km²."
Achenkircher_Hochplatte,ladin,template_boilerplate,L Achenkircher Hochplatte ie n crëp te l'Austria.
Achenkircher_Hochplatte,ladin,template_boilerplate,L toca pra la ciadëina de crëps Vorkarwendel y à na autëza de 1 813 metri.
Acherkogel,ladin,template_boilerplate,L Acherkogel ie n crëp te l'Austria.
Acherkogel,ladin,template_boilerplate,L toca pra la ciadëina de crëps Elpes de Stubai y à na autëza de 3 007 metri.
Achern,ladin,template_boilerplate,"Tl 2020 ovel na populazion de 25 615 sun na spersa de 65,24 km²."
Achhaipara,ladin,template_boilerplate,Achhaipara ie n luech te l'India tl stat federel Bengal dl Vest.
Achhaipara,ladin,template_boilerplate,L ie tl Ilambazar community development block dl raion Bolpur.
Achhalal_Hatta(Rong_Bong_Basty),ladin,template_boilerplate,L ie tl Jorebunglow Sukhiapokhri community development block dl raion Darjeeling Sadar.
Achhalal_Hatta(Rong_Bong_Basty),ladin,template_boilerplate,Tl 2011 ovel na populazion de 3 508.
Achhoan,ladin,template_boilerplate,Achhoan ie n luech te l'India tl stat federel Bengal dl Vest.
Achhoan,ladin,template_boilerplate,L ie tl Burwan community development block dl raion Kandi.
Achhoan,ladin,template_boilerplate,Tl 2011 ovel na populazion de 2 219.
Achhra,ladin,template_boilerplate,Achhra ie n luech te l'India tl stat federel Bengal dl Vest.
Achhra,ladin,template_boilerplate,L ie tl Nabagram community development block dl raion Lalbag.
Achhra,ladin,template_boilerplate,Tl 2011 ovel na populazion de 3 659.
Achicourt,ladin,template_boilerplate,Tl 2019 ovel na populazion de 7 878.
Achila,ladin,template_boilerplate,L à na autëza de 872 metri.
Achillbeg,ladin,template_boilerplate,L Achillbeg ie n crëp te l'Irlanda.
Achillbeg,ladin,template_boilerplate,L à na autëza de 110 metri.
Achille_(Oklahoma),ladin,template_boilerplate,Achille ie na zità tl Oklahoma te i Stac Unii d’America.
Achille_(Oklahoma),ladin,template_boilerplate,Achille fej pert de la contea Bryan.
Achim_(Landkreis_Verden),ladin,template_boilerplate,Achim ie n chemun te la Germania tl Landkreis Verden dl stat federel Niedersachsen.
Achim_(Landkreis_Verden),ladin,template_boilerplate,"Tl 2020 ovel na populazion de 32 084 sun na spersa de 68,06 km²."
Achina_(K),ladin,template_boilerplate,Achina (K) ie n luech te l'India tl stat federel Bengal dl Vest.
Achina_(K),ladin,template_boilerplate,L ie tl Mandirbazar community development block dl raion Diamond Harbour.
Achina_(K),ladin,template_boilerplate,Tl 2011 ovel na populazion de 3 197.
Achintya_Nagar,ladin,template_boilerplate,Achintya Nagar ie n luech te l'India tl stat federel Bengal dl Vest.
Achintya_Nagar,ladin,template_boilerplate,Tl 2011 ovel na populazion de 6 181.
Achishkho,ladin,template_boilerplate,L Achishkho ie n crëp te la Ruscia.
Achishkho,ladin,template_boilerplate,L toca pra la ciadëina de crëps Gran Caucas y à na autëza de 2 391 metri.
Achkoda,ladin,template_boilerplate,Achkoda ie n luech te l'India tl stat federel Bengal dl Vest.
Achkoda,ladin,template_boilerplate,L ie tl Neturia community development block dl raion Raghunathpur.
Achkoda,ladin,template_boilerplate,Tl 2011 ovel na populazion de 1 178.
Achlum,ladin,template_boilerplate,Achlum ie n luech ti Paejes Basc che toca pra l chemun de Waadhoeke te la provinzia de Friesland.
Achola,ladin,template_boilerplate,Achola ie n luech te l'India tl stat federel Karnataka.
Achola,ladin,template_boilerplate,L ie tl Yadgir Taluk dl raion Yadgir.
Achola,ladin,template_boilerplate,Tl 2011 ovel na populazion de 1 147.
Acholi_Mountains,ladin,template_boilerplate,Si pont plu aut ie a 1 819 metri.
Achselköpfe,ladin,template_boilerplate,L Achselköpfe ie n crëp te la Germania.
Achselköpfe,ladin,template_boilerplate,L toca pra la ciadëina de crëps Kocheler Berge y à na autëza de 1 710 metri.
Achslach,ladin,template_boilerplate,Achslach ie n chemun te la Germania tl Landkreis Regen dl stat federel Paiern.
Achslach,ladin,template_boilerplate,"Tl 2020 ovel na populazion de 959 sun na spersa de 30,04 km²."
Achstetten,ladin,template_boilerplate,Achstetten ie n chemun te la Germania tl Landkreis Biberach dl stat federel Baden-Württemberg.
Achstetten,ladin,template_boilerplate,"Tl 2020 ovel na populazion de 5 020 sun na spersa de 23,38 km²."
Acht_(Germania),ladin,template_boilerplate,"Tl 2020 ovel na populazion de 77 sun na spersa de 3,79 km²."
Achtelsbach,ladin,template_boilerplate,Achtelsbach ie n chemun te la Germania tl Landkreis Birkenfeld dl stat federel Rheinland-Pfalz.
Achtelsbach,ladin,template_boilerplate,"Tl 2020 ovel na populazion de 401 sun na spersa de 9,7 km²."
Achterberg,ladin,template_boilerplate,Achterberg ie n luech ti Paejes Basc che toca pra l chemun de Rhenen te la provinzia de Utrecht.
Achtermannshöhe,ladin,template_boilerplate,L Achtermannshöhe ie n crëp te la Germania.
Achterveld_(Barneveld),ladin,template_boilerplate,Achterveld ie n luech ti Paejes Basc che toca pra l chemun de Barneveld te la provinzia de Gelderland.
Achterveld_(Leusden),ladin,template_boilerplate,Achterveld ie n luech ti Paejes Basc che toca pra l chemun de Leusden te la provinzia de Utrecht.
Achterwehr,ladin,template_boilerplate,"Tl 2020 ovel na populazion de 1 043 sun na spersa de 15,66 km²."
Achtrup,ladin,template_boilerplate,Achtrup ie n chemun te la Germania tl Kreis Nordfriesland dl stat federel Schleswig-Holstein.
Achtrup,ladin,template_boilerplate,"Tl 2020 ovel na populazion de 1 502 sun na spersa de 29,9 km²."
Achuki_(Aurangabad_(Bihar),ladin,template_boilerplate,Tl 2011 ovel na populazion de 1 781.
Achuqallani,ladin,template_boilerplate,L toca pra la ciadëina de crëps Andes y à na autëza de 5 000 metri.
Achuri,ladin,template_boilerplate,Achuri ie n luech te l'India tl stat federel Bengal dl Vest.
Achuri,ladin,template_boilerplate,L ie tl Bankura I community development block dl raion Bankura Sadar.
Achuri,ladin,template_boilerplate,Tl 2011 ovel na populazion de 3 386.
Achères-la-Forêt,ladin,template_boilerplate,Tl 2019 ovel na populazion de 1 134.
Aci_Bonaccorsi,ladin,template_boilerplate,"Tl 2021 ovel na populazion de 3370 sun na spersa de 1,7 km²."
Aci_Castello,ladin,template_boilerplate,"Tl 2021 ovel na populazion de 18039 sun na spersa de 8,65 km²."
Aci_Catena,ladin,template_boilerplate,"Tl 2021 ovel na populazion de 28722 sun na spersa de 8,45 km²."
Aci_Sant'Antonio,ladin,template_boilerplate,"Tl 2021 ovel na populazion de 17474 sun na spersa de 14,27 km²."
Acireale,ladin,template_boilerplate,Acireale ie n chemun talian te la zità metropolitana de Catania te la Sizilia.
Acireale,ladin,template_boilerplate,"Tl 2021 ovel na populazion de 51402 sun na spersa de 39,96 km²."
Acker_Peak,ladin,template_boilerplate,L Acker Peak ie n crëp ti Stac Unii.
Ackerlspitze,ladin,template_boilerplate,L Ackerlspitze ie n crëp te l'Austria.
Ackerlspitze,ladin,template_boilerplate,L toca pra la ciadëina de crëps Crëps Kaiser y à na autëza de 2 329 metri.
Ackerly_(Texas),ladin,template_boilerplate,Ackerly ie na zità tl Texas te i Stac Unii d’America.
Ackerly_(Texas),ladin,template_boilerplate,Ackerly fej pert de la contea Martin.
Ackerman_(Mississippi),ladin,template_boilerplate,Ackerman ie n luech tl Mississippi te i Stac Unii d’America.
Ackerman_(Mississippi),ladin,template_boilerplate,"Tl 2019 ovel na populazion de 1 700 sun na spersa de 5,8 km²."
Ackerman_(Mississippi),ladin,template_boilerplate,Ackerman fej pert de la contea Choctaw.
Ackermanville_(Pennsylvania),ladin,template_boilerplate,Ackermanville ie na zità te la Pennsylvania te i Stac Unii d’America.
Ackermanville_(Pennsylvania),ladin,template_boilerplate,"Tl 2019 ovela na populazion de 398 sun na spersa de 3,6 km²."
Ackermanville_(Pennsylvania),ladin,template_boilerplate,Ackermanville fej pert de la contea Northampton.
Ackerson_Mountain,ladin,template_boilerplate,L Ackerson Mountain ie n crëp ti Stac Unii.
Ackley_(Iowa),ladin,template_boilerplate,Ackley ie n luech tl Iowa te i Stac Unii d’America.
Ackley_(Iowa),ladin,template_boilerplate,"Tl 2019 ovel na populazion de 1 788 sun na spersa de 6,4 km²."
Ackley_(Iowa),ladin,template_boilerplate,Ackley fej pert de la contea Hardin.
Acklington,ladin,template_boilerplate,Acklington ie n luech te la Nghiltiera te la contea zeremoniela Northumberland.
Ackworth,ladin,template_boilerplate,Tl 2019 ovel na populazion de 5 281 abitanc.
Ackworth_(Iowa),ladin,template_boilerplate,Ackworth ie na zità tl Iowa te i Stac Unii d’America.
Ackworth_(Iowa),ladin,template_boilerplate,"Tl 2019 ovela na populazion de 212 sun na spersa de 1,4 km²."
Ackworth_(Iowa),ladin,template_boilerplate,Ackworth fej pert de la contea Warren.
Acle_(Norfolk),ladin,template_boilerplate,Acle ie n luech te la Nghiltiera te la contea zeremoniela Norfolk.
Acle_(Norfolk),ladin,template_boilerplate,Tl 2019 ovel na populazion de 2 824 abitanc.
Acme_(Washington),ladin,template_boilerplate,Acme fej pert de la contea Whatcom.
Acol,ladin,template_boilerplate,Acol ie n luech te la Nghiltiera te la contea zeremoniela Kent.
Acomb,ladin,template_boilerplate,Acomb ie n luech te la Nghiltiera te la contea zeremoniela Northumberland.
Acomita_Lake_(New_Mexico),ladin,template_boilerplate,"Tl 2019 ovel na populazion de 753 sun na spersa de 10,2 km²."
Acomita_Lake_(New_Mexico),ladin,template_boilerplate,Acomita Lake fej pert de la contea Cibola.
Aconbury,ladin,template_boilerplate,Aconbury ie n luech te la Nghiltiera te la contea zeremoniela Herefordshire.
Aconcagua,ladin,template_boilerplate,L Aconcagua ie n crëp te l'Argentina.
Acorn_(Arkansas),ladin,template_boilerplate,Acorn ie na zità tl Arkansas te i Stac Unii d’America.
Acorn_(Arkansas),ladin,template_boilerplate,"Tl 2019 ovela na populazion de 324 sun na spersa de 10,5 km²."
Acorn_(Arkansas),ladin,template_boilerplate,Acorn fej pert de la contea Polk.
Acotango,ladin,template_boilerplate,L Acotango ie n crëp te la Bolivia.
Acotango,ladin,template_boilerplate,L toca pra la ciadëina de crëps Andes y à na autëza de 6 052 metri.
Acquafondata,ladin,template_boilerplate,Acquafondata ie n chemun talian te la provinzia de Frosinone te la Toscana.
Acquafondata,ladin,template_boilerplate,"Tl 2021 ovel na populazion de 272 sun na spersa de 25,59 km²."
Acquaformosa,ladin,template_boilerplate,Acquaformosa ie n chemun talian te la provinzia de Cosenza te la Calabria.
Acquaformosa,ladin,template_boilerplate,"Tl 2021 ovel na populazion de 1158 sun na spersa de 22,57 km²."
Acquafredda,ladin,template_boilerplate,Acquafredda ie n chemun talian te la provinzia de Brescia te la Lombardia.
Acquafredda,ladin,template_boilerplate,"Tl 2021 ovel na populazion de 1580 sun na spersa de 9,29 km²."
Acqualagna,ladin,template_boilerplate,"Tl 2021 ovel na populazion de 4 460 sun na spersa de 50,74 km²."
Acquanegra_Cremonese,ladin,template_boilerplate,"Tl 2021 ovel na populazion de 1257 sun na spersa de 9,21 km²."
Acquanegra_sul_Chiese,ladin,template_boilerplate,"Tl 2021 ovel na populazion de 3016 sun na spersa de 28,27 km²."
Acquapendente,ladin,template_boilerplate,Acquapendente ie n chemun talian te la provinzia de Viterbo te la Toscana.
Acquapendente,ladin,template_boilerplate,"Tl 2021 ovel na populazion de 5 619 sun na spersa de 130,28 km²."
Acquappesa,ladin,template_boilerplate,Acquappesa ie n chemun talian te la provinzia de Cosenza te la Calabria.
Acquappesa,ladin,template_boilerplate,"Tl 2021 ovel na populazion de 1890 sun na spersa de 14,43 km²."
Acquarica_del_Capo,ladin,template_boilerplate,"Tl 2021 ovel na populazion de 4 825 sun na spersa de 18,37 km²."
Acquaro,ladin,template_boilerplate,"Tl 2021 ovel na populazion de 2415 sun na spersa de 25,32 km²."
Acquasanta_Terme,ladin,template_boilerplate,"Tl 2021 ovel na populazion de 3 013 sun na spersa de 138,06 km²."
Acquasparta,ladin,template_boilerplate,"Tl 2021 ovel na populazion de 4 939 sun na spersa de 79,58 km²."
Acquaviva_Collecroce,ladin,template_boilerplate,"Tl 2021 ovel na populazion de 674 sun na spersa de 28,5 km²."
Acquaviva_Picena,ladin,template_boilerplate,"Tl 2021 ovel na populazion de 3 888 sun na spersa de 20,9 km²."
Acquaviva_Platani,ladin,template_boilerplate,"Tl 2021 ovel na populazion de 1 018 sun na spersa de 14,72 km²."
Acquaviva_d'Isernia,ladin,template_boilerplate,"Tl 2021 ovel na populazion de 450 sun na spersa de 13,73 km²."
Acquaviva_delle_Fonti,ladin,template_boilerplate,"Tl 2021 ovel na populazion de 20 905 sun na spersa de 130,98 km²."
Acquedolci,ladin,template_boilerplate,Acquedolci ie n chemun talian te la zità metropolitana de Messina te la Sizilia.
Acquedolci,ladin,template_boilerplate,"Tl 2021 ovel na populazion de 5781 sun na spersa de 12,96 km²."
Acqui_Terme,ladin,template_boilerplate,"Tl 2021 ovel na populazion de 20238 sun na spersa de 33,42 km²."
Acquigny,ladin,template_boilerplate,Tl 2019 ovel na populazion de 1 598.
Acres_Green_(Colorado),ladin,template_boilerplate,"Tl 2019 ovela na populazion de 2 888 sun na spersa de 1,6 km²."
Acres_Green_(Colorado),ladin,template_boilerplate,Acres Green fej pert de la contea Douglas.
Acri,ladin,template_boilerplate,Acri ie n chemun talian te la provinzia de Cosenza te la Calabria.
Acri,ladin,template_boilerplate,"Tl 2021 ovel na populazion de 21303 sun na spersa de 198,6 km²."
Acrise,ladin,template_boilerplate,Acrise ie n luech te la Nghiltiera te la contea zeremoniela Kent.
Acton_(California),ladin,template_boilerplate,Acton ie na zità te la California te i Stac Unii d’America.
Acton_(California),ladin,template_boilerplate,"Tl 2019 ovela na populazion de 7 054 sun na spersa de 102,2 km²."
Acton_(California),ladin,template_boilerplate,Acton fej pert de la contea Los Angeles.
Acton_(Cheshire),ladin,template_boilerplate,Acton ie n luech te la Nghiltiera te la contea zeremoniela Cheshire.
Acton_(Montana),ladin,template_boilerplate,Acton ie n luech tl Montana te i Stac Unii d’America.
Acton_(Montana),ladin,template_boilerplate,"Tl 2019 ovel na populazion de 76 sun na spersa de 3,5 km²."
Acton_(Montana),ladin,template_boilerplate,Acton fej pert de la contea Yellowstone.
Acton_(Suffolk),ladin,template_boilerplate,Acton ie n luech te la Nghiltiera te la contea zeremoniela Suffolk.
Acton_Beauchamp,ladin,template_boilerplate,Acton Beauchamp ie n luech te la Nghiltiera te la contea zeremoniela Worcestershire.
Acton_Bridge,ladin,template_boilerplate,Acton Bridge ie n luech te la Nghiltiera te la contea zeremoniela Cheshire.
Acton_Burnell,ladin,template_boilerplate,Acton Burnell ie n luech te la Nghiltiera te la contea zeremoniela Shropshire.
Acton_Round,ladin,template_boilerplate,Acton Round ie n luech te la Nghiltiera te la contea zeremoniela Shropshire.
Acton_Scott,ladin,template_boilerplate,Acton Scott ie n luech te la Nghiltiera te la contea zeremoniela Shropshire.
Acton_Turville,ladin,template_boilerplate,Acton Turville ie n luech te la Nghiltiera te la contea zeremoniela Gloucestershire.
Acushnet_Center_(Massachusetts),ladin,template_boilerplate,"Tl 2019 ovela na populazion de 3 403 sun na spersa de 3,7 km²."
Acushnet_Center_(Massachusetts),ladin,template_boilerplate,Acushnet Center fej pert de la contea Bristol.
Acuto,ladin,template_boilerplate,Acuto ie n chemun talian te la provinzia de Frosinone te la Toscana.
Acuto,ladin,template_boilerplate,"Tl 2021 ovel na populazion de 1 937 sun na spersa de 13,4 km²."
Acworth_(Georgia_(stat_American)),ladin,template_boilerplate,Acworth ie na zità te la Georgia te i Stac Unii d’America.
Acworth_(Georgia_(stat_American)),ladin,template_boilerplate,"Tl 2019 ovela na populazion de 22 683 sun na spersa de 23,4 km²."
Acworth_(Georgia_(stat_American)),ladin,template_boilerplate,Acworth fej pert de la contea Cobb.
Acy,ladin,template_boilerplate,Tl 2019 ovel na populazion de 1 020.
Acıgöl-Nevşehir,ladin,template_boilerplate,L Acıgöl-Nevşehir ie n crëp te la Turchia.
Acıgöl-Nevşehir,ladin,template_boilerplate,L à na autëza de 1 683 metri.
Ada_(Kansas),ladin,template_boilerplate,Ada ie n luech tl Kansas te i Stac Unii d’America.
Ada_(Kansas),ladin,template_boilerplate,"Tl 2019 ovel na populazion de 148 sun na spersa de 6,7 km²."
Ada_(Kansas),ladin,template_boilerplate,Ada fej pert de la contea Ottawa.
Ada_(Minnesota),ladin,template_boilerplate,Ada ie n luech tl Minnesota te i Stac Unii d’America.
Ada_(Minnesota),ladin,template_boilerplate,"Tl 2019 ovel na populazion de 1 912 sun na spersa de 3,5 km²."
Ada_(Minnesota),ladin,template_boilerplate,Ada fej pert de la contea Norman.
Ada_(Ohio),ladin,template_boilerplate,Ada ie na zità tl Ohio te i Stac Unii d’America.
Ada_(Ohio),ladin,template_boilerplate,"Tl 2019 ovela na populazion de 5 248 sun na spersa de 5,5 km²."
Ada_(Ohio),ladin,template_boilerplate,Ada fej pert de la contea Hardin.
Ada_(Oklahoma),ladin,template_boilerplate,Ada ie na zità tl Oklahoma te i Stac Unii d’America.
Ada_(Oklahoma),ladin,template_boilerplate,"Tl 2019 ovela na populazion de 17 399 sun na spersa de 52,2 km²."
Ada_(Oklahoma),ladin,template_boilerplate,Ada fej pert de la contea Pontotoc.
Adabana,ladin,template_boilerplate,Adabana ie n luech te l'India tl stat federel Bengal dl Vest.
Adabana,ladin,template_boilerplate,L ie tl Barabazar community development block dl raion Manbazar.
Adabana,ladin,template_boilerplate,Tl 2011 ovel na populazion de 819.
Adabari,ladin,template_boilerplate,Adabari ie n luech te l'India tl stat federel Bengal dl Vest.
Adabari,ladin,template_boilerplate,L ie tl Mal community development block dl raion Malbazar.
Adabari,ladin,template_boilerplate,Tl 2011 ovel na populazion de 2 478.
Adagal,ladin,template_boilerplate,Adagal ie n luech te l'India tl stat federel Karnataka.
Adagal,ladin,template_boilerplate,L ie tl Badami Taluk dl raion Bagalkot.
Adagal,ladin,template_boilerplate,Tl 2011 ovel na populazion de 4 138.
Adaganahalli,ladin,template_boilerplate,Adaganahalli ie n luech te l'India tl stat federel Karnataka.
Adaganahalli,ladin,template_boilerplate,L ie tl Krishnarajanagara Taluk dl raion Mysore.
Adaganahalli,ladin,template_boilerplate,Tl 2011 ovel na populazion de 1 328.
Adagoor,ladin,template_boilerplate,Adagoor ie n luech te l'India tl stat federel Karnataka.
Adagoor,ladin,template_boilerplate,L ie tl Gubbi dl raion Tumakuru.
Adagoor,ladin,template_boilerplate,Tl 2011 ovel na populazion de 1 688.
Adaguru,ladin,template_boilerplate,Adaguru ie n luech te l'India tl stat federel Karnataka.
Adaguru,ladin,template_boilerplate,Tl 2011 ovel na populazion de 765.
Adahuesca,ladin,template_boilerplate,"Tl 2018 ovel na populazion de 204 ti cunfins dl chemun, sun na spersa de 52,468787 km²."
Adair_(Illinois),ladin,template_boilerplate,Adair ie n luech tl Illinois te i Stac Unii d’America.
Adair_(Illinois),ladin,template_boilerplate,"Tl 2019 ovel na populazion de 179 sun na spersa de 1,1 km²."
Adair_(Illinois),ladin,template_boilerplate,Adair fej pert de la contea McDonough.
Adair_(Iowa),ladin,template_boilerplate,Adair ie n luech tl Iowa te i Stac Unii d’America.
Adair_(Iowa),ladin,template_boilerplate,"Tl 2019 ovel na populazion de 814 sun na spersa de 5,8 km²."
Adair_(Iowa),ladin,template_boilerplate,Adair fej pert de la contea Adair.
Adair_(Oklahoma),ladin,template_boilerplate,Adair ie n luech tl Oklahoma te i Stac Unii d’America.
Adair_(Oklahoma),ladin,template_boilerplate,"Tl 2019 ovel na populazion de 669 sun na spersa de 12,9 km²."
Adair_(Oklahoma),ladin,template_boilerplate,Adair fej pert de la contea Mayes.
Adair_Village_(Oregon),ladin,template_boilerplate,"Tl 2019 ovel na populazion de 1 107 sun na spersa de 1,2 km²."
Adair_Village_(Oregon),ladin,template_boilerplate,Adair Village fej pert de la contea Benton.
Adairsville_(Georgia_(stat_American)),ladin,template_boilerplate,Adairsville ie na zità te la Georgia te i Stac Unii d’America.
Adairsville_(Georgia_(stat_American)),ladin,template_boilerplate,"Tl 2019 ovela na populazion de 4 926 sun na spersa de 24,3 km²."
Adairsville_(Georgia_(stat_American)),ladin,template_boilerplate,Adairsville fej pert de la contea Bartow.
Adairville_(Kentucky),ladin,template_boilerplate,Adairville ie n luech tl Kentucky te i Stac Unii d’America.
Adairville_(Kentucky),ladin,template_boilerplate,Adairville fej pert de la contea Logan.
Adak_(Alaska),ladin,template_boilerplate,Adak fej pert de la contea Aleutians West.
Adalagere,ladin,template_boilerplate,Adalagere ie n luech te l'India tl stat federel Karnataka.
Adalagere,ladin,template_boilerplate,Tl 2011 ovel na populazion de 2 060.
Adalbert_de_Funs,ladin,citation_fragment;template_boilerplate,O Ti Glorius Patriacha S.
Adalia,ladin,template_boilerplate,Adalia ie n luech te l'India tl stat federel Bengal dl Vest.
Adalia,ladin,template_boilerplate,L ie tl Garhbeta II community development block dl raion Medinipur Sadar.
Adalia,ladin,template_boilerplate,Tl 2011 ovel na populazion de 1 350.
Adalpur,ladin,template_boilerplate,Adalpur ie n luech te l'India tl stat federel Bengal dl Vest.
Adalpur,ladin,template_boilerplate,L ie tl Mohanpur community development block dl raion Kharagpur.
Adam's_Peak,ladin,template_boilerplate,L Adam's Peak ie n crëp tl Sri Lanka.
Adam's_Peak,ladin,template_boilerplate,L toca pra la ciadëina de crëps Massif de Central y à na autëza de 2 243 metri.
Adam_Pota,ladin,template_boilerplate,Adam Pota ie n luech te l'India tl stat federel Bengal dl Vest.
Adam_Pota,ladin,template_boilerplate,L ie tl Nakashipara community development block dl raion Krishnanagar Sadar.
Adam_Pota,ladin,template_boilerplate,Tl 2011 ovel na populazion de 1 277.
Adam_Range,ladin,template_boilerplate,L Adam Range ie na ciadëina de crëps tl Canada.
Adam_Range,ladin,template_boilerplate,Si pont plu aut ie a 153 metri.
Adam_Range_(Northern_Territory_(Australia)),ladin,template_boilerplate,Si pont plu aut ie a 223 metri.
Adam_Range_(Queensland_(Australia)),ladin,template_boilerplate,Si pont plu aut ie a 61 metri.
Adam_Range_(Tasmania_(Australia)),ladin,template_boilerplate,Si pont plu aut ie a 704 metri.
Adampalli,ladin,template_boilerplate,Adampalli ie n luech te l'India tl stat federel Karnataka.
Adampalli,ladin,template_boilerplate,Tl 2011 ovel na populazion de 859.
Adampur,ladin,template_boilerplate,Adampur ie n luech te l'India tl stat federel Bengal dl Vest.
Adampur,ladin,template_boilerplate,L ie tl Old Malda community development block dl raion Malda Sadar.
Adampur,ladin,template_boilerplate,Tl 2011 ovel na populazion de 3 272.
Adams_(Illinois),ladin,template_boilerplate,Adams ie n luech tl Illinois te i Stac Unii d’America.
Adams_(Illinois),ladin,template_boilerplate,"Tl 2019 ovel na populazion de 44 sun na spersa de 6,3 km²."
Adams_(Illinois),ladin,template_boilerplate,Adams fej pert de la contea Adams.
Adams_(Minnesota),ladin,template_boilerplate,Adams ie n luech tl Minnesota te i Stac Unii d’America.
Adams_(Minnesota),ladin,template_boilerplate,"Tl 2019 ovel na populazion de 820 sun na spersa de 2,6 km²."
Adams_(Minnesota),ladin,template_boilerplate,Adams fej pert de la contea Mower.
Adams_(Nebraska),ladin,template_boilerplate,Adams ie n luech tl Nebraska te i Stac Unii d’America.
Adams_(Nebraska),ladin,template_boilerplate,"Tl 2019 ovel na populazion de 556 sun na spersa de 1,5 km²."
Adams_(Nebraska),ladin,template_boilerplate,Adams fej pert de la contea Gage.
Adams_(North_Dakota),ladin,template_boilerplate,Adams ie n luech tl North Dakota te i Stac Unii d’America.
Adams_(North_Dakota),ladin,template_boilerplate,"Tl 2019 ovel na populazion de 144 sun na spersa de 2,5 km²."
Adams_(North_Dakota),ladin,template_boilerplate,Adams fej pert de la contea Walsh.
Adams_(Oklahoma),ladin,template_boilerplate,Adams ie na zità tl Oklahoma te i Stac Unii d’America.
Adams_(Oklahoma),ladin,template_boilerplate,"Tl 2019 ovela na populazion de 306 sun na spersa de 1,3 km²."
Adams_(Oklahoma),ladin,template_boilerplate,Adams fej pert de la contea Texas.
Adams_(Oregon),ladin,template_boilerplate,Adams ie n luech tl Oregon te i Stac Unii d’America.
Adams_(Oregon),ladin,template_boilerplate,"Tl 2019 ovel na populazion de 569 sun na spersa de 1,5 km²."
Adams_(Oregon),ladin,template_boilerplate,Adams fej pert de la contea Umatilla.
Adams_(Tennessee),ladin,template_boilerplate,Adams ie n luech tl Tennessee te i Stac Unii d’America.
Adams_(Tennessee),ladin,template_boilerplate,"Tl 2019 ovel na populazion de 602 sun na spersa de 6,2 km²."
Adams_(Tennessee),ladin,template_boilerplate,Adams fej pert de la contea Robertson.
Adams_(Wisconsin),ladin,template_boilerplate,Adams ie n luech tl Wisconsin te i Stac Unii d’America.
Adams_(Wisconsin),ladin,template_boilerplate,"Tl 2019 ovel na populazion de 2 159 sun na spersa de 7,6 km²."
Adams_Center_(New_York),ladin,template_boilerplate,"Tl 2019 ovel na populazion de 1 000 sun na spersa de 12,7 km²."
Adams_Center_(New_York),ladin,template_boilerplate,Adams Center fej pert de la contea Jefferson.
Adams_Crest,ladin,template_boilerplate,L Adams Crest ie n crëp te l'Antartis.
Adams_Crest,ladin,template_boilerplate,L toca pra la ciadëina de crëps Crëps Ravens y à na autëza de 1 950 metri.
Adams_Mountain,ladin,template_boilerplate,L Adams Mountain ie n crëp ti Stac Unii.
Adams_Nunatak,ladin,template_boilerplate,L Adams Nunatak ie n crëp te l'Antartis.
Adams_Range,ladin,template_boilerplate,Si pont plu aut ie a 1 477 metri.
Adams_Run_(South_Carolina),ladin,template_boilerplate,"Tl 2019 ovel na populazion de 772 sun na spersa de 3,7 km²."
Adams_Run_(South_Carolina),ladin,template_boilerplate,Adams Run fej pert de la contea Charleston.
Adamsburg_(Pennsylvania),ladin,template_boilerplate,"Tl 2019 ovel na populazion de 138 sun na spersa de 0,5 km²."
Adamsburg_(Pennsylvania),ladin,template_boilerplate,Adamsburg fej pert de la contea Westmoreland.
Adamson_(Oklahoma),ladin,template_boilerplate,Adamson ie n luech tl Oklahoma te i Stac Unii d’America.
Adamson_(Oklahoma),ladin,template_boilerplate,"Tl 2019 ovel na populazion de 29 sun na spersa de 0,6 km²."
Adamson_(Oklahoma),ladin,template_boilerplate,Adamson fej pert de la contea Pittsburg.
Adamsons_Peak,ladin,template_boilerplate,L Adamsons Peak ie n crëp te l'Australia.
Adamsons_Peak,ladin,template_boilerplate,L toca pra la ciadëina de crëps Crëps Hartz y à na autëza de 1 225 metri.
Adamstown_(Maryland),ladin,template_boilerplate,Adamstown ie n luech tl Maryland te i Stac Unii d’America.
Adamstown_(Maryland),ladin,template_boilerplate,"Tl 2019 ovel na populazion de 2 130 sun na spersa de 2,8 km²."
Adamstown_(Maryland),ladin,template_boilerplate,Adamstown fej pert de la contea Frederick.
Adamstown_(Pennsylvania),ladin,template_boilerplate,"Tl 2019 ovel na populazion de 2 286 sun na spersa de 3,6 km²."
Adamstown_(Pennsylvania),ladin,template_boilerplate,Adamstown fej pert de la contea Berks.
Adamsville_(Alabama),ladin,template_boilerplate,"Tl 2019 ovela na populazion de 4 266 sun na spersa de 68,8 km²."
Adamsville_(Alabama),ladin,template_boilerplate,Adamsville fej pert de la contea Jefferson.
Adamsville_(Ohio),ladin,template_boilerplate,Adamsville ie na zità tl Ohio te i Stac Unii d’America.
Adamsville_(Ohio),ladin,template_boilerplate,"Tl 2019 ovela na populazion de 334 sun na spersa de 2,3 km²."
Adamsville_(Ohio),ladin,template_boilerplate,Adamsville fej pert de la contea Muskingum.
Adamsville_(Pennsylvania),ladin,template_boilerplate,Adamsville fej pert de la contea Crawford.
Adamsville_(Tennessee),ladin,template_boilerplate,Adamsville ie n luech tl Tennessee te i Stac Unii d’America.
Adamsville_(Tennessee),ladin,template_boilerplate,"Tl 2019 ovel na populazion de 2 120 sun na spersa de 18,3 km²."
Adamsville_(Tennessee),ladin,template_boilerplate,Adamsville fej pert de la contea McNairy.
Adamuz,ladin,template_boilerplate,Adamuz ie n chemun de la Spania te la provinzia de Córdoba de l'Andalusia.
Adamuz,ladin,template_boilerplate,"Tl 2018 ovel na populazion de 4 125 ti cunfins dl chemun, sun na spersa de 334 km²."
Adan,ladin,template_boilerplate,Adan ie n luech te l'India tl stat federel Bengal dl Vest.
Adan,ladin,template_boilerplate,L ie tl Chanditala II community development block dl raion Srirampore.
Adan,ladin,template_boilerplate,Tl 2011 ovel na populazion de 3 785.
Adanero,ladin,template_boilerplate,Adanero ie n chemun de la Spania te la provinzia de Ávila de la Castilia y León.
Adanero,ladin,template_boilerplate,"Tl 2018 ovel na populazion de 214 ti cunfins dl chemun, sun na spersa de 31,42 km²."
Adangachhi,ladin,template_boilerplate,Adangachhi ie n luech te l'India tl stat federel Bengal dl Vest.
Adangachhi,ladin,template_boilerplate,L ie tl Tarakeswar community development block dl raion Chandannagore.
Adangachhi,ladin,template_boilerplate,Tl 2011 ovel na populazion de 771.
Adapota,ladin,template_boilerplate,Adapota ie n luech te l'India tl stat federel Bengal dl Vest.
Adapota,ladin,template_boilerplate,L ie tl Krishnanagar I community development block dl raion Krishnanagar Sadar.
Adapota,ladin,template_boilerplate,Tl 2011 ovel na populazion de 1 095.
Adapur,ladin,template_boilerplate,Adapur ie n luech te l'India tl stat federel Karnataka.
Adapur,ladin,template_boilerplate,L ie tl Lingsugur Taluk dl raion Raichur.
Adapur,ladin,template_boilerplate,Tl 2011 ovel na populazion de 1 022.
Adapura_(Koppal),ladin,template_boilerplate,Adapura (Koppal) ie n luech te l'India tl stat federel Karnataka.
Adapura_(Koppal),ladin,template_boilerplate,Tl 2011 ovel na populazion de 1 283.
Adardi,ladin,template_boilerplate,Adardi ie n luech te l'India tl stat federel Bengal dl Vest.
Adardi,ladin,template_boilerplate,L ie tl Jhalda II community development block dl raion Jhalda.
Adardi,ladin,template_boilerplate,Tl 2011 ovel na populazion de 1 980.
Adarra,ladin,template_boilerplate,L Adarra ie n crëp te la Spania.
Adartza,ladin,template_boilerplate,L Adartza ie n crëp te la Franzia.
Adartza,ladin,template_boilerplate,L toca pra la ciadëina de crëps Ciadëina de Adartza y à na autëza de 1 250 metri.
Adasimla,ladin,template_boilerplate,Adasimla ie n luech te l'India tl stat federel Bengal dl Vest.
Adasimla,ladin,template_boilerplate,L ie tl Sabang community development block dl raion Kharagpur.
Adasimla,ladin,template_boilerplate,Tl 2011 ovel na populazion de 4 622.
Adatala,ladin,template_boilerplate,Adatala ie n luech te l'India tl stat federel Bengal dl Vest.
Adatala,ladin,template_boilerplate,L ie tl Bamangola community development block dl raion Malda Sadar.
Adatala,ladin,template_boilerplate,Tl 2011 ovel na populazion de 2 403.
Adatepe,ladin,template_boilerplate,L Adatepe ie n crëp te la Bulgaria.
Adavi_Devula_Palle,ladin,template_boilerplate,Tl 2011 ovel na populazion de 7 556.
Adavibhavi,ladin,template_boilerplate,Adavibhavi ie n luech te l'India tl stat federel Karnataka.
Adavibhavi,ladin,template_boilerplate,Tl 2011 ovel na populazion de 1 351.
Adbaston_(Staffordshire),ladin,template_boilerplate,Adbaston ie n luech te la Nghiltiera te la contea zeremoniela Staffordshire.
Adda_Gudur,ladin,template_boilerplate,Adda Gudur ie n luech te l'India tl stat federel Telangana.
Adda_Gudur,ladin,template_boilerplate,Tl 2011 ovel na populazion de 5 611.
Addada,ladin,template_boilerplate,Addada ie n luech te l'India tl stat federel Karnataka.
Addada,ladin,template_boilerplate,L ie tl Koppa Taluk dl raion Chikmagalur.
Addada,ladin,template_boilerplate,Tl 2011 ovel na populazion de 1 375.
Addagadde,ladin,template_boilerplate,Addagadde ie n luech te l'India tl stat federel Karnataka.
Addagadde,ladin,template_boilerplate,L ie tl Sringeri Taluk dl raion Chikmagalur.
Addagadde,ladin,template_boilerplate,Tl 2011 ovel na populazion de 725.
Addagal,ladin,template_boilerplate,Addagal ie n luech te l'India tl stat federel Karnataka.
Addagal,ladin,template_boilerplate,Tl 2011 ovel na populazion de 2 029.
Addakal,ladin,template_boilerplate,Addakal ie n luech te l'India tl stat federel Telangana.
Addakal,ladin,template_boilerplate,L ie tl Addakal mandal dl raion Mahbubnagar.
Addakal,ladin,template_boilerplate,Tl 2011 ovel na populazion de 4 491.
Addanki,ladin,template_boilerplate,Addanki ie n luech te l'India tl stat federel Andhra Pradesh.
Addanki,ladin,template_boilerplate,Addanki ie tl Addanki mandal dl raion Bapatla.
Addanki,ladin,template_boilerplate,Tl 2011 ovel na populazion de 43 850.
Addanki_(North),ladin,template_boilerplate,Tl 2011 ovel na populazion de 33 083.
Addatheegala,ladin,template_boilerplate,Addatheegala ie n luech te l'India tl stat federel Andhra Pradesh.
Addatheegala,ladin,template_boilerplate,Tl 2011 ovel na populazion de 6 002.
Added,ladin,template_boilerplate,L Added ie na ciadëina de crëps tl Eritrea.
Added,ladin,template_boilerplate,Si pont plu aut ie a 619 metri.
Adderbury,ladin,template_boilerplate,Adderbury ie n luech te la Nghiltiera te la contea zeremoniela Oxfordshire.
Adderley,ladin,template_boilerplate,Adderley ie n luech te la Nghiltiera te la contea zeremoniela Shropshire.
Addieville_(Illinois),ladin,template_boilerplate,Addieville ie na zità tl Illinois te i Stac Unii d’America.
Addieville_(Illinois),ladin,template_boilerplate,"Tl 2019 ovela na populazion de 386 sun na spersa de 2,6 km²."
Addieville_(Illinois),ladin,template_boilerplate,Addieville fej pert de la contea Washington.
Addingham,ladin,template_boilerplate,Tl 2019 ovel na populazion de 3 599 abitanc.
Addington_(Buckinghamshire),ladin,template_boilerplate,Addington ie n luech te la Nghiltiera te la contea zeremoniela Buckinghamshire.
Addington_(Kent),ladin,template_boilerplate,Addington ie n luech te la Nghiltiera te la contea zeremoniela Kent.
Addington_(Oklahoma),ladin,template_boilerplate,Addington ie n luech tl Oklahoma te i Stac Unii d’America.
Addington_(Oklahoma),ladin,template_boilerplate,"Tl 2019 ovel na populazion de 95 sun na spersa de 3,2 km²."
Addington_(Oklahoma),ladin,template_boilerplate,Addington fej pert de la contea Jefferson.
Addis_(Louisiana),ladin,template_boilerplate,Addis ie na zità te la Louisiana te i Stac Unii d’America.
Addis_(Louisiana),ladin,template_boilerplate,"Tl 2019 ovela na populazion de 5 635 sun na spersa de 10,9 km²."
Addison_(Alabama),ladin,template_boilerplate,"Tl 2019 ovel na populazion de 723 sun na spersa de 9,8 km²."
Addison_(Alabama),ladin,template_boilerplate,Addison fej pert de la contea Winston.
Addison_(Illinois),ladin,template_boilerplate,Addison ie na zità tl Illinois te i Stac Unii d’America.
Addison_(Illinois),ladin,template_boilerplate,"Tl 2019 ovela na populazion de 36 714 sun na spersa de 25,5 km²."
Addison_(Illinois),ladin,template_boilerplate,Addison fej pert de la contea DuPage.
Addison_(Michigan),ladin,template_boilerplate,Addison ie n luech tl Michigan te i Stac Unii d’America.
Addison_(Michigan),ladin,template_boilerplate,"Tl 2019 ovel na populazion de 633 sun na spersa de 2,5 km²."
Addison_(Michigan),ladin,template_boilerplate,Addison fej pert de la contea Lenawee.
Addison_(Texas),ladin,template_boilerplate,Addison ie na zità tl Texas te i Stac Unii d’America.
Addison_(Texas),ladin,template_boilerplate,"Tl 2019 ovela na populazion de 15 428 sun na spersa de 11,3 km²."
Addison_(Texas),ladin,template_boilerplate,Addison fej pert de la contea Dallas.
Addison_(West_Virginia),ladin,template_boilerplate,Addison ie n luech tl West Virginia te i Stac Unii d’America.
Addison_(West_Virginia),ladin,template_boilerplate,"Tl 2019 ovel na populazion de 1 284 sun na spersa de 1,2 km²."
Addison_(West_Virginia),ladin,template_boilerplate,Addison fej pert de la contea Webster.
Addlestone,ladin,template_boilerplate,Addlestone ie n luech te la Nghiltiera te la contea zeremoniela Surrey.
Addlestone,ladin,template_boilerplate,Tl 2019 ovel na populazion de 17 740 abitanc.
Addlethorpe,ladin,template_boilerplate,Addlethorpe ie n luech te la Nghiltiera te la contea zeremoniela Lincolnshire.
Addo_Heights,ladin,template_boilerplate,L Addo Heights ie na ciadëina de crëps tl Sudafrica.
Addo_Heights,ladin,template_boilerplate,Si pont plu aut ie a 293 metri.
Addy_(Washington),ladin,template_boilerplate,"Tl 2019 ovel na populazion de 40 sun na spersa de 0,2 km²."
Addy_(Washington),ladin,template_boilerplate,Addy fej pert de la contea Stevens.
Addyston_(Ohio),ladin,template_boilerplate,Addyston ie n luech tl Ohio te i Stac Unii d’America.
Addyston_(Ohio),ladin,template_boilerplate,"Tl 2019 ovel na populazion de 951 sun na spersa de 2,2 km²."
Addyston_(Ohio),ladin,template_boilerplate,Addyston fej pert de la contea Hamilton.
Adebdeb_Idegazane,ladin,template_boilerplate,L Adebdeb Idegazane ie na ciadëina de crëps tl Niger.
Adebdeb_Idegazane,ladin,template_boilerplate,Si pont plu aut ie a 691 metri.
Adeh,ladin,template_boilerplate,Si pont plu aut ie a 328 metri.
Adel_(Georgia_(stat_American)),ladin,template_boilerplate,Adel ie na zità te la Georgia te i Stac Unii d’America.
Adel_(Georgia_(stat_American)),ladin,template_boilerplate,"Tl 2019 ovela na populazion de 5 297 sun na spersa de 23,4 km²."
Adel_(Georgia_(stat_American)),ladin,template_boilerplate,Adel fej pert de la contea Cook.
Adel_(Iowa),ladin,template_boilerplate,Adel ie na zità tl Iowa te i Stac Unii d’America.
Adel_(Iowa),ladin,template_boilerplate,"Tl 2019 ovela na populazion de 4 924 sun na spersa de 13,8 km²."
Adel_(Iowa),ladin,template_boilerplate,Adel fej pert de la contea Dallas.
Adelaide_Peak,ladin,template_boilerplate,L Adelaide Peak ie n crëp ti Stac Unii.
Adelanto_(California),ladin,template_boilerplate,Adelanto ie na zità te la California te i Stac Unii d’America.
Adelanto_(California),ladin,template_boilerplate,Adelanto fej pert de la contea San Bernardino.
Adelberg,ladin,template_boilerplate,Adelberg ie n chemun te la Germania tl Landkreis Göppingen dl stat federel Baden-Württemberg.
Adelberg,ladin,template_boilerplate,"Tl 2020 ovel na populazion de 1 989 sun na spersa de 9,49 km²."
Adelbert_Range,ladin,template_boilerplate,Si pont plu aut ie a 1 716 metri.
Adelebsen,ladin,template_boilerplate,Adelebsen ie n chemun te la Germania tl Landkreis Göttingen dl stat federel Niedersachsen.
Adelebsen,ladin,template_boilerplate,"Tl 2020 ovel na populazion de 6 201 sun na spersa de 76,09 km²."
Adelfia,ladin,template_boilerplate,Adelfia ie n chemun talian te la zità metropolitana de Bari te la Puglia.
Adelfia,ladin,template_boilerplate,"Tl 2021 ovel na populazion de 16 973 sun na spersa de 29,73 km²."
Adelheidsdorf,ladin,template_boilerplate,Adelheidsdorf ie n chemun te la Germania tl Landkreis Celle dl stat federel Niedersachsen.
Adelheidsdorf,ladin,template_boilerplate,"Tl 2020 ovel na populazion de 2 772 sun na spersa de 33,26 km²."
Adeline_(Illinois),ladin,template_boilerplate,Adeline ie n luech tl Illinois te i Stac Unii d’America.
Adeline_(Illinois),ladin,template_boilerplate,"Tl 2019 ovel na populazion de 99 sun na spersa de 1,6 km²."
Adeline_(Illinois),ladin,template_boilerplate,Adeline fej pert de la contea Ogle.
Adelino_(New_Mexico),ladin,template_boilerplate,Adelino ie n luech tl New Mexico te i Stac Unii d’America.
Adelino_(New_Mexico),ladin,template_boilerplate,"Tl 2019 ovel na populazion de 1 110 sun na spersa de 7,8 km²."
Adelino_(New_Mexico),ladin,template_boilerplate,Adelino fej pert de la contea Valencia.
Adell_(Wisconsin),ladin,template_boilerplate,Adell ie n luech tl Wisconsin te i Stac Unii d’America.
Adell_(Wisconsin),ladin,template_boilerplate,"Tl 2019 ovel na populazion de 541 sun na spersa de 1,4 km²."
Adell_(Wisconsin),ladin,template_boilerplate,Adell fej pert de la contea Sheboygan.
Adelmannsfelden,ladin,template_boilerplate,"Tl 2020 ovel na populazion de 1 710 sun na spersa de 22,9 km²."
Adelphi_(Maryland),ladin,template_boilerplate,Adelphi ie na zità tl Maryland te i Stac Unii d’America.
Adelphi_(Maryland),ladin,template_boilerplate,Adelphi fej pert de la contea Prince George's.
Adelphi_(Ohio),ladin,template_boilerplate,Adelphi ie na zità tl Ohio te i Stac Unii d’America.
Adelphi_(Ohio),ladin,template_boilerplate,"Tl 2019 ovela na populazion de 371 sun na spersa de 1,4 km²."
Adelphi_(Ohio),ladin,template_boilerplate,Adelphi fej pert de la contea Ross.
Adelsberg,ladin,template_boilerplate,L Adelsberg ie n crëp te la Germania.
Adelsberg,ladin,template_boilerplate,"L toca pra la ciadëina de crëps Erzgebirge y à na autëza de 508,4 metri."
Adelschlag,ladin,template_boilerplate,Adelschlag ie n chemun te la Germania tl Landkreis Eichstätt dl stat federel Paiern.
Adelschlag,ladin,template_boilerplate,"Tl 2020 ovel na populazion de 3 025 sun na spersa de 51,95 km²."
Adelsdorf,ladin,template_boilerplate,"Tl 2020 ovel na populazion de 9 127 sun na spersa de 31,68 km²."
Adelsheim,ladin,template_boilerplate,"Tl 2020 ovel na populazion de 5 099 sun na spersa de 43,84 km²."
Adelshofen,ladin,template_boilerplate,Adelshofen ie n chemun te la Germania tl Landkreis Fürstenfeldbruck dl stat federel Paiern.
Adelshofen,ladin,template_boilerplate,"Tl 2020 ovel na populazion de 1 768 sun na spersa de 13,28 km²."
Adelsried,ladin,template_boilerplate,Adelsried ie n chemun te la Germania tl Landkreis Augsburg dl stat federel Paiern.
Adelsried,ladin,template_boilerplate,"Tl 2020 ovel na populazion de 2 414 sun na spersa de 9,7 km²."
Adelzhausen,ladin,template_boilerplate,"Tl 2020 ovel na populazion de 1 771 sun na spersa de 16,95 km²."
Ademplì,ladin,numeric_junk,"G 1923; L 1933; Ma 1953; F 2002; DLS 2002, fas."
Ademuz,ladin,template_boilerplate,"Tl 2018 ovel na populazion de 1 000 ti cunfins dl chemun, sun na spersa de 100,42 km²."
Aden_Crater,ladin,template_boilerplate,L Aden Crater ie n crëp ti Stac Unii.
Aden_Crater,ladin,template_boilerplate,L à na autëza de 1 365 metri.
Adena_(Ohio),ladin,template_boilerplate,Adena ie n luech tl Ohio te i Stac Unii d’America.
Adena_(Ohio),ladin,template_boilerplate,"Tl 2019 ovel na populazion de 682 sun na spersa de 1,4 km²."
Adena_(Ohio),ladin,template_boilerplate,Adena fej pert de la contea Jefferson.
Adenau,ladin,template_boilerplate,Adenau ie n chemun te la Germania tl Landkreis Vulkaneifel dl stat federel Rheinland-Pfalz.
Adenau,ladin,template_boilerplate,"Tl 2020 ovel na populazion de 2 955 sun na spersa de 18,56 km²."
Adenbach,ladin,template_boilerplate,Adenbach ie n chemun te la Germania tl Landkreis Kusel dl stat federel Rheinland-Pfalz.
Adenbach,ladin,template_boilerplate,"Tl 2020 ovel na populazion de 148 sun na spersa de 2,94 km²."
Adenbüttel,ladin,template_boilerplate,Adenbüttel ie n chemun te la Germania tl Landkreis Gifhorn dl stat federel Niedersachsen.
Adenbüttel,ladin,template_boilerplate,"Tl 2020 ovel na populazion de 1 788 sun na spersa de 13,7 km²."
Adendorf,ladin,template_boilerplate,Adendorf ie n chemun te la Germania tl Landkreis Lüneburg dl stat federel Niedersachsen.
Adendorf,ladin,template_boilerplate,"Tl 2020 ovel na populazion de 10 890 sun na spersa de 16,08 km²."
Ader-en-Tagaït,ladin,template_boilerplate,Si pont plu aut ie a 528 metri.
Aderes,ladin,template_boilerplate,Si pont plu aut ie a 786 metri.
Adforton,ladin,template_boilerplate,Adforton ie n luech te la Nghiltiera te la contea zeremoniela Herefordshire.
Adhale_Budruk,ladin,template_boilerplate,Adhale Budruk ie n luech te l'India tl stat federel Maharashtra.
Adhale_Budruk,ladin,template_boilerplate,Tl 2011 ovel na populazion de 1 574.
Adhanakurichi,ladin,template_boilerplate,Adhanakurichi ie n luech te l'India tl stat federel Tamil Nadu.
Adhanakurichi,ladin,template_boilerplate,Tl 2011 ovel na populazion de 3 772.
Adhata,ladin,template_boilerplate,Adhata ie n luech te l'India tl stat federel Bengal dl Vest.
Adhata,ladin,template_boilerplate,Adhata ie tl Amdanga community development block dl raion Barasat Sadar.
Adhata,ladin,template_boilerplate,Tl 2011 ovel na populazion de 4 883.
Adhkadāt_al_Madraj,ladin,template_boilerplate,Si pont plu aut ie a 1 052 metri.
Adhkara,ladin,template_boilerplate,Adhkara ie n luech te l'India tl stat federel Bengal dl Vest.
Adhkara,ladin,template_boilerplate,L ie tl Taldangra community development block dl raion Khatra.
Adhkara,ladin,template_boilerplate,Tl 2011 ovel na populazion de 2 630.
Adhla,ladin,template_boilerplate,Adhla ie n luech te l'India tl stat federel Bengal dl Vest.
Adhla,ladin,template_boilerplate,L ie tl Canning I community development block dl raion Canning.
Adhla,ladin,template_boilerplate,Tl 2011 ovel na populazion de 2 964.
Adhna,ladin,template_boilerplate,Adhna ie n luech te l'India tl stat federel Bengal dl Vest.
Adhna,ladin,template_boilerplate,L ie tl Gazole community development block dl raion Malda Sadar.
Adhna,ladin,template_boilerplate,Tl 2011 ovel na populazion de 893.
Adhuri,ladin,template_boilerplate,Adhuri ie n luech te l'India tl stat federel Bengal dl Vest.
Adhuri,ladin,template_boilerplate,L ie tl Saltora community development block dl raion Bankura Sadar.
Adhuri,ladin,template_boilerplate,Tl 2011 ovel na populazion de 1 226.
Adi,ladin,template_boilerplate,L Adi ie n crëp te la Spania.
Adi,ladin,template_boilerplate,L toca pra la ciadëina de crëps Ciadëina de Adi y à na autëza de 1 458 metri.
Adi_Kailash,ladin,template_boilerplate,L Adi Kailash ie n crëp te la India.
Adi_Kailash,ladin,template_boilerplate,L toca pra la ciadëina de crëps Himalaia y à na autëza de 6 191 metri.
Adiar,ladin,template_boilerplate,Adiar ie n luech te l'India tl stat federel Bengal dl Vest.
Adiar,ladin,template_boilerplate,Adiar ie tl Raiganj community development block dl raion Raiganj.
Adiar,ladin,template_boilerplate,Tl 2011 ovel na populazion de 5 834.
Adigebylu,ladin,template_boilerplate,Adigebylu ie n luech te l'India tl stat federel Karnataka.
Adigebylu,ladin,template_boilerplate,Tl 2011 ovel na populazion de 1 943.
Adigoppula,ladin,template_boilerplate,Adigoppula ie n luech te l'India tl stat federel Andhra Pradesh.
Adigoppula,ladin,template_boilerplate,Adigoppula ie tl Durgi mandal dl raion Palnadu.
Adigoppula,ladin,template_boilerplate,Tl 2011 ovel na populazion de 8 816.
Adihudi,ladin,template_boilerplate,Adihudi ie n luech te l'India tl stat federel Karnataka.
Adihudi,ladin,template_boilerplate,Adihudi ie tl Jamkhandi Taluk dl raion Vijaypura.
Adihudi,ladin,template_boilerplate,Tl 2011 ovel na populazion de 5 407.
Adilpur,ladin,template_boilerplate,Adilpur ie n luech te l'India tl stat federel Bengal dl Vest.
Adilpur,ladin,template_boilerplate,L ie tl Indas community development block dl raion Bishnupur.
Adilpur,ladin,template_boilerplate,Tl 2011 ovel na populazion de 1 310.
Adin_(California),ladin,template_boilerplate,Adin ie na zità te la California te i Stac Unii d’America.
Adin_(California),ladin,template_boilerplate,"Tl 2019 ovela na populazion de 209 sun na spersa de 7,7 km²."
Adin_(California),ladin,template_boilerplate,Adin fej pert de la contea Modoc.
Adina,ladin,template_boilerplate,Adina ie n luech te l'India tl stat federel Bengal dl Vest.
Adina,ladin,template_boilerplate,Adina ie tl Gazole community development block dl raion Malda Sadar.
Adina,ladin,template_boilerplate,Tl 2011 ovel na populazion de 6 581.
Adisham,ladin,template_boilerplate,Adisham ie n luech te la Nghiltiera te la contea zeremoniela Kent.
Adissan,ladin,template_boilerplate,Tl 2019 ovel na populazion de 1 241.
Adityapur,ladin,template_boilerplate,Adityapur ie n luech te l'India tl stat federel Bengal dl Vest.
Adityapur,ladin,template_boilerplate,L ie tl Krishnaganj community development block dl raion Krishnanagar Sadar.
Adityapur,ladin,template_boilerplate,Tl 2011 ovel na populazion de 3 875.
Adityapur_(M),ladin,template_boilerplate,Adityapur (M) ie n luech te l'India tl stat federel Bengal dl Vest.
Adityapur_(M),ladin,template_boilerplate,Tl 2011 ovel na populazion de 1 145.
Adivemula,ladin,template_boilerplate,Adivemula ie n luech te l'India tl stat federel Telangana.
Adivemula,ladin,template_boilerplate,Tl 2011 ovel na populazion de 1 801.
Adivi,ladin,template_boilerplate,Adivi ie n luech te l'India tl stat federel Andhra Pradesh.
Adivi,ladin,template_boilerplate,Adivi ie tl Bapatla mandal dl raion Bapatla.
Adivi,ladin,template_boilerplate,Tl 2011 ovel na populazion de 7 581.
Adiviravulapadu,ladin,template_boilerplate,Adiviravulapadu ie n luech te l'India tl stat federel Andhra Pradesh.
Adiviravulapadu,ladin,template_boilerplate,L ie tl Nandigama mandal dl raion NTR.
Adiviravulapadu,ladin,template_boilerplate,Tl 2011 ovel na populazion de 2 101.
Adiós,ladin,template_boilerplate,"Tl 2018 ovel na populazion de 165 ti cunfins dl chemun, sun na spersa de 8,3 km²."
Adjaga,ladin,template_boilerplate,L toca pra la ciadëina de crëps Gran Caucas y à na autëza de 3 059 metri.
Adjit,ladin,template_boilerplate,L Adjit ie n crëp te la Norvegia.
Adjuntas_(Puerto_Rico),ladin,template_boilerplate,"Tl 2019 ovela na populazion de 4 360 sun na spersa de 1,9 km²."
Adjuntas_(Puerto_Rico),ladin,template_boilerplate,Adjuntas fej pert de la contea Adjuntas.
Adkalgud,ladin,template_boilerplate,Adkalgud ie n luech te l'India tl stat federel Karnataka.
Adkalgud,ladin,template_boilerplate,L ie tl Devadurga dl raion Raichur.
Adkalgud,ladin,template_boilerplate,Tl 2011 ovel na populazion de 1 278.
Adlerfels,ladin,template_boilerplate,L Adlerfels ie n crëp te la Germania.
Adlerfels,ladin,template_boilerplate,"L toca pra la ciadëina de crëps Erzgebirge y à na autëza de 778,1 metri."
Adlerhorn,ladin,template_boilerplate,L Adlerhorn ie n crëp te la Svizra.
Adlersberg,ladin,template_boilerplate,L Adlersberg ie n crëp te la Germania.
Adlersberg,ladin,template_boilerplate,"L toca pra la ciadëina de crëps Harz y à na autëza de 593,2 metri."
Adlerstein,ladin,template_boilerplate,L Adlerstein ie n crëp te la Germania.
Adlestrop,ladin,template_boilerplate,Adlestrop ie n luech te la Nghiltiera te la contea zeremoniela Gloucestershire.
Adlington,ladin,template_boilerplate,Adlington ie n luech te la Nghiltiera te la contea zeremoniela Lancashire.
Adlington,ladin,template_boilerplate,Tl 2019 ovel na populazion de 9 868 abitanc.
Adlington_(Cheshire),ladin,template_boilerplate,Adlington ie n luech te la Nghiltiera te la contea zeremoniela Cheshire.
Adlisberg,ladin,template_boilerplate,L Adlisberg ie n crëp te la Svizra.
Adlkofen,ladin,template_boilerplate,Adlkofen ie n chemun te la Germania tl Landkreis Landshut dl stat federel Paiern.
Adlkofen,ladin,template_boilerplate,"Tl 2020 ovel na populazion de 4 378 sun na spersa de 47,86 km²."
Adlur,ladin,template_boilerplate,Adlur ie n luech te l'India tl stat federel Telangana.
Adlur,ladin,template_boilerplate,L ie tl Sali Gouraram dl raion Nalgonda.
Adlur,ladin,template_boilerplate,Tl 2011 ovel na populazion de 2 957.
Adlwang,ladin,template_boilerplate,"Ai 1 de jené 2022Template:FormatDate/Wartung/Error ovel na populazion de 1 964 sun na spersa de 17,21 km²."
Admannshagen-Bargeshagen,ladin,template_boilerplate,"Tl 2020 ovel na populazion de 2 899 sun na spersa de 15,77 km²."
Admapur,ladin,template_boilerplate,Admapur ie n luech te l'India tl stat federel Telangana.
Admapur,ladin,template_boilerplate,Tl 2011 ovel na populazion de 718.
Admington,ladin,template_boilerplate,Admington ie n luech te la Nghiltiera te la contea zeremoniela Gloucestershire.
Admiralen_Peak,ladin,template_boilerplate,L Admiralen Peak ie n crëp te l'Antartis.
Admiralen_Peak,ladin,template_boilerplate,L à na autëza de 305 metri.
Admiralty_Peak,ladin,template_boilerplate,L à na autëza de 945 metri.
Admire_(Kansas),ladin,template_boilerplate,Admire ie n luech tl Kansas te i Stac Unii d’America.
Admire_(Kansas),ladin,template_boilerplate,Admire fej pert de la contea Lyon.
Admont,ladin,template_boilerplate,"Ai 1 de jené 2022Template:FormatDate/Wartung/Error ovel na populazion de 4 957 sun na spersa de 300,02 km²."
Admonter_Reichenstein,ladin,template_boilerplate,L Admonter Reichenstein ie n crëp te l'Austria.
Admonter_Reichenstein,ladin,template_boilerplate,L toca pra la ciadëina de crëps Elpes de Ennstal y à na autëza de 2 251 metri.
Adnet,ladin,template_boilerplate,"Ai 1 de jené 2021Template:FormatDate/Wartung/Error ovel na populazion de 3 675 sun na spersa de 30,01 km²."
Adneter_Riedl,ladin,template_boilerplate,L Adneter Riedl ie n crëp te l'Austria.
Adneter_Riedl,ladin,template_boilerplate,L à na autëza de 470 metri.
Adobe_Hills,ladin,template_boilerplate,Si pont plu aut ie a 2 322 metri.
Adobe_Range,ladin,template_boilerplate,Si pont plu aut ie a 2 479 metri.
Adobes,ladin,template_boilerplate,"Tl 2018 ovel na populazion de 28 ti cunfins dl chemun, sun na spersa de 32,66 km²."
Adolfsburg,ladin,template_boilerplate,L Adolfsburg ie n crëp te la Germania.
Adolfsburg,ladin,template_boilerplate,"L toca pra la ciadëina de crëps Falkener Platte y à na autëza de 378,7 metri."
Adona_(Arkansas),ladin,template_boilerplate,Adona ie n luech tl Arkansas te i Stac Unii d’America.
Adona_(Arkansas),ladin,template_boilerplate,"Tl 2019 ovel na populazion de 198 sun na spersa de 2,5 km²."
Adona_(Arkansas),ladin,template_boilerplate,Adona fej pert de la contea Perry.
Adoni,ladin,template_boilerplate,Adoni ie tl Adoni mandal dl raion Kurnool.
Adoor,ladin,template_boilerplate,Adoor ie n luech te l'India tl stat federel Karnataka.
Adoor,ladin,template_boilerplate,L ie tl Yelbarga Taluk dl raion Koppal.
Adoor,ladin,template_boilerplate,Tl 2011 ovel na populazion de 1 706.
Ador,ladin,template_boilerplate,"Tl 2018 ovel na populazion de 1 706 ti cunfins dl chemun, sun na spersa de 13,81 km²."
Adorf/Vogtl.,ladin,template_boilerplate,"Tl 2020 ovel na populazion de 4 841 sun na spersa de 42,97 km²."
Adparakumrul,ladin,template_boilerplate,Adparakumrul ie n luech te l'India tl stat federel Bengal dl Vest.
Adparakumrul,ladin,template_boilerplate,Tl 2011 ovel na populazion de 2 863.
Adra,ladin,template_boilerplate,Adra ie n luech te l'India tl stat federel Bengal dl Vest.
Adra,ladin,template_boilerplate,Adra ie tl Kashipur community development block dl raion Raghunathpur.
Adra,ladin,template_boilerplate,Tl 2011 ovel na populazion de 14 956.
Adrada_de_Haza,ladin,template_boilerplate,"Tl 2018 ovel na populazion de 199 ti cunfins dl chemun, sun na spersa de 10 km²."
Adrada_de_Pirón,ladin,template_boilerplate,"Tl 2018 ovel na populazion de 38 ti cunfins dl chemun, sun na spersa de 10 km²."
Adradas,ladin,template_boilerplate,Adradas ie n chemun de la Spania te la provinzia de Soria de la Castilia y León.
Adradas,ladin,template_boilerplate,"Tl 2018 ovel na populazion de 60 ti cunfins dl chemun, sun na spersa de 67,47 km²."
Adrados,ladin,template_boilerplate,Adrados ie n chemun de la Spania te la provinzia de Segovia de la Castilia y León.
Adrados,ladin,template_boilerplate,"Tl 2018 ovel na populazion de 120 ti cunfins dl chemun, sun na spersa de 16 km²."
Adrahati,ladin,template_boilerplate,Adrahati ie n luech te l'India tl stat federel Bengal dl Vest.
Adrahati,ladin,template_boilerplate,Tl 2011 ovel na populazion de 3 774.
Adrak_I-n-Taghéris,ladin,template_boilerplate,Si pont plu aut ie a 816 metri.
Adrano,ladin,template_boilerplate,Adrano ie n chemun talian te la zità metropolitana de Catania te la Sizilia.
Adrano,ladin,template_boilerplate,"Tl 2021 ovel na populazion de 35332 sun na spersa de 82,51 km²."
Adrar-Plateau,ladin,template_boilerplate,L Adrar-Plateau ie na ciadëina de crëps te la Mauritania.
Adrar-Plateau,ladin,template_boilerplate,Si pont plu aut ie a 340 metri.
Adrar-n-Arabene,ladin,template_boilerplate,Si pont plu aut ie a 1 097 metri.
Adrar-n-Skokoritene,ladin,template_boilerplate,Si pont plu aut ie a 515 metri.
Adrar_Adesnou,ladin,template_boilerplate,L Adrar Adesnou ie na ciadëina de crëps tl Niger.
Adrar_Adesnou,ladin,template_boilerplate,Si pont plu aut ie a 1 113 metri.
Adrar_Agouatène,ladin,template_boilerplate,L Adrar Agouatène ie na ciadëina de crëps tl Niger.
Adrar_Agouatène,ladin,template_boilerplate,Si pont plu aut ie a 701 metri.
Adrar_Amechekenchar,ladin,template_boilerplate,L Adrar Amechekenchar ie na ciadëina de crëps tl Mali.
Adrar_Amechekenchar,ladin,template_boilerplate,Si pont plu aut ie a 438 metri.
Adrar_Echit,ladin,template_boilerplate,L Adrar Echit ie na ciadëina de crëps tl Mali.
Adrar_Echit,ladin,template_boilerplate,Si pont plu aut ie a 456 metri.
Adrar_I-n-Zazzene,ladin,template_boilerplate,Si pont plu aut ie a 702 metri.
Adrar_Oua-n-Azanières,ladin,template_boilerplate,Si pont plu aut ie a 977 metri.
Adrar_Oua-n-Ounane,ladin,template_boilerplate,Si pont plu aut ie a 887 metri.
Adrar_Oua-n-Éouagh,ladin,template_boilerplate,Si pont plu aut ie a 731 metri.
Adrar_Tessiguiddil,ladin,template_boilerplate,L Adrar Tessiguiddil ie na ciadëina de crëps tl Niger.
Adrar_Tessiguiddil,ladin,template_boilerplate,Si pont plu aut ie a 1 413 metri.
Adrar_Touésset,ladin,template_boilerplate,L Adrar Touésset ie na ciadëina de crëps tl Niger.
Adrar_Touésset,ladin,template_boilerplate,Si pont plu aut ie a 831 metri.
Adrar_Yaouêlt,ladin,template_boilerplate,L Adrar Yaouêlt ie na ciadëina de crëps tl Niger.
Adrar_Yaouêlt,ladin,template_boilerplate,Si pont plu aut ie a 570 metri.
Adrar_de_Tassos,ladin,template_boilerplate,Si pont plu aut ie a 1 156 metri.
Adrar_des_Ifoghas,ladin,template_boilerplate,Si pont plu aut ie a 890 metri.
Adrar_ti-n-Edemba,ladin,template_boilerplate,Si pont plu aut ie a 501 metri.
Adrar_Éberjeguï,ladin,template_boilerplate,L Adrar Éberjeguï ie na ciadëina de crëps tl Niger.
Adrar_Éberjeguï,ladin,template_boilerplate,Si pont plu aut ie a 835 metri.
Adrar_Égalah,ladin,template_boilerplate,L Adrar Égalah ie na ciadëina de crëps tl Niger.
Adrar_Égalah,ladin,template_boilerplate,Si pont plu aut ie a 1 488 metri.
Adrar_Élgato,ladin,template_boilerplate,L Adrar Élgato ie na ciadëina de crëps tl Niger.
Adrar_Élgato,ladin,template_boilerplate,Si pont plu aut ie a 605 metri.
Adrara_San_Martino,ladin,template_boilerplate,"Tl 2021 ovel na populazion de 2158 sun na spersa de 12,53 km²."
Adrara_San_Rocco,ladin,template_boilerplate,"Tl 2021 ovel na populazion de 833 sun na spersa de 9,09 km²."
Adria,ladin,template_boilerplate,"Tl 2021 ovel na populazion de 20211 sun na spersa de 113,52 km²."
Adrian_(Georgia_(stat_American)),ladin,template_boilerplate,"Tl 2019 ovel na populazion de 722 sun na spersa de 3,6 km²."
Adrian_(Georgia_(stat_American)),ladin,template_boilerplate,Adrian fej pert de la contea Johnson.
Adrian_(Michigan),ladin,template_boilerplate,Adrian ie na zità tl Michigan te i Stac Unii d’America.
Adrian_(Michigan),ladin,template_boilerplate,"Tl 2019 ovela na populazion de 20 550 sun na spersa de 20,8 km²."
Adrian_(Michigan),ladin,template_boilerplate,Adrian fej pert de la contea Lenawee.
Adrian_(Minnesota),ladin,template_boilerplate,Adrian ie n luech tl Minnesota te i Stac Unii d’America.
Adrian_(Minnesota),ladin,template_boilerplate,Adrian fej pert de la contea Nobles.
Adrian_(Missouri),ladin,template_boilerplate,Adrian ie n luech tl Missouri te i Stac Unii d’America.
Adrian_(Missouri),ladin,template_boilerplate,"Tl 2019 ovel na populazion de 2 058 sun na spersa de 4,3 km²."
Adrian_(Missouri),ladin,template_boilerplate,Adrian fej pert de la contea Bates.
Adrian_(Oregon),ladin,template_boilerplate,Adrian ie na zità tl Oregon te i Stac Unii d’America.
Adrian_(Oregon),ladin,template_boilerplate,"Tl 2019 ovela na populazion de 224 sun na spersa de 0,9 km²."
Adrian_(Oregon),ladin,template_boilerplate,Adrian fej pert de la contea Malheur.
Adrian_(Texas),ladin,template_boilerplate,Adrian ie n luech tl Texas te i Stac Unii d’America.
Adrian_(Texas),ladin,template_boilerplate,"Tl 2019 ovel na populazion de 129 sun na spersa de 1,2 km²."
Adrian_(Texas),ladin,template_boilerplate,Adrian fej pert de la contea Oldham.
Adrian_(West_Virginia),ladin,template_boilerplate,Adrian ie n luech tl West Virginia te i Stac Unii d’America.
Adrian_(West_Virginia),ladin,template_boilerplate,"Tl 2019 ovel na populazion de 130 sun na spersa de 2,2 km²."
Adrian_(West_Virginia),ladin,template_boilerplate,Adrian fej pert de la contea Upshur.
Adrildağları,ladin,template_boilerplate,Si pont plu aut ie a 2 053 metri.
Adro,ladin,template_boilerplate,Adro ie n chemun talian te la provinzia de Brescia te la Lombardia.
Adro,ladin,template_boilerplate,"Tl 2021 ovel na populazion de 7089 sun na spersa de 14,27 km²."
Adstock_(Buckinghamshire),ladin,template_boilerplate,Adstock ie n luech te la Nghiltiera te la contea zeremoniela Buckinghamshire.
Adstone,ladin,template_boilerplate,Adstone ie n luech te la Nghiltiera te la contea zeremoniela Northamptonshire.
Aduard,ladin,template_boilerplate,Aduard ie n luech ti Paejes Basc che toca pra l chemun de Westerkwartier te la provinzia de Groningen.
Aduna,ladin,template_boilerplate,"Tl 2018 ovel na populazion de 486 ti cunfins dl chemun, sun na spersa de 6,95 km²."
Aduria,ladin,template_boilerplate,Aduria ie n luech te l'India tl stat federel Bengal dl Vest.
Aduria,ladin,template_boilerplate,Tl 2011 ovel na populazion de 1 476.
Adusumalli,ladin,template_boilerplate,Adusumalli ie n luech te l'India tl stat federel Andhra Pradesh.
Adusumalli,ladin,template_boilerplate,L ie tl Parchur mandal dl raion Bapatla.
Adusumalli,ladin,template_boilerplate,Tl 2011 ovel na populazion de 2 064.
Aduvalli,ladin,template_boilerplate,Aduvalli ie n luech te l'India tl stat federel Karnataka.
Aduvalli,ladin,template_boilerplate,Tl 2011 ovel na populazion de 1 430.
Advance_(Indiana),ladin,template_boilerplate,Advance ie na zità tl Indiana te i Stac Unii d’America.
Advance_(Indiana),ladin,template_boilerplate,"Tl 2019 ovela na populazion de 423 sun na spersa de 1,5 km²."
Advance_(Indiana),ladin,template_boilerplate,Advance fej pert de la contea Boone.
Advance_(Michigan),ladin,template_boilerplate,Advance ie na zità tl Michigan te i Stac Unii d’America.
Advance_(Michigan),ladin,template_boilerplate,"Tl 2019 ovela na populazion de 372 sun na spersa de 7,2 km²."
Advance_(Michigan),ladin,template_boilerplate,Advance fej pert de la contea Charlevoix.
Advance_(Missouri),ladin,template_boilerplate,Advance ie n luech tl Missouri te i Stac Unii d’America.
Advance_(Missouri),ladin,template_boilerplate,"Tl 2019 ovel na populazion de 1 430 sun na spersa de 2,9 km²."
Advance_(Missouri),ladin,template_boilerplate,Advance fej pert de la contea Stoddard.
Advance_(North_Carolina),ladin,template_boilerplate,Advance ie n luech tl North Carolina te i Stac Unii d’America.
Advance_(North_Carolina),ladin,template_boilerplate,"Tl 2019 ovel na populazion de 1 135 sun na spersa de 18,6 km²."
Advance_(North_Carolina),ladin,template_boilerplate,Advance fej pert de la contea Davie.
Adventtoppen,ladin,template_boilerplate,L à na autëza de 786 metri.
Adventure_Time:_Explore_the_Dungeon_Because_I_Don't_Know!,ladin,citation_shape,Adventure Time: Explore the Dungeon Because I Don't Know! ie n videojuech svilupà da WayForward Technologies y publicà ai 15 nuvëmber 2013 da D3 Publisher.
Adventure_Time:_Hey_Ice_King!_Why'd_You_Steal_Our_Garbage?!!,ladin,template_boilerplate,Adventure Time: Hey Ice King!
Adventure_Time:_Hey_Ice_King!_Why'd_You_Steal_Our_Garbage?!!,ladin,citation_shape,Why'd You Steal Our Garbage?!! ie n videojuech svilupà da WayForward Technologies y publicà ai 20 nuvëmber 2012 da D3 Publisher.
Advi_Khanapur,ladin,template_boilerplate,Advi Khanapur ie n luech te l'India tl stat federel Karnataka.
Advi_Khanapur,ladin,template_boilerplate,L ie tl Manvi Taluk dl raion Raichur.
Advi_Khanapur,ladin,template_boilerplate,Tl 2011 ovel na populazion de 936.
Advibhavi,ladin,template_boilerplate,Advibhavi ie n luech te l'India tl stat federel Karnataka.
Advibhavi,ladin,template_boilerplate,Tl 2011 ovel na populazion de 2 285.
Adwa,ladin,template_boilerplate,L Adwa ie n crëp te l'Etiopia.
Adwadgi,ladin,template_boilerplate,Adwadgi ie n luech te l'India tl stat federel Karnataka.
Adwadgi,ladin,template_boilerplate,Tl 2011 ovel na populazion de 1 024.
Adwaita_Nagar,ladin,template_boilerplate,Adwaita Nagar ie n luech te l'India tl stat federel Bengal dl Vest.
Adwaita_Nagar,ladin,template_boilerplate,Tl 2011 ovel na populazion de 6 176.
Adwell,ladin,template_boilerplate,Adwell ie n luech te la Nghiltiera te la contea zeremoniela Oxfordshire.
Adwick_le_Street,ladin,template_boilerplate,Tl 2019 ovel na populazion de 19 222 abitanc.
Adwolf_(Virginia),ladin,template_boilerplate,Adwolf ie n luech tl Virginia te i Stac Unii d’America.
Adwolf_(Virginia),ladin,template_boilerplate,"Tl 2019 ovel na populazion de 1 771 sun na spersa de 23,9 km²."
Adwolf_(Virginia),ladin,template_boilerplate,Adwolf fej pert de la contea Smyth.
Adyakhanda,ladin,template_boilerplate,Adyakhanda ie n luech te l'India tl stat federel Bengal dl Vest.
Adyakhanda,ladin,template_boilerplate,Tl 2011 ovel na populazion de 1 228.
Aebtissinwisch,ladin,template_boilerplate,Aebtissinwisch ie n chemun te la Germania tl Kreis Steinburg dl stat federel Schleswig-Holstein.
Aebtissinwisch,ladin,template_boilerplate,"Tl 2020 ovel na populazion de 49 sun na spersa de 3,04 km²."
Aello_Peak,ladin,template_boilerplate,L Aello Peak ie n crëp ti Stac Unii.
Aelplihorn,ladin,template_boilerplate,L Aelplihorn ie n crëp te la Svizra.
Aerdenhout,ladin,template_boilerplate,Aerdenhout ie n luech ti Paejes Basc che toca pra l chemun de Bloemendaal te la provinzia de l'Olanda dl Nord.
Aerdt,ladin,template_boilerplate,Aerdt ie n luech ti Paejes Basc che toca pra l chemun de Zevenaar te la provinzia de Gelderland.
Aerzen,ladin,template_boilerplate,"Tl 2020 ovel na populazion de 10 557 sun na spersa de 105,26 km²."
Aetna_Estates_(Colorado),ladin,template_boilerplate,"Tl 2019 ovel na populazion de 1 231 sun na spersa de 1,2 km²."
Aetna_Estates_(Colorado),ladin,template_boilerplate,Aetna Estates fej pert de la contea Arapahoe.
Aeugsterberg,ladin,template_boilerplate,L Aeugsterberg ie n crëp te la Svizra.
Afafi-Massiv,ladin,template_boilerplate,L Afafi-Massiv ie na ciadëina de crëps tl Niger.
Afafi-Massiv,ladin,template_boilerplate,Si pont plu aut ie a 669 metri.
Afara,ladin,template_boilerplate,L Afara ie na ciadëina de crëps tl Niger.
Afara,ladin,template_boilerplate,Si pont plu aut ie a 475 metri.
Afarwat_Peak,ladin,template_boilerplate,L Afarwat Peak ie n crëp te la India.
Afarwat_Peak,ladin,template_boilerplate,L toca pra la ciadëina de crëps Ciadëina de Panjal y à na autëza de 4 390 metri.
Afdera,ladin,template_boilerplate,L Afdera ie n crëp te l'Etiopia.
Afentis_Christos_(Lasithi),ladin,template_boilerplate,L Afentis Christos ie n crëp te la Grecia.
Affalterbach,ladin,template_boilerplate,Affalterbach ie n chemun te la Germania tl Landkreis Ludwigsburg dl stat federel Baden-Württemberg.
Affalterbach,ladin,template_boilerplate,"Tl 2020 ovel na populazion de 4 514 sun na spersa de 10,15 km²."
Afferden,ladin,template_boilerplate,Afferden ie n luech ti Paejes Basc che toca pra l chemun de Bergen te la provinzia de l'Olanda dl Nord.
Affi,ladin,template_boilerplate,"Tl 2021 ovel na populazion de 2313 sun na spersa de 9,85 km²."
Affile,ladin,template_boilerplate,"Tl 2021 ovel na populazion de 1 563 sun na spersa de 15,03 km²."
Affing,ladin,template_boilerplate,"Tl 2020 ovel na populazion de 5 483 sun na spersa de 44,82 km²."
Affinghausen,ladin,template_boilerplate,Affinghausen ie n chemun te la Germania tl Landkreis Diepholz dl stat federel Niedersachsen.
Affinghausen,ladin,template_boilerplate,"Tl 2020 ovel na populazion de 874 sun na spersa de 12,26 km²."
Affler,ladin,template_boilerplate,"Tl 2020 ovel na populazion de 25 sun na spersa de 1,99 km²."
Affpuddle,ladin,template_boilerplate,Affpuddle ie n luech te la Nghiltiera te la contea zeremoniela Dorset.
Affton_(Missouri),ladin,template_boilerplate,Affton ie na zità tl Missouri te i Stac Unii d’America.
Affton_(Missouri),ladin,template_boilerplate,"Tl 2019 ovela na populazion de 19 580 sun na spersa de 11,8 km²."
Affton_(Missouri),ladin,template_boilerplate,Affton fej pert de la contea St. Louis.
Aflenz,ladin,template_boilerplate,"Ai 1 de jené 2022Template:FormatDate/Wartung/Error ovel na populazion de 2 442 sun na spersa de 55,11 km²."
Afollé,ladin,template_boilerplate,Si pont plu aut ie a 391 metri.
Afontova_Gora,ladin,template_boilerplate,L Afontova Gora ie n crëp te la Ruscia.
Afragola,ladin,template_boilerplate,Afragola ie n chemun talian te la zità metropolitana de Napoli te la Campania.
Afragola,ladin,template_boilerplate,"Tl 2021 ovel na populazion de 63 674 sun na spersa de 17,99 km²."
Africo,ladin,template_boilerplate,"Tl 2021 ovel na populazion de 3 134 sun na spersa de 51,02 km²."
Afritz_am_See,ladin,template_boilerplate,"Ai 1 de jené 2022Template:FormatDate/Wartung/Error ovel na populazion de 1 422 sun na spersa de 28,02 km²."
Afrodisio_Mt.,ladin,template_boilerplate,L Afrodisio Mt. ie na ciadëina de crëps te la Grecia.
Afrodisio_Mt.,ladin,template_boilerplate,Si pont plu aut ie a 1 445 metri.
Afton_(Iowa),ladin,template_boilerplate,Afton ie n luech tl Iowa te i Stac Unii d’America.
Afton_(Iowa),ladin,template_boilerplate,"Tl 2019 ovel na populazion de 901 sun na spersa de 2,6 km²."
Afton_(Iowa),ladin,template_boilerplate,Afton fej pert de la contea Union.
Afton_(Minnesota),ladin,template_boilerplate,Afton ie na zità tl Minnesota te i Stac Unii d’America.
Afton_(Minnesota),ladin,template_boilerplate,"Tl 2019 ovela na populazion de 3 008 sun na spersa de 65,4 km²."
Afton_(Minnesota),ladin,template_boilerplate,Afton fej pert de la contea Washington.
Afton_(Oklahoma),ladin,template_boilerplate,Afton ie n luech tl Oklahoma te i Stac Unii d’America.
Afton_(Oklahoma),ladin,template_boilerplate,"Tl 2019 ovel na populazion de 906 sun na spersa de 5,4 km²."
Afton_(Oklahoma),ladin,template_boilerplate,Afton fej pert de la contea Ottawa.
Afton_(Virginia),ladin,template_boilerplate,Afton ie n luech tl Virginia te i Stac Unii d’America.
Afton_(Virginia),ladin,template_boilerplate,"Tl 2019 ovel na populazion de 492 sun na spersa de 5,9 km²."
Afton_(Virginia),ladin,template_boilerplate,Afton fej pert de la contea Nelson.
Afton_(Wyoming),ladin,template_boilerplate,Afton ie n luech tl Wyoming te i Stac Unii d’America.
Afton_(Wyoming),ladin,template_boilerplate,"Tl 2019 ovel na populazion de 1 984 sun na spersa de 11,5 km²."
Afton_(Wyoming),ladin,template_boilerplate,Afton fej pert de la contea Lincoln.
Ag_Tawagan_Mountain_Range,ladin,template_boilerplate,Si pont plu aut ie a 115 metri.
Agachahalli,ladin,template_boilerplate,Agachahalli ie n luech te l'India tl stat federel Karnataka.
Agachahalli,ladin,template_boilerplate,Tl 2011 ovel na populazion de 865.
Agachha,ladin,template_boilerplate,Agachha ie n luech te l'India tl stat federel Bengal dl Vest.
Agachha,ladin,template_boilerplate,L ie tl Kumarganj community development block dl raion Balurghat.
Agachha,ladin,template_boilerplate,Tl 2011 ovel na populazion de 1 069.
Agad-agad_Mountain_Range,ladin,template_boilerplate,Si pont plu aut ie a 306 metri.
Agadallanka,ladin,template_boilerplate,Agadallanka ie n luech te l'India tl stat federel Andhra Pradesh.
Agadallanka,ladin,template_boilerplate,Agadallanka ie tl Bhimadole mandal dl raion Eluru.
Agadallanka,ladin,template_boilerplate,Tl 2011 ovel na populazion de 7 195.
Agadoro,ladin,template_boilerplate,Agadoro ie n luech te l'India tl stat federel Bengal dl Vest.
Agadoro,ladin,template_boilerplate,L ie tl Sutahata community development block dl raion Haldia.
Agadoro,ladin,template_boilerplate,Tl 2011 ovel na populazion de 1 187.
Agaete,ladin,template_boilerplate,"Tl 2018 ovel na populazion de 5 633 ti cunfins dl chemun, sun na spersa de 45,5 km²."
Agai,ladin,template_boilerplate,Agai ie n luech te l'India tl stat federel Bengal dl Vest.
Agai,ladin,template_boilerplate,L ie tl Goghat II community development block dl raion Arambag.
Agai,ladin,template_boilerplate,Tl 2011 ovel na populazion de 2 090.
Agaibani,ladin,template_boilerplate,Agaibani ie n luech te l'India tl stat federel Bengal dl Vest.
Agaibani,ladin,template_boilerplate,L ie tl Jhargram community development block dl raion Jhargram.
Agaibani,ladin,template_boilerplate,Tl 2011 ovel na populazion de 1 620.
Agalagandi,ladin,template_boilerplate,Agalagandi ie n luech te l'India tl stat federel Karnataka.
Agalagandi,ladin,template_boilerplate,Tl 2011 ovel na populazion de 918.
Agalagunte,ladin,template_boilerplate,Agalagunte ie n luech te l'India tl stat federel Karnataka.
Agalagunte,ladin,template_boilerplate,L ie tl Tumkur dl raion Tumakuru.
Agalagunte,ladin,template_boilerplate,Tl 2011 ovel na populazion de 947.
Agalakote,ladin,template_boilerplate,Agalakote ie n luech te l'India tl stat federel Karnataka.
Agalakote,ladin,template_boilerplate,Tl 2011 ovel na populazion de 780.
Agali,ladin,template_boilerplate,Agali ie n luech te l'India tl stat federel Andhra Pradesh.
Agali,ladin,template_boilerplate,Tl 2011 ovel na populazion de 7 616.
Agalkera,ladin,template_boilerplate,Agalkera ie n luech te l'India tl stat federel Karnataka.
Agalkera,ladin,template_boilerplate,Agalkera ie tl Koppal Taluk dl raion Koppal.
Agalkera,ladin,template_boilerplate,Tl 2011 ovel na populazion de 4 895.
Agallas,ladin,template_boilerplate,Agallas ie n chemun de la Spania te la provinzia de Salamanca de la Castilia y León.
Agallas,ladin,template_boilerplate,"Tl 2018 ovel na populazion de 131 ti cunfins dl chemun, sun na spersa de 45 km²."
Agamothkur,ladin,template_boilerplate,Agamothkur ie n luech te l'India tl stat federel Telangana.
Agamothkur,ladin,template_boilerplate,Tl 2011 ovel na populazion de 2 714.
Agampur,ladin,template_boilerplate,Agampur ie n luech te l'India tl stat federel Bengal dl Vest.
Agampur,ladin,template_boilerplate,Tl 2011 ovel na populazion de 1 315.
Agapur,ladin,template_boilerplate,Agapur ie n luech te l'India tl stat federel Bengal dl Vest.
Agapur,ladin,template_boilerplate,L ie tl Baduria community development block dl raion Basirhat.
Agapur,ladin,template_boilerplate,Tl 2011 ovel na populazion de 981.
Agar,ladin,template_boilerplate,Agar ie n luech te l'India tl stat federel Bengal dl Vest.
Agar,ladin,template_boilerplate,L ie tl Sahid Matangini community development block dl raion Tamluk.
Agar,ladin,template_boilerplate,Tl 2011 ovel na populazion de 1 911.
Agar_(South_Dakota),ladin,template_boilerplate,Agar ie n luech tl South Dakota te i Stac Unii d’America.
Agar_(South_Dakota),ladin,template_boilerplate,"Tl 2019 ovel na populazion de 69 sun na spersa de 0,7 km²."
Agar_(South_Dakota),ladin,template_boilerplate,Agar fej pert de la contea Sully.
Agara,ladin,template_boilerplate,Agara ie n luech te l'India tl stat federel Karnataka.
Agara,ladin,template_boilerplate,L ie tl Mulbagal Taluk dl raion Kolar.
Agara,ladin,template_boilerplate,Tl 2011 ovel na populazion de 2 248.
Agarara,ladin,template_boilerplate,Agarara ie n luech te l'India tl stat federel Bengal dl Vest.
Agarara,ladin,template_boilerplate,Tl 2011 ovel na populazion de 1 381.
Agarbar,ladin,template_boilerplate,Agarbar ie n luech te l'India tl stat federel Bengal dl Vest.
Agarbar,ladin,template_boilerplate,L ie tl Dantan II community development block dl raion Kharagpur.
Agarbar,ladin,template_boilerplate,Tl 2011 ovel na populazion de 1 180.
Agarda,ladin,template_boilerplate,Agarda ie n luech te l'India tl stat federel Bengal dl Vest.
Agarda,ladin,template_boilerplate,L ie tl Onda community development block dl raion Bankura Sadar.
Agarda,ladin,template_boilerplate,Tl 2011 ovel na populazion de 1 545.
Agarda_Purusottampur,ladin,template_boilerplate,Agarda Purusottampur ie n luech te l'India tl stat federel Bengal dl Vest.
Agarda_Purusottampur,ladin,template_boilerplate,Tl 2011 ovel na populazion de 1 629.
Agardanga,ladin,template_boilerplate,Agardanga ie n luech te l'India tl stat federel Bengal dl Vest.
Agardanga,ladin,template_boilerplate,L ie tl Ketugram I community development block dl raion Katwa.
Agardanga,ladin,template_boilerplate,Tl 2011 ovel na populazion de 2 767.
Agardi,ladin,template_boilerplate,Agardi ie n luech te l'India tl stat federel Bengal dl Vest.
Agardi,ladin,template_boilerplate,L ie tl Kashipur community development block dl raion Raghunathpur.
Agardi,ladin,template_boilerplate,Tl 2011 ovel na populazion de 1 063.
Agargaro_Mountains,ladin,template_boilerplate,I Agargaro Mountains ie na ciadëina de crëps te la Somalia.
Agargaro_Mountains,ladin,template_boilerplate,Si pont plu aut ie a 107 metri.
Agarhati,ladin,template_boilerplate,Agarhati ie n luech te l'India tl stat federel Bengal dl Vest.
Agarhati,ladin,template_boilerplate,Agarhati ie tl Sandeshkhali I community development block dl raion Basirhat.
Agarhati,ladin,template_boilerplate,Tl 2011 ovel na populazion de 6 889.
Agarpara,ladin,template_boilerplate,Agarpara ie n luech te l'India tl stat federel Bengal dl Vest.
Agarpara,ladin,template_boilerplate,L ie tl Patashpur I community development block dl raion Egra.
Agarpara,ladin,template_boilerplate,Tl 2011 ovel na populazion de 1 005.
Agasanapura,ladin,template_boilerplate,Agasanapura ie n luech te l'India tl stat federel Karnataka.
Agasanapura,ladin,template_boilerplate,L ie tl Malavalli dl raion Mandya.
Agasanar,ladin,template_boilerplate,L Agasanar ie na ciadëina de crëps tl Niger.
Agasanar,ladin,template_boilerplate,Si pont plu aut ie a 432 metri.
Agasarahalli,ladin,template_boilerplate,Agasarahalli ie n luech te l'India tl stat federel Karnataka.
Agasarahalli,ladin,template_boilerplate,L ie tl Krishnarajapet dl raion Mandya.
Agasarahalli,ladin,template_boilerplate,Tl 2011 ovel na populazion de 1 034.
Agasarakoppa,ladin,template_boilerplate,Agasarakoppa ie n luech te l'India tl stat federel Karnataka.
Agasarakoppa,ladin,template_boilerplate,Tl 2011 ovel na populazion de 869.
Agassiz_Peak,ladin,template_boilerplate,L Agassiz Peak ie n crëp ti Stac Unii.
Agassizhorn,ladin,template_boilerplate,L Agassizhorn ie n crëp te la Svizra.
Agastat,ladin,template_boilerplate,L Agastat ie n crëp te la Ruscia.
Agastya_Mala,ladin,template_boilerplate,L Agastya Mala ie n crëp te la India.
Agastya_Mala,ladin,template_boilerplate,L toca pra la ciadëina de crëps Western Ghats y à na autëza de 1 868 metri.
Agate_Peak,ladin,template_boilerplate,L Agate Peak ie n crëp te l'Antartis.
Agatha_Christie:_And_Then_There_Were_None,ladin,english_text,Agatha Christie: And Then There Were None ie n videojuech svilupà da AWE Games y publicà ai 30 setëmber 2005 da The Adventure Company.
Agathenburg,ladin,template_boilerplate,Agathenburg ie n chemun te la Germania tl Landkreis Stade dl stat federel Niedersachsen.
Agathenburg,ladin,template_boilerplate,"Tl 2020 ovel na populazion de 1 350 sun na spersa de 11,31 km²."
Agathla_Peak,ladin,template_boilerplate,L Agathla Peak ie n crëp ti Stac Unii.
Agathla_Peak,ladin,template_boilerplate,L à na autëza de 2 164 metri.
Agaul,ladin,template_boilerplate,Agaul ie n luech te l'India tl stat federel Punjab (India).
Agaul,ladin,template_boilerplate,Tl 2011 ovel na populazion de 1 874.
Agaya,ladin,template_boilerplate,Agaya ie n luech te l'India tl stat federel Bengal dl Vest.
Agaya,ladin,template_boilerplate,L ie tl Puncha community development block dl raion Manbazar.
Agayanandanpur,ladin,template_boilerplate,Agayanandanpur ie n luech te l'India tl stat federel Bengal dl Vest.
Agayanandanpur,ladin,template_boilerplate,L ie tl Bankura II community development block dl raion Bankura Sadar.
Agayanandanpur,ladin,template_boilerplate,Tl 2011 ovel na populazion de 940.
Agazzano,ladin,template_boilerplate,"Tl 2021 ovel na populazion de 2054 sun na spersa de 35,88 km²."
Agdimti,ladin,template_boilerplate,Agdimti ie n luech te l'India tl stat federel Bengal dl Vest.
Agdimti,ladin,template_boilerplate,Agdimti ie tl Islampur community development block dl raion Islampur.
Agdimti,ladin,template_boilerplate,Tl 2011 ovel na populazion de 5 168.
Agelal,ladin,template_boilerplate,L Agelal ie na ciadëina de crëps tl Niger.
Agelal,ladin,template_boilerplate,Si pont plu aut ie a 445 metri.
Agen-d’Aveyron,ladin,template_boilerplate,Tl 2019 ovel na populazion de 1 069.
Agency_(Iowa),ladin,template_boilerplate,Agency ie n luech tl Iowa te i Stac Unii d’America.
Agency_(Iowa),ladin,template_boilerplate,"Tl 2019 ovel na populazion de 625 sun na spersa de 1,5 km²."
Agency_(Iowa),ladin,template_boilerplate,Agency fej pert de la contea Wapello.
Agency_(Missouri),ladin,template_boilerplate,Agency ie n luech tl Missouri te i Stac Unii d’America.
Agency_(Missouri),ladin,template_boilerplate,"Tl 2019 ovel na populazion de 704 sun na spersa de 9,6 km²."
Agency_(Missouri),ladin,template_boilerplate,Agency fej pert de la contea Buchanan.
Agency_Village_(South_Dakota),ladin,template_boilerplate,"Tl 2019 ovel na populazion de 970 sun na spersa de 18,7 km²."
Agency_Village_(South_Dakota),ladin,template_boilerplate,Agency Village fej pert de la contea Roberts.
Agenda_(Kansas),ladin,template_boilerplate,Agenda ie n luech tl Kansas te i Stac Unii d’America.
Agenda_(Kansas),ladin,template_boilerplate,"Tl 2019 ovel na populazion de 66 sun na spersa de 1,9 km²."
Agenda_(Kansas),ladin,template_boilerplate,Agenda fej pert de la contea Republic.
Agerola,ladin,template_boilerplate,Agerola ie n chemun talian te la zità metropolitana de Napoli te la Campania.
Agerola,ladin,template_boilerplate,"Tl 2021 ovel na populazion de 7 517 sun na spersa de 19,62 km²."
Ages_(Kentucky),ladin,template_boilerplate,Ages ie na zità tl Kentucky te i Stac Unii d’America.
Ages_(Kentucky),ladin,template_boilerplate,"Tl 2019 ovela na populazion de 365 sun na spersa de 1,4 km²."
Ages_(Kentucky),ladin,template_boilerplate,Ages fej pert de la contea Harlan.
Ageta,ladin,template_boilerplate,Ageta ie n luech te l'India tl stat federel Punjab (India).
Ageta,ladin,template_boilerplate,Tl 2011 ovel na populazion de 715.
Agethorst,ladin,template_boilerplate,Agethorst ie n chemun te la Germania tl Kreis Steinburg dl stat federel Schleswig-Holstein.
Agethorst,ladin,template_boilerplate,"Tl 2020 ovel na populazion de 195 sun na spersa de 6,1 km²."
Aggenbachsberg,ladin,template_boilerplate,L Aggenbachsberg ie na ciadëina de crëps tl Sudafrica.
Aggenstein,ladin,template_boilerplate,L Aggenstein ie n crëp te l'Austria.
Aggenstein,ladin,template_boilerplate,L toca pra la ciadëina de crëps Crëps Tannheim y à na autëza de 1 986 metri.
Aggenys_se_Berge,ladin,template_boilerplate,Si pont plu aut ie a 1 095 metri.
Aggius,ladin,template_boilerplate,Aggius ie n chemun talian te la zità metropolitana de Sassari te la Sardegna.
Aggius,ladin,template_boilerplate,"Tl 2021 ovel na populazion de 1 602 sun na spersa de 83,56 km²."
Agglsspitze,ladin,template_boilerplate,L toca pra la ciadëina de crëps Elpes de Stubai y à na autëza de 3 196 metri.
Aghalaya,ladin,template_boilerplate,Aghalaya ie n luech te l'India tl stat federel Karnataka.
Aghalaya,ladin,template_boilerplate,Tl 2011 ovel na populazion de 1 432.
Agharpur,ladin,template_boilerplate,Agharpur ie n luech te l'India tl stat federel Bengal dl Vest.
Agharpur,ladin,template_boilerplate,L ie tl Joypur community development block dl raion Bishnupur.
Agharpur,ladin,template_boilerplate,Tl 2011 ovel na populazion de 1 287.
Aghbarg,ladin,template_boilerplate,L Aghbarg ie na ciadëina de crëps tl Pachistan.
Aghbarg,ladin,template_boilerplate,Si pont plu aut ie a 1 619 metri.
Aghla_Beg,ladin,template_boilerplate,L Aghla Beg ie n crëp te l'Irlanda.
Aghla_More,ladin,template_boilerplate,L Aghla More ie n crëp te l'Irlanda.
Agia_Dynati,ladin,template_boilerplate,L Agia Dynati ie n crëp te la Grecia.
Agia_Dynati,ladin,template_boilerplate,L à na autëza de 1 131 metri.
Aginaga,ladin,template_boilerplate,"Tl 2018 ovel na populazion de 6 166 ti cunfins dl chemun, sun na spersa de 25,64 km²."
Agioi_Saranda_Oros,ladin,template_boilerplate,Si pont plu aut ie a 529 metri.
Agios_Georgios_Papoura,ladin,template_boilerplate,L à na autëza de 1 026 metri.
Agira,ladin,template_boilerplate,Agira ie n chemun talian te la provinzia de Enna te la Sizilia.
Agira,ladin,template_boilerplate,"Tl 2021 ovel na populazion de 8 430 sun na spersa de 163,09 km²."
Agiripalli,ladin,template_boilerplate,Agiripalli ie n luech te l'India tl stat federel Andhra Pradesh.
Agiripalli,ladin,template_boilerplate,Agiripalli ie tl Agiripalle mandal dl raion Eluru.
Agiripalli,ladin,template_boilerplate,Tl 2011 ovel na populazion de 13 283.
Aglasterhausen,ladin,template_boilerplate,"Tl 2020 ovel na populazion de 4 814 sun na spersa de 22,84 km²."
Agliana,ladin,template_boilerplate,Agliana ie n chemun talian te la provinzia de Pistoia te la Toscana.
Agliana,ladin,template_boilerplate,"Tl 2021 ovel na populazion de 16938 sun na spersa de 11,64 km²."
Agliano_Terme,ladin,template_boilerplate,"Tl 2021 ovel na populazion de 1686 sun na spersa de 15,38 km²."
Aglientu,ladin,template_boilerplate,Aglientu ie n chemun talian te la zità metropolitana de Sassari te la Sardegna.
Aglientu,ladin,template_boilerplate,"Tl 2021 ovel na populazion de 1 180 sun na spersa de 148,56 km²."
Agliè,ladin,template_boilerplate,"Tl 2021 ovel na populazion de 2669 sun na spersa de 13,28 km²."
Agloûguel,ladin,template_boilerplate,L Agloûguel ie na ciadëina de crëps tl Niger.
Agloûguel,ladin,template_boilerplate,Si pont plu aut ie a 849 metri.
Agna,ladin,template_boilerplate,"Tl 2021 ovel na populazion de 3368 sun na spersa de 18,83 km²."
Agnadello,ladin,template_boilerplate,Agnadello ie n chemun talian te la provinzia de Cremona te la Lombardia.
Agnadello,ladin,template_boilerplate,"Tl 2021 ovel na populazion de 3860 sun na spersa de 12,14 km²."
Agnana_Calabra,ladin,template_boilerplate,"Tl 2021 ovel na populazion de 566 sun na spersa de 8,35 km²."
Agneaux,ladin,template_boilerplate,Tl 2019 ovel na populazion de 4 061.
Agnes_Mountain,ladin,template_boilerplate,L Agnes Mountain ie n crëp ti Stac Unii.
Agnes_Mountain,ladin,template_boilerplate,L toca pra la ciadëina de crëps North Cascades y à na autëza de 2 475 metri.
Agneshwar,ladin,template_boilerplate,Agneshwar ie n luech te l'India tl stat federel Bengal dl Vest.
Agneshwar,ladin,template_boilerplate,Tl 2011 ovel na populazion de 1 571.
Agnetz,ladin,template_boilerplate,Tl 2019 ovel na populazion de 3 047.
Agnew_(Nebraska),ladin,template_boilerplate,Agnew ie n luech tl Nebraska te i Stac Unii d’America.
Agnew_(Nebraska),ladin,template_boilerplate,"Tl 2019 ovel na populazion de 17 sun na spersa de 1,6 km²."
Agnew_(Nebraska),ladin,template_boilerplate,Agnew fej pert de la contea Lancaster.
Agni,ladin,template_boilerplate,Agni ie n luech te l'India tl stat federel Karnataka.
Agni,ladin,template_boilerplate,Tl 2011 ovel na populazion de 2 131.
Agnihal,ladin,template_boilerplate,Agnihal ie n luech te l'India tl stat federel Karnataka.
Agnihal,ladin,template_boilerplate,L ie tl Shahpur Taluk dl raion Yadgir.
Agnihal,ladin,template_boilerplate,Tl 2011 ovel na populazion de 753.
Agnin,ladin,template_boilerplate,Tl 2019 ovel na populazion de 1 127.
Agnone,ladin,template_boilerplate,"Tl 2021 ovel na populazion de 5 177 sun na spersa de 96,29 km²."
Agnos,ladin,template_boilerplate,Tl 2019 ovel na populazion de 1 022.
Agnosine,ladin,template_boilerplate,Agnosine ie n chemun talian te la provinzia de Brescia te la Lombardia.
Agnosine,ladin,template_boilerplate,"Tl 2021 ovel na populazion de 1822 sun na spersa de 13,65 km²."
Agny,ladin,template_boilerplate,Tl 2019 ovel na populazion de 1 906.
Ago_Chacra,ladin,template_boilerplate,L Ago Chacra ie na ciadëina de crëps tl Peru.
Ago_Chacra,ladin,template_boilerplate,Si pont plu aut ie a 3 376 metri.
Agoa,ladin,template_boilerplate,Agoa ie n luech te l'India tl stat federel Bengal dl Vest.
Agoa,ladin,template_boilerplate,L ie tl Dubrajpur community development block dl raion Suri Sadar.
Agoa,ladin,template_boilerplate,Tl 2011 ovel na populazion de 1 091.
Agogo_Range,ladin,template_boilerplate,Si pont plu aut ie a 1 145 metri.
Agoi,ladin,template_boilerplate,Agoi ie n luech te l'India tl stat federel Bengal dl Vest.
Agoi,ladin,template_boilerplate,L ie tl Goalpokhar I community development block dl raion Islampur.
Agoi,ladin,template_boilerplate,Tl 2011 ovel na populazion de 4 308.
Agolada,ladin,template_boilerplate,"Tl 2018 ovel na populazion de 2 252 ti cunfins dl chemun, sun na spersa de 147,85 km²."
Agoli,ladin,template_boilerplate,Agoli ie n luech te l'India tl stat federel Karnataka.
Agoli,ladin,template_boilerplate,Tl 2011 ovel na populazion de 3 020.
Agolo,ladin,template_boilerplate,L à na autëza de 1 677 metri.
Agon-Coutainville,ladin,template_boilerplate,Tl 2019 ovel na populazion de 2 790.
Agoncillo,ladin,template_boilerplate,"Tl 2018 ovel na populazion de 1 175 ti cunfins dl chemun, sun na spersa de 34,73 km²."
Agorro_Mountains,ladin,template_boilerplate,Si pont plu aut ie a 2 223 metri.
Agosta,ladin,template_boilerplate,"Tl 2021 ovel na populazion de 1 757 sun na spersa de 9,48 km²."
Agoura_Hills_(California),ladin,template_boilerplate,"Tl 2019 ovela na populazion de 20 269 sun na spersa de 20,2 km²."
Agpartut,ladin,template_boilerplate,L Agpartut ie n crëp te la Groenlandia.
Agpartut,ladin,template_boilerplate,L à na autëza de 1 922 metri.
Agra_(Kansas),ladin,template_boilerplate,Agra ie na zità tl Kansas te i Stac Unii d’America.
Agra_(Kansas),ladin,template_boilerplate,"Tl 2019 ovela na populazion de 218 sun na spersa de 0,8 km²."
Agra_(Kansas),ladin,template_boilerplate,Agra fej pert de la contea Phillips.
Agra_(Lombardia),ladin,template_boilerplate,Agra ie n chemun talian te la provinzia de Varese te la Lombardia.
Agra_(Lombardia),ladin,template_boilerplate,"Tl 2021 ovel na populazion de 388 sun na spersa de 3,04 km²."
Agra_(Oklahoma),ladin,template_boilerplate,Agra ie na zità tl Oklahoma te i Stac Unii d’America.
Agra_(Oklahoma),ladin,template_boilerplate,Agra fej pert de la contea Lincoln.
Agradaha,ladin,template_boilerplate,Agradaha ie n luech te l'India tl stat federel Bengal dl Vest.
Agradaha,ladin,template_boilerplate,L ie tl Kalna II community development block dl raion Kalna.
Agradaha,ladin,template_boilerplate,Tl 2011 ovel na populazion de 1 439.
Agradwip,ladin,template_boilerplate,Agradwip ie n luech te l'India tl stat federel Bengal dl Vest.
Agradwip,ladin,template_boilerplate,Agradwip ie tl Katwa II community development block dl raion Katwa.
Agradwip,ladin,template_boilerplate,Tl 2011 ovel na populazion de 8 609.
Agrafa,ladin,template_boilerplate,L Agrafa ie n crëp te la Grecia.
Agrafa,ladin,template_boilerplate,L toca pra la ciadëina de crëps Pindus y à na autëza de 2 315 metri.
Agrahara,ladin,template_boilerplate,Agrahara ie n luech te l'India tl stat federel Karnataka.
Agrahara_(Kadur),ladin,template_boilerplate,Agrahara (Kadur) ie n luech te l'India tl stat federel Karnataka.
Agrahara_(Kadur),ladin,template_boilerplate,L ie tl Kadur Taluk dl raion Chikmagalur.
Agrahara_(Kadur),ladin,template_boilerplate,Tl 2011 ovel na populazion de 796.
Agrahara_(Sira),ladin,template_boilerplate,Agrahara (Sira) ie n luech te l'India tl stat federel Karnataka.
Agrahara_(Sira),ladin,template_boilerplate,Tl 2011 ovel na populazion de 1 274.
Agrahara_Bachahalli,ladin,template_boilerplate,Agrahara Bachahalli ie n luech te l'India tl stat federel Karnataka.
Agrahara_Bachahalli,ladin,template_boilerplate,Tl 2011 ovel na populazion de 2 118.
Agraiya,ladin,template_boilerplate,Agraiya ie n luech te l'India tl stat federel Bengal dl Vest.
Agraiya,ladin,template_boilerplate,L ie tl Patashpur II community development block dl raion Egra.
Agraiya,ladin,template_boilerplate,Tl 2011 ovel na populazion de 1 266.
Agramunt,ladin,template_boilerplate,"Tl 2018 ovel na populazion de 5 479 ti cunfins dl chemun, sun na spersa de 79,7 km²."
Agrapara,ladin,template_boilerplate,Agrapara ie n luech te l'India tl stat federel Bengal dl Vest.
Agrapara,ladin,template_boilerplate,L ie tl Chandrakona II community development block dl raion Ghatal.
Agrapara,ladin,template_boilerplate,Tl 2011 ovel na populazion de 1 015.
Agrate_Brianza,ladin,template_boilerplate,"Tl 2021 ovel na populazion de 15035 sun na spersa de 11,29 km²."
Agrate_Conturbia,ladin,template_boilerplate,"Tl 2021 ovel na populazion de 1556 sun na spersa de 14,48 km²."
Agravaqar,ladin,template_boilerplate,L Agravaqar ie n crëp te l'Armenia.
Agres,ladin,template_boilerplate,"Tl 2018 ovel na populazion de 589 ti cunfins dl chemun, sun na spersa de 25,8 km²."
Agricola_(Mississippi),ladin,template_boilerplate,Agricola ie na zità tl Mississippi te i Stac Unii d’America.
Agricola_(Mississippi),ladin,template_boilerplate,"Tl 2019 ovela na populazion de 320 sun na spersa de 3,9 km²."
Agricola_(Mississippi),ladin,template_boilerplate,Agricola fej pert de la contea George.
Agrigento,ladin,template_boilerplate,"Tl 2021 ovela na populazion de 58 063 sun na spersa de 245,54 km²."
Agrihan,ladin,template_boilerplate,L à na autëza de 965 metri.
Agropoli,ladin,template_boilerplate,Agropoli ie n chemun talian te la provinzia de Salerno te la Campania.
Agropoli,ladin,template_boilerplate,"Tl 2021 ovel na populazion de 20911 sun na spersa de 32,52 km²."
102_p.d.C.,friulian,template_boilerplate,103 p.d. C. < 102_p.d.
10_di_Avost,friulian,template_boilerplate,Il 10 di Avost e je la 222° zornade dal Calendari Gregorian (la 223° se l'an al è bisest).
10_di_Avost,friulian,template_boilerplate,A mancjin 143 zornadis pe fin dal an.
10_di_Avrîl,friulian,template_boilerplate,Il 10 di Avrîl e je la 100° zornade dal Calendari Gregorian (la 101° se l'an al è bisest).
10_di_Dicembar,friulian,template_boilerplate,Il 10 di Dicembar e je la 344° zornade dal Calendari Gregorian (la 345° se l'an al è bisest).
10_di_Dicembar,friulian,template_boilerplate,A mancjin 21 zornadis pe fin dal an.
10_di_Fevrâr,friulian,template_boilerplate,Il 10 di Fevrâr e je la 41° zornade dal Calendari Gregorian.
10_di_Fevrâr,friulian,template_boilerplate,A mancjin 324 zornadis pe fin dal an (325 se l'an al è bisest).
10_di_Jugn,friulian,template_boilerplate,Il 10 di Jugn e je la 161° zornade dal Calendari Gregorian (la 162° se l'an al è bisest).
10_di_Lui,friulian,template_boilerplate,Il 10 di Lui e je la 191° zornade dal Calendari Gregorian (la 192° se l'an al è bisest).
10_di_Lui,friulian,template_boilerplate,A mancjin 174 zornadis pe fin dal an.
10_di_Mai,friulian,template_boilerplate,Il 10 di Mai e je la 130° zornade dal Calendari Gregorian (la 131° se l'an al è bisest).
10_di_Mai,friulian,template_boilerplate,A mancjin 235 zornadis pe fin dal an.
10_di_Març,friulian,template_boilerplate,Il 10 di Març e je la 69° zornade dal Calendari Gregorian (la 70° se l'an al è bisest).
10_di_Març,friulian,template_boilerplate,A mancjin 296 zornadis pe fin dal an.
10_di_Novembar,friulian,template_boilerplate,Il 10 di Novembar e je la 314° zornade dal Calendari Gregorian (la 315° se l'an al è bisest).
10_di_Otubar,friulian,template_boilerplate,Il 10 di Otubar e je la 283° zornade dal Calendari Gregorian (la 284° se l'an al è bisest).
10_di_Setembar,friulian,template_boilerplate,Il 10 di Setembar e je la 253° zornade dal Calendari Gregorian (la 254° se l'an al è bisest).
10_di_Setembar,friulian,template_boilerplate,A mancjin 112 zornadis pe fin dal an.
10_di_Zenâr,friulian,template_boilerplate,Il 10 di Zenâr e je la 10° zornade dal Calendari Gregorian.
10_di_Zenâr,friulian,template_boilerplate,A mancjin 355 zornadis pe fin dal an (356 se l'an al è bisest).
10_p.d.C.,friulian,template_boilerplate,12 p.d. C. < 10_p.d.
11_di_Avost,friulian,template_boilerplate,Il 11 di Avost e je la 223° zornade dal Calendari Gregorian (la 224° se l'an al è bisest).
11_di_Avost,friulian,template_boilerplate,A mancjin 142 zornadis pe fin dal an.
11_di_Avrîl,friulian,template_boilerplate,Il 11 di Avrîl e je la 101° zornade dal Calendari Gregorian (la 102° se l'an al è bisest).
11_di_Dicembar,friulian,template_boilerplate,Il 11 di Dicembar e je la 345° zornade dal Calendari Gregorian (la 346° se l'an al è bisest).
11_di_Dicembar,friulian,template_boilerplate,A mancjin 20 zornadis pe fin dal an.
11_di_Fevrâr,friulian,template_boilerplate,Il 11 di Fevrâr e je la 42° zornade dal Calendari Gregorian.
11_di_Fevrâr,friulian,template_boilerplate,A mancjin 323 zornadis pe fin dal an (324 se l'an al è bisest).
11_di_Jugn,friulian,template_boilerplate,Il 11 di Jugn e je la 162° zornade dal Calendari Gregorian (la 163° se l'an al è bisest).
11_di_Lui,friulian,template_boilerplate,Il 11 di Lui e je la 192° zornade dal Calendari Gregorian (la 193° se l'an al è bisest).
11_di_Mai,friulian,template_boilerplate,Il 11 di Mai e je la 131° zornade dal Calendari Gregorian (la 132° se l'an al è bisest).
11_di_Mai,friulian,template_boilerplate,A mancjin 234 zornadis pe fin dal an.
11_di_Març,friulian,template_boilerplate,Il 11 di Març e je la 70° zornade dal Calendari Gregorian (la 71° se l'an al è bisest).
11_di_Març,friulian,template_boilerplate,A mancjin 295 zornadis pe fin dal an.
11_di_Novembar,friulian,template_boilerplate,Il 11 di Novembar e je la 315° zornade dal Calendari Gregorian (la 316° se l'an al è bisest).
11_di_Otubar,friulian,template_boilerplate,Il 11 di Otubar e je la 284° zornade dal Calendari Gregorian (la 285° se l'an al è bisest).
11_di_Otubar,friulian,template_boilerplate,A mancjin 81 zornadis pe fin dal an.
11_di_Setembar,friulian,template_boilerplate,Il 11 di Setembar e je la 254° zornade dal Calendari Gregorian (la 255° se l'an al è bisest).
11_di_Zenâr,friulian,template_boilerplate,Il 11 di Zenâr e je la 11° zornade dal Calendari Gregorian.
11_di_Zenâr,friulian,template_boilerplate,A mancjin 354 zornadis pe fin dal an (355 se l'an al è bisest).
11_di_Zenâr,friulian,citation_shape,"1693 - Teramot in te Vâl di Noto (Sicilie Orientâl) 1787 - Vegnin scuvierts Titania e Oberon,doi satelits naturâl dal planete Uran 1805 - Nassite dal stât american dal Michigan."
12_di_Avost,friulian,template_boilerplate,Il 12 di Avost e je la 224° zornade dal Calendari Gregorian (la 225° se l'an al è bisest).
12_di_Avrîl,friulian,template_boilerplate,Il 12 di Avrîl e je la 102° zornade dal Calendari Gregorian (la 103° se l'an al è bisest).
12_di_Dicembar,friulian,template_boilerplate,Il 12 di Dicembar e je la 346° zornade dal Calendari Gregorian (la 347° se l'an al è bisest).
12_di_Fevrâr,friulian,template_boilerplate,Il 12 di Fevrâr e je la 43° zornade dal Calendari Gregorian.
12_di_Fevrâr,friulian,template_boilerplate,A mancjin 322 zornadis pe fin dal an (323 se l'an al è bisest).
12_di_Jugn,friulian,template_boilerplate,Il 12 di Jugn e je la 163° zornade dal Calendari Gregorian (la 164° se l'an al è bisest).
12_di_Jugn,friulian,template_boilerplate,A mancjin 202 zornadis pe fin dal an.
12_di_Lui,friulian,template_boilerplate,Il 12 di Lui e je la 193° zornade dal Calendari Gregorian (la 194° se l'an al è bisest).
12_di_Mai,friulian,template_boilerplate,Il 12 di Mai e je la 132° zornade dal Calendari Gregorian (la 133° se l'an al è bisest).
12_di_Març,friulian,template_boilerplate,Il 12 di Març e je la 71° zornade dal Calendari Gregorian (la 72° se l'an al è bisest).
12_di_Març,friulian,template_boilerplate,A mancjin 294 zornadis pe fin dal an.
12_di_Novembar,friulian,template_boilerplate,Il 12 di Novembar e je la 316° zornade dal Calendari Gregorian (la 317° se l'an al è bisest).
12_di_Novembar,friulian,template_boilerplate,A mancjin 49 zornadis pe fin dal an.
12_di_Otubar,friulian,template_boilerplate,Il 12 di Otubar e je la 285° zornade dal Calendari Gregorian (la 286° se l'an al è bisest).
12_di_Setembar,friulian,template_boilerplate,Il 12 di Setembar e je la 255° zornade dal Calendari Gregorian (la 256° se l'an al è bisest).
12_di_Setembar,friulian,template_boilerplate,A mancjin 110 zornadis pe fin dal an.
12_di_Zenâr,friulian,template_boilerplate,Il 12 di Zenâr e je la 12° zornade dal Calendari Gregorian.
12_di_Zenâr,friulian,template_boilerplate,A mancjin 353 zornadis pe fin dal an (354 se l'an al è bisest).
12_p.d.C.,friulian,template_boilerplate,13 p.d. C. < 12_p.d.
131_p.d.C.,friulian,template_boilerplate,132 p.d. C. < 131_p.d.
13_di_Avost,friulian,template_boilerplate,Il 13 di Avost e je la 225° zornade dal Calendari Gregorian (la 226° se l'an al è bisest).
13_di_Avost,friulian,template_boilerplate,A mancjin 140 zornadis pe fin dal an.
13_di_Avrîl,friulian,template_boilerplate,Il 13 di Avrîl e je la 103° zornade dal Calendari Gregorian (la 104° se l'an al è bisest).
13_di_Dicembar,friulian,template_boilerplate,Il 13 di Dicembar e je la 347° zornade dal Calendari Gregorian (la 348° se l'an al è bisest).
13_di_Dicembar,friulian,template_boilerplate,A mancjin 18 zornadis pe fin dal an.
13_di_Fevrâr,friulian,template_boilerplate,Il 13 di Fevrâr e je la 44° zornade dal Calendari Gregorian.
13_di_Fevrâr,friulian,template_boilerplate,A mancjin 321 zornadis pe fin dal an (322 se l'an al è bisest).
13_di_Jugn,friulian,template_boilerplate,Il 13 di Jugn e je la 164° zornade dal Calendari Gregorian (la 165° se l'an al è bisest).
13_di_Jugn,friulian,template_boilerplate,A mancjin 201 zornadis pe fin dal an.
13_di_Lui,friulian,template_boilerplate,Il 13 di Lui e je la 194° zornade dal Calendari Gregorian (la 195° se l'an al è bisest).
13_di_Mai,friulian,template_boilerplate,Il 13 di Mai e je la 133° zornade dal Calendari Gregorian (la 134° se l'an al è bisest).
13_di_Març,friulian,template_boilerplate,Il 13 di Març e je la 72° zornade dal Calendari Gregorian (la 73° se l'an al è bisest).
13_di_Març,friulian,template_boilerplate,A mancjin 293 zornadis pe fin dal an.
13_di_Novembar,friulian,template_boilerplate,Il 13 di Novembar e je la 317° zornade dal Calendari Gregorian (la 318° se l'an al è bisest).
13_di_Otubar,friulian,template_boilerplate,Il 13 di Otubar e je la 286° zornade dal Calendari Gregorian (la 287° se l'an al è bisest).
13_di_Otubar,friulian,template_boilerplate,A mancjin 79 zornadis pe fin dal an.
13_di_Setembar,friulian,template_boilerplate,Il 13 di Setembar e je la 256° zornade dal Calendari Gregorian (la 257° se l'an al è bisest).
13_di_Setembar,friulian,template_boilerplate,A mancjin 109 zornadis pe fin dal an.
13_di_Zenâr,friulian,template_boilerplate,Il 13 di Zenâr e je la 13° zornade dal Calendari Gregorian.
13_di_Zenâr,friulian,template_boilerplate,A mancjin 352 zornadis pe fin dal an (353 se l'an al è bisest).
149_p.d.C.,friulian,template_boilerplate,150 p.d. C. < 149_p.d.
14_di_Avost,friulian,template_boilerplate,Il 14 di Avost e je la 226° zornade dal Calendari Gregorian (la 227° se l'an al è bisest).
14_di_Avrîl,friulian,template_boilerplate,Il 14 di Avrîl e je la 104° zornade dal Calendari Gregorian (la 105° se l'an al è bisest).
14_di_Avrîl,friulian,template_boilerplate,A mancjin 261 zornadis pe fin dal an.
14_di_Dicembar,friulian,template_boilerplate,Il 14 di Dicembar e je la 348° zornade dal Calendari Gregorian (la 349° se l'an al è bisest).
14_di_Dicembar,friulian,template_boilerplate,A mancjin 17 zornadis pe fin dal an.
14_di_Fevrâr,friulian,template_boilerplate,Il 14 di Fevrâr e je la 45° zornade dal Calendari Gregorian.
14_di_Fevrâr,friulian,template_boilerplate,A mancjin 320 zornadis pe fin dal an (321 se l'an al è bisest).
14_di_Jugn,friulian,template_boilerplate,Il 14 di Jugn e je la 165° zornade dal Calendari Gregorian (la 166° se l'an al è bisest).
14_di_Lui,friulian,template_boilerplate,Il 14 di Lui e je la 195° zornade dal Calendari Gregorian (la 196° se l'an al è bisest).
14_di_Mai,friulian,template_boilerplate,Il 14 di Mai e je la 134° zornade dal Calendari Gregorian (la 135° se l'an al è bisest).
14_di_Mai,friulian,template_boilerplate,A mancjin 231 zornadis pe fin dal an.
14_di_Març,friulian,template_boilerplate,Il 14 di Març e je la 73° zornade dal Calendari Gregorian (la 74° se l'an al è bisest).
14_di_Novembar,friulian,template_boilerplate,Il 14 di Novembar e je la 318° zornade dal Calendari Gregorian (la 319° se l'an al è bisest).
14_di_Otubar,friulian,template_boilerplate,Il 14 di Otubar e je la 287° zornade dal Calendari Gregorian (la 288° se l'an al è bisest).
14_di_Setembar,friulian,template_boilerplate,Il 14 di Setembar e je la 257° zornade dal Calendari Gregorian (la 258° se l'an al è bisest).
14_di_Zenâr,friulian,template_boilerplate,Il 14 di Zenâr e je la 14° zornade dal Calendari Gregorian.
14_di_Zenâr,friulian,template_boilerplate,A mancjin 351 zornadis pe fin dal an (352 se l'an al è bisest).
15_di_Avrîl,friulian,template_boilerplate,Il 15 di Avrîl e je la 105° zornade dal Calendari Gregorian (la 106° se l'an al è bisest).
15_di_Dicembar,friulian,template_boilerplate,Il 15 di Dicembar e je la 349° zornade dal Calendari Gregorian (la 350° se l'an al è bisest).
15_di_Dicembar,friulian,template_boilerplate,A mancjin 16 zornadis pe fin dal an.
15_di_Fevrâr,friulian,template_boilerplate,Il 15 di Fevrâr e je la 46° zornade dal Calendari Gregorian.
15_di_Fevrâr,friulian,template_boilerplate,A mancjin 319 zornadis pe fin dal an (320 se l'an al è bisest).
15_di_Jugn,friulian,template_boilerplate,Il 15 di Jugn e je la 166° zornade dal Calendari Gregorian (la 167° se l'an al è bisest).
15_di_Lui,friulian,template_boilerplate,Il 15 di Lui e je la 196° zornade dal Calendari Gregorian (la 197° se l'an al è bisest).
15_di_Lui,friulian,template_boilerplate,A mancjin 169 zornadis pe fin dal an.
15_di_Mai,friulian,template_boilerplate,Il 15 di Mai e je la 135° zornade dal Calendari Gregorian (la 136° se l'an al è bisest).
15_di_Mai,friulian,template_boilerplate,A mancjin 230 zornadis pe fin dal an.
15_di_Març,friulian,template_boilerplate,Il 15 di Març e je la 74° zornade dal Calendari Gregorian (la 75° se l'an al è bisest).
15_di_Novembar,friulian,template_boilerplate,Il 15 di Novembar e je la 319° zornade dal Calendari Gregorian (la 320° se l'an al è bisest).
15_di_Novembar,friulian,template_boilerplate,A mancjin 46 zornadis pe fin dal an.
15_di_Otubar,friulian,template_boilerplate,Il 15 di Otubar e je la 288° zornade dal Calendari Gregorian (la 289° se l'an al è bisest).
15_di_Otubar,friulian,template_boilerplate,A mancjin 77 zornadis pe fin dal an.
15_di_Zenâr,friulian,template_boilerplate,Il 15 di Zenâr e je la 15° zornade dal Calendari Gregorian.
15_di_Zenâr,friulian,template_boilerplate,A mancjin 350 zornadis pe fin dal an (351 se l'an al è bisest).
16_di_Avost,friulian,template_boilerplate,Il 16 di Avost e je la 228° zornade dal Calendari Gregorian (la 229° se l'an al è bisest).
16_di_Avost,friulian,template_boilerplate,A mancjin 137 zornadis pe fin dal an.
16_di_Avrîl,friulian,template_boilerplate,Il 16 di Avrîl e je la 106° zornade dal Calendari Gregorian (la 107° se l'an al è bisest).
16_di_Dicembar,friulian,template_boilerplate,Il 16 di Dicembar e je la 350° zornade dal Calendari Gregorian (la 351° se l'an al è bisest).
16_di_Fevrâr,friulian,template_boilerplate,Il 16 di Fevrâr e je la 47° zornade dal Calendari Gregorian.
16_di_Fevrâr,friulian,template_boilerplate,A mancjin 318 zornadis pe fin dal an (319 se l'an al è bisest).
16_di_Jugn,friulian,template_boilerplate,Il 16 di Jugn e je la 167° zornade dal Calendari Gregorian (la 168° se l'an al è bisest).
16_di_Jugn,friulian,template_boilerplate,A mancjin 198 zornadis pe fin dal an.
16_di_Lui,friulian,template_boilerplate,Il 16 di Lui e je la 197° zornade dal Calendari Gregorian (la 198° se l'an al è bisest).
16_di_Mai,friulian,template_boilerplate,Il 16 di Mai e je la 136° zornade dal Calendari Gregorian (la 137° se l'an al è bisest).
16_di_Mai,friulian,template_boilerplate,A mancjin 229 zornadis pe fin dal an.
16_di_Març,friulian,template_boilerplate,Il 16 di Març e je la 75° zornade dal Calendari Gregorian (la 76° se l'an al è bisest).
16_di_Març,friulian,template_boilerplate,A mancjin 290 zornadis pe fin dal an.
16_di_Novembar,friulian,template_boilerplate,Il 16 di Novembar e je la 320° zornade dal Calendari Gregorian (la 321° se l'an al è bisest).
16_di_Otubar,friulian,template_boilerplate,Il 16 di Otubar e je la 289° zornade dal Calendari Gregorian (la 290° se l'an al è bisest).
16_di_Otubar,friulian,template_boilerplate,A mancjin 76 zornadis pe fin dal an.
16_di_Setembar,friulian,template_boilerplate,Il 16 di Setembar e je la 259° zornade dal Calendari Gregorian (la 260° se l'an al è bisest).
16_di_Setembar,friulian,template_boilerplate,A mancjin 106 zornadis pe fin dal an.
16_di_Zenâr,friulian,template_boilerplate,Il 16 di Zenâr e je la 16° zornade dal Calendari Gregorian.
16_di_Zenâr,friulian,template_boilerplate,A mancjin 349 zornadis pe fin dal an (350 se l'an al è bisest).
17_di_Avost,friulian,template_boilerplate,Il 17 di Avost e je la 229° zornade dal Calendari Gregorian (la 230° se l'an al è bisest).
17_di_Avost,friulian,template_boilerplate,A mancjin 136 zornadis pe fin dal an.
17_di_Avrîl,friulian,template_boilerplate,Il 17 di Avrîl e je la 107° zornade dal Calendari Gregorian (la 108° se l'an al è bisest).
17_di_Avrîl,friulian,citation_shape,"2002 - Afganistan: sassinament di cuatri soldâts canadês colpîts dal fûc amì di doi F-16 americans 2003 - Il Pape Zuan Pauli II al publiche la Encicliche ""Ecclesia de Eucharistia"" su la Eucaristie intal sô rapuart cu la Glesie 2004 - Cisgiordanie: Gaza, copât da un missil israelian il responsabil dal grop palestinês Hamas, Abdel Aziz Rantisi 1277 - Michêl IX di Bisanzi, Imperadôr bizantin 1598 - Giovanni Riccioli, astronom 1818 - Lissandri II di Russie 1837 - J.P."
17_di_Dicembar,friulian,template_boilerplate,Il 17 di Dicembar e je la 351° zornade dal Calendari Gregorian (la 352° se l'an al è bisest).
17_di_Dicembar,friulian,template_boilerplate,A mancjin 14 zornadis pe fin dal an.
17_di_Fevrâr,friulian,template_boilerplate,Il 17 di Fevrâr e je la 48° zornade dal Calendari Gregorian.
17_di_Fevrâr,friulian,template_boilerplate,A mancjin 317 zornadis pe fin dal an (318 se l'an al è bisest).
17_di_Jugn,friulian,template_boilerplate,Il 17 di Jugn e je la 168° zornade dal Calendari Gregorian (la 169° se l'an al è bisest).
17_di_Jugn,friulian,template_boilerplate,A mancjin 197 zornadis pe fin dal an.
17_di_Lui,friulian,template_boilerplate,Il 17 di Lui e je la 198° zornade dal Calendari Gregorian (la 199° se l'an al è bisest).
17_di_Lui,friulian,template_boilerplate,A mancjin 167 zornadis pe fin dal an.
17_di_Mai,friulian,template_boilerplate,Il 17 di Mai e je la 137° zornade dal Calendari Gregorian (la 138° se l'an al è bisest).
17_di_Mai,friulian,template_boilerplate,A mancjin 228 zornadis pe fin dal an.
17_di_Març,friulian,template_boilerplate,Il 17 di Març e je la 76° zornade dal Calendari Gregorian (la 77° se l'an al è bisest).
17_di_Març,friulian,template_boilerplate,A mancjin 289 zornadis pe fin dal an.
17_di_Novembar,friulian,template_boilerplate,Il 17 di Novembar e je la 321° zornade dal Calendari Gregorian (la 322° se l'an al è bisest).
17_di_Otubar,friulian,template_boilerplate,Il 17 di Otubar e je la 290° zornade dal Calendari Gregorian (la 291° se l'an al è bisest).
17_di_Setembar,friulian,template_boilerplate,Il 17 di Setembar e je la 260° zornade dal Calendari Gregorian (la 261° se l'an al è bisest).
17_di_Setembar,friulian,template_boilerplate,A mancjin 105 zornadis pe fin dal an.
17_di_Zenâr,friulian,template_boilerplate,Il 17 di Zenâr e je la 17° zornade dal Calendari Gregorian.
17_di_Zenâr,friulian,template_boilerplate,A mancjin 348 zornadis pe fin dal an (349 se l'an al è bisest).
185_p.d.C.,friulian,template_boilerplate,186 p.d. C. < 185_p.d.
18_di_Avost,friulian,template_boilerplate,Il 18 di Avost e je la 230° zornade dal Calendari Gregorian (la 231° se l'an al è bisest).
18_di_Avost,friulian,template_boilerplate,A mancjin 135 zornadis pe fin dal an.
18_di_Avrîl,friulian,template_boilerplate,Il 18 di Avrîl e je la 108° zornade dal Calendari Gregorian (la 109° se l'an al è bisest).
18_di_Avrîl,friulian,template_boilerplate,A mancjin 257 zornadis pe fin dal an.
18_di_Dicembar,friulian,template_boilerplate,Il 18 di Dicembar e je la 352° zornade dal Calendari Gregorian (la 353° se l'an al è bisest).
18_di_Fevrâr,friulian,template_boilerplate,Il 18 di Febrâr e je la 49° zornade dal Calendari Gregorian.
18_di_Fevrâr,friulian,template_boilerplate,A mancjin 316 zornadis pe fin dal an (317 se l'an al è bisest).
18_di_Jugn,friulian,template_boilerplate,Il 18 di Jugn e je la 169° zornade dal Calendari Gregorian (la 170° se l'an al è bisest).
18_di_Lui,friulian,template_boilerplate,Il 18 di Lui e je la 199° zornade dal Calendari Gregorian (la 200° se l'an al è bisest).
18_di_Mai,friulian,template_boilerplate,Il 18 di Mai e je la 138° zornade dal Calendari Gregorian (la 139° se l'an al è bisest).
18_di_Març,friulian,template_boilerplate,Il 18 di Març e je la 77° zornade dal Calendari Gregorian (la 78° se l'an al è bisest).
18_di_Novembar,friulian,template_boilerplate,Il 18 di Novembar e je la 322° zornade dal Calendari Gregorian (la 323° se l'an al è bisest).
18_di_Novembar,friulian,template_boilerplate,A mancjin 43 zornadis pe fin dal an.
18_di_Otubar,friulian,template_boilerplate,Il 18 di Otubar e je la 291° zornade dal Calendari Gregorian (la 292° se l'an al è bisest).
18_di_Setembar,friulian,template_boilerplate,Il 18 di Setembar e je la 261° zornade dal Calendari Gregorian (la 262° se l'an al è bisest).
18_di_Zenâr,friulian,template_boilerplate,Il 18 di Zenâr e je la 18° zornade dal Calendari Gregorian.
18_di_Zenâr,friulian,template_boilerplate,A mancjin 347 zornadis pe fin dal an (348 se l'an al è bisest).
1993,friulian,citation_shape,1992 < 1993 < 1994 1 di Zenâr - La Cechie e la Slovachie e deventin doi stâts separâts.
19_di_Avost,friulian,template_boilerplate,Il 19 di Avost e je la 231° zornade dal Calendari Gregorian (la 232° se l'an al è bisest).
19_di_Avost,friulian,template_boilerplate,A mancjin 134 zornadis pe fin dal an.
19_di_Avrîl,friulian,template_boilerplate,Il 19 di Avrîl e je la 109° zornade dal Calendari Gregorian (la 110° se l'an al è bisest).
19_di_Dicembar,friulian,template_boilerplate,Il 19 di Dicembar e je la 353° zornade dal Calendari Gregorian (la 354° se l'an al è bisest).
19_di_Dicembar,friulian,template_boilerplate,A mancjin 12 zornadis pe fin dal an.
19_di_Fevrâr,friulian,template_boilerplate,Il 19 di Fevrâr e je la 50° zornade dal Calendari Gregorian.
19_di_Fevrâr,friulian,template_boilerplate,A mancjin 315 zornadis pe fin dal an (316 se l'an al è bisest).
19_di_Jugn,friulian,template_boilerplate,Il 19 di Jugn e je la 170° zornade dal Calendari Gregorian (la 171° se l'an al è bisest).
19_di_Jugn,friulian,template_boilerplate,A mancjin 195 zornadis pe fin dal an.
19_di_Lui,friulian,template_boilerplate,Il 19 di Lui e je la 200° zornade dal Calendari Gregorian (la 201° se l'an al è bisest).
19_di_Lui,friulian,template_boilerplate,A mancjin 165 zornadis pe fin dal an.
19_di_Mai,friulian,template_boilerplate,Il 19 di Mai e je la 139° zornade dal Calendari Gregorian (la 140° se l'an al è bisest).
19_di_Mai,friulian,template_boilerplate,A mancjin 226 zornadis pe fin dal an.
19_di_Març,friulian,template_boilerplate,Il 19 di Març e je la 78° zornade dal Calendari Gregorian (la 79° se l'an al è bisest).
19_di_Març,friulian,template_boilerplate,A mancjin 287 zornadis pe fin dal an.
19_di_Novembar,friulian,template_boilerplate,Il 19 di Novembar e je la 323° zornade dal Calendari Gregorian (la 324° se l'an al è bisest).
19_di_Novembar,friulian,template_boilerplate,A mancjin 42 zornadis pe fin dal an.
19_di_Otubar,friulian,template_boilerplate,Il 19 di Otubar e je la 292° zornade dal Calendari Gregorian (la 293° se l'an al è bisest).
19_di_Otubar,friulian,template_boilerplate,A mancjin 73 zornadis pe fin dal an.
19_di_Setembar,friulian,template_boilerplate,Il 19 di Setembar e je la 262° zornade dal Calendari Gregorian (la 263° se l'an al è bisest).
19_di_Zenâr,friulian,template_boilerplate,A mancjin 346 zornadis pe fin dal an (347 se l'an al è bisest).
1ⁿ_di_Avost,friulian,template_boilerplate,Il 1n di Avost e je la 213° zornade dal Calendari Gregorian (la 214° se l'an al è bisest).
1ⁿ_di_Avrîl,friulian,template_boilerplate,Il 1n di Avrîl e je la 91° zornade dal Calendari Gregorian (la 92° se l'an al è bisest).
1ⁿ_di_Avrîl,friulian,template_boilerplate,A mancjin 274 zornadis pe fin dal an.
1ⁿ_di_Dicembar,friulian,template_boilerplate,Il 1n di Dicembar e je la 335° zornade dal Calendari Gregorian (la 336° se l'an al è bisest).
1ⁿ_di_Dicembar,friulian,template_boilerplate,A mancjin 30 zornadis pe fin dal an.
1ⁿ_di_Fevrâr,friulian,template_boilerplate,A mancjin 333 zornadis pe fin dal an (334 se l'an al è bisest).
1ⁿ_di_Jugn,friulian,template_boilerplate,Il 1n di Jugn e je la 152° zornade dal Calendari Gregorian (la 153° se l'an al è bisest).
1ⁿ_di_Lui,friulian,template_boilerplate,Il 1n di Lui e je la 182° zornade dal Calendari Gregorian (la 183° se l'an al è bisest).
1ⁿ_di_Mai,friulian,template_boilerplate,Il 1n di Mai e je la 121° zornade dal Calendari Gregorian (la 122° se l'an al è bisest).
1ⁿ_di_Març,friulian,template_boilerplate,Il 1n di Març e je la 60° zornade dal Calendari Gregorian (la 61° se l'an al è bisest).
1ⁿ_di_Novembar,friulian,template_boilerplate,Il 1n di Novembar e je la 305° zornade dal Calendari Gregorian (la 306° se l'an al è bisest).
1ⁿ_di_Otubar,friulian,template_boilerplate,Il 1n di Otubar e je la 274° zornade dal Calendari Gregorian (la 275° se l'an al è bisest).
1ⁿ_di_Otubar,friulian,template_boilerplate,A mancjin 91 zornadis pe fin dal an.
1ⁿ_di_Setembar,friulian,template_boilerplate,Il 1n di Setembar e je la 244° zornade dal Calendari Gregorian (la 245° se l'an al è bisest).
1ⁿ_di_Setembar,friulian,template_boilerplate,A mancjin 121 zornadis pe fin dal an.
1ⁿ_di_Zenâr,friulian,template_boilerplate,A mancjin 364 zornadis pe fin dal an (365 se l'an al è bisest).
1ⁿ_di_Zenâr,friulian,citation_shape,1993 – La Cechie e la Slovachie e deventin doi stâts separâts.
2001,friulian,citation_shape,2000 < 2001 < 2002 Il gjenome uman al è uficialmentri complet 21 di Jugn - Eclìs solâr totâl 11 di Setembar - Stâts Unîts: doi avions vuidâts di dirotadôrs suicidis di Al-Qaida si sfracain un cuintri ognidune dai Tors Zimui di Gnove York e lis fasin colà jù.
2001,friulian,citation_fragment,Naipaul pe midisine: Leland H.
2001,friulian,citation_fragment;template_boilerplate,"Cornell, Wolfgang Ketterle, Carl E."
2001,friulian,citation_fragment,Wieman pe chimiche: William S.
20_di_Avost,friulian,template_boilerplate,Il 20 di Avost e je la 232° zornade dal Calendari Gregorian (la 233° se l'an al è bisest).
20_di_Avost,friulian,template_boilerplate,A mancjin 133 zornadis pe fin dal an.
20_di_Avrîl,friulian,template_boilerplate,Il 20 di Avrîl e je la 110° zornade dal Calendari Gregorian (la 111° se l'an al è bisest).
20_di_Avrîl,friulian,template_boilerplate,A mancjin 255 zornadis pe fin dal an.
20_di_Dicembar,friulian,template_boilerplate,Il 20 di Dicembar e je la 354° zornade dal Calendari Gregorian (la 355° se l'an al è bisest).
20_di_Dicembar,friulian,template_boilerplate,A mancjin 11 zornadis pe fin dal an.
20_di_Fevrâr,friulian,template_boilerplate,Il 20 di Fevrâr e je la 51° zornade dal Calendari Gregorian.
20_di_Fevrâr,friulian,template_boilerplate,A mancjin 314 zornadis pe fin dal an (315 se l'an al è bisest).
20_di_Jugn,friulian,template_boilerplate,Il 20 di Jugn e je la 171° zornade dal Calendari Gregorian (la 172° se l'an al è bisest).
20_di_Jugn,friulian,template_boilerplate,A mancjin 194 zornadis pe fin dal an.
20_di_Lui,friulian,template_boilerplate,Il 20 di Lui e je la 201° zornade dal Calendari Gregorian (la 202° se l'an al è bisest).
20_di_Mai,friulian,template_boilerplate,Il 20 di Mai e je la 140° zornade dal Calendari Gregorian (la 141° se l'an al è bisest).
20_di_Mai,friulian,template_boilerplate,A mancjin 225 zornadis pe fin dal an.
20_di_Març,friulian,template_boilerplate,Il 20 di Març e je la 79° zornade dal Calendari Gregorian (la 80° se l'an al è bisest).
20_di_Març,friulian,template_boilerplate,A mancjin 286 zornadis pe fin dal an.
20_di_Novembar,friulian,template_boilerplate,Il 20 di Novembar e je la 324° zornade dal Calendari Gregorian (la 325° se l'an al è bisest).
20_di_Otubar,friulian,template_boilerplate,Il 20 di Otubar e je la 293° zornade dal Calendari Gregorian (la 294° se l'an al è bisest).
20_di_Otubar,friulian,template_boilerplate,A mancjin 72 zornadis pe fin dal an.
20_di_Setembar,friulian,template_boilerplate,Il 20 di Setembar e je la 263° zornade dal Calendari Gregorian (la 264° se l'an al è bisest).
20_di_Zenâr,friulian,template_boilerplate,Il 20 di Zenâr e je la 20° zornade dal Calendari Gregorian.
20_di_Zenâr,friulian,template_boilerplate,A mancjin 345 zornadis pe fin dal an (346 se l'an al è bisest).
21_di_Avost,friulian,template_boilerplate,Il 21 di Avost e je la 233° zornade dal Calendari Gregorian (la 234° se l'an al è bisest).
21_di_Avost,friulian,template_boilerplate,A mancjin 132 zornadis pe fin dal an.
21_di_Avrîl,friulian,template_boilerplate,Il 21 di Avrîl e je la 111° zornade dal Calendari Gregorian (la 112° se l'an al è bisest).
21_di_Dicembar,friulian,template_boilerplate,Il 21 di Dicembar e je la 355° zornade dal Calendari Gregorian (la 356° se l'an al è bisest).
21_di_Fevrâr,friulian,template_boilerplate,Il 21 di Fevrâr e je la 52° zornade dal Calendari Gregorian.
21_di_Fevrâr,friulian,template_boilerplate,A mancjin 313 zornadis pe fin dal an (314 se l'an al è bisest).
21_di_Jugn,friulian,template_boilerplate,Il 21 di Jugn e je la 172° zornade dal Calendari Gregorian (la 173° se l'an al è bisest).
21_di_Jugn,friulian,template_boilerplate,A mancjin 193 zornadis pe fin dal an.
21_di_Lui,friulian,template_boilerplate,Il 21 di Lui e je la 202° zornade dal Calendari Gregorian (la 203° se l'an al è bisest).
21_di_Lui,friulian,template_boilerplate,A mancjin 163 zornadis pe fin dal an.
21_di_Mai,friulian,template_boilerplate,Il 21 di Mai e je la 141° zornade dal Calendari Gregorian (la 142° se l'an al è bisest).
21_di_Mai,friulian,template_boilerplate,A mancjin 224 zornadis pe fin dal an.
21_di_Març,friulian,template_boilerplate,Il 21 di Març e je la 80° zornade dal Calendari Gregorian (la 81° se l'an al è bisest).
21_di_Novembar,friulian,template_boilerplate,Il 21 di Novembar e je la 325° zornade dal Calendari Gregorian (la 326° se l'an al è bisest).
21_di_Novembar,friulian,template_boilerplate,A mancjin 40 zornadis pe fin dal an.
21_di_Otubar,friulian,template_boilerplate,Il 21 di Otubar e je la 294° zornade dal Calendari Gregorian (la 295° se l'an al è bisest).
21_di_Otubar,friulian,template_boilerplate,A mancjin 71 zornadis pe fin dal an.
21_di_Setembar,friulian,template_boilerplate,Il 21 di Setembar e je la 264° zornade dal Calendari Gregorian (la 265° se l'an al è bisest).
21_di_Zenâr,friulian,template_boilerplate,Il 21 di Zenâr e je la 21° zornade dal Calendari Gregorian.
21_di_Zenâr,friulian,template_boilerplate,A mancjin 344 zornadis pe fin dal an (345 se l'an al è bisest).
22_di_Avost,friulian,template_boilerplate,Il 22 di Avost e je la 234° zornade dal Calendari Gregorian (la 235° se l'an al è bisest).
22_di_Avost,friulian,template_boilerplate,A mancjin 131 zornadis pe fin dal an.
22_di_Avrîl,friulian,template_boilerplate,Il 22 di Avrîl e je la 112° zornade dal Calendari Gregorian (la 113° se l'an al è bisest).
22_di_Dicembar,friulian,template_boilerplate,Il 22 di Dicembar e je la 356° zornade dal Calendari Gregorian (la 357° se l'an al è bisest).
22_di_Dicembar,friulian,template_boilerplate,A mancjin 9 zornadis pe fin dal an.
22_di_Fevrâr,friulian,template_boilerplate,Il 22 di Fevrâr e je la 53° zornade dal Calendari Gregorian.
22_di_Fevrâr,friulian,template_boilerplate,A mancjin 312 zornadis pe fin dal an (313 se l'an al è bisest).
22_di_Jugn,friulian,template_boilerplate,Il 22 di Jugn e je la 173° zornade dal Calendari Gregorian (la 174° se l'an al è bisest).
22_di_Jugn,friulian,template_boilerplate,A mancjin 192 zornadis pe fin dal an.
22_di_Lui,friulian,template_boilerplate,Il 22 di Lui e je la 203° zornade dal Calendari Gregorian (la 204° se l'an al è bisest).
22_di_Mai,friulian,template_boilerplate,Il 22 di Mai e je la 142° zornade dal Calendari Gregorian (la 143° se l'an al è bisest).
22_di_Mai,friulian,template_boilerplate,A mancjin 223 zornadis pe fin dal an.
22_di_Març,friulian,template_boilerplate,Il 22 di Març e je la 81° zornade dal Calendari Gregorian (la 82° se l'an al è bisest).
22_di_Març,friulian,template_boilerplate,A mancjin 284 zornadis pe fin dal an.
22_di_Novembar,friulian,template_boilerplate,Il 22 di Novembar e je la 326° zornade dal Calendari Gregorian (la 327° se l'an al è bisest).
22_di_Otubar,friulian,template_boilerplate,Il 22 di Otubar e je la 295° zornade dal Calendari Gregorian (la 296° se l'an al è bisest).
22_di_Otubar,friulian,template_boilerplate,A mancjin 70 zornadis pe fin dal an.
22_di_Setembar,friulian,template_boilerplate,Il 22 di Setembar e je la 265° zornade dal Calendari Gregorian (la 266° se l'an al è bisest).
22_di_Setembar,friulian,template_boilerplate,A mancjin 100 zornadis pe fin dal an.
22_di_Zenâr,friulian,template_boilerplate,Il 22 di Zenâr e je la 22° zornade dal Calendari Gregorian.
22_di_Zenâr,friulian,template_boilerplate,A mancjin 343 zornadis pe fin dal an (344 se l'an al è bisest).
23_di_Avost,friulian,template_boilerplate,Il 23 di Avost e je la 235° zornade dal Calendari Gregorian (la 236° se l'an al è bisest).
23_di_Avrîl,friulian,template_boilerplate,Il 23 di Avrîl e je la 113° zornade dal Calendari Gregorian (la 114° se l'an al è bisest).
23_di_Dicembar,friulian,template_boilerplate,Il 23 di Dicembar e je la 357° zornade dal Calendari Gregorian (la 358° se l'an al è bisest).
23_di_Dicembar,friulian,template_boilerplate,A mancjin 8 zornadis pe fin dal an.
23_di_Fevrâr,friulian,template_boilerplate,Il 23 di Fevrâr e je la 54° zornade dal Calendari Gregorian.
23_di_Fevrâr,friulian,template_boilerplate,A mancjin 311 zornadis pe fin dal an (312 se l'an al è bisest).
23_di_Fevrâr,friulian,url_metadata,"1998 - Netscape Communications Corporation al fonde mozilla.org, par dirigi il disvilup open source dal browser Mozilla."
23_di_Jugn,friulian,template_boilerplate,Il 23 di Jugn e je la 174° zornade dal Calendari Gregorian (la 175° se l'an al è bisest).
23_di_Lui,friulian,template_boilerplate,Il 23 di Lui e je la 204° zornade dal Calendari Gregorian (la 205° se l'an al è bisest).
23_di_Mai,friulian,template_boilerplate,Il 23 di Mai e je la 143° zornade dal Calendari Gregorian (la 144° se l'an al è bisest).
23_di_Març,friulian,template_boilerplate,Il 23 di Març e je la 82° zornade dal Calendari Gregorian (la 83° se l'an al è bisest).
23_di_Novembar,friulian,template_boilerplate,Il 23 di Novembar e je la 327° zornade dal Calendari Gregorian (la 328° se l'an al è bisest).
23_di_Otubar,friulian,template_boilerplate,Il 23 di Otubar e je la 296° zornade dal Calendari Gregorian (la 297° se l'an al è bisest).
23_di_Otubar,friulian,template_boilerplate,A mancjin 69 zornadis pe fin dal an.
23_di_Setembar,friulian,template_boilerplate,Il 23 di Setembar e je la 266° zornade dal Calendari Gregorian (la 267° se l'an al è bisest).
23_di_Zenâr,friulian,template_boilerplate,Il 23 di Zenâr e je la 23° zornade dal Calendari Gregorian.
23_di_Zenâr,friulian,template_boilerplate,A mancjin 342 zornadis pe fin dal an (343 se l'an al è bisest).
24_di_Avost,friulian,template_boilerplate,Il 24 di Avost e je la 236° zornade dal Calendari Gregorian (la 237° se l'an al è bisest).
24_di_Avrîl,friulian,template_boilerplate,Il 24 di Avrîl e je la 114° zornade dal Calendari Gregorian (la 115° se l'an al è bisest).
24_di_Dicembar,friulian,template_boilerplate,Il 24 di Dicembar e je la 358° zornade dal Calendari Gregorian (la 359° se l'an al è bisest).
24_di_Fevrâr,friulian,template_boilerplate,Il 24 di Fevrâr e je la 55° zornade dal Calendari Gregorian.
24_di_Fevrâr,friulian,template_boilerplate,A mancjin 310 zornadis pe fin dal an (311 se l'an al è bisest).
24_di_Jugn,friulian,template_boilerplate,Il 24 di Jugn e je la 175° zornade dal Calendari Gregorian (la 176° se l'an al è bisest).
24_di_Lui,friulian,template_boilerplate,Il 24 di Lui e je la 205° zornade dal Calendari Gregorian (la 206° se l'an al è bisest).
24_di_Lui,friulian,template_boilerplate,A mancjin 160 zornadis pe fin dal an.
24_di_Mai,friulian,template_boilerplate,Il 24 di Mai e je la 144° zornade dal Calendari Gregorian (la 145° se l'an al è bisest).
24_di_Mai,friulian,template_boilerplate,A mancjin 221 zornadis pe fin dal an.
24_di_Març,friulian,template_boilerplate,Il 24 di Març e je la 83° zornade dal Calendari Gregorian (la 84° se l'an al è bisest).
24_di_Març,friulian,template_boilerplate,A mancjin 282 zornadis pe fin dal an.
24_di_Novembar,friulian,template_boilerplate,Il 24 di Novembar e je la 328° zornade dal Calendari Gregorian (la 329° se l'an al è bisest).
24_di_Novembar,friulian,english_text,A mancjin 37 zornadis pe fin dal an. 1859 - Charles Darwin al publiche il so famôs libri On the Origin of the species dulà che al spieghe la teorie de evoluzion.
24_di_Otubar,friulian,template_boilerplate,Il 24 di Otubar e je la 297° zornade dal Calendari Gregorian (la 298° se l'an al è bisest).
24_di_Otubar,friulian,template_boilerplate,A mancjin 68 zornadis pe fin dal an.
24_di_Setembar,friulian,template_boilerplate,Il 24 di Setembar e je la 267° zornade dal Calendari Gregorian (la 268° se l'an al è bisest).
24_di_Setembar,friulian,template_boilerplate,A mancjin 98 zornadis pe fin dal an.
24_di_Zenâr,friulian,template_boilerplate,Il 24 di Zenâr e je la 24° zornade dal Calendari Gregorian.
24_di_Zenâr,friulian,template_boilerplate,A mancjin 341 zornadis pe fin dal an (342 se l'an al è bisest).
25_di_Avost,friulian,template_boilerplate,Il 25 di Avost e je la 237° zornade dal Calendari Gregorian (la 238° se l'an al è bisest).
25_di_Avost,friulian,template_boilerplate,A mancjin 128 zornadis pe fin dal an.
25_di_Avrîl,friulian,template_boilerplate,Il 25 di Avrîl e je la 115° zornade dal Calendari Gregorian (la 116° se l'an al è bisest).
25_di_Dicembar,friulian,template_boilerplate,Il 25 di Dicembar e je la 359° zornade dal Calendari Gregorian (la 360° se l'an al è bisest).
25_di_Fevrâr,friulian,template_boilerplate,Il 25 di Fevrâr e je la 56° zornade dal Calendari Gregorian.
25_di_Fevrâr,friulian,template_boilerplate,A mancjin 309 zornadis pe fin dal an (310 se l'an al è bisest).
25_di_Jugn,friulian,template_boilerplate,Il 25 di Jugn e je la 176° zornade dal Calendari Gregorian (la 177° se l'an al è bisest).
25_di_Lui,friulian,template_boilerplate,Il 25 di Lui e je la 206° zornade dal Calendari Gregorian (la 207° se l'an al è bisest).
25_di_Lui,friulian,template_boilerplate,A mancjin 159 zornadis pe fin dal an.
25_di_Mai,friulian,template_boilerplate,Il 25 di Mai e je la 145° zornade dal Calendari Gregorian (la 146° se l'an al è bisest).
25_di_Mai,friulian,template_boilerplate,A mancjin 220 zornadis pe fin dal an.
25_di_Març,friulian,template_boilerplate,Il 25 di Març e je la 84° zornade dal Calendari Gregorian (la 85° se l'an al è bisest).
25_di_Març,friulian,template_boilerplate,A mancjin 281 zornadis pe fin dal an.
25_di_Novembar,friulian,template_boilerplate,Il 25 di Novembar e je la 329° zornade dal Calendari Gregorian (la 330° se l'an al è bisest).
25_di_Otubar,friulian,template_boilerplate,Il 25 di Otubar e je la 298° zornade dal Calendari Gregorian (la 299° se l'an al è bisest).
25_di_Otubar,friulian,template_boilerplate,A mancjin 67 zornadis pe fin dal an.
25_di_Setembar,friulian,template_boilerplate,Il 25 di Setembar e je la 268° zornade dal Calendari Gregorian (la 269° se l'an al è bisest).
25_di_Setembar,friulian,template_boilerplate,A mancjin 97 zornadis pe fin dal an.
25_di_Zenâr,friulian,template_boilerplate,Il 25 di Zenâr e je la 25° zornade dal Calendari Gregorian.
25_di_Zenâr,friulian,template_boilerplate,A mancjin 340 zornadis pe fin dal an (341 se l'an al è bisest).
26_di_Avost,friulian,template_boilerplate,Il 26 di Avost e je la 238° zornade dal Calendari Gregorian (la 239° se l'an al è bisest).
26_di_Avost,friulian,template_boilerplate,A mancjin 127 zornadis pe fin dal an.
26_di_Avrîl,friulian,template_boilerplate,Il 26 di Avrîl e je la 116° zornade dal Calendari Gregorian (la 117° se l'an al è bisest).
26_di_Avrîl,friulian,template_boilerplate,A mancjin 249 zornadis pe fin dal an.
26_di_Dicembar,friulian,template_boilerplate,Il 26 di Dicembar e je la 360° zornade dal Calendari Gregorian (la 361° se l'an al è bisest).
26_di_Fevrâr,friulian,template_boilerplate,A mancjin 308 zornadis pe fin dal an (309 se l'an al è bisest).
26_di_Jugn,friulian,template_boilerplate,Il 26 di Jugn e je la 177° zornade dal Calendari Gregorian (la 178° se l'an al è bisest).
26_di_Lui,friulian,template_boilerplate,Il 26 di Lui e je la 207° zornade dal Calendari Gregorian (la 208° se l'an al è bisest).
26_di_Mai,friulian,template_boilerplate,Il 26 di Mai e je la 146° zornade dal Calendari Gregorian (la 147° se l'an al è bisest).
26_di_Mai,friulian,template_boilerplate,A mancjin 219 zornadis pe fin dal an.
26_di_Març,friulian,template_boilerplate,Il 26 di Març e je la 85° zornade dal Calendari Gregorian (la 86° se l'an al è bisest).
26_di_Novembar,friulian,template_boilerplate,Il 26 di Novembar e je la 330° zornade dal Calendari Gregorian (la 331° se l'an al è bisest).
26_di_Novembar,friulian,template_boilerplate,A mancjin 35 zornadis pe fin dal an.
26_di_Otubar,friulian,template_boilerplate,Il 26 di Otubar e je la 299° zornade dal Calendari Gregorian (la 300° se l'an al è bisest).
26_di_Setembar,friulian,template_boilerplate,Il 26 di Setembar e je la 269° zornade dal Calendari Gregorian (la 270° se l'an al è bisest).
26_di_Zenâr,friulian,template_boilerplate,Il 26 di Zenâr e je la 26° zornade dal Calendari Gregorian.
26_di_Zenâr,friulian,template_boilerplate,A mancjin 339 zornadis pe fin dal an (340 se l'an al è bisest).
27_di_Avost,friulian,template_boilerplate,Il 27 di Avost e je la 239° zornade dal Calendari Gregorian (la 240° se l'an al è bisest).
27_di_Avost,friulian,template_boilerplate,A mancjin 126 zornadis pe fin dal an.
27_di_Avrîl,friulian,template_boilerplate,Il 27 di Avrîl e je la 117° zornade dal Calendari Gregorian (la 118° se l'an al è bisest).
27_di_Dicembar,friulian,template_boilerplate,Il 27 di Dicembar e je la 361° zornade dal Calendari Gregorian (la 362° se l'an al è bisest).
27_di_Fevrâr,friulian,template_boilerplate,Il 27 di Fevrâr e je la 58° zornade dal Calendari Gregorian.
27_di_Fevrâr,friulian,template_boilerplate,A mancjin 307 zornadis pe fin dal an (308 se l'an al è bisest).
27_di_Jugn,friulian,template_boilerplate,Il 27 di Jugn e je la 178° zornade dal Calendari Gregorian (la 179° se l'an al è bisest).
27_di_Jugn,friulian,template_boilerplate,A mancjin 187 zornadis pe fin dal an.
27_di_Lui,friulian,template_boilerplate,Il 27 di Lui e je la 208° zornade dal Calendari Gregorian (la 209° se l'an al è bisest).
27_di_Lui,friulian,template_boilerplate,A mancjin 157 zornadis pe fin dal an.
27_di_Mai,friulian,template_boilerplate,Il 27 di Mai e je la 147° zornade dal Calendari Gregorian (la 148° se l'an al è bisest).
27_di_Mai,friulian,template_boilerplate,A mancjin 218 zornadis pe fin dal an.
27_di_Març,friulian,template_boilerplate,Il 27 di Març e je la 86° zornade dal Calendari Gregorian (la 87° se l'an al è bisest).
27_di_Novembar,friulian,template_boilerplate,Il 27 di Novembar e je la 331° zornade dal Calendari Gregorian (la 332° se l'an al è bisest).
27_di_Novembar,friulian,template_boilerplate,A mancjin 34 zornadis pe fin dal an.
27_di_Otubar,friulian,template_boilerplate,Il 27 di Otubar e je la 300° zornade dal Calendari Gregorian (la 301° se l'an al è bisest).
27_di_Otubar,friulian,template_boilerplate,A mancjin 65 zornadis pe fin dal an.
27_di_Setembar,friulian,template_boilerplate,Il 27 di Setembar e je la 270° zornade dal Calendari Gregorian (la 271° se l'an al è bisest).
27_di_Setembar,friulian,template_boilerplate,A mancjin 95 zornadis pe fin dal an.
27_di_Zenâr,friulian,template_boilerplate,Il 27 di Zenâr e je la 27° zornade dal Calendari Gregorian.
27_di_Zenâr,friulian,template_boilerplate,A mancjin 338 zornadis pe fin dal an (339 se l'an al è bisest).
28_di_Avost,friulian,template_boilerplate,Il 28 di Avost e je la 240° zornade dal Calendari Gregorian (la 241° se l'an al è bisest).
28_di_Avost,friulian,template_boilerplate,A mancjin 125 zornadis pe fin dal an.
28_di_Avrîl,friulian,template_boilerplate,Il 28 di Avrîl e je la 118° zornade dal Calendari Gregorian (la 119° se l'an al è bisest).
28_di_Avrîl,friulian,template_boilerplate,A mancjin 247 zornadis pe fin dal an.
28_di_Dicembar,friulian,template_boilerplate,Il 28 di Dicembar e je la 362° zornade dal Calendari Gregorian (la 363° se l'an al è bisest).
28_di_Dicembar,friulian,template_boilerplate,A mancjin 3 zornadis pe fin dal an.
28_di_Fevrâr,friulian,template_boilerplate,Il 28 di Fevrâr e je la 59° zornade dal Calendari Gregorian.
28_di_Fevrâr,friulian,template_boilerplate,A mancjin 306 zornadis pe fin dal an (307 se l'an al è bisest).
28_di_Jugn,friulian,template_boilerplate,Il 28 di Jugn e je la 179° zornade dal Calendari Gregorian (la 180° se l'an al è bisest).
28_di_Jugn,friulian,template_boilerplate,A mancjin 186 zornadis pe fin dal an.
28_di_Lui,friulian,template_boilerplate,Il 28 di Lui e je la 209° zornade dal Calendari Gregorian (la 210° se l'an al è bisest).
28_di_Mai,friulian,template_boilerplate,Il 28 di Mai e je la 148° zornade dal Calendari Gregorian (la 149° se l'an al è bisest).
28_di_Mai,friulian,template_boilerplate,A mancjin 217 zornadis pe fin dal an.
28_di_Març,friulian,template_boilerplate,Il 28 di Març e je la 87° zornade dal Calendari Gregorian (la 88° se l'an al è bisest).
28_di_Novembar,friulian,template_boilerplate,Il 28 di Novembar e je la 332° zornade dal Calendari Gregorian (la 333° se l'an al è bisest).
28_di_Novembar,friulian,template_boilerplate,A mancjin 33 zornadis pe fin dal an.
28_di_Otubar,friulian,template_boilerplate,Il 28 di Otubar e je la 301° zornade dal Calendari Gregorian (la 302° se l'an al è bisest).
28_di_Otubar,friulian,template_boilerplate,A mancjin 64 zornadis pe fin dal an.
28_di_Setembar,friulian,template_boilerplate,Il 28 di Setembar e je la 271° zornade dal Calendari Gregorian (la 272° se l'an al è bisest).
28_di_Zenâr,friulian,template_boilerplate,Il 28 di Zenâr e je la 28° zornade dal Calendari Gregorian.
28_di_Zenâr,friulian,template_boilerplate,A mancjin 337 zornadis pe fin dal an (338 se l'an al è bisest).
29_di_Avost,friulian,template_boilerplate,Il 29 di Avost e je la 241° zornade dal Calendari Gregorian (la 242° se l'an al è bisest).
29_di_Avrîl,friulian,template_boilerplate,Il 29 di Avrîl e je la 119° zornade dal Calendari Gregorian (la 120° se l'an al è bisest).
29_di_Dicembar,friulian,template_boilerplate,Il 29 di Dicembar e je la 363° zornade dal Calendari Gregorian (la 364° se l'an al è bisest).
29_di_Dicembar,friulian,template_boilerplate,A mancjin 2 zornadis pe fin dal an.
29_di_Fevrâr,friulian,template_boilerplate,Il 29 di Fevrâr e je la 60° zornade dal Calendari Gregorian.
29_di_Jugn,friulian,template_boilerplate,Il 29 di Jugn e je la 180° zornade dal Calendari Gregorian (la 181° se l'an al è bisest).
29_di_Lui,friulian,template_boilerplate,Il 29 di Lui e je la 210° zornade dal Calendari Gregorian (la 211° se l'an al è bisest).
29_di_Mai,friulian,template_boilerplate,Il 29 di Mai e je la 149° zornade dal Calendari Gregorian (la 150° se l'an al è bisest).
29_di_Mai,friulian,template_boilerplate,A mancjin 216 zornadis pe fin dal an.
29_di_Març,friulian,template_boilerplate,Il 29 di Març e je la 88° zornade dal Calendari Gregorian (la 89° se l'an al è bisest).
29_di_Març,friulian,template_boilerplate,A mancjin 277 zornadis pe fin dal an.
29_di_Novembar,friulian,template_boilerplate,Il 29 di Novembar e je la 333° zornade dal Calendari Gregorian (la 334° se l'an al è bisest).
29_di_Novembar,friulian,template_boilerplate,A mancjin 32 zornadis pe fin dal an.
29_di_Otubar,friulian,template_boilerplate,Il 29 di Otubar e je la 302° zornade dal Calendari Gregorian (la 303° se l'an al è bisest).
29_di_Setembar,friulian,template_boilerplate,Il 29 di Setembar e je la 272° zornade dal Calendari Gregorian (la 273° se l'an al è bisest).
29_di_Zenâr,friulian,template_boilerplate,Il 29 di Zenâr e je la 29° zornade dal Calendari Gregorian.
29_di_Zenâr,friulian,template_boilerplate,A mancjin 336 zornadis pe fin dal an (337 se l'an al è bisest).
2_di_Avost,friulian,template_boilerplate,Il 2 di Avost e je la 214° zornade dal Calendari Gregorian (la 215° se l'an al è bisest).
2_di_Avrîl,friulian,template_boilerplate,Il 2 di Avrîl e je la 92° zornade dal Calendari Gregorian (la 93° se l'an al è bisest).
2_di_Dicembar,friulian,template_boilerplate,Il 2 di Dicembar e je la 336° zornade dal Calendari Gregorian (la 337° se l'an al è bisest).
2_di_Dicembar,friulian,template_boilerplate,A mancjin 29 zornadis pe fin dal an.
2_di_Fevrâr,friulian,template_boilerplate,Il 2 di Fevrâr e je la 33° zornade dal Calendari Gregorian.
2_di_Fevrâr,friulian,template_boilerplate,A mancjin 332 zornadis pe fin dal an (333 se l'an al è bisest).
2_di_Jugn,friulian,template_boilerplate,Il 2 di Jugn e je la 153° zornade dal Calendari Gregorian (la 154° se l'an al è bisest).
2_di_Lui,friulian,template_boilerplate,Il 2 di Lui e je la 183° zornade dal Calendari Gregorian (la 184° se l'an al è bisest).
2_di_Lui,friulian,template_boilerplate,A mancjin 182 zornadis pe fin dal an.
2_di_Mai,friulian,template_boilerplate,Il 2 di Mai e je la 122° zornade dal Calendari Gregorian (la 123° se l'an al è bisest).
2_di_Març,friulian,template_boilerplate,Il 2 di Març e je la 61° zornade dal Calendari Gregorian (la 62° se l'an al è bisest).
2_di_Novembar,friulian,template_boilerplate,Il 2 di Novembar e je la 306° zornade dal Calendari Gregorian (la 307° se l'an al è bisest).
2_di_Otubar,friulian,template_boilerplate,Il 2 di Otubar e je la 275° zornade dal Calendari Gregorian (la 276° se l'an al è bisest).
2_di_Setembar,friulian,template_boilerplate,Il 2 di Setembar e je la 245° zornade dal Calendari Gregorian (la 246° se l'an al è bisest).
2_di_Setembar,friulian,template_boilerplate,A mancjin 120 zornadis pe fin dal an.
2_di_Zenâr,friulian,template_boilerplate,A mancjin 363 zornadis pe fin dal an (364 se l'an al è bisest).
30_di_Avost,friulian,template_boilerplate,Il 30 di Avost e je la 242° zornade dal Calendari Gregorian (la 243° se l'an al è bisest).
30_di_Avrîl,friulian,template_boilerplate,Il 30 di Avrîl e je la 120° zornade dal Calendari Gregorian (la 121° se l'an al è bisest).
30_di_Dicembar,friulian,template_boilerplate,Il 30 di Dicembar e je la 364° zornade dal Calendari Gregorian (la 365° se l'an al è bisest).
30_di_Dicembar,friulian,template_boilerplate,A mancjin 1 zornadis pe fin dal an.
30_di_Jugn,friulian,template_boilerplate,Il 30 di Jugn e je la 181° zornade dal Calendari Gregorian (la 182° se l'an al è bisest).
30_di_Jugn,friulian,template_boilerplate,A mancjin 184 zornadis pe fin dal an.
30_di_Lui,friulian,template_boilerplate,Il 30 di Lui e je la 211° zornade dal Calendari Gregorian (la 212° se l'an al è bisest).
30_di_Mai,friulian,template_boilerplate,Il 30 di Mai e je la 150° zornade dal Calendari Gregorian (la 151° se l'an al è bisest).
30_di_Mai,friulian,template_boilerplate,A mancjin 215 zornadis pe fin dal an.
30_di_Març,friulian,template_boilerplate,Il 30 di Març e je la 89° zornade dal Calendari Gregorian (la 90° se l'an al è bisest).
30_di_Novembar,friulian,template_boilerplate,Il 30 di Novembar e je la 334° zornade dal Calendari Gregorian (la 335° se l'an al è bisest).
30_di_Novembar,friulian,template_boilerplate,A mancjin 31 zornadis pe fin dal an.
30_di_Otubar,friulian,template_boilerplate,Il 30 di Otubar e je la 303° zornade dal Calendari Gregorian (la 304° se l'an al è bisest).
30_di_Otubar,friulian,template_boilerplate,A mancjin 62 zornadis pe fin dal an.
30_di_Setembar,friulian,template_boilerplate,Il 30 di Setembar e je la 273° zornade dal Calendari Gregorian (la 274° se l'an al è bisest).
30_di_Setembar,friulian,template_boilerplate,A mancjin 92 zornadis pe fin dal an.
30_di_Zenâr,friulian,template_boilerplate,Il 30 di Zenâr e je la 30° zornade dal Calendari Gregorian.
30_di_Zenâr,friulian,template_boilerplate,A mancjin 335 zornadis pe fin dal an (336 se l'an al è bisest).
31_di_Avost,friulian,template_boilerplate,Il 31 di Avost e je la 243° zornade dal Calendari Gregorian (la 244° se l'an al è bisest).
31_di_Avost,friulian,template_boilerplate,A mancjin 122 zornadis pe fin dal an.
31_di_Lui,friulian,template_boilerplate,Il 31 di Lui e je la 212° zornade dal Calendari Gregorian (la 213° se l'an al è bisest).
31_di_Mai,friulian,template_boilerplate,Il 31 di Mai e je la 151° zornade dal Calendari Gregorian (la 152° se l'an al è bisest).
31_di_Març,friulian,template_boilerplate,Il 31 di Març e je la 90° zornade dal Calendari Gregorian (la 91° se l'an al è bisest).
31_di_Març,friulian,template_boilerplate,A mancjin 275 zornadis pe fin dal an.
31_di_Otubar,friulian,template_boilerplate,Il 31 di Otubar e je la 304° zornade dal Calendari Gregorian (la 305° se l'an al è bisest).
31_di_Otubar,friulian,template_boilerplate,A mancjin 61 zornadis pe fin dal an.
31_di_Zenâr,friulian,template_boilerplate,Il 31 di Zenâr e je la 31° zornade dal Calendari Gregorian.
31_di_Zenâr,friulian,template_boilerplate,A mancjin 334 zornadis pe fin dal an (335 se l'an al è bisest).
32_p.d.C.,friulian,template_boilerplate,33 p.d. C. < 32_p.d.
3_di_Avost,friulian,template_boilerplate,Il 3 di Avost e je la 215° zornade dal Calendari Gregorian (la 216° se l'an al è bisest).
3_di_Avost,friulian,template_boilerplate,A mancjin 150 zornadis pe fin dal an.
3_di_Dicembar,friulian,template_boilerplate,Il 3 di Dicembar e je la 337° zornade dal Calendari Gregorian (la 338° se l'an al è bisest).
3_di_Fevrâr,friulian,template_boilerplate,Il 3 di Fevrâr e je la 34° zornade dal Calendari Gregorian.
3_di_Fevrâr,friulian,template_boilerplate,A mancjin 331 zornadis pe fin dal an (332 se l'an al è bisest).
3_di_Jugn,friulian,template_boilerplate,Il 3 di Jugn e je la 154° zornade dal Calendari Gregorian (la 155° se l'an al è bisest).
3_di_Lui,friulian,template_boilerplate,Il 3 di Lui e je la 184° zornade dal Calendari Gregorian (la 185° se l'an al è bisest).
3_di_Lui,friulian,template_boilerplate,A mancjin 181 zornadis pe fin dal an.
3_di_Mai,friulian,template_boilerplate,Il 3 di Mai e je la 123° zornade dal Calendari Gregorian (la 124° se l'an al è bisest).
3_di_Mai,friulian,template_boilerplate,A mancjin 242 zornadis pe fin dal an.
3_di_Març,friulian,template_boilerplate,Il 3 di Març e je la 62° zornade dal Calendari Gregorian (la 63° se l'an al è bisest).
3_di_Novembar,friulian,template_boilerplate,Il 3 di Novembar e je la 307° zornade dal Calendari Gregorian (la 308° se l'an al è bisest).
3_di_Otubar,friulian,template_boilerplate,Il 3 di Otubar e je la 276° zornade dal Calendari Gregorian (la 277° se l'an al è bisest).
3_di_Otubar,friulian,template_boilerplate,A mancjin 89 zornadis pe fin dal an.
3_di_Setembar,friulian,template_boilerplate,Il 3 di Setembar e je la 246° zornade dal Calendari Gregorian (la 247° se l'an al è bisest).
3_di_Setembar,friulian,template_boilerplate,A mancjin 119 zornadis pe fin dal an.
3_di_Zenâr,friulian,template_boilerplate,Il 3 di Zenâr e je la 3° zornade dal Calendari Gregorian.
3_di_Zenâr,friulian,template_boilerplate,A mancjin 362 zornadis pe fin dal an (363 se l'an al è bisest).
4_di_Avost,friulian,template_boilerplate,Il 4 di Avost e je la 216° zornade dal Calendari Gregorian (la 217° se l'an al è bisest).
4_di_Avrîl,friulian,template_boilerplate,Il 4 di Avrîl e je la 94° zornade dal Calendari Gregorian (la 95° se l'an al è bisest).
4_di_Dicembar,friulian,template_boilerplate,Il 4 di Dicembar e je la 338° zornade dal Calendari Gregorian (la 339° se l'an al è bisest).
4_di_Fevrâr,friulian,template_boilerplate,Il 4 di Fevrâr e je la 35° zornade dal Calendari Gregorian.
4_di_Fevrâr,friulian,template_boilerplate,A mancjin 330 zornadis pe fin dal an (331 se l'an al è bisest).
4_di_Jugn,friulian,template_boilerplate,Il 4 di Jugn e je la 155° zornade dal Calendari Gregorian (la 156° se l'an al è bisest).
4_di_Jugn,friulian,template_boilerplate,A mancjin 210 zornadis pe fin dal an.
4_di_Lui,friulian,template_boilerplate,Il 4 di Lui e je la 185° zornade dal Calendari Gregorian (la 186° se l'an al è bisest).
4_di_Lui,friulian,template_boilerplate,A mancjin 180 zornadis pe fin dal an.
4_di_Mai,friulian,template_boilerplate,Il 4 di Mai e je la 124° zornade dal Calendari Gregorian (la 125° se l'an al è bisest).
4_di_Mai,friulian,template_boilerplate,A mancjin 241 zornadis pe fin dal an.
4_di_Març,friulian,template_boilerplate,Il 4 di Març e je la 63° zornade dal Calendari Gregorian (la 64° se l'an al è bisest).
4_di_Novembar,friulian,template_boilerplate,Il 4 di Novembar e je la 308° zornade dal Calendari Gregorian (la 309° se l'an al è bisest).
4_di_Novembar,friulian,template_boilerplate,A mancjin 57 zornadis pe fin dal an.
4_di_Otubar,friulian,template_boilerplate,Il 4 di Otubar e je la 277° zornade dal Calendari Gregorian (la 278° se l'an al è bisest).
4_di_Otubar,friulian,template_boilerplate,A mancjin 88 zornadis pe fin dal an.
4_di_Setembar,friulian,template_boilerplate,Il 4 di Setembar e je la 247° zornade dal Calendari Gregorian (la 248° se l'an al è bisest).
4_di_Setembar,friulian,template_boilerplate,A mancjin 118 zornadis pe fin dal an.
4_di_Zenâr,friulian,template_boilerplate,A mancjin 361 zornadis pe fin dal an (362 se l'an al è bisest).
57_p.d.C.,friulian,template_boilerplate,58 p.d. C. < 57_p.d.
59_p.d.C.,friulian,template_boilerplate,60 p.d. C. < 59_p.d.
5_di_Avost,friulian,template_boilerplate,Il 5 di Avost e je la 217° zornade dal Calendari Gregorian (la 218° se l'an al è bisest).
5_di_Avrîl,friulian,template_boilerplate,Il 5 di Avrîl e je la 95° zornade dal Calendari Gregorian (la 96° se l'an al è bisest).
5_di_Avrîl,friulian,template_boilerplate,A mancjin 270 zornadis pe fin dal an.
5_di_Dicembar,friulian,template_boilerplate,Il 5 di Dicembar e je la 339° zornade dal Calendari Gregorian (la 340° se l'an al è bisest).
5_di_Dicembar,friulian,template_boilerplate,A mancjin 26 zornadis pe fin dal an.
5_di_Fevrâr,friulian,template_boilerplate,Il 5 di Fevrâr e je la 36° zornade dal Calendari Gregorian.
5_di_Fevrâr,friulian,template_boilerplate,A mancjin 329 zornadis pe fin dal an (330 se l'an al è bisest).
5_di_Jugn,friulian,template_boilerplate,Il 5 di Jugn e je la 156° zornade dal Calendari Gregorian (la 157° se l'an al è bisest).
5_di_Jugn,friulian,template_boilerplate,A mancjin 209 zornadis pe fin dal an.
5_di_Lui,friulian,template_boilerplate,Il 5 di Lui e je la 186° zornade dal Calendari Gregorian (la 187° se l'an al è bisest).
5_di_Mai,friulian,template_boilerplate,Il 5 di Mai e je la 125° zornade dal Calendari Gregorian (la 126° se l'an al è bisest).
5_di_Març,friulian,template_boilerplate,Il 5 di Març e je la 64° zornade dal Calendari Gregorian (la 65° se l'an al è bisest).
5_di_Novembar,friulian,template_boilerplate,Il 5 di Novembar e je la 309° zornade dal Calendari Gregorian (la 310° se l'an al è bisest).
5_di_Novembar,friulian,template_boilerplate,A mancjin 56 zornadis pe fin dal an.
5_di_Otubar,friulian,template_boilerplate,Il 5 di Otubar e je la 278° zornade dal Calendari Gregorian (la 279° se l'an al è bisest).
5_di_Otubar,friulian,template_boilerplate,A mancjin 87 zornadis pe fin dal an.
5_di_Setembar,friulian,template_boilerplate,Il 5 di Setembar e je la 248° zornade dal Calendari Gregorian (la 249° se l'an al è bisest).
5_di_Zenâr,friulian,template_boilerplate,Il 5 di Zenâr e je la 5° zornade dal Calendari Gregorian.
5_di_Zenâr,friulian,template_boilerplate,A mancjin 360 zornadis pe fin dal an (361 se l'an al è bisest).
6_di_Avost,friulian,template_boilerplate,Il 6 di Avost e je la 218° zornade dal Calendari Gregorian (la 219° se l'an al è bisest).
6_di_Avrîl,friulian,template_boilerplate,Il 6 di Avrîl e je la 96° zornade dal Calendari Gregorian (la 97° se l'an al è bisest).
6_di_Avrîl,friulian,template_boilerplate,A mancjin 269 zornadis pe fin dal an.
6_di_Dicembar,friulian,template_boilerplate,Il 6 di Dicembar e je la 340° zornade dal Calendari Gregorian (la 341° se l'an al è bisest).
6_di_Dicembar,friulian,template_boilerplate,A mancjin 25 zornadis pe fin dal an.
6_di_Fevrâr,friulian,template_boilerplate,Il 6 di Fevrâr e je la 37° zornade dal Calendari Gregorian.
6_di_Fevrâr,friulian,template_boilerplate,A mancjin 328 zornadis pe fin dal an (329 se l'an al è bisest).
6_di_Jugn,friulian,template_boilerplate,Il 6 di Jugn e je la 157° zornade dal Calendari Gregorian (la 158° se l'an al è bisest).
6_di_Lui,friulian,template_boilerplate,Il 6 di Lui e je la 187° zornade dal Calendari Gregorian (la 188° se l'an al è bisest).
6_di_Mai,friulian,template_boilerplate,A mancjin 239 zornadis pe fin dal an (339 se l'an al è bisest).
6_di_Març,friulian,template_boilerplate,Il 6 di Març e je la 65° zornade dal Calendari Gregorian (la 66° se l'an al è bisest).
6_di_Novembar,friulian,template_boilerplate,Il 6 di Novembar e je la 310° zornade dal Calendari Gregorian (la 311° se l'an al è bisest).
6_di_Novembar,friulian,template_boilerplate,A mancjin 55 zornadis pe fin dal an.
6_di_Otubar,friulian,template_boilerplate,Il 6 di Otubar e je la 279° zornade dal Calendari Gregorian (la 280° se l'an al è bisest).
6_di_Otubar,friulian,template_boilerplate,A mancjin 86 zornadis pe fin dal an.
6_di_Setembar,friulian,template_boilerplate,Il 6 di Setembar e je la 249° zornade dal Calendari Gregorian (la 250° se l'an al è bisest).
6_di_Setembar,friulian,template_boilerplate,A mancjin 116 zornadis pe fin dal an.
6_di_Zenâr,friulian,template_boilerplate,Il 6 di Zenâr e je la 6° zornade dal Calendari Gregorian.
6_di_Zenâr,friulian,template_boilerplate,A mancjin 359 zornadis pe fin dal an (360 se l'an al è bisest).
7_di_Avost,friulian,template_boilerplate,Il 7 di Avost e je la 219° zornade dal Calendari Gregorian (la 220° se l'an al è bisest).
7_di_Avrîl,friulian,template_boilerplate,Il 7 di Avrîl e je la 97° zornade dal Calendari Gregorian (la 98° se l'an al è bisest).
7_di_Dicembar,friulian,template_boilerplate,Il 7 di Dicembar e je la 341° zornade dal Calendari Gregorian (la 342° se l'an al è bisest).
7_di_Dicembar,friulian,template_boilerplate,A mancjin 24 zornadis pe fin dal an.
7_di_Fevrâr,friulian,template_boilerplate,A mancjin 327 zornadis pe fin dal an (328 se l'an al è bisest).
7_di_Jugn,friulian,template_boilerplate,Il 7 di Jugn e je la 158° zornade dal Calendari Gregorian (la 159° se l'an al è bisest).
7_di_Lui,friulian,template_boilerplate,Il 7 di Lui e je la 188° zornade dal Calendari Gregorian (la 189° se l'an al è bisest).
7_di_Mai,friulian,template_boilerplate,Il 7 di Mai e je la 127° zornade dal Calendari Gregorian (la 128° se l'an al è bisest).
7_di_Mai,friulian,template_boilerplate,A mancjin 238 zornadis pe fin dal an.
7_di_Març,friulian,template_boilerplate,Il 7 di Març e je la 66° zornade dal Calendari Gregorian (la 67° se l'an al è bisest).
7_di_Març,friulian,template_boilerplate,A mancjin 299 zornadis pe fin dal an.
7_di_Novembar,friulian,template_boilerplate,Il 7 di Novembar e je la 311° zornade dal Calendari Gregorian (la 312° se l'an al è bisest).
7_di_Novembar,friulian,template_boilerplate,A mancjin 54 zornadis pe fin dal an.
7_di_Otubar,friulian,template_boilerplate,Il 7 di Otubar e je la 280° zornade dal Calendari Gregorian (la 281° se l'an al è bisest).
7_di_Setembar,friulian,template_boilerplate,Il 7 di Setembar e je la 250° zornade dal Calendari Gregorian (la 251° se l'an al è bisest).
7_di_Setembar,friulian,template_boilerplate,A mancjin 115 zornadis pe fin dal an.
7_di_Zenâr,friulian,template_boilerplate,Il 7 di Zenâr e je la 7° zornade dal Calendari Gregorian.
7_di_Zenâr,friulian,template_boilerplate,A mancjin 358 zornadis pe fin dal an (359 se l'an al è bisest).
8_di_Avost,friulian,template_boilerplate,Il 8 di Avost e je la 220° zornade dal Calendari Gregorian (la 221° se l'an al è bisest).
8_di_Avrîl,friulian,template_boilerplate,Il 8 di Avrîl e je la 98° zornade dal Calendari Gregorian (la 99° se l'an al è bisest).
8_di_Dicembar,friulian,template_boilerplate,Il 8 di Dicembar e je la 342° zornade dal Calendari Gregorian (la 343° se l'an al è bisest).
8_di_Dicembar,friulian,template_boilerplate,A mancjin 23 zornadis pe fin dal an.
8_di_Fevrâr,friulian,template_boilerplate,Il 8 di Fevrâr e je la 39° zornade dal Calendari Gregorian.
8_di_Fevrâr,friulian,template_boilerplate,A mancjin 326 zornadis pe fin dal an (327 se l'an al è bisest).
8_di_Jugn,friulian,template_boilerplate,Il 8 di Jugn e je la 159° zornade dal Calendari Gregorian (la 160° se l'an al è bisest).
8_di_Jugn,friulian,template_boilerplate,A mancjin 206 zornadis pe fin dal an.
8_di_Lui,friulian,template_boilerplate,Il 8 di Lui e je la 189° zornade dal Calendari Gregorian (la 190° se l'an al è bisest).
8_di_Lui,friulian,template_boilerplate,A mancjin 176 zornadis pe fin dal an.
8_di_Mai,friulian,template_boilerplate,Il 8 di Mai e je la 128° zornade dal Calendari Gregorian (la 129° se l'an al è bisest).
8_di_Març,friulian,template_boilerplate,Il 8 di Març e je la 67° zornade dal Calendari Gregorian (la 68° se l'an al è bisest).
8_di_Març,friulian,template_boilerplate,A mancjin 298 zornadis pe fin dal an.
8_di_Novembar,friulian,template_boilerplate,Il 8 di Novembar e je la 312° zornade dal Calendari Gregorian (la 313° se l'an al è bisest).
8_di_Novembar,friulian,template_boilerplate,A mancjin 53 zornadis pe fin dal an.
8_di_Otubar,friulian,template_boilerplate,Il 8 di Otubar e je la 281° zornade dal Calendari Gregorian (la 282° se l'an al è bisest).
8_di_Otubar,friulian,template_boilerplate,A mancjin 84 zornadis pe fin dal an.
8_di_Setembar,friulian,template_boilerplate,Il 8 di Setembar e je la 251° zornade dal Calendari Gregorian (la 252° se l'an al è bisest).
8_di_Setembar,friulian,template_boilerplate,A mancjin 114 zornadis pe fin dal an.
8_di_Zenâr,friulian,template_boilerplate,Il 8 di Zenâr e je la 8° zornade dal Calendari Gregorian.
8_di_Zenâr,friulian,template_boilerplate,A mancjin 357 zornadis pe fin dal an (358 se l'an al è bisest).
90_p.d.C.,friulian,template_boilerplate,91 p.d. C. < 90_p.d.
9_di_Avost,friulian,template_boilerplate,Il 9 di Avost e je la 221° zornade dal Calendari Gregorian (la 222° se l'an al è bisest).
9_di_Avost,friulian,template_boilerplate,A mancjin 144 zornadis pe fin dal an.
9_di_Avrîl,friulian,template_boilerplate,Il 9 di Avrîl e je la 99° zornade dal Calendari Gregorian (la 100° se l'an al è bisest).
9_di_Dicembar,friulian,template_boilerplate,Il 9 di Dicembar e je la 343° zornade dal Calendari Gregorian (la 344° se l'an al è bisest).
9_di_Dicembar,friulian,template_boilerplate,A mancjin 22 zornadis pe fin dal an.
9_di_Fevrâr,friulian,template_boilerplate,Il 9 di Fevrâr e je la 40° zornade dal Calendari Gregorian.
9_di_Fevrâr,friulian,template_boilerplate,A mancjin 325 zornadis pe fin dal an (326 se l'an al è bisest).
9_di_Jugn,friulian,template_boilerplate,Il 9 di Jugn e je la 160° zornade dal Calendari Gregorian (la 161° se l'an al è bisest).
9_di_Jugn,friulian,template_boilerplate,A mancjin 205 zornadis pe fin dal an.
9_di_Lui,friulian,template_boilerplate,Il 9 di Lui e je la 190° zornade dal Calendari Gregorian (la 191° se l'an al è bisest).
9_di_Lui,friulian,template_boilerplate,A mancjin 175 zornadis pe fin dal an.
9_di_Mai,friulian,template_boilerplate,Il 9 di Mai e je la 129° zornade dal Calendari Gregorian (la 130° se l'an al è bisest).
9_di_Mai,friulian,template_boilerplate,A mancjin 236 zornadis pe fin dal an.
9_di_Març,friulian,template_boilerplate,Il 9 di Març e je la 68° zornade dal Calendari Gregorian (la 69° se l'an al è bisest).
9_di_Març,friulian,template_boilerplate,A mancjin 297 zornadis pe fin dal an.
9_di_Novembar,friulian,template_boilerplate,Il 9 di Novembar e je la 313° zornade dal Calendari Gregorian (la 314° se l'an al è bisest).
9_di_Otubar,friulian,template_boilerplate,Il 9 di Otubar e je la 282° zornade dal Calendari Gregorian (la 283° se l'an al è bisest).
9_di_Setembar,friulian,template_boilerplate,Il 9 di Setembar e je la 252° zornade dal Calendari Gregorian (la 253° se l'an al è bisest).
9_di_Setembar,friulian,template_boilerplate,A mancjin 113 zornadis pe fin dal an.
9_di_Zenâr,friulian,template_boilerplate,Il 9 di Zenâr e je la 9° zornade dal Calendari Gregorian.
9_di_Zenâr,friulian,template_boilerplate,A mancjin 356 zornadis pe fin dal an (357 se l'an al è bisest).
ASD_Mobilieri_Sutrio,friulian,citation_shape,"Tal 1951, la scuadre e à participât al prin campionât cjargnel FIGC divignint campion doi agns daspò."
Achîl_Telin,friulian,citation_shape,"Cheste riviste e ve une circulazion un grum limitade, come ancje L'esperanto, jessude tal 1913 cu la colaborazion di Bruno Migliorini; cheste riviste e veve la particolaritât di jessi stampade a San Vît dal Tiliment e di vê un stampadôr e un colaboradôr ducj i doi esperantiscj e furlans: Antonio Paolet e il predi Giacomo Bianchini, segretari da la organizazion esperantiste catoliche mondiâl e autôr ancje di une Gramatiketo de Friulana Lingvo per esperantistoj (Gramaticute di lenghe furlane par esperantiscj), ciclostilade tal 1909."
Adolf_Hitler,friulian,template_boilerplate,"Luciano Garibaldi, Simonetta Garibaldi, Adolf Hitler."
Alfredo_Battisti,friulian,url_metadata,Archbishop Alfredo Battisti su Catholic-Hierarchy.org.
Alfredo_Foni,friulian,citation_shape,"Al a' formât cul zuiadôr Pietro Rava , ducj doi zujadôrs de ""Juventus"" e de nazionâl di balon taliane , une des miôrs linis difensivis di ducj i timps dal balon talian , rusultade decisive tai Zûcs Olimpics di Berlino dal 1936 e dal campionât di balon dal mont di France dal 1938."
Alumini,friulian,template_boilerplate,L'alumini al è l'element chimic di numar atomic 13.
Alumini,friulian,template_boilerplate,Il so simbul al è Al.
Americhe_dal_Nord,friulian,english_text,"Te estremitât Sud dal continent, intune piçule aree indicade sicu Americhe centrâl, si cjatin i paîs seguitîfs: Tai Caraips a son putropis isulis, come: Antigua e Barbuda (Saint John's) Saint Kitts and Nevis (Basseterre) Saint Vincent and the Grenadines (Kingstown) Trinidad e Tobago (Port of Spain) Puerto Rico, Stâts Unîts di Americhe Turks e Caicos, Ream Unît Isulis Vergjinis Britanichis, Ream Unît Isulis Vergjinis Americanis, Stâts Unîts di Americhe"
Americi,friulian,template_boilerplate,L'Americi al è l’element chimic di numar atomic 95.
Americi,friulian,template_boilerplate,Il so simbul al è Am.
Anarchisim,friulian,url_metadata,some-reliable-source.org Moviment anarchic in Italie e Friûl
Antimoni,friulian,template_boilerplate,L'Antimoni al è l’element chimic di numar atomic 51.
Antimoni,friulian,template_boilerplate,Il so simbul al è Sb.
Antoni_Beline,friulian,template_boilerplate,"Udin, La Nuova Base, 1983."
Antoni_Beline,friulian,template_boilerplate,"Udin, La Nuova Base, 1984."
Antoni_Beline,friulian,template_boilerplate,"Rivignano, Centro Iniziative Codroipesi, 1986."
Antoni_Beline,friulian,template_boilerplate,"Udin, Arti Grafiche Friulane, 1988."
Antoni_Beline,friulian,template_boilerplate,"Udin, Arti Grafiche Friulane, 1989."
Antonio_Vivaldi,friulian,citation_shape,"Sposâts in tal 1676, i Vivaldi a àn vot fîs, di cui doi muarts piçui."
Antonio_Vivaldi,friulian,citation_shape,"Di chest periodo al e' l'incuintri cun i doi pui grancj scritôrs di oparis talians de epoche: L'Olimpiade e Catone in Utica forin scritis parsore un libret del za cognossût Pieri Metastasio, che al jere divignût tal 1730, poete de cort a Viene."
Arsenic,friulian,template_boilerplate,L'Arsenic al è l’element chimic di numar atomic 33.
Arsenic,friulian,template_boilerplate,Il so simbul al è As.
Artes_liberales,friulian,english_text,"Madrid: Publicaciones Universidad Complutense de Madrid (UCM), vol. 23 (2006), p. 131-164 (ISSN 0211-2337) (inglês) Sister Miriam Joseph (2002) The Triviuum: The Liberal Arts of Logic, Grammar, and Rhetoric."
Artes_liberales,friulian,english_text,Brand Blanshard (1973) The Uses of a Liberal Education: And Other Talks to Students.
Astat,friulian,template_boilerplate,L'Astat al è l’element chimic di numar atomic 85.
Astat,friulian,template_boilerplate,Il so simbul al è At.
Atini,friulian,template_boilerplate,L'Atini al è l’element chimic di numar atomic 89.
Atini,friulian,template_boilerplate,Il so simbul al è Ac.
Aubres,friulian,template_boilerplate,Aubres al è un comun de France di 421 abitants logât tal dipartament dal Drôme te regjion de Alvernie-Rodin-Alps.
Auckland,friulian,url_metadata,Sît uficiâl dal Consei di Auckland  https://www-aucklandcouncil-govt-nz.translate.goog/Pages/default.aspx?
Auckland,friulian,url_metadata,_x_tr_sl=en&_x_tr_tl=fur&_x_tr_hl=it&_x_tr_pto=wapp ( Tradot da l' Ingles al Furlan ) Museu di  Auckland  https://web.archive.org/web/20240727004112/https://www-aucklandmuseum-com.translate.goog/?
Auckland,friulian,url_metadata,_x_tr_sl=en&_x_tr_tl=fur&_x_tr_hl=it&_x_tr_pto=wapp ( Tradot da l' Ingles al Furlan ) Auckland - Te ara - Enciclopedie de Gnove Zelande https://web.archive.org/web/20240727004129/https://teara-govt-nz.translate.goog/en/auckland?
Auckland,friulian,url_metadata,_x_tr_sl=en&_x_tr_tl=fur&_x_tr_hl=it&_x_tr_pto=wapp ( Tradot da l' Ingles al Furlan )  Universitât di Auckland https://www-auckland-ac-nz.translate.goog/en.html?
Auckland,friulian,url_metadata,_x_tr_sl=en&_x_tr_tl=fur&_x_tr_hl=it&_x_tr_pto=wapp (Par Ingles) GIS Geomap di Auckland https://geomapspublic.aucklandcouncil.govt.nz/viewer/index.html
Augusto_De_Luca,friulian,isbn_doi;citation_shape,"Electa, Naples, ISBN 88-435-5206-6 (1996) Roma Nostra."
Augusto_De_Luca,friulian,isbn_doi;citation_shape,"Gangemi Editore, Rome, ISBN 978-88-7448-705-9 (1997) Napoli grande signora."
Augusto_De_Luca,friulian,isbn_doi;citation_shape,"Gangemi Editore, Rome, ISBN 978-88-7448-775-2 (1998) Il Palazzo di giustizia di Roma."
Augusto_De_Luca,friulian,isbn_doi;citation_shape,"Gangemi Editore, Rome, ISBN 978-88-492-0231-1 (1998) Firenze frammenti d'anima."
Augusto_De_Luca,friulian,isbn_doi;citation_shape,"Gangemi Editore, Rome, ISBN 978-88-7448-842-1 (1999) Bologna in particolare."
Augusto_De_Luca,friulian,isbn_doi;citation_shape,"Gangemi Editore, Rome, ISBN 978-88-7448-980-0 (2000) Milano senza tempo."
Augusto_De_Luca,friulian,isbn_doi;citation_shape,"Gangemi Editore, Rome, ISBN 978-88-492-0093-5 (2001) Torino in controluce."
Augusto_De_Luca,friulian,isbn_doi;citation_shape,"Gangemi Editore, Rome, ISBN 978-88-492-0211-3 (2002) Tra Milano e Bologna appunti di viaggio."
Augusto_De_Luca,friulian,isbn_doi;citation_shape,"Gangemi Editore, Rome, ISBN 978-88-7448-980-0 (1992) Swatch Collectors Book"
Augusto_De_Luca,friulian,isbn_doi;citation_shape,"1. Editore M. Item — Switzerland, ISBN 88-86079-01-X (1992) Swatch Collectors Book"
Augusto_De_Luca,friulian,isbn_doi;url_metadata,"2. Editore M. Item — Switzerland, ISBN 88-86079-00-1 (talian) - Witness Journal - https://web.archive.org/web/20111022071011/http://www.fotoup.net/000Intervista/2789/augusto-de-luca (inglês) - Hasselblad gallery - https://web.archive.org/web/20140326085604/http://www.hasselblad.com/hoc/photographers/italian-photography.aspx (talian) - Polaroid Art Italy - https://web.archive.org/web/20120126101855/http://www.polaroidartitaly.it/elgg/pg/profile/AUGUSTODELUCA (talian) - Artelab - https://web.archive.org/web/20120425105044/http://www.artelabonline.com/articoli/view_article.php?"
Aur,friulian,template_boilerplate,L'Aur al è l’element chimic di numar atomic 79.
Aur,friulian,template_boilerplate,Il so simbul al è Au.
Austrie-Ongjarie,friulian,citation_shape,"E si componeve di doi stâts: dai ""reams e i paîs rapresentâts tal Parlament dal ream (tod. Reichsrat), ufizialmentri Cisleitanie"" (dome dal 1915 clamade aministrativamentri Austrie), e dai ""paîs dale sante corone ongjarese di Scjefin (tod. heilige ungarische Stephanskrone)""."
Autichamp,friulian,template_boilerplate,Autichamp al è un comun de France di 153 abitants logât tal dipartament dal Drôme te regjion de Alvernie-Rodin-Alps.
Aztecs,friulian,citation_shape,"Daspò doi agns di combatiments sanganôs e par vie des gnovis malatiis (tant che la varviole), la capitâl e ven sdrumade tal 1521, siarant la fin de Inperi."
Azôt,friulian,template_boilerplate,L'azôt al è l'element chimic di numar atomic 7.
Azôt,friulian,template_boilerplate,Il so simbul al è N
Bancje_Mondiâl,friulian,citation_shape,"Chescj doi organisims a son cognossûts insieme come ""Instituzions di Bretton Woods"", pal fat che a son stadis creadis inte conference che si davuelzè inte citadine dal Gnûf Hampshire dal 1 ai 22 di Lui 1944."
Bando_kick-boxing,friulian,citation_shape,"Bando, philosophy, principles and practice, M.Gyi, IST edition, 2000 Burmese bando boxing, M.Gyi, Ed."
Bando_kick-boxing,friulian,citation_shape,"Paladin Press, Boulder, 2003 (francês) Federazion (francês) di Bando Pugjilât Birman (inglês) Federazion de Americhe dal Nord di Bando (USA)"
Barbières,friulian,template_boilerplate,Barbières al è un comun de France di 764 abitants logât tal dipartament dal Drôme te regjion de Alvernie-Rodin-Alps.
Bari,friulian,template_boilerplate,Il so simbul al è Ba.
Bataie_di_Cjaurêt,friulian,citation_shape,"Daspò des undis bataiis dal Lusinç, sucedudis tal arc di doi agns, dal 1915 al 1917, l'esercit talian al veve strenzût intune smuarse i bataions austriacs: no si tratave di vitoriis decisivis, ma la armade imperiâl e jere une vore sflanchinade."
Beaurières,friulian,template_boilerplate,Beaurières al è un comun de France di 569 abitants logât tal dipartament dal Drôme te regjion de Alvernie-Rodin-Alps.
Bernardo_Sartori,friulian,isbn_doi;citation_shape,"Bernardo Sartori missionario comboniano in Uganda, 1999, Editrice Missionaria Italiana, Bologne, ISBN 8830708577"
Bismût,friulian,template_boilerplate,Il Bismût al è l'element chimic di numar atomic 83.
Bismût,friulian,template_boilerplate,Il so simbul al è Bi.
Bombardaments_atomics_di_Hiroshima_e_Nagasaki,friulian,citation_shape,"I bombardaments atomics di Hiroshima e Nagasaki a forin doi atacs nucleârs mitûs a pont dai Stâts Unîts di Americhe cuitris il Gjapon dilunc de fin de Seconde Vuere Mondiâl, ai 6 di Avost e ai 9 di Avost dal 1945."
Bombe_atomiche,friulian,citation_shape,"Pocjis zornadis daspo', tal Avost dal 1945, i doi dispositîfs atomics doprâts intun conflit a forin sganciâts su lis citâts gjaponesis di Hiroshima e Nagasaki, determinant la rinde dal Gjapon e la fin de vuere."
Bordan,friulian,citation_shape,"Al é logât intune piçule plane vierte, stret tra doi monts, il Mont Brancot (1015 m) (clamât dai bordanes ancje Mont da Ruvînt, Mont di Palantarins e Mont Tricuâr di no sconfondi cul Mont Tricuâr de Slovenie) a sud e il Mont di Sant Simeon (1505 m) a nort."
Brette,friulian,template_boilerplate,Brette al è un comun de France di 32 abitants logât tal dipartament dal Drôme te regjion de Alvernie-Rodin-Alps.
Brian_O'Nolan,friulian,english_text,"La rubriche Cruiskeen Lawn e je stade publicade intune serie di colezions: The Hair of the Dogma Further Cuttings from Cruiskeen Lawn Flann O'Brien At War: Myles na gCopaleen 1940-1945 An Béal Bocht / The Poor Mouth (irlandês: 1941), (inglês: 1973) The Third Policeman (scrit tal 1939-40, publicât 1968) (inglês) Brian O'Nolan te enciclopedie de leterature irlandese"
Brom,friulian,template_boilerplate,Il Brom al è l’element chimic di numar atomic 35.
Brom,friulian,template_boilerplate,Il so simbul al è Br.
CAP,friulian,citation_shape,"Par lis provinciis creadis dal 1997 in ca, la regule e cambie un pôc: la atribuzion e je univoche cun lis agjenziis di recapit: i prins doi numars no indichin plui dome une provincie, e par capî se al è un cjâf lûc si scugne cjalâ se il tierç numar al è dispar (--1-- par lis gnovis provinciis, si partìs dal --9-- par lis gnovis provinciis); lis altris localitâts de provincie a àn un numar pari (chel prime dal numar dal cjâf lûc, par cui --0-- par lis vecjis provinciis, e a partî di --8-- par chês gnovis)."
Cadmi,friulian,template_boilerplate,Il so simbul al è Cd.
Calci,friulian,template_boilerplate,Il Calci al è l'element chimic di numar atomic 20.
Calci,friulian,template_boilerplate,Il so simbul al è Ca.
Canadà,friulian,citation_shape,"Tal 1615 al scuvierzè i lâts Huron e Ontario, doi dai cinc Grancj Lâts."
Carl_Benz,friulian,citation_shape,"Daspò di sedi deventât inzegnîr, al realizà tal 1878 il prin motôr a sclopi a doi timps, che al ve un grant sucès, che al permetè a Benz di cjatâ i investiments par fondâ a Mannheim tal 1883 une fabriche di automobii, la Benz & Co."
Carl_Benz,friulian,template_boilerplate,"Automuseum Dr. Carl Benz, Ladenburg/Germany"
Carli_III,friulian,url_metadata,(Tradot da l' Ingles al Furlan Pagine Uficial de Royal Family https://web.archive.org/web/20240725134039/https://www-royal-uk.translate.goog/the-king?
Carlo_Favetti,friulian,citation_shape,"Cussì al ê scrit parsore de sô cjase di Gurize: 1782-1882: Doi quadris della vita popolar gurizzana, Gurize 1882; Dopo cinq agn."
Carlo_Sgorlon,friulian,citation_shape,"Autôr di grant sucès tra i plui popolârs in Italie, al à scrit uns vincj romanç, e nome doi in furlan (Il Dolfin e Prime di sere); al à voltât par talian flabis furlanis; al à vinçût i plui impuartants premis leteraris talians (Campiello 1973 e 1983, Strega 1985, Risit d'aur 1988); i soi libris a son voltâts in ce tantis lenghis dal mont."
Ceri,friulian,template_boilerplate,Il Ceri al è l’element chimic di numar atomic 58.
Ceri,friulian,template_boilerplate,Il so simbul al è Ce.
Cesario_di_Terracina,friulian,citation_shape,La scuviertat che Gaio Cesare e Lucio Cezare a jerin i doi ppatrons de culonie romane di Terracine (Anxure) e je stade fate intant dai scavaments condûts de Superintendencie intal 2021.
Cesi,friulian,template_boilerplate,Il Cesi al è l’element chimic di numar atomic 55.
Cesi,friulian,template_boilerplate,Il so simbul al è Cs.
Cliousclat,friulian,template_boilerplate,Cliousclat al è un comun de France di 645 abitants logât tal dipartament dal Drôme te regjion de Alvernie-Rodin-Alps.
Cobalt,friulian,template_boilerplate,Il so simbul al è Co.
Cocker_spaniel_anglês,friulian,isbn_doi,"F Kane Ph Roth Cocker spaniel Mursia, Milan ISBN 978-88-425-1059-8ISBN 92-77-07-0532-521-C o ancje il numar di citadins"
Colonialisim_in_Afriche,friulian,citation_shape,"Tal 1870, dome il 10% dal continent african al jere sot dal control de Europe (massime tes zonis dongie dal mâr); tal 1914, il contrôl de bande dai stâts europeans rive a plui dal 90%, tignint fûr dome doi stâts indipendents: l'Imperi di Etiopie e la Liberie."
Comunisim,friulian,isbn_doi;citation_shape,"Karl Marx e Friedrich Engels, Manifesto del partît comunist, par cure di Domenico Losurdo, Laterza, 2018 [1999], ISBN 88-420-5894-7, OCLC 797465102."
Comuns_di_lenghe_furlane,friulian,numeric_junk,91 dai 15.12.2000 e n.
Concuiste_dal_Spazi,friulian,citation_shape,"La fin de corse e si segne storichementri tal 1975 cu la mission cooperative Apollo-Soyuz, dulà che une nâf merecane e une sovietiche a si son incontradis in orbite, e i doi ecuipaçs a si son srent lis mans tal spazi in segn di pâs."
Cope_dal_mont_di_balon,friulian,citation_shape,"Ae fase finâl de competizion a partecipin 32 scuadris nazionâls che a si scuintrin intun periodi di cirche cuatri setemanis intun paîs che al organize dut (o in doi dongje, come intal 2002), sielzût in precedence."
Corbin_Bleu,friulian,english_text,2009 - Speed of Light 2006 - Push It to the Limit 2007 - Deal with It 2008 - Run It Back Again 2009 - Moments That Matter LA High School for the Arts 2006 - Disney Channel New Years Bowl-A-Thon 2007 - NAACP Image Awards 2007 - Young Artist Award 2009 - Teen Choice Award Dee Scott.
Corbin_Bleu,friulian,template_boilerplate,Corbin Bleu To The Limit.
Corbin_Bleu,friulian,citation_shape,"Mitchell Lane Publishers, P.O. Box 196 Hockessin, Delaware 19707.: Mitchell Lane, 2007/2008."
Coritiba_Foot_Ball_Club,friulian,numeric_junk,"Campionât Brasilian Série B (Campeonato Brasileiro Série B) 1916, 1927, 1931, 1933, 1935, 1939, 1941, 1942, 1946, 1947, 1951, 1952, 1954, 1956, 1957, 1959, 1960, 1968, 1969, 1971, 1972, 1973, 1974, 1975, 1976, 1978, 1979, 1986, 1989, 1999, 2003, 2004, 2008, 2010, 2011, 2012, 2013, 2017 e 2022"
Cripton,friulian,template_boilerplate,Il Cripton al è l’element chimic di numar atomic 36.
Cripton,friulian,template_boilerplate,Il so simbul al è Kr.
Crom,friulian,template_boilerplate,Il Crom al è l'element chimic di numar atomic 24.
Crom,friulian,template_boilerplate,Il so simbul al è Cr.
Crupies,friulian,template_boilerplate,Crupies al è un comun de France di 93 abitants logât tal dipartament dal Drôme te regjion de Alvernie-Rodin-Alps.
Cuarte_Crosade,friulian,english_text,"Fourth-Crusade-and-the-establishment-of-the-Latin-Empire Vôs ""Fourth Crusade"" su l'Encyclopædia Britannica - Fonts e dats scientifics par inglês."
Cuinte_Crosade,friulian,citation_shape,"James M. Powell, Anatomy of a Crusade, 1213-1221, Philadelphia, University of Pennsylvania Press, 1986 (par inglese)."
Daniele_Silvestri,friulian,citation_shape,"Al à une relazion sentimentâl cu la atore Simona Cavallari e al è pari di doi fruts, Pablo Alberto e Santiago Ramon, nassûts intal 2001 e intal 2004."
Deimos,friulian,citation_shape,"Ai 18 di Avost dal 1877, l’astronom american Asaph Hall al à cjatât dal osservatori di Washington (che al timp al veve il telescopi plui putent dal mont), il secont dai doi satelits di Mart: Deimos (Fobos lu veve cjatât ai 12 dal stes mês)."
Diocesi_di_Concuardie-Pordenon,friulian,citation_shape,Par doi secui no si cognossin i nons dai vescui di Concuardie 1221 Federico dai conts di Prate 1334 Guido II de Guisis 1348 Pietro II da Clausel 1361 Guido III de Barzis 1392 Antonio I Panciera da Puart 1402 Antonio II da Ponte 1820 Pietro IV Carlo Ciani 1866 Nicolò dai conts Frangipane
Disprosi,friulian,template_boilerplate,Il Disprosi al è l’element chimic di numar atomic 66.
Disprosi,friulian,template_boilerplate,Il so simbul al è Dy.
Diss,friulian,english_text,"""Lis plui grandis cjançons di ducj i timps, classificadis (Par Ingles) The Greatest Diss Tracks of All Time, Ranked"" by The Ringer, 2024"
Dissoluzion_de_Union_Sovietiche,friulian,template_boilerplate,"Mikhail Gorbachev, Memorie, Milan, Mondadori, 1996."
Distret_di_Bludenz,friulian,template_boilerplate,Il distret di Bludenz al è un dai distrets dal stât federât austriac (tod. Bundesland) dal Vorarlberg.
Distret_di_Bludenz,friulian,template_boilerplate,"Al è ulteriormentri divisibil in 29 comuns (tod. Gemeinden) - di chescj, 1 al è une ""citât"" (tod. Stadt); 2 a son ""comuns cun derit di marcjât"" (tod. Marktgemeinden)."
Distret_di_Braunau,friulian,template_boilerplate,Il distret di Braunau al è un dai distrets dal stât federât austriac (tod. Bundesland) de Alte Austrie.
Distret_di_Braunau,friulian,template_boilerplate,"Al è ulteriormentri divisibil in 46 comuns (tod. Gemeinden) - di chescj, 3 a son ""citâts"" (tod. Städte), 5 a son ""comuns cun derit di marcjât"" (tod. Marktgemeinden)."
Distret_di_Bregenz,friulian,template_boilerplate,Il distret di Bregenz al è un dai distrets dal stât federât austriac (tod. Bundesland) dal  Vorarlberg.
Distret_di_Bregenz,friulian,template_boilerplate,"Al è ulteriormentri divisibil in 40 comuns (tod. Gemeinden) - di chescj, 1 al è une ""citât"" (tod. Stadt); 4 a son ""comuns cun derit di marcjât"" (tod. Marktgemeinden)."
Distret_di_Bruck_an_der_Mur,friulian,template_boilerplate,"Al è ulteriormentri divisibil in 21 comuns (tod. Gemeinden) - di chescj, 3 a son ""citâts"" (tod. Städte); 5 a son ""comuns cun derit di marcjât"" (tod. Marktgemeinden)."
Distret_di_Deutschlandsberg,friulian,template_boilerplate,"Al è ulteriormentri divisibil in 40 comuns (tod. Gemeinden) - di chescj, 1 al è une ""citât"" (tod. Stadt); 7 a son ""comuns cun derit di marcjât"" (tod. Marktgemeinden)."
Distret_di_Dornbirn,friulian,template_boilerplate,Il distret di Dornbirn al è un dai distrets dal stât federât austriac (tod. Bundesland) dal  Vorarlberg.
Distret_di_Eferding,friulian,template_boilerplate,Il distret di Eferding al è un dai distrets dal stât federât austriac (tod. Bundesland) de Alte Austrie.
Distret_di_Feldbach,friulian,template_boilerplate,Il distret di Feldbach (targhe automobilistiche: FB) al è un dai distrets dal stât federât austriac (tod. Bundesland) de Stirie/dal Staiar.
Distret_di_Feldbach,friulian,template_boilerplate,"Al è ulteriormentri divisibil in 55 comuns (tod. Gemeinden) - di chescj, 2 a son ""citâts"" (tod. Städte) e 4 a son ""comuns cun derit di marcjât"" (tod. Marktgemeinden)."
Distret_di_Feldkirch,friulian,template_boilerplate,Il distret di Feldkirch al è un dai distrets dal stât federât austriac (tod. Bundesland) dal Vorarlberg.
Distret_di_Freistadt,friulian,template_boilerplate,Il distret di Freistadt al è un dai distrets dal stât federât austriac (tod. Bundesland) de Alte Austrie.
Distret_di_Freistadt,friulian,template_boilerplate,"Al è ulteriormentri divisibil in 27 comuns (tod. Gemeinden) - di chescj, 2 a son ""citâts"" (tod. Städte)17 a son ""comuns cun derit di marcjât"" (tod. Marktgemeinden)."
Distret_di_Fürstenfeld,friulian,template_boilerplate,Il distret di Fürstenfeld (targhe automobilistiche: FF) al è un dai distrets dal stât federât austriac (tod. Bundesland) de Stirie/dal Staiar.
Distret_di_Fürstenfeld,friulian,template_boilerplate,"Al è ulteriormentri divisibil in 14 comuns (tod. Gemeinden) - di chescj, 1 al è une ""citât"" (tod. Stadt); 2 a son ""comuns cun derit di marcjât"" (tod. Marktgemeinden)."
Distret_di_Gmunden,friulian,template_boilerplate,Il distret di Gmunden al è un dai distrets dal stât federât austriac (tod. Bundesland) de Alte Austrie.
Distret_di_Gmunden,friulian,template_boilerplate,"Al è ulteriormentri divisibil in 20 comuns (tod. Gemeinden) - di chescj, 2 a son ""citâts"" (tod. Städte) e 8 a son ""comuns cun derit di marcjât"" (tod. Marktgemeinden)."
Distret_di_Graz-Umgebung,friulian,template_boilerplate,"Al è ulteriormentri divisibil in 57 comuns (tod. Gemeinden) - di chescj, 1 al è une ""citât"" (tod. Stadt); 21 a son ""comuns cun derit di marcjât"" (tod. Marktgemeinden)."
Distret_di_Grieskirchen,friulian,template_boilerplate,Il distret di Grieskirchen al è un dai distrets dal stât federât austriac (tod. Bundesland) de Alte Austrie.
Distret_di_Grieskirchen,friulian,template_boilerplate,"Al è ulteriormentri divisibil in 34 comuns (tod. Gemeinden) - di chescj, 2 a son ""citâts"" (tod. Städte) e 13 a son ""comuns cun derit di marcjât"" (tod. Marktgemeinden)."
Distret_di_Güssing,friulian,template_boilerplate,Il distret di Güssing al è un dai distrets dal stât federât austriac (tod. Bundesland) dal Burgenland.
Distret_di_Hallein,friulian,template_boilerplate,"Al è ulteriormentri divisibil in 13 comuns (tod. Gemeinden) - di chescj, 1 al è une ""citât"" (tod. Stadt); 4 a son ""comuns cun derit di marcjât"" (tod. Marktgemeinden)."
Distret_di_Hartberg,friulian,template_boilerplate,Il distret di Hartberg (targhe automobilistiche: HB) al è un dai distrets dal stât federât austriac (tod. Bundesland) de Stirie/dal Staiar.
Distret_di_Hartberg,friulian,template_boilerplate,"Al è ulteriormentri divisibil in 50 comuns (tod. Gemeinden) - di chescj, 2 a son ""citâts"" (tod. Städte) e 6 a son ""comuns cun derit di marcjât"" (tod. Marktgemeinden)."
Distret_di_Jennersdorf,friulian,template_boilerplate,Il distret di Jennersdorf al è un dai distrets dal stât federât austriac (tod. Bundesland) dal Burgenland.
Distret_di_Judenburg,friulian,template_boilerplate,Il distret di Judenburg (targhe automobilistiche: JU) al è un dai distrets dal stât federât austriac (tod. Bundesland) de Stirie/dal Staiar.
Distret_di_Judenburg,friulian,template_boilerplate,"Al è ulteriormentri divisibil in 24 comuns (tod. Gemeinden) - di chescj, 2 a son ""citâts"" (tod. Städte) e 5 a son ""comuns cun derit di marcjât"" (tod. Marktgemeinden)."
Distret_di_Kirchdorf,friulian,template_boilerplate,Il distret di Kirchdorf al è un dai distrets dal stât federât austriac (tod. Bundesland) de Alte Austrie.
Distret_di_Knittelfeld,friulian,template_boilerplate,Il distret di Knittelfeld (targhe automobilistiche: KF) al è un dai distrets dal stât federât austriac (tod. Bundesland) de Stirie/dal Staiar.
Distret_di_Leibnitz,friulian,template_boilerplate,Il distret di Leibnitz (targhe automobilistiche: LB) al è un dai distrets dal stât federât austriac (tod. Bundesland) de Stirie/dal Staiar.
Distret_di_Leibnitz,friulian,template_boilerplate,"Al è ulteriormentri divisibil in 48 comuns (tod. Gemeinden) - di chescj, 1 al è une ""citât"" (tod. Stadt); 11 a son ""comuns cun derit di marcjât"" (tod. Marktgemeinden)."
Distret_di_Leoben,friulian,template_boilerplate,Il distret di Leoben (targhe automobilistiche: LE) al è un dai distrets dal stât federât austriac (tod. Bundesland) de Stirie/dal Staiar.
Distret_di_Leoben,friulian,template_boilerplate,"Al è ulteriormentri divisibil in 19 comuns (tod. Gemeinden) - di chescj, 3 a son ""citâts"" (tod. Städte) e 4 a son ""comuns cun derit di marcjât"" (tod. Marktgemeinden)."
Distret_di_Linz-Land,friulian,template_boilerplate,"Al è ulteriormentri divisibil in 22 comuns (tod. Gemeinden) - di chescj, 4 a son ""citâts"" (tod. Städte); 7 a son ""comuns cun derit di marcjât"" (tod. Marktgemeinden)."
Distret_di_Mattersburg,friulian,template_boilerplate,Il distret di Mattersburg al è un dai distrets dal stât federât austriac (tod. Bundesland) dal Burgenland.
Distret_di_Murau,friulian,template_boilerplate,Il distret di Murau (targhe automobilistiche: MU) al è un dai distrets dal stât federât austriac (tod. Bundesland) de Stirie/dal Staiar.
Distret_di_Murau,friulian,template_boilerplate,"Al è ulteriormentri divisibil in 34 comuns (tod. Gemeinden) - di chescj, 2 a son ""citâts"" (tod. Städte) e 3 a son ""comuns cun derit di marcjât"" (tod. Marktgemeinden)."
Distret_di_Mürzzuschlag,friulian,template_boilerplate,Il distret di Mürzzuschlag (targhe automobilistiche: MZ) al è un dai distrets dal stât federât austriac (tod. Bundesland) de Stirie/dal Staiar.
Distret_di_Mürzzuschlag,friulian,template_boilerplate,"Al è ulteriormentri divisibil in 16 comuns (tod. Gemeinden) - di chescj, 2 a son ""citâts"" (tod. Städte) e 3 a son ""comuns cun derit di marcjât"" (tod. Marktgemeinden)."
Distret_di_Neusiedl_am_See,friulian,template_boilerplate,"Al è ulteriormentri divisibil in 27 comuns (tod. Gemeinden) - di chescj, 3 a son ""citâts"" (tod. Städte), 10 a son ""comuns cun derit di marcjât"" (tod. Marktgemeinden)."
Distret_di_Oberwart,friulian,template_boilerplate,Il distret di Oberwart al è un dai distrets dal stât federât austriac (tod. Bundesland) dal Burgenland.
Distret_di_Oberwart,friulian,template_boilerplate,"Al è ulteriormentri divisibil in 32 comuns (tod. Gemeinden) - di chescj, 3 a son ""citâts"" (tod. Städte); 10 a son ""comuns cun derit di marcjât"" (tod. Marktgemeinden)."
Distret_di_Perg,friulian,template_boilerplate,Il distret di Perg al è un dai distrets dal stât federât austriac (tod. Bundesland) de Alte Austrie.
Distret_di_Perg,friulian,template_boilerplate,"Al è ulteriormentri divisibil in 26 comuns (tod. Gemeinden) - di chescj, 2 a son ""citâts"" (tod. Städte); 17 a son ""comuns cun derit di marcjât"" (tod. Marktgemeinden)."
Distret_di_Radkersburg,friulian,template_boilerplate,Il distret di Radkersburg (targhe automobilistiche: RA) al è un dai distrets dal stât federât austriac (tod. Bundesland) de Stirie/dal Staiar.
Distret_di_Radkersburg,friulian,template_boilerplate,"Al è ulteriormentri divisibil in 19 comuns (tod. Gemeinden) - di chescj, 2 a son ""citâts"" (tod. Städte) e 4 a son ""comuns cun derit di marcjât"" (tod. Marktgemeinden)."
Distret_di_Ried,friulian,template_boilerplate,Il distret di Ried al è un dai distrets dal stât federât austriac (tod. Bundesland) de Alte Austrie.
Distret_di_Ried,friulian,template_boilerplate,"Al è ulteriormentri divisibil in 36 comuns (tod. Gemeinden) - di chescj, 1 al è une ""citât"" (tod. Stadt); 8 a son ""comuns cun derit di marcjât"" (tod. Marktgemeinden)."
Distret_di_Rohrbach,friulian,template_boilerplate,"Al è ulteriormentri divisibil in 42 comuns (tod. Gemeinden) - di chescj, 1 al è une ""citât"" (tod. Stadt); 16 a son ""comuns cun derit di marcjât"" (tod. Marktgemeinden)."
Distret_di_Salzburg-Umgebung,friulian,template_boilerplate,"Al è ulteriormentri divisibil in 37 comuns (tod. Gemeinden) - di chescj, 3 a son ""citâts"" (tod. Städte); 6 a son ""comuns cun derit di marcjât"" (tod. Marktgemeinden)."
Distret_di_Sankt_Johann_im_Pongau,friulian,template_boilerplate,"Al è ulteriormentri divisibil in 25 comuns (tod. Gemeinden) - di chescj, 3 a son ""citâts"" (tod. Städte); 7 a son ""comuns cun derit di marcjât"" (tod. Marktgemeinden)."
Distret_di_Sant_Vît_di_Carintie,friulian,template_boilerplate,"Al è ulteriormentri divisibil in 20 comuns (tod. Gemeinden) - di chescj, 4 a son ""citâts"" (tod. Städte), 9 a son ""comuns cun derit di marcjât"" (tod. Marktgemeinden)."
Distret_di_Schärding,friulian,template_boilerplate,Il distret di Schärding al è un dai distrets dal stât federât austriac (tod. Bundesland) de Alte Austrie.
Distret_di_Schärding,friulian,template_boilerplate,"Al è ulteriormentri divisibil in 30 comuns (tod. Gemeinden) - di chescj, 1 al è une ""citât"" (tod. Stadt); 7 a son ""comuns cun derit di marcjât"" (tod. Marktgemeinden)."
Distret_di_Spittal_an_der_Drau,friulian,template_boilerplate,"Al è ulteriormentri divisibil in 33 comuns (tod. Gemeinden) - di chescj, 3 a son ""citâts"" (tod. Städte), 9 a son ""comuns cun derit di marcjât"" (tod. Marktgemeinden)."
Distret_di_Steyr-Land,friulian,template_boilerplate,"Al è ulteriormentri divisibil in 20 comuns (tod. Gemeinden) - di chescj, 1 al è une ""citât"" (tod. Stadt); 6 a son ""comuns cun derit di marcjât"" (tod. Marktgemeinden)."
Distret_di_Urfahr-Umgebung,friulian,template_boilerplate,"Al è ulteriormentri divisibil in 27 comuns (tod. Gemeinden) - di chescj, 3 a son ""citâts"" (tod. Städte); 12 a son ""comuns cun derit di marcjât"" (tod. Marktgemeinden)."
Distret_di_Voitsberg,friulian,template_boilerplate,Il distret di Voitsberg (targhe automobilistiche: VO) al è un dai distrets dal stât federât austriac (tod. Bundesland) de Stirie/dal Staiar.
Distret_di_Voitsberg,friulian,template_boilerplate,"Al è ulteriormentri divisibil in 25 comuns (tod. Gemeinden) - di chescj, 3 a son ""citâts"" (tod. Städte) e 4 a son ""comuns cun derit di marcjât"" (tod. Marktgemeinden)."
Distret_di_Vöcklabruck,friulian,template_boilerplate,Il distret di Vöcklabruck al è un dai distrets dal stât federât austriac (tod. Bundesland) de Alte Austrie.
Distret_di_Vöcklabruck,friulian,template_boilerplate,"Al è ulteriormentri divisibil in 52 comuns (tod. Gemeinden) - di chescj, 3 a son ""citâts"" (tod. Städte); 12 a son ""comuns cun derit di marcjât"" (tod. Marktgemeinden)."
Distret_di_Völkermarkt,friulian,template_boilerplate,"Al è ulteriormentri divisibil in 9 comuns (tod. Gemeinden) - di chescj, 2 a son ""citâts"" (tod. Städte), 3 a son ""comuns cun derit di marcjât"" (tod. Marktgemeinden)."
Distret_di_Weiz,friulian,template_boilerplate,Il distret di Weiz (targhe automobilistiche: WZ) al è un dai distrets dal stât federât austriac (tod. Bundesland) de Stirie/dal Staiar.
Distret_di_Weiz,friulian,template_boilerplate,"Al è ulteriormentri divisibil in 31 comuns (tod. Gemeinden) - di chescj, 2 a son ""citâts"" (tod. Städte) e 6 a son ""comuns cun derit di marcjât"" (tod. Marktgemeinden)."
Distret_di_Wels-Land,friulian,template_boilerplate,"Al è ulteriormentri divisibil in 24 comuns (tod. Gemeinden) - di chescj, 1 al è une ""citât"" (tod. Stadt); 9 a son ""comuns cun derit di marcjât"" (tod. Marktgemeinden)."
Distret_di_Wolfsberg,friulian,template_boilerplate,"Al è ulteriormentri divisibil in 9 comuns (tod. Gemeinden) - di chescj, 3 a son ""citâts"" (tod. Städte), 4 a son ""comuns cun derit di marcjât"" (tod. Marktgemeinden)."
Distret_di_Zell_am_See,friulian,template_boilerplate,"Al è ulteriormentri divisibil in 28 comuns (tod. Gemeinden) - di chescj, 2 a son ""citâts"" (tod. Städte); 5 a son ""comuns cun derit di marcjât"" (tod. Marktgemeinden)."
Divajeu,friulian,template_boilerplate,Divajeu al è un comun de France di 675 abitants logât tal dipartament dal Drôme te regjion de Alvernie-Rodin-Alps.
Dizionari_de_lenghe_furlane,friulian,url_metadata,"Il Dizionari de lenghe furlane, publicât tal sît https://dizionarifurlan.eu/ dal mês di Mai dal 2025, al è il prin progjet digjitâl di dizionari dut par furlan, curât di Sandri Carrozzo, che al veve za colaborât te realizazion dal Grant Dizionari Bilengâl Talian-Furlan dal Centri Friûl Lenghe 2000."
Dlh_Posse,friulian,english_text,"Tubet (Dj Tubet) - Mc, Breaker, Beatmaker Made in Friûl, autoproduzion (2000) Hip hop Instes, Musiche Furlane Fuarte (2001) Cronache,  Musiche Furlane Fuarte (2003) Cerchio di stelle, CD  singul, Moda music/Full Fx distribuit da Warner Bros. (2004) Anime Rosse ep, ReddArmy (2008) Reste in pîs, antologjie, ReddArmy (2011) Hip Hop from Italy and the Diaspora: A Report from the 41st Parallel di Joe Shorra, Altreitalie 24, 2002 HipHop: globale Kultur - lokale Praktiken di Jannis K."
