sentence,label,source
"Durante la seconda guera mondial, tanti ghaneani xe andà a combatar in Europa par i britaneghi.",venetian,Gana
"In de l’autunn del 2010 l’è stada concorrenta de la quarta edizzion del talent show X Factor, in la categoria Over 25 guidada de l’Elio.",lombard,Nathalie
"La Magna Grecia nun va cunfunnuta la Sicilia greca Li greci si spustanu ntà l'Italia pi truvari novi terri ricchi, li primi câ vinnunu ntà Magna Grecia fonu li calcidesi câ funnanu Pithecusa (Ischia) e Kyme (Cuma) 'ntra lu 756 a.",sicilian,Magna Grecia
el detien schemi gràfeghi so,venetian,Andrea Cano
"Ghe ze anca grupi che i ga orìzeni difarente, cofà par ezénpio i valdezi, i cuałi, tuta-via, i ze atualmente incuadràbiłi inte łe ceze protestanti.",venetian,Cristianèzemo
"Di quannu pirò ci sunnu, e sù accuddì diffunnuti, màchini futucràfichi di nichi diminzioni e diggitali, ca ponnu scattari futucrafìi senza fari nuddu sgrùsciu, lu ""votu di scànciu"" addivintau ancora cchiù sèmprici di fari: lu citatinu currottu ntra lu seggiu elitturali, signa la scheda e ci faci na fotucrafìa cu lu cillulari, la fotucàmmira o lu vidiucillulari, e appoi ammustra la mmàgini ô pulìticu o a li sò e arricivi accussì lu favuri addummannatu.",sicilian,Votu di scànciu
"Il 27 novembre 1933 scrive una missiva a Natalie H. Wooley in cui afferma di ritenere il mondo occidentale destinato al declino, concordando con le tesi de Il tramonto dell'Occidente di Oswald Spengler, e di considerare l'epoca più civile del mondo ""l'Atene di Pericle, intorno al 450 a. C."".",standard,H.P. Lovecraft
Ol zero de la scala kelvin l'è infat ol zero assolut.,lombard,Kelvin
"Ministero del disordine  (Ministry of Disturbance, con John J. McGuire, 1958); come Il ministero del disordine, traduzione di Iva Guglielmi e Gianni Pilo, in Regni stellari, I Magici Mondi di Asimov 2, Fanucci Editore, 1987.",standard,H. Beam Piper
"Łe pì sevitae łe ze cheła dei mormoni, dei testimoni de Zeova e de ła Ceza de Cristo.",venetian,Cristianèzemo
"El progeto Debian, che inisialmente no'l considerava la GNU FDL na licensa lìbara, el gà decixo, con votasion publica, che xe da considerar lìbare, in relasion a le Debian Free Software Guidelines (DFSG), le opere redistribuìe con tale licensa purché no le contègna sesion mìa modificabili.",venetian,GNU Free Documentation License
"Nonostante il tremendo trattamento ricevuto da commilitoni e superiori a causa delle sue idee e la minaccia di un processo militare, riuscirà a completare l'addestramento entrando a far parte del personale sanitario militare presso Fort Jackson, in sud Carolina.",standard,Desmond Doss
"Poonja nacque a Gujranvalla nel Punjab occidentale, oggi Pakistan, in una famiglia di Saraswati Brahmans.",standard,H.W.L. Poonja
", (Muscari atlanticum Boiss. et Reuter) È n'èrva prènn de la famiglia de l'Asparagaceae, áveta da 10 a 30 cm.",neapolitan,Uva e sèrpa
"C. La Magna Grecia avìa comu citati li riggiuni di la Calabbria, Campania, Lucania e Pugghia Autri tirritori greci nta Talia sunnu nta li costi siciliani e nta li Marchi (Ancona) e nta lu Venetu (Adria).",sicilian,Magna Grecia
"La traccia ""Dirty New Yorker"", presente in Grand Theft Auto IV, è inserita come bonus track.",standard,H.N.I.C. Pt. 2
"La richeza de la tera, dei minerai, e el marcà co i altri popoli de la costa, ia ajudà el popolo Ashanti a svilupar na cultura e tecnołozia avanzada.",venetian,Gana
"A li voti si tratta di veri e propri sanareddi, pajamenti di picca sordi spiciarmenti ntê quarteri cchiù pupulari, fatti chiossai nta l'elizzioni cchiù nichi, comu putìssiru èssiri chiddi cumunali o pruvinciali.",sicilian,Votu di scànciu
Accussì fuje.'O 20 'e maggio 1855 d'â parrocchia S.,neapolitan,San Giorgio a Cremano
Milano RD) Il tamburo (spr.1773,neapolitan,Giovanni Paisiello
"Pirò àutri fonti cuntrarianu dicennu ca arcuni parrati cilintani di la costa sunnu macari di tipu sicilianu, puru siddu nfruinzati dû napulitanu (p'as. a Ispani e Vibunati).",sicilian,Dialettu cilintanu miridiunali
"El jera perverso e dibołico, ma a prima ociada el pareva parfin zentiłe.",venetian,Galzignan Terme
Tanacetum daghestanicum (Boiss.) K.Bremer & Humphries Tanacetum germanicopolitanum (Bornm. & Heimerl) Grierson Tanacetum gossypinum Hook.f.,lombard,Tanacetum
"Gael García Bernal (Guadalajara (Jalisco), 30 de novenbre 1978) xe  un ator sinematografego mesegan.",venetian,Gael García Bernal
I Todesch hann coppaa 15.000 abitant e n'hann deportaa alter 14.000.,lombard,Kerč
"Molte altre so ópare XE stae publicae drìo ła so morte e, drìoman, sunae inte l""Opera omnia.",venetian,Gabriele Falloppio
"Durante la seconda guerra mondiale, infatti, la North American Aviation (NAA) ottenne diversi motori da 264,9 kN del V2 tedesco con lo scopo di convertire le misure dal sistema metrico allo standard SAE.",standard,H-1 (motore a razzo)
"Anca treni e aerei in Giappon gh’hann despess decorazion kawaii in su di lor livree, cont personagg di Pokémon o la Hello Kitty; i prefettur del Giappon, coma anca on bon numer de cittàa, istituzion cultural, distrett de polizia, e la television nazionala (NHK), gh’hann tucc di mascott kawaii doperaa in pubblicitàa o coma identificazion.",lombard,Kawaii
"Costretto 'o Piemonte 'a s'arrennere e doppo avé occupata Milano, Napuliòne avette d’’o Direttorio 'e chiene putere 'ncoppa ll'Armata d'Italia e se preparaje a 'a fatica cchiù difficile: scassà l'esercito austriaco.",neapolitan,Napoleone Bonaparte
"In d'ona caverna de troll el troeuva on spadin, che 'l ciama Spongiott.",lombard,Bilbo Baggins
De alora la scompartiss la storia de la rejon intrega.,lombard,Kurów
"Dopo aver lasciato l'incarico continuò ad occuparsi di politica a livello locale, presiedendo ad esempio una coalizione che richiedeva di proibire le nozze gay nel Nebraska.",standard,Kay Orr
Inscì el moeur e 'l va in Paradis.,lombard,Kalevipoeg
Demenna o Dèmena fu n'antica cità lacedemone di la Sicilia.,sicilian,Demenna
Nel 2018 hanno organizzato un tour per celebrare i 50 anni dalla fondazione.,standard,Scena di Canterbury
"L’amuri pi la mùsica ètnica, l'amuri pi la tradizzioni, l'amuri pi rìttimi ncuntrastati di la tarantella di lu Sud, ca sempri chiossai vidi accustàrisi tanti giùvini, lu gruppu calabbrisi ammuttau a nun glubbalizzàrisi di mùsica nnustriali prisenti sulu nta la scena televisiva, ma di turnari a l'orìggini pi fari arrisèntiri lu leccu puèticu di la tàranta di lu Sud, la subblimitati di li canti amurusi calabbrisi, la mùsica viva e ncridibbilmenti gnurata di na Calabbria ridiviva e lucenti.",sicilian,Hantura
Il titolo originale di Lovecraft fu Sotto le piramidi.,standard,H.P. Lovecraft
"Quest'ultimo in particolare è il nuovo Magic Mouse, il primo mouse multi-touch in vendita per il mercato consumer.",standard,IMac
Integrano tecnologia IPS e hanno un contrasto pari a 1000:1.,standard,IMac
"Barcelona, Departament de Cultura de la Generalitat de Catalunya, 1983.",neapolitan,Joan Fuster
"'O paise se truova a 37 chilometre a suddest 'e Palermo e a 550 metre ncoppa 'o leviello d""o mare.",neapolitan,Baucina
"Intra el sentro e el nordest, łe se kata łe kreste de i Monti Magałiesberg e de el Vìtvatèrsrant.",venetian,Gauteng
"Sheer Heart Attack era sunata nnî cuncerti, tra li tracci finali, tra la fini di l'anni sittanta e ncapu di l'anni uttanta (finu a l'Hot Space Tour).",sicilian,Spread Your Wings
"Succedette ô vavone Luigge XIV ma, diverzamente 'a chest'urdemo, Luigge XV fuje scapace 'e furnì nu cummanno stabbele e nun facette 'e riforme ca serveveno ô paise.",neapolitan,Luigge XV 'e Franza
"El Liber notitiae Sanctorum Mediolani el se referiss a la gesa de Bustighera inscì ""ecclesia sancte marie"" e 'l scriv che l'è present anca un altar dedegad al ""sancto juliano"".",lombard,Medija
"Lettera di risposta ad un amico intorno ai direttori spirituali di monache Dell'origine della città di Vicenza, dissertazione epistolare, dedicata al nob.",venetian,Gaetano Maccà
"Jordan RiverEnçiclopedia Britannica, Encyclopædia Britannica, Inc.",venetian,Zordan (fiume)
"Una d’’e specie (Trichechus senegalensis ) pòpola 'a costa africana occidentale, 'n'ata (T. inunguis ) se trova 'ncopp'a'  costa orientale d’’e Sud America, e 'na terza (T. manatus) 'int'a ll'Indie occidentale, dint'ô Mare de' Caraibi.",neapolitan,Lamantino
"A l'è faa de l'isola de Taiwan (ciamada anca Formosa) e de alter isol pussee piscininn in de l'Ocean Pacìfigh, denanz a la costa cinesa.",lombard,Taiwan
"'E lamantine spisso s'accocchiene attuorne 'e centrale elettreche, ca cu' l'attività lloro,scarfane l'acqua vicino 'o scariche.",neapolitan,Lamantino
La società è stata quotata alla Borsa di Stoccolma nel 1974.,standard,H&M
"Congiuntiv imperfett: che chié e piasgiäiss, che ti 't piasgiäiss, che chiel o piasgiäiss, che nosgècc piasgiäisso, che vosgècc piasgiäissi, che chiei i piasgiäisso.",lombard,Kje
La foresta equatorial cuerze l'85% del paexe.,venetian,Gabon
"Pi' del 97% de ła zente ła vive in sità Oltre a ła kavedal Johenesbèrg, altre sità inportanti łe ze Pretoria, Sòuito e Germiston.",venetian,Gauteng
Quindi nel 1953 H.M. subì l'asportazione dei lobi temporali mediali con un'operazione del chirurgo William Scoville.,standard,H.M.
"Ona gotta frèggia la pò vegnì tajada via de la depression principal grazie al rinfòrz del fluss zònal  (o ben di vent occidentaj) ona insaccadura con ass nòrd-sud, Oppur quand che la formazion de on  promontori anticiclonich el fa su on pont anticiclonich e inscì el taja foeura la gotta frèggia.",lombard,Tajà foeura
"Drioman de ła cadesta dei rezimi, dopo del 1989, ła ze stada restabiłia, in bona parte dei cazi, ła libartà de culto.",venetian,Cristianèzemo
"Dopo d'avè lavorad per duu agn in quell ofizzi, in del 2003 l'è elesgiuda procuradora distretuala de San Francisco, per vesser poeu reconfermada in del 2007.",lombard,Kamala Harris
"El zogo ga ciapà recensiòni miste a negative par aver presumibilmente ciapà contenuti da zoghi de teror indie con storie simili, come le franchise Bendy e Poppy Playtime, e par presunte pratiche comerciai predatorie; comunque, le recensiòni de ogni zogo le xe pian pian diventà pì positive, co’ le ultime edision che ofre pì ""contegnuo"".",venetian,Garten of Banban
"'E sicuente mote nnipennentiste ispirate d'â rivoluzzione francèse truvajono nun poca resistenza 'int'a cìttà, devota â monarchia burbonica.",neapolitan,San Giorgio a Cremano
"Il fallito tentativo di catturare il potentissimo banchiere Pierpont Morgan lascia in ostaggio alla banda il palazzo che custodisce la sua formidabile collezione di tesori ed oggetti d'arte, e si apre così una difficile trattativa.",standard,Ragtime (romanzo)
Si maritau ntô 1995 cu Ròzsa Tassi e havi dù figghi.,sicilian,Roccu Siffredi
"Ruggeru I di Sicilia, lu frati di Rubertu, cummannau nu gruppu di cavalleri ntô 1061 attaccannu l'ìsula e criannu na prisenza nurmannu pirminanti abbicinu a Missina.",sicilian,Nurmanni
El costruiss torr e fortin.,lombard,Kalevipoeg
"In aggiunta alla memoria a breve termine, una capacità che si era conservata integra fu quella di apprendere abilità motorie.",standard,H.M.
El clima xera bon pal la coltivazion del cacao che xe diventà presto uno de i investimenti piasè grosi del paexe.,venetian,Gana
"Viene utilizzato nei Blu-ray, il suo concorrente diretto è il formato VC-1 (SMPTE 421M).",standard,H.264
"La posizion ofiziala del govern de la Corea del Nòrd a l'è che in del vilagg gh'è ona fattoria collettiva de 200 famej, servida da on center de assistenza per i bagai, asili, scoeul elemetar e segondari e on ospedaa.",lombard,Kijŏng-dong
"Ragtime (titolo originale  Ragtime) è un romanzo dello scrittore statunitense Edgar L. Doctorow, pubblicato in originale nel 1975, in Italia nel 1976 edito da Arnoldo Mondadori Editore.",standard,Ragtime (romanzo)
"In particolare, l'avvio delle turbopompe era garantito da un generatore di gas a propellente solido (SPGG, Solid Propellant Gas Generator in inglese), il quale era essenzialmente un piccolo razzo a propellente solido che doveva essere sostituito dopo ogni accensione.",standard,H-1 (motore a razzo)
"'O Baianese è nu territorie d""a pruvincia 'e Avellino, dint a ll'agro nolano.",neapolitan,Baianese
Ol Kaiserschmarren l’ sömèa ergóta a mèza strada tra öna fritàda e öna frìtola facia a tòcc e servìda con sura öna bèla spolveràda de söcher a vél e compagnàda da la marmelàda de zödegn.,lombard,Kaiserschmarren
"I servizi di broadcast basati sullo standard H.264, occupando una banda inferiore rispetto al precedente schema di codifica, permette agli operatori di broadcasting di trasmettere in modo relativamente economico un numero maggiore di programmi ad alta definizione.",standard,H.264
Non fu però mai confermato che le tracce appartenessero realmente al progetto originale di H.N.I.C. pt.2.,standard,H.N.I.C. Pt. 2
"'E tterre lloro erano nzerrate a nord d’’e munte d’’a Maiella 'inte ll’alto Abruzzo ô cunfine cu 'e Umbre, 'e Picene (a nord-est) e cu 'e Sabine (nord-ovest), ô sud ed ad est d’’o Tavuliere d’’e Puglie e d’’e custe adriatiche e ad ovest nfin' ô Tirreno, d’’e tterre d’’e Volsce, d’’e Aurunce, d’’e Sidicine e d’’e Latine.",neapolitan,Beneviento
"Quèj frutt chì vegnen mangià intrègh, pèll e tuscòss.",lombard,Kumquàt
"Baucina è nu comune 'e 2033 'e abitante d""a pruvincia 'e Palermo.",neapolitan,Baucina
Le division del zodiac i enn ciamade “costellazion” in astronomia e “segn zodiacai” in astrolojia.,lombard,Zodiac
"Daspöö la segunda guera mundiala, di stòrigh i ha remarcaa che vüna di prinzipal reson da la sò oposizion a dàgh ul pudé al pövel al era l'aprension che vargot al purtaria a la fin a la dominanza pulítiga del nazionalism Germànigh.",lombard,Klemens von Metternich
"Secondo Corkin, questo fenomeno era dovuto alla parziale integrità della parte posteriore del giro paraippocampale.",standard,H.M.
Il lievito ha un metabolismo molto particolare: in presenza di elevate concentrazioni di zucchero assume un metabolismo di tipo anaerobico e segue la via fermentativa piuttosto che la respirazione (metabolismo aerobico) anche in presenza di ossigeno; questo fenomeno è stato studiato da Luis Pasteur e assume il nome di effetto Pasteur (o effetto Crabtree).,standard,Lievito
"Senpre inte'l 1979 l'è stà protagonista de'l film TV ""La Mascotte"" (The Kid from Left Field), un film anbientà inte'l mondo de'l baseball, remake de l'omònemo film de'l 1953.",venetian,Gary Coleman
"Havi na grammàtica cumplitamenti rigulari, simili ê crioli dû munnu.",sicilian,Lingua franca nova
"Elea - Velia (Novi Velia) Mègara Hyblaea - Mègara Iblea, Ci fonu assai autri riggiuni taliani câ appinu 'nsidiamenti greci, ma nun fonu cunsidirati mai Magna Grecia, chissi su:",sicilian,Magna Grecia
"CAH, L'impero romano da Augusto agli Antonini, Milano 1975.",lombard,Battaja de Idistavis
"Prátera, cámbera, vign é òrtera da 0 a 2000 m.",neapolitan,Uva e sèrpa
"In 1788, Metternich al sigutava l’Üniversitaa da Strasburgh, ma ul s-ciòpp da la revolüzion Franzesa al ga causava da partí dopu düü agn.",lombard,Klemens von Metternich
"Quèlla pianta chì la rappresenta la fortuna in Cina e in di alter paés de l’Asia, ‘doe despèss la vent tegnuda ‘me ‘na pianta de apartament, e donada in occorenza del Cap d’ann cines.",lombard,Kumquàt
"Le ceze protestanti łe połe vegner zeneregamente divideste cusita: Ceza anglicana (sta Ceza siben ła gàpia adezionà a tanti ponti dotrinałi de ła Reforma, el ga mantegnesto liturzia e ecleziołozia pròpie de ła Ceza catòłega); ceze de ła Confesio augustana o luterane; ceze lìbare: anabatista, menonita, amish, cuachera, unitariana, ec.",venetian,Cristianèzemo
"Giuanni Alagi, ""La chiesa di S.",neapolitan,San Giorgio a Cremano
Ciò stava a indicare come tale amnesia sfumasse nel tempo.,standard,H.M.
"Dopo vess squasi morta de arrest del coeur, a l'è operada  e salvada di medegh, ma la gh'ha avuu 'n amnesia e donca la recorda no la deciarazion del Castle.",lombard,Kate Beckett
"Termenà el pariodo de prova, l'abonamento el sèvitava co'l canone de 9,99 €/meze.",venetian,Google Play Musica
"'A città, nfra 'e cchiù antiche d' 'a Campania, fuje abbitata sin d' 'a preistoria pe 'a presienza 'e ricca flora, fauna e assaje sciumme.",neapolitan,Acerra
El president a l'è el Tsai Ing-wen (del 2016).,lombard,Taiwan
"Rivad al trono el Moro el noeuv Duca el se mostra a so favor, desgià che l'è ciamad in del Consili Secret e in del 1480 l'è nomenad Comissari de Parma, ma poeu l'è spostad a Piasenza.",lombard,Giovann Antoni Cotta
"La cantanta l’è ona mez sopran caraterizada d’ona vos sgrafignada, ma anca bona de doperà el falset e ona tonalità neta con naturalezza.",lombard,Nathalie
Ze suó criate da gl tuzz tra la tívera aurasiáteca che chélla arábbeca.,neapolitan,Zagros
Bernabéu l’ha cuminciaà a giugà per ul Real Madrid quand el g’aveva 14 ann in del 1909.,lombard,Santiago Bernabeu
"Lu battitu di pedi fu riggistratu nta na vecchia cresia, cu nu pavimentu di lignu.",sicilian,We Will Rock You
"Condizional present: chié e montřìa, ti 't montřìs, chiel o montřìa, nosgècc montřìo, vosgècc montřìi, chiei i montřìo.",lombard,Kje
"H.E.R.B.I.E. (Humanoid Experimental Robot, B-type, Integrated Electronics) è un personaggio dei fumetti, creato da Marv Wolfman (testi) e John Byrne (disegni) e pubblicato dalla Marvel Comics.",standard,H.E.R.B.I.E.
"Opere riguardanti G7Open Library, Internet Archive.",venetian,G7
"Inte'l 2015 vien fora Padri e figlie, che ga cofà protegonisti l'ator Premio Oscar Russell Crowe e Amanda Seyfried.",venetian,Gabriele Muccino
Napoli N) Don Anchise Campanone (1773 Venezia) [rev. Gli amante comici] L'innocente fortunata (carn.1773,neapolitan,Giovanni Paisiello
El fiume Yarmuk  el ze el so pì inportante afluente.,venetian,Zordan (fiume)
"La refuda anca 'n appontament cont on bell poliziott ingles per lu, ma quand che 'l va con vuna di donn de la Ferrari lee la reciama l'ingles.",lombard,Kate Beckett
"'Int'o 1799 'a cità addivintaje,però,Repubbleca Paesana.",neapolitan,San Giorgio a Cremano
"H.E.R., pseudonimo di Gabriella Sarmiento Wilson (Vallejo, 27 giugno 1997), è una cantautrice statunitense.",standard,H.E.R.
'E ritruovamente archeologgece 'e palefecate 'int'ô territorio 'e Castelvenere e nummerose reperte ritruovate a n'àta pàrte testimoniano 'a presenza 'e ll'ommo preistoreco 'int'â chesta pruvincia.,neapolitan,Beneviento
"Valintinu (Terni , 175 ca- Roma, mortu tra lu 269 e lu 273) è un Santu viniratu da Cresia Cattolica.",sicilian,San Valintinu
"El 35.ª Vèrtaze del G8 el ghe ghea sełebrà intrà el 8 e el 10 de lujo del 2009 inte ła sità de L'Àcuiła, inte ła Acadèmia de la Guàrdia de Finansa.",venetian,G8 del 2009
"El Kansai, soratœts Osaka, a l'è famos per el so mangiar e, anca grazia a dei piats vegnuds famos in tut el Japon e ind dei oltr toc del mond tant'mè i takoyaki, i okonomiyaki, i udon kitsune e i kushikatsu, el g'è un dir popolar insœ i usar de la jent del Kansai: ""I abitants de Kyoto i se rovina adree a spender per el vestir-s, qei de Osaka i se rovina adree a spender per el mangiar"".",lombard,Kansai
"Tra quarchi misi Gugliermu, dittu lu Cunquistaturi, fu ncurunatu re di l'arciviscuvu di Westminster.",sicilian,Nurmanni
"Inte i Osei al sesso eterogametico al ze invece quel de la mastcia, co do cromosomi ciamadi Z e W.",venetian,Sesso
"Un'altra fonte di ispirazione, totalmente diversa dalle precedenti, fu l'importante progresso scientifico che in quegli anni si registrava in campi come la biologia, l'astronomia, la geologia e la fisica, che contribuiva, nella sua visione, a far sentire la razza umana come insignificante e impotente, in balia di un universo meccanico e privo di ogni riferimento spirituale, dando un fondamentale contributo alle idee che più tardi verranno definite col termine cosmicismo e dando ulteriore forza al suo convinto ateismo.",standard,H.P. Lovecraft
"Quantities, Units and Symbols in Physical Chemistry - the IUPAC Green Book, 3rd edition.",neapolitan,Unità e' massa atomeca
"El cristianèzemo el ingrupa difarente ceze e confesion, talvolta tanto difarente intrà lore e anca in połèmega l'una co chel'altra.",venetian,Cristianèzemo
In 'sto parìodo inte'l cuało el se forma a łevèło profesionałe e personałe el conose Mario Amici che'l ze senpre stà só cołaborador.,venetian,Luca Barbarossa
"Sulo atturno 'o 993 fuje aedificata 'int'a zona detta ""Capitiniano"" na  cappella vutiva cunsacràta a San Giorgio.",neapolitan,San Giorgio a Cremano
"'A fore d'a ferruvia classeca, cu 'na reta sparza pe' quase tutto 'o munno, esistono ati tipi 'e sistemi ferruviari: Metrupulitana: Uguale pe' forma 'â ferruvia classeca, issa è nu sistema e traspuorto urbano ca spisso, ma nu sempe, sta sotto terra.",neapolitan,Ferruvia
Ammeri a l'annu 885 vinni cunquistata di li Saracini e pirdìu la sò mpurtanza.,sicilian,Demenna
"O' primmo è canale Euro 1080 Euro1080 , ca' po' cagnaje nomme in HD 1 HD1, po' se spartette pure a 3 canali: HD1, HD2 e HD5.",neapolitan,16:9
"Dopo sti finansiamenti, se ga scumisià a xvilupar pestiçidi e fertilixanti, incorajando i agricoltori a dopararli a doparar ste nove tecnoloxie e rivolusionando le tradisional prateghe agrarie e co l'abandono e l'esinsion de tante varietà locali e tradisionali.",venetian,Agricultura
Cumpare â prucissione pùre 'o guvierno d' 'a Congrega dell'Immacolata.,neapolitan,San Giorgio a Cremano
"Intant el Castle el riva, e gh'è on poo de rebelòtt: Prima la brusa la location, e donca Alexis e la mamma del Castle deciden de sposàss in la cà di vacanz, poeu el se bagna el vestii: Per lee l'era squasi on segn, e 'l Castle la ghe dis che tucc i storij pussee bej hinn cont di difficoltà.",lombard,Kate Beckett
È una d’’e ccinche cità capoluoche 'e pruvincia d’’a Campania.,neapolitan,Avellino
El prim minister a l'è el Su Tseng-chang (del 2019).,lombard,Taiwan
El Zordan el ciapa tanti afluenti che anca no ghe porta on costante contibusion de acua intel coso de l'an: de fato cuazi tuti suti de istà parchè i atraversa na rejon caraterizà da on clima che tende a esare suto.,venetian,Zordan (fiume)
"'A prucissiòne era accussì ordinata: banda musicale, congrega 'e S. Raffaele cu' stendardo e pannetto, ata banda musicale, 'e statue 'e ate sante cu' S. Michèle ô capo e ppe' urdema chella 'e S. Giuseppe, 'o parroco e ate sacerdote e subbito 'a statua 'e S. Giorgio.Â prucessione d' 'a quarta dummeneca 'e maggio nun partecipaveno ll' ate statue.",neapolitan,San Giorgio a Cremano
"Canuscennno 'a dipennenza ca 'sti animale hanno svillupato p'â calura 'e ll'acque, 'o guverno mmericano stà cercanno 'a suluzzione pe' scarfà ll'acque pupulate d'e lamantine.",neapolitan,Lamantino
"Il Rocketdyne H-1 è un motore a razzo a propellente liquido alimentato a LOX e RP-1, capace di produrre 900 kN di spinta.",standard,H-1 (motore a razzo)
"I cristiani i ghea asorbio dal zudaismo łe so Sacre scriture, definie dopo Antigo Testamento, inte ła Septuaginta, dotrine fondamentałi cofà el monoteismo, ła fede inte un mesia o cristo, racuante forme del culto (anca el sacerdòsio), conceti de lioghi e tenpi sacri, l'idea che el culto el gàpie da vegner modełà drio el modeło cełeste, el dòparo dei Salmi inte łe preghiere comuni.",venetian,Cristianèzemo
"Román Gabriel Vega (Buenos Aires, 1º gennaio 2004) è un calciatore argentino, difensore dello Zenit San Pietroburgo.",standard,Román Vega
"An’mò in del 2006 l’è rivada seconda al S.I.M., ona gara organizada de la Università Sapienza de Roma.",lombard,Nathalie
"'O piccirillo centro è crisciuto luòngo 'a via Nazziunale d""e Puglie 'int'a na lèngua 'e terrieno stregnuta ntra 'e cumune 'e Pomigliano d'Arco e Brusciano e cu chisti ffà n'uneco mazzucato urbano.",neapolitan,Castiello 'e Cisterna
A l'è la terza cità püssee impurtanta de la Finlandia dopu de Helsinki e Espoo.,lombard,Tampere
"Giorgio a cavallo cumpare sulo 'int'o 1200 (ô tiempo d' 'e cruciate) e chella presente ô Cimitero arresaglie mmerzo ô 1400,ppe'tramente 'a statua a miezo busto è d' 'o 1600.",neapolitan,San Giorgio a Cremano
"Turnato 'o Cairo, Napuliòne vincette 'o 25 'e luglio d’’o 1799 contro a 'n'esercito 'e diecemila surdate ottomane, pò segretamente se 'mbarca p’’a Franza.",neapolitan,Napoleone Bonaparte
"Quannu l'azzioni nizziau, tutti avvinni nta nu cuurdinamentu sbagghiatu, li forzi cummannati da Leptini pigghiati di surprisa nzemi a li upliti, attaccaru trasennu nnû campu cartagginisi, mentri stu gruppu cummatteva, chiddu sittintriunali ritardau lu sò arrivu a nun arriniscìu a lanciari n'attaccu n tempu p'aiutari Leptini.",sicilian,Battagghia di Gela (405 a.C.)
"Mario Galbusera el ze moristo el 23 de avril 2018, inte’l 2002 el ga resevesto el titoło de Cavalier de'l Łaoro.",venetian,Galbusera
"La situazion la devegn grama quand che l'autor el se coppa e i artificee capissen che gh'è on timer e che i sò riferiment a hinn blindaa, e pensen che la ghe sia pu speranza per lee.",lombard,Kate Beckett
"Li cruciati visti di l’àrabbi, Amin Maalouf",sicilian,Cruciati
"Unlimited el zera un servisio in abonamento de Google Play Musica che, in maniera anàłoga a Spotify e sìmiłi, dazea ła posibiłità de scoltar, sensa nisuna publisità, da browser web o mobile app, tuta ła mùzega prezente inte'l store, al costo de 9,99 € mensiłi.",venetian,Google Play Musica
"1) 1988 - Non tutti gli uomini (CBS, 460803",venetian,Luca Barbarossa
"I lieviti sono un gruppo di funghi, formati da un unico tipo di cellula eucariotica, che possono avere forma ellittica o sferica.",standard,Lievito
"Springsteen (1949) The Judge Steps Out, regia di Boris Ingster (1949) Viale del tramonto (Sunset Blvd.), regia di Billy Wilder (1950) La prima legione (The First Legion), regia di Douglas Sirk (1951) Savage Drums, regia di William Berke (1951) È arrivato lo sposo (Here Comes the Groom), regia di Frank Capra (1951) Journey Into Light, regia di Stuart Heisler (1951) I dieci comandamenti (The Ten Commandments), regia di Cecil B.",standard,H.B. Warner
"Oomphel in the Sky (1960) Operazione di polizia  (Police Operation, 1948), traduzione di Roberto Marini, ne I segreti del Paratempo, Urania 1514, Arnoldo Mondadori Editore, 2006.",standard,H. Beam Piper
I nuovi iMac dispongono di processori Intel quad-core Core i5 e Core i7 di seconda generazione.,standard,IMac
El Zodiac illustrad per i bagai (italian),lombard,Zodiac
Ind i fonts medievai l'era ciamada domà lombard o lengua scrivida.,lombard,Koinè lombarda medieval
"A partir da l'ano 2018, el G7 el reprezenta el detentor del 58% de ła richesa neta mondiałe (317 bilioni de dòlari USD) e pì del 46% del PIL mondiałe nomenałe.",venetian,G7
"Inte el 2009 el gà cantà ne l'albun de Claudio Baglioni Q.P.G.A., ne ła canson 'mia libertà Dal xenaro 2010 xe el prexentador de Radio 2 Social Club, un programa de Rai Radio 2 trasmeso el sabo e ła domenega da łe 11.00 a łe 12.30.",venetian,Luca Barbarossa
"'O 1785 pruvaje 'a trasì 'ndâ Marina ma pe via ca ll'esame suoje 'e ammissione fujene annullate, isso passaje 'ndâ ll'artiglieria pecché vuleva fernì 'a 'mpresso 'a studià pe puté accumincià 'a carriera militare.",neapolitan,Napoleone Bonaparte
De li documenti se potenu capire le fasi de la chiesa.,sicilian,Nove te Galatina
"Esempi di ciò si possono trovare in I Topi nel Muro, La paura in agguato, Arthur Jermyn, L'alchimista, La maschera di Innsmouth e Il caso di Charles Dexter Ward.",standard,H.P. Lovecraft
Li dui citati accittarunu di libbirari i priggiuneri e di cunzignari li navi.,sicilian,Battagghia di Gela (405 a.C.)
"Inportante anca l'ełaborasion teołòzega e cristołòzega, dei sècołi drioman, prezente inte ła leteratura cristiana de łe diferenti soto-corenti rełijoze e inte i Pari de ła Ceza, ła cuała ła dòpara, in sìntaze nove, anca racuanti tèrmani e conceti so de ła teołozia grego-romana pre-cristiana.",venetian,Cristianèzemo
"Torna quindi a dedicarsi alla sua carriera solista con un altro album considerato uno dei capolavori del genere, Rock Bottom del 1974, ed il bizzarro quanto divertente Ruth Is Stranger Than Richard del 1975.",standard,Scena di Canterbury
"Dar na definision unitària del cristianèzemo el ze un afar difìsiłe, ponesto che sto cuà – pì che na singoła rełijon in senso streto – el se połe considarar na sèrie de corenti rełijoze, devotive e/o metafìzeghe e/o teołòzego-specułative, magnere de conportarse, costumari cuotidiani de frecuente eterozènei, gaventi vero-sì un comun nùcleo de vałori e credense rełijoze, ma che łe ze defarenti intrà lore drio de ła magnera inte ła cuała se interpretea ła tradision e ła so leteratura rełijoza, e anca drio cuało aspeto devien ojeto de focus par łe ùgnołe corenti cristiane.",venetian,Cristianèzemo
"I mormoni łe ze caraterizadi da ła figura individuałe del primo fondatore e i ga par de pì cofà testi sacri el libro de Mormon e libri zontivi mutuai dal so fondatore, oltre che ła Bìbia, andove łe dotrine cristiane łe vien re-ełaborae in magnera totalmente unìvoga e orìzenałe.",venetian,Cristianèzemo
"'O Baianese se trova dint'a parte chiù occidentale d""a pruvincia 'e Avellino, ô cunfine cu chella 'e Napule e giugraficamente fa pparte 'e ll'agro nolano.",neapolitan,Baianese
"Lu se referea a TRIX, chel xe on nucleo de ciamade remote a prosedimenti, sviłupà da el MIT e i so autori che łi ga dexidesto chel fuse łibaramente distribuxesto; Trix era totalmente conpatìbiłe co UNIX version 7.",venetian,GNU
"Pena rivava un viagiator, eło el ghe n'dava visin soridendo, eo fazeva sentare e rifociłare el ghe ofrjia come omagio na fiàsca de vin gajiardo, che in realtà el contenea on sonifero.",venetian,Galzignan Terme
"El 30 de december i Russ l'even giamò liberada, grazzie a on'operazion naval.",lombard,Kerč
"Nello stesso periodo Hugh, il fratello Brian ed il quindicenne Richard Sinclair formano ufficialmente i Wild Flowers, che col rientro di Wyatt ed Ayers assumono il nome Wilde Flowers in omaggio allo scrittore irlandese Oscar Wilde.",standard,Scena di Canterbury
"Dopo una fugace menzione nella terza stagione, sempre a proposito di Deadshot, diviene la nemica principale nella quarta insieme al suo leader, Damien Dark (anch'egli già citato nella terza), formata maggiormente da terroristi, tra l'altro Andy, il fratello di John, non era morto, ma era stato arruolato dall'H.I.V.E. il cui vero scopo è quello di annientare l'umanità e ripopolare il pianeta rendendolo perfetto.",standard,H.I.V.E.
Liunforti è nu cumuni di 13.878 [1]  abbitanti dâ pruvincia di Enna.,sicilian,Liunforti
"J.E. Hodgetts, Parliament of CanadaEnçiclopedia Britannica, Encyclopædia Britannica, Inc.",venetian,Parlamento del Cànada
Dui vìnniru distruduti di na bomba ntô 1941 e sustituiti cu copi ca purtàvanu li nùmmira 4 e 5.,sicilian,Division Bell
Capissen poeu che 'l podaria proppi vess el sò pont debol de taccà.,lombard,Kate Beckett
"La cambra poeu la s'cioppa per on sistema de protezion, che 'l coppa el sassin e 'l fà a tocchei el dossier, tocchei che poeu a hinn unii de noeuv per provà a ciappà di informazion che menen a la descoverta de 'n cunt bancari, che 'l partegnia a 'n Senator, vegg procurator de Stat a New York, e che per lor l'avaria ciappaa di tangent e che 'l voeur scond el tutt per candidàss President.",lombard,Kate Beckett
"Google Play Musica ofriva, in zona, ła posibiłità de reałizar el back-up de ła mùzega za in poseso, che l'utente el ga conprà (o descargà) da altre bande.",venetian,Google Play Musica
Sona simili a l'italianu o ô spagnolu.,sicilian,Lingua franca nova
Nti stu sensu la circunfirenza è l'equivalenti dî pirìmitru di nu puligunu.,sicilian,Circunfirenza
Pizzu e granfi ànnu macari u còmpitu d'ammazzari l'armali pridatu prima mi sû màncianu.,sicilian,Accipitriformes
"Chièsa de Sand Arcángele Mechèle a la frazzione e Piétrafítta (Cappellina de Sanda Flecita, che šta ngim’a na fond d’acqua che z’è sèmb ditt ca cura).",neapolitan,Settefrate
Lu celu accumincia a nun èssiri cchiù lìmpitu ma griciu e niulusu.,sicilian,Autunnu
La Decadència al País Valencià.,neapolitan,Joan Fuster
"Tanacetum vulgare L. l'è 'na piànta erbàcea perène de la famìa botànica de le Asteraceae, L'è 'na piànta erbàcea perène che crès enfìna a 60 ÷ 120 ghèi de altèsa del teré.",lombard,Tanacetum vulgare
"Tuttavia, nella pronuncia popolare la pronuncia della H già cominciò a scomparire nel 4º secolo, diventando muta.",standard,H
"Curioso come George ebbe un successo immediato e ai Rey fu commissionato di scrivere molte altre avventure di questa scimmia birichina e del suo amico, noto come ""l'uomo dal cappello giallo"".",standard,H. A. Rey
"'A cità è attraversata da diversi corsi r'acqua: 'o Rigatore, 'o San Francesco e 'o Fenestrelle, tutti affluenti ro' fiumme Sabbato, oggi assaje impoveriti ed in parte interrati.",neapolitan,Avellino
Spàraxo bianco de Basan (VI) D.O.P. (Denominasion de origine proteta).,venetian,Asparagus officinalis
"A. ła ze na azienda ałimentar itałiana che produze biscoti, cracker e snack, ativa in Itałia e a l'estero, fondada da Mario ed Enea Galbusera a Morbegno inte’l 1938 co sede a Cosio Valtellino Ła xe stà fondada inte’l 1938 da i fradełi Mario ed Enea Galbusera che, zlargando el łaboradorio de'l pare Ermete, i verze un cafè pastiseria a Morbegno, in Valtełina.",venetian,Galbusera
"Napuliòne capette ca nun puteva difennere 'a Lousiana, accussì s'ha vennette l'8 'e Abbrile d’’o 1803.",neapolitan,Napoleone Bonaparte
"Dopo la Guerra, la città la gh'ha avuu el titol de Città Eroe.",lombard,Kerč
"All'inizio, tuttavia, le copertine omisero il nome di Margret.",standard,H. A. Rey
"Ruggeru I muriu ntô 1101, e sò figghiu Ruggeru II, nfini, rinisciu a uniri la Sicilia e li tirritorî nurmanni di l'Italia miridiunali pi furmari lu Regnu di Sicilia, criannu accusì in Italia nu statu di diminsioni cunziddirèvuli: lu Regnu nurmannu di Sicilia.",sicilian,Nurmanni
"Dopu na pistilenza ca causau la morti di Annibali, lu cumannu di l'èsercitu fu pigghiatu da Imircuni, ca vinni scunfittu da l'èsercitu n'aiutu a Girgenti.",sicilian,Battagghia di Gela (405 a.C.)
"Oi, riccu di tanti stanzi e curtigghi, di nu spazziu tiatrali, di nu jardinu ummirusu è sedi ufficiali dû Parcu.",sicilian,Santa Margarita (Girgenti)
"Searle Dawley (1914) The Ghost Breaker, regia di Cecil B.",standard,H.B. Warner
I soldaa slav se n'hinn andaa via l'ann dopo.,lombard,Klagenfurt am Wörthersee
"Sti scritti cuntèninu tanti discrizzioni di l'ambienti e dî pirsunaggi ca foru meti di giti dilizziusi ntâ sò nfanzia: Misilbesi, Dragunara e Madonna dî Grazzi.",sicilian,Santa Margarita (Girgenti)
Sìa lu parramentu fidirali ca chiddi statali ùsanu dî division bells elittrònichi.,sicilian,Division Bell
"Risoluzioni video superiori come il 5K, il 6K e l'8K necessitano l'utilizzo di altri codec, ad esempio di HEVC (H.265).",standard,H.264
"A Ginée 1801, al vegniva scernii Inviaa d’Austria a l’electur da Saxonia, dond al vagnava cuntatt cunt un bell pò de famèj impurtanti da Rüscia e Polònia.",lombard,Klemens von Metternich
El zèner el töl dét de piö de 150 spéci acetàde.,lombard,Tanacetum
La Storia futura terro-umana (Terro-Human Future History) è il resoconto dettagliato di Piper dei prossimi 6.000 anni di storia umana.,standard,H. Beam Piper
Na circunfirenza eni lu locu dî punti iquiddistanti di nu puntu fissu chiamatu centru.,sicilian,Circunfirenza
"La Federazione crolla nella Guerra degli Stati del Sistema e in seguito alle Guerre Interstellari (una parte delle quali può essere vista in The Cosmic Computer), portando a un lungo interregno, durante il quale non c'è alcun potere umano centrale.",standard,H. Beam Piper
El paese l’è dominà da coline base e da picole pianure.,venetian,Gana
"Cierte ate fanno arresagliere erroneamente 'o nomme Cremano â Crematum, dicenno ca 'int'a 'sti zone surgeva nu campo chiammato crematum a motivo 'e ll'eruzione d' 'o Vesuvio.",neapolitan,San Giorgio a Cremano
"Turchia – Recep Tayyip Erdoğan, primo ministro.",venetian,G8 del 2009
"Ivo Vetrano, ex-calciatore, nativo 'e Baiano.",neapolitan,Baianese
"Sta parola vinennu di lu grecu  “bastazo”di quannu ‘n Sicilia aviamu li culonie di greci, lu significatu è propriamenti portu.",sicilian,Bastasu
"Chisti lingui sunnu iḍḍi stissi diffusi e nfruenti, e macari cuntribbuiru â maggiuranza dû vucabbulàriu ngrisi.",sicilian,Lingua franca nova
Ibiza - 41st Birthday Pt. 3 - The Great Pretender – 10:27,sicilian,Freddie Mercury Solo Collection
"Bibbliografia: O: Garana I Vescovi di Siracusa Emanuele Romeo editore Siracusa,1994",sicilian,San Zosimu viscuvu
"New Rochelle, nei primi anni del ventesimo secolo, è una placida cittadina poco lontano da New York.",standard,Ragtime (romanzo)
Indica al sistema operadivo dell'host remoto ła porta del proceso server al cuałe afidare ła dimanda.,venetian,URL
A l'è una cità statutaria.,lombard,Klagenfurt am Wörthersee
"Chiang Kai-shek guidaje 'e proprie truppe a accupà Nanchino dinto màrzo, nterruppe 'a spedizione e ccuncentraje 'e fforze soje dint""a lotta cuntro Wang e ll'alliate suoje d""o Partito Cummunista Cinese (PCC).",neapolitan,Kuomintang
"Josephine, seppur disgustata da Sir Joseph e sebbene commossa, deve compiere il proprio dovere e rifiutare Ralph, il quale, rimasto con l'equipaggio, comunica la sua intenzione di suicidarsi; appena prima che il marinaio si spari, la ragazza entra dichiarando il suo amore; i due progettano di fuggire dalla nave quella notte, malgrado Dick tenti di dissuaderli.",standard,H.M.S. Pinafore
Una tipica missione dell'HTV iniziava con l'immissione in orbita grazie al lanciatore giapponese H-IIB dal Tanegashima Space Center.,standard,H-II Transfer Vehicle
"Inte'l 2010 vien fora Baciami ancora, sequel de L'ultimo bacio, co un bon suceso al boteghin, indove incasa 9 milion de euro (dati Cinetel) e vinse cofà mejo film al Shanghai Film Festival.",venetian,Gabriele Muccino
Se prexente indica na parte o na poxision all'interno de ła risorsa.,venetian,URL
Inte'l disco A zera prezente anca na canson dedegà a Nelson Mandela mentre Eros Ramazzotti el cołabora sonando ła ghitara ełètrega in Senza panico.,venetian,Luca Barbarossa
"On attaccant el pò suttà mandà el terz handshake a on dispositiv e manipulà e resettà la soa ciav de criptografia, e cont el reset i dacc, criptaa cont la midemma ciav, a pòden vess analizzaa finna a capì el schemma de criptografia doperaa e donca sbusà la sicurezza intrega de la red.",lombard,KRACK
"A sbaro, sti conponenti łi xe conoxesti cołetivamente cofà ""feri de el mestiere GNU"".",venetian,GNU
de l'Internet Movie Database Scheda su Gabriella Pession di MyMovies,venetian,Gabriella Pession
"Gaetano de Thiene (Vicensa, otobre 1480 - Napołi, 7 de agosto 1547) el xe sta on prete, cofondatore de l'Ordine dei Chiereghi regołari Teatini; el xe anca venerà come santo da ła Cexa catołica e el xe anca dito el Santo de ła providensa.",venetian,Gaetano de Thiene
"Se l'àpeze el vien cavà o spontà ła pianta ła tente a afermar da novo ła domenansa de l'àpeze, produzendo mase de buti intermedi no produtivi.",venetian,Prunus persica
"Sardo campidanese, parlato a ll'atu quarto, chillo centro-meridiunale d'â Sardegna canisciuto comme Campidano, da quase 'o 70% d'ê ssarde; téne nu gruosso nummero 'e 'nfrusse da ll'adiome catalane e taliane.",neapolitan,Lengua sarda
"Inte el 1736 Giustino Valmarana el ga incaricà Francesco Muttoni (che par ła fameja Valmarana gavea xà łaorà pa el pałaso citadin de San Faustino) pal restauro de ła viła; xe sta el Muttoni far tante modifeghe che se vede oncora deso, come i frontoni triangołari su i du łati de ła pałasina prinsipałe, łe scałinà e łe torete łaterai de ła pałasina, e anca el tanponamento de łe arcade de ła foresteria e ła costusion de łe scuderie, sviłupà so du piani, ł'entrada dal viałe che porta ała viła e del piasałe sora.",venetian,"Viła Valmarana ""Ai Nani"""
"El primo edifiçio, cueło residensial, vołuo da Giovanni Maria Bertolo, xe sta conpłetà inte el 1670.",venetian,"Viła Valmarana ""Ai Nani"""
G3 el ze un projeto muzegałe consepìo da'l ghitarista Joe Satriani inte'l 1996.,venetian,G3 (grupo muzicałe)
Galileo fuje 'o primmo ad ausà n'ucchiarone pe 'e fine stronummece.,neapolitan,Ucchiarone
"'A statua 'e nu santo veneva purtata 'n prucessione ppe'assaje motive: ppe' fecondà 'o tterreno, p'alluntanà siccità o alluvione, ppe' difennere 'o territorio d'ê pericule mortale (guerre, pestilenze, ècc.).",neapolitan,San Giorgio a Cremano
Dopo dò setimane la Nathalie la porta in sul palch del teater Ariston el toch Vivo sospesa (Vivi sospenduda).,lombard,Nathalie
El persegaro el ga bizogno de caldo par vìvare e ełora ła so distribusion in Eoropa el ze isteso de cheło de l'ua.,venetian,Prunus persica
È capoluoco d’’a pruvincia ca porta 'o stesso nomme.,neapolitan,Avellino
"‘N effetti, sècunnu arcuni stòrici (comu Francu Cardini), la ntinzioni dî civili senz'armi e dî surdati e cavaleri ca l’accumpagnaru duranti lu viaggiu dâ Prima Cruciata (1096-1099) avìa a èssiri eminintimenti pia e usuali a l'èbbica: lu piddirinaggiu a Girusalemmi.",sicilian,Cruciati
"Par difondare el so ordine el ga scuminsià a viajare: el xe tornà a Venezia, e infine el xe 'nda a Napołi, dove che el xe morto. Par difendare i poareti dai usurai, el ga promoso l'istitusion del Monte de Pietà, inte el 1539, da dove po' xe nato el Banco de Napołi.",venetian,Gaetano de Thiene
Mprese piccerelle addo' ogne juorne migliaia 'e cammise venevano cunfezzionate â abbile operaje e destinàte ô marcato taliàno e a chello estero.,neapolitan,San Giorgio a Cremano
"Co'l nome G3, Satriani el ga organizà na serie de tour, conpanjàndose de volta in volta co na diversa cubia de virtuozi de ła ghitara (o guitar hero).",venetian,G3 (grupo muzicałe)
Lloco nce stanno pure 'e mmautonelle d’’a catacomba.,neapolitan,Santa Filumena
"Sti cuà, par ła tradision, i se baza so łe revełasion de Dio al pòpoło de Israełe (tradision comun anca par ła rełijon ebràega), so ła predegasion del Vanzeło co ła dotrina de salvesa de Jezù de Nazareth dizesto ""el Cristo"" (""onzesto"", ""consacrà"" da Dio).",venetian,Cristianèzemo
"Collaborazioni estemporanee, ovvero storie per le quali l'intervento di Lovecraft si concretizzò nelle correzioni di lessico e di punteggiatura, con l'occasionale inserimento di frasi e/o la riscrittura di interi periodi.",standard,H.P. Lovecraft
"Inte'l 2003 el se ga avisinà anca a ła połìtega, anunsiando el só vołer candidarse a deventar governador de ła Całifornia; dopo che Arnold Schwarzenegger el ze entrà in połìtega, el gavea declarà che'l se vołea retirar puzando l'ex ator, ma sendo a titoło ofisiałe rezistrà inte ła łista dei candidati no'l gà pì podesto far depenar el só nome da ła scheda ełetorałe.",venetian,Gary Coleman
"In Herbert West, rianimatore riflette sull'ateismo comune nei circoli accademici.",standard,H.P. Lovecraft
"Muccino ga direto sìe videoclip muzegałi: par Laura Pausini (E ritorno da te), par Jovanotti (Baciami ancora inte'l 2010, Tensione evolutiva inte'l 2012 e L'estate addosso inte'l 2015), par Jaselli (Welcome to the world inte'l 2016) e par Biagio Antonacci (Mio fratello inte'l 2018).",venetian,Gabriele Muccino
"Immediatamente, dopo una vita di devozione, scoprì che non poteva più ""pensare"" a Dio, che praticare japa o altri esercizi spirituali non era necessario.",standard,H.W.L. Poonja
"A deciotto anne screvette lo primmo sunetto ca po' avarria trasuto dinto a la Vita Nova, e canuscette a Guido Cavalcanti.",neapolitan,Dante Alighieri
"'O cunto accussì dramatico d""a vita suja è n'assempio 'e comme 'e sante leggennarie comme Catarenella 'e Lisandria capitavano int'â mitologgia crestiana; 'a storia suja è accezeonale pecché 'a leggenna suja surgeva durante n'ebbroca 'e arfabbetismo jennerale, e accussí 'a spanna 'e 'a numea suja po' essere addimustrava cu 'e ccarte 'e ll'ebbroca.",neapolitan,Santa Filumena
"Madrid, Dirección General de Turismo, 1961.",neapolitan,Joan Fuster
"Un segn del passagg di tribô longobarde in del territori de Medija l'è la parolla longobarda Barona, nom de una cassina vesina al fium Lamber, destrugada in del 1870.",lombard,Medija
"El quartet in del masg del 2004 l’ha dervid el concert di Vision Divine e di Beholder al Blackout de Roma, donca l’è rivad al podi al Rock TV Contest, ligad al TIM Tour 2004.",lombard,Nathalie
"Perugia) Elfrida (4.11.1792 Napoli SC) [Adevolto] Didone abbandonata (4.11.1794 Napoli SC) Nina, o sia La pazza per amore [rev 2] (1795 Napoli F) Chi la dura la vince (9.6.1797 Milano S) La Daunia felice (26.6.1797 Foggia) L'inganno felice (1798 Napoli Fo) Elisa (19.3.1807 Napoli SC) [+ Mayr] I pittagorici (19.3.1808 Napoli SC) Trase ê vvoce 'e Wikipedia ca parlano 'e  Múseca",neapolitan,Giovanni Paisiello
"'A grariata 'o scuro (testo 'e Alberto Ferrara, 1891) 'A ponta 'e Pusilleco (Alfonso Fiordelisi, 1892) I' pe tte moro!",neapolitan,Giuseppe De Gregorio
"I ndà catha da luri sołi de invertebradi, anfibi, rètiłi, mamìferi cei e ozełi de le dimension de na thìliga o de un tordo.",venetian,Corvus corax
Abbiamo visto che H.323 definisce la trasmissione multimediale su IP.,standard,H.323
"Gabriella PessionFilmTv.it, Arnoldo Mondadori Editore.",venetian,Gabriella Pession
"London: Weidenfeld & Nicolson, 1999.",lombard,Klemens von Metternich
"Catálogo de las Plantas Vasculares del Cono Sur (Argentina, Sur de Brasil, Chile, Paraguay y Uruguay).",lombard,Tanacetum balsamita
"Klagenfurt am Wörthersee (Celovec in sloven e cech; Clanfurt in forlan; Clanforte in italian storegh) l'è ona città de l'Austria, cont ona popolazion de circa 95.000 personn.",lombard,Klagenfurt am Wörthersee
Fici chiussai di 1300 film e appi chiussai di 4000 fìmmini comu partner.,sicilian,Roccu Siffredi
"Co jera drio el Medioevo jera rivae in Eoropa nove piante portae dai arabi: Rixo, coton, carubo, pistacio, spinaso, agrumo e dopo la descuerta de la Amèrica, xe rivà el mais, la patata, la Suca, el faxol, l'bajijo, el pomadoro, el pevaron, la papaya e la banana.",venetian,Agricultura
"Mèxic, Edicions Catalanes de Mèxic, 1954.",neapolitan,Joan Fuster
L'ùltema parte de'l tour ła ga vedesto John Petrucci co Satriani e Morse in sud America.,venetian,G3 (grupo muzicałe)
"Dionisiu arrivau a Gela cu 30.000 òmini di Sarausa, e di àutri citati sicilioti.",sicilian,Battagghia di Gela (405 a.C.)
"La massa totale raggiunge le 10,5 tonnellate, con 6000 kg (13.000 libbre) di carico utile.",standard,H-II Transfer Vehicle
Nun se faceva cchiù chella 'e ll'urdema dummeneca 'e abbrile ca era stata 'a primma e origginaria prucissione 'e S.,neapolitan,San Giorgio a Cremano
Questa storia ironica presenta un pianeta di texani il cui bestiame delle dimensioni di un dinosauro deve essere ammassato con carri armati e il cui sistema di governo trae il suo carattere dal saggio di Mencken.,standard,H. Beam Piper
"Par el W.C.T , o sia el World Christian Trends, inte el 2001 i cristiani i zera in totałe el 33% dei abitanti de ła tera e i zera cusita dividesti: ortodose de łe vàrie ceze (rusa, grega, armena) 3,6%; copti e altri (batisti e pentecostałi in ascesa) 5,0%.",venetian,Cristianèzemo
Plutoni visìbbili sulu cûn telescopiu e pi loncu tempu cunsidiratu pianeta è oi cunsidiratu comu nu pianeta nanu.,sicilian,Pianeta
"'O tiempo d’’o mese cchiù freddo (Jennaro) è nfra 7,1 C° 'e media.",neapolitan,Beneviento
"Àvi u pilu di culuri ca ponnu variari dû gialinu ô marrò-russignu, cummigghiatu di macchi nìvuri a furma di rusiḍḍa.",sicilian,Panthera onca
"El Gansu (cineze tradisional 青海, pinyin Gānsù) el ze 'na provinsa de ła Cina osidental.",venetian,Gansu
"H.M. non mostrò mai segni di deficit mnestici prima dell'operazione, la rimozione dei lobi temporali mediali fu quindi ritenuta responsabile dell'amnesia.",standard,H.M.
"La capital a l'è Nanchin, ma vist che l'è in de la Cina popolara, el govern l'è a Taipei.",lombard,Taiwan
"Ha vissuto in una casa di cura nel Connecticut dove è stato soggetto di ricerche fino alla sua morte, avvenuta il 2 dicembre 2008.",standard,H.M.
"Sandro Pignatti, Flora d'Italia - 1982 Edagricole - Bologna Pietro Zangheri, Flora Italica.",lombard,Tanacetum vulgare
"La giustificazione ufficiale, poi rivelatasi falsa, all'epoca fornita dalla rete televisiva NBC, che trasmetteva lo show, fu che si voleva evitare che i bambini, per spirito di emulazione, potessero tentare di darsi fuoco per imitare le imprese del personaggio.",standard,H.E.R.B.I.E.
Riprudùcinu la chiamata â division unn’è-gghiè ô nternu di l'edificiu dû Parramentu.,sicilian,Division Bell
"Ralph Rackstraw, «il più bel ragazzo di tutta la flotta», entra e confessa agli altri marinai il suo amore per Josephine, la figlia del Capitano; essi lo approvano, sebbene non credano in un lieto fine per il sentimento di Ralph, mentre Dick Deadeye, l'incorreggibile pessimista (oltre che sinistro e assai poco avvenente), cerca di dissuaderlo.",standard,H.M.S. Pinafore
"Gaetano Girolamo Maccà, ał secoło Antonio (Sarcedo, 27 de majo 1740 – Vicensa 5 de marso 1824), el xe sta on abate e stòrego itałian.",venetian,Gaetano Maccà
"Primavera Sangiuseppese, nu libbro 'e Francesco Ambrosio, a disposizione gratisse online, ncopp' 'a storia d""o paese d""o doppoguerra ad ogge Foto d""o 1956, n'istantanea ncopp' 'o paese 'e ll'anno 1956 (a cura 'e Francesco Ambrosio)",neapolitan,San Giuseppe Vesuviano
"Le condizioni generali di H.M. furono descritte come amnesia anterograda severa ""temporally graded"" (Smith & Kosslyn, 2007).",standard,H.M.
"Nnî cuncerti vinìa spissu accumpagnata di ntirmezzi ""noise"".",sicilian,Spread Your Wings
Lu cèlibbri puggilatu birmanu si chiama lethwei o Myanma yuya louvi (Myanmar traditional boxing 'n nglisi).,sicilian,Puggilatu birmanu
Bernabéu l’ha giugaà nel club fin a quand el s'è ritiraà in del 1927.,lombard,Santiago Bernabeu
"Cu na grossa marcia passaje ll'Alpe e adoppo ll'austriace venettene scunfitte dint'a battaglia 'e Montebello, mente Napuliòne turnava a Milano.",neapolitan,Napoleone Bonaparte
"Al sò funeral parla la Beckett, che però l'è colpida de on cecchin.",lombard,Kate Beckett
Tanacetum yabrudae Charpin & Dittrich,lombard,Tanacetum
"Poco prima dello scoppio della guerra con il Regno d'Italia, lui e la sua famiglia si trasferirono ad Alessandria d'Egitto.",standard,Joseph Fall
"Lee l'è poeu ciamada, e la riva e la ved la macchina che la brusa, e la luccia.",lombard,Kate Beckett
"A Chiesa Madre, ca ede dedicata a San Michele Arcangelu, fue costruita ne u 1901, susu nna struttura ca già esistìa de prima.",sicilian,Nove te Galatina
Ai temp de la Guerra de Crimea (1855) però la città l'è stada bombardada pesantement di Ingles.,lombard,Kerč
"Secondu u professore R. Franchini de Novuli, vistu ca prima era tradizione cu cchiamanu li villaggi cu lli nomi de li santi, intornu allu seculu IX, inciu a Terra de Otrantu zzaccau sse difonda la devozione pe lla Madonna de Costantinopoli, ""S. Maria Novae Odegitriae"", abbreviatu ""Santa Maria Novae"", e de qquai Noe.",sicilian,Nove te Galatina
"València, Tres i Quatre, 1979.",neapolitan,Joan Fuster
"Lu ficudinnia ntô cuntestu dâ pruduzzioni agrìcula, arresta un pruduttu rinumatu e apprizzatu, pâ sò buntati, gustu e fragranza, nunchì pî prupitati diurètichi e tònichi.",sicilian,Santa Margarita (Girgenti)
"Si vìdinu li cumpunenti dû gruppu 'n  nu spazziu a l'apertu cummigghiatu di nivi (nfatti li Queen sunnu vistiti cu vistita mmirnali); Freddie Mercury porta strani ucchiali di suli a forma di stiddi, prisenti puru ntô vidiu di We Will Rock You.",sicilian,Spread Your Wings
"Anche alcune serie televisive contengono, in qualche episodio, riferimenti ai Miti di Cthulhu, tra le quali Rick and Morty, South Park, Doctor Who, Supernatural, Gravity Falls, Scooby-Doo!",standard,H.P. Lovecraft
"Dionisiu cu la risirva e l'upliti Gilisi, avìa a fari n'assartu da la porta uccidintali dâ citati, e attaccari lu campu na vota ca li cartagginisi fussiru mpignati nnî cianchi dû campu.",sicilian,Battagghia di Gela (405 a.C.)
"I titoli delle opere riportate in questa sezione sono tratti da Pilo e Fusco 2009, pp. 1907-1912.",standard,H.P. Lovecraft
"I confin i enn stads disegnads con de le rige, qe le vann adree a linie de ascension e declinazion, valide per l'epoca B1875,0, çoè segond qel qe l’era la posizion de la volta celest ind el 1875 prima del Signor (qella posizion qé la varia a segonda de la precesion dei equinoze).",lombard,Zodiac
La so sed del comun la se troeuva in de la frazzion de Trigint.,lombard,Medija
"De prinsìpio se ghea avesto par sècułi na contendesta crìtega intrà vàrie corenti par ła formasion del primo cristianèzemo, corenti che łe se fondava in difarenti testi retegnesti sacri, intrà i cuałi el grando e eterozèneo movimento del gnostezismo.",venetian,Cristianèzemo
'A cità se truova rint'o core 'e na gruossa conca d'o Appennino Campano.,neapolitan,Avellino
"Viene introdotto per la prima volta l'iMac da 21,5"" con display Retina 4K (4096 × 2304 pixel); affiancherà i nuovi modelli da 21,5"" e 27""; Apple abbandona i modelli iMac 27"" con schermo a risoluzione standard, sostituendoli con la nuova serie, tutti dotati di schermo Retina 5K (5120 × 2880 pixel).",standard,IMac
"Ind la astrolojia ocidental, el zodiac l’è dividid in dodex part, tœte istess intra de lore, di 30 gradi de ampieza ogniduna, qe i enn ciamade segn zodiacai.",lombard,Zodiac
Ajensia Internasionałe de l'Enerzia Atòmega Comunità de Stati Indipendienti (CEI) Organizasion de łe Nasion Unie (ONU) Organizasion Mondiałe de la Sałute (OMS) Organizasion Mondiałe del Comèrcio (OMC) Wikimedia Commons el detien imàjini o altri file so G8 del 2009 el detien schemi gràfeghi so,venetian,G8 del 2009
"In Kansai al se produss el 45% de tut el sakè (alcoleg tipeg japones) del japon e l'è vun dei sit indœ al se produss plusee de carna de bœf, drœvada fiss ind i mangiar local q'i inn de solit plussee dolz, a'l contrari dei oltre bande orientale del Paes.",lombard,Kansai
"Inte'l 1988, grasie a ła partecipasion a Sanremo, A crese ła só notorietà.",venetian,Luca Barbarossa
"Negli anni 1990, gli amici dei Rey fondarono una libreria per bambini di nome Curious George & Friends (precedentemente Curious George Goes to Wordsworth), che operò in Harvard Square fino al 2011.",standard,H. A. Rey
"In töte i manére l’ ghe sömèa adóma a öna fritàda, dezà che la pasta, ach sènsa söcher e sènsa marmelàda, la sènt mia de öf, de fati ‘l Kaiserschmarren l’è mia ü piàt salàt, ma l’gh’à ü saùr delicàt e gustùs che l’è pròpe di piàcc dóls; pò per chèsto l’è mia giöst ciamàl la fritàda del Kaiser.",lombard,Kaiserschmarren
Roma Ca) La Dardanè (spr.1772,neapolitan,Giovanni Paisiello
Comu campiuni 2006-07 lu Melbourne Victory rinesci a èssiri una dî rapprisintanti australiani ntô turneu cuntinintali asiàticu AFC Champions League ntô 2008.,sicilian,Melbourne Victory
"Molti dei suoi personaggi potrebbero sottrarsi al pericolo semplicemente fuggendo, tuttavia questa possibilità o non si presenta o è in qualche modo resa impossibile da qualche forza esterna, come nel Colore venuto dallo spazio.",standard,H.P. Lovecraft
"– Corita Agave murpheyi F. Gibson – Maguey Bandeado, Agave neglecta Small – Centuspati sarvaggia Agave ornithobroma – Maguey pajarito Agave palmeri Engelm.",sicilian,Agave
"Furiu Placidu, u Prifettu rumanu, sutta u ‘Mpiraturi Aurelianu, u fici arristari picchì accusatu di magia e  datu ca Valintinu si rifiutava di sacrificare e dei ci fu tagghiata a testa lu 14 frivaru dû 273.",sicilian,San Valintinu
"Il cortometraggio inizia la mattina del giorno di Natale su un treno chiamato Winter Express, appartenente alle immaginarie H&M Lines, dove il conduttore, Ralph, avvisa i passeggeri, tramite interfono, che a causa delle condizioni meteorologiche, delle difficoltà meccaniche e dell'alternanza dei binari, il treno subirà un ritardo di undici ore e mezza, ritardando l'orario di arrivo previsto alle 3:17 del mattino.",standard,H&M: Come Together
"Chella ca' vene vista comme primma linia d'o munno è 'o Reisszug, una d'e doje funiculari 'e Salisburgo (Austria), custruita ind'o 1495 o forse 1504.",neapolitan,Ferruvia
"Inte'l 1992 el pasa a ła Columbia e drioman el partesìpa a'l só cuinto Festival de Sanremo, indove el vinse co Portami a ballare, canson dedegada a só mare Annamaria.",venetian,Luca Barbarossa
"In questo periodo, insieme con alcuni di questi corrispondenti, partecipò al circolo letterario ""Kleicomolo"" e lesse un libro fantastico che esercitò probabilmente su di lui un notevole influsso, Etidorhpa di John Uri Lloyd.",standard,H.P. Lovecraft
A l'arrivu di sto èsercitu i cartagginisi livaru l'assèdiu pi nu certu tempu.,sicilian,Battagghia di Gela (405 a.C.)
"Roccu Siffredi (o Rocco Siffredi n talianu), pseudònimu di Roccu Tanu (natu a Ortona lu 4 di maiu dû 1964) è n'ex atturi di film porno, riggista e prudutturi cinimatogràficu talianu.",sicilian,Roccu Siffredi
"Inizialment ul club l’era minga vün di puuseè fort, alura Bernabèu l’ha rivuluziunaà ul club: l’ha custruiì ul stadi növ del Real, ul püsseè grand che gh'era alura.",lombard,Santiago Bernabeu
"Pœu, ghe impienissen l’istomegh de preje, inscì, quand che el lov el se desseda, el pensa de havé majad trop.",lombard,La piscinina Capin ross
"Ferrari V., 2010, Lessico zoologico popolare della Provincia di Cremona, pag.",lombard,Platichthys flesus
"Essendosi recentemente espansa tramite i formati Weekday e & Other Stories, la Russia era all'epoca il sesto mercato più grande di H&M, rappresentando il 4% delle vendite del gruppo nel quarto trimestre del 2021.",standard,H&M
"Esìstinu àutri paroli chi signìficanu la stissa cosa (bastasi, vastasu, vastasi, eccetra, eccetra).",sicilian,Bastasu
"El zodiac (dal grec  ζῳδιακός, ""zōdiakos"", parolla qe l’è componida da ζώον, zòon, ""esser vivent"" e ""òdos"", ""percors"") l’è una fassa ind el ciel qe la se slarga pressapoc per 8 grads da tœte do le bande de l'eclitega (el percors qe ‘l Sol al par far in ciel ind un ann) e qe ‘l comprend anca i percors de la luna e dei pianets.",lombard,Zodiac
"La Cresia greca e latina fa la festa lu 30 di marzu, forsi lu jornu dâ so morti.",sicilian,San Zosimu viscuvu
"Països Catalans 4: 132 (2001) Wikimedia Commons el detien imàjini o altri file so Spàraxo Wikispecies el detien informasion so Spàraxo el detien schemi gràfeghi so (EN, FR) Asparagus officinalisEnçiclopedia canadese.",venetian,Asparagus officinalis
"John Petrucci, Eric Johnson, Steve Morse e Robert Fripp xe i úneghi chitaristi, a parte Joe Satriani e Steve Vai, ad aver ciapà parte ai concerti G3 pì de na volta: John Petrucci - 7 volte Eric Johnson - 3 volte Robert Fripp - 2 volte Steve Morse - 2 volte 1996] (tour nordamerican): Joe Satriani, Steve Vai, Eric Johnson (Kenny Wayne Shepherd par i primi concerti) 1997 (tour europeo): Joe Satriani, Steve Vai, Adrian Legg 1997 (tour nordamericano): Joe Satriani, Kenny Wayne Shepherd, Robert Fripp 1998: Joe Satriani, Michael Schenker, Uli Jon Roth.",venetian,G3 (grupo muzicałe)
Semper in del 2014 la se marida con l'avocat Douglas Emhoff.,lombard,Kamala Harris
"Dal punto di vista del pensiero nei suoi racconti e saggi coniò la filosofia del cosmicismo, in conseguenza del suo ateismo e delle nuove scoperte scientifiche, e le sue idee in molti campi furono spesso controverse.",standard,H.P. Lovecraft
"Dòpo de la sconfitta del Publi Quintili Var in de la foresta de Teutoburgh, i Roman aveven deciduu de lassà perd la noeuva provincia de Germania, a est del Ren.",lombard,Battaja de Idistavis
"'O Regno 'e Romma (in latino REGNVM ROMANVM, o semprecemente ROMA) fuje 'o primmo stato furmato d""a civiletà latina.",neapolitan,Regno 'e Romma
"INFO E MAPPE DI COPERTURA Jenno a Svizzera, 'a SRG SSR adda passà pure essa a o' furmato 16:9 - sirece:nove - Chegljè o' furmato 16:9 'A Petizzione p'o 16:9 libbero e pe'-ssenza-niente in Italia CRIT-RAI 16:9/HDTV 'A RAI a Turino c'o 16:9 e l'HD Lista r'e canale a Sirece Nove (16:9) ca se vereno 'ncopp'o satellite Il paradosso del 16:9; E' scemenze ca' hanno fatto 'nguajà o' 16:9 'ncopp a ll'ufferte p'o stallite O' Teleppiù e na' vota, 'O Stream e mo' o' SKY 16:9 | Widescreen | HDTV: Lu blogghe r'u Sirece:Nove!",neapolitan,16:9
Eco cua ła cronołozìa: Inte'l 1999 el ze conparìo inte'l video musical Cowboy de Kid Rock interpretando un pistołero.,venetian,Gary Coleman
"In la guera ch'al en sigütava, al vureva vess sigür che ul balanzament di pudé al rüsaress mia tròp in qual-sa-sia direzion, renfurzant ni Rüssia ni Prüssia.",lombard,Klemens von Metternich
"Grazzie â superiorità militare soja, 'o KMT s'attestaje dint""a zona 'e Canton, appoggiato dê segnure d""a uerra d""o Guangxi.",neapolitan,Kuomintang
"Lu pianu d'occupazzioni, dicisu a Casablanca di Roosevelt e Churchill ntô misi di jinnaru, veni chiamatu Opirazzioni Husky.",sicilian,Opirazzioni Husky (1943)
"L'èsercitu cartagginisi era prubabirmenti n supiriuritati nùmirica a la forza siciliota, quinni Dionisiu dicisi d'usari na stratiggia pi niutralizzari la supiriuritati nimica.",sicilian,Battagghia di Gela (405 a.C.)
"Inte el corso del XIX secolo, i arnexi da laoro i xe mejorai, novi sistemi par samenare, nove samenti e de conseguensa nove piante che produxeva tanto (mais), la nasita de le machine agricole e dei conçimi chimeghi, i ghea dato vita a na granda ristruturasion rurale che la ga dato el via a la costrusion de nove altre machine e arnexi par tute le exijense laoradive agrarie.",venetian,Agricultura
"I segn zodiacai i ciapen el nom da le costellazion qe le se troven long a l'eclitega, però le vere costellazion i enn miga doprade da l'astrolojia tradizionala.",lombard,Zodiac
El nome de la cavedal el vien dal nome del cao Kgosi Gaborone.,venetian,Gaborone
"Sulo poche costruzzioni se salvajeno, comme 'a stessa chiesa 'e ""San Giorgio Vecchio"" e 'a cussìdditta ""Tòrre Ummarino"".",neapolitan,San Giorgio a Cremano
"Miglioramenti minori, Mac OS 8.5, ATI Rage Pro Graphics con 6 MiB di SGRAM.",standard,IMac
"El ga tre fiołi: Silvio Leonardo (nasesto inte'l 2000), Ilan (avùo inte'l 2003) e Penelope (nasùa inte'l 2009).",venetian,Gabriele Muccino
Sömèa che ‘l Kaiserschmarren l’ sìes stàcc servìt per la prìma ólta al Imperadùr Cèco Bèpe (Franz Joseph I von Österreich 1830 – 1916) ol marìt de la Elisabeta de Baviera piö cognusìda cóme Sisi e l’è stacc inventàt da l’atrìce aüstrìaca Beate Anne Brünner Steinmayr.,lombard,Kaiserschmarren
Poje se turnava lloco ogne 10 anne.,neapolitan,San Giorgio a Cremano
Peterburg) Il mondo della luna (1782 Kammenïy Ostrov) Il re Teodoro in Venezia (23.8.1784 Wien B) La grotta di Trofonio (12.1785 Napoli F) Le gare generose (spr.1786,neapolitan,Giovanni Paisiello
'O nùmmero 'e abetante è 'o tierzo cchiù àuto 'e tutte 'e rreggiune 'e ll'Italia.,neapolitan,Sicilia
"Il capitano si infuria, provocando lo sdegno di Sir Joseph che lo confina nella sua cabina.",standard,H.M.S. Pinafore
e rapprisèntanu spissu la Sicilia nta l'Europa cu successi stripitusi.,sicilian,Nni' lusinghi
"L'ano dopo el se ga unio el Cànada (fazéndoło devegner G7) e inte el 1998 anca la Rùsia (e cusita el ze devegnesto G8), fazéndoło tornar G7 dopo de ła so escluzion gavesta par ła crizi de Crimea inte el 2017.",venetian,G8
"L'anàłeze chìmega profondia ła ga rivełà che ła ze on mis-cioto de derivai metabòłeghi de l'àsido asparagùzego (nome IUPAC: àsido 1,2-ditiolan-4-carbosìłego), o sia na miseła de: El spàraxo el xera coltivà domiła ani fa in Egito, in Axia minore e in Spagna.",venetian,Asparagus officinalis
"El konfina a nord ko ła Mongołia, ła Mongołia Interna e el Niṅšia, a est ko el Šenši, a sud ko el Sicuan, a sudovest co el Ciṅhai, a nordovest co el Šinciaṅ.",venetian,Gansu
"E’u Patronu da Citati di Terni e di Vicu dû Garganu, è ricurdatu a San Leu (PU), a Munselici (PD) a Faenza (RA) e Rimini.",sicilian,San Valintinu
Come padre di famiglia del Punjab occidentale viaggiò per l'India e si confrontò con vari saggi e Guru nella sua ricerca spirituale.,standard,H.W.L. Poonja
Nzin'ora nisciuno have truvato stu chianeta.,neapolitan,Sedna
"Il primo di molti incarichi all'estero iniziò nel settembre 1923 quando fu assegnato a uno squadron presso la stazione RAF Hinaida, in Iraq, parte delle forze della RAF che sorvegliavano l'area desertica.",standard,Joseph Fall
"Papa Liuni IX, vidennu la sò Beniventu minazzata, pruvau a trattinìrili; ma l'asèrcitu puntificiu fu ruinusamenti battutu nnû cummattimentu di San Paulu di Civitati (1054), lu Papa fu catturatu, e così Beniventu arristau n'ìsula puntificia nta na terra nurmanna.",sicilian,Nurmanni
"Smith Goes to Washington), regia di Frank Capra (1939) La guida eroica (The Man from Dakota), regia di Leslie Fenton (1940) Luna nuova (New Moon), regia di Robert Z.",standard,H.B. Warner
SPALLA -> ['ʃpɒla] (cf. pms. spala ['spala]).,lombard,Kje
"Il pensiero razzista era particolarmente diffuso nella società del New England, regione degli Stati Uniti in cui viveva Lovecraft.",standard,H.P. Lovecraft
"I menbri del G7 i ze: Zermània,  Cànada,  Stati Unii de l'Amèrica,  Fransa,  Itàłia,  Japon,  Regno Unìo Stati del G7 par prodoto interno lordo (PIL) Stati Unii de l'Amèrica,  Japon,  Zermània,  Regno Unìo,  Fransa,  Itàłia,  Cànada Union eoropea (raprezentada dal Prezidente de ła Comision eoropea e dal Prezidente del Consejo eoropeo) Cuà de sèvito vien inportà ła lista dei summit del G6, G7 e G8 pasai e futuri.",venetian,G7
"Con l'uscita di Ayers, cui fa seguito quella di Wyatt, che vanno a formare i Soft Machine nel 1966, i Wilde Flowers saranno egemonizzati dai membri che invece usciranno nel 1968 per formare i Caravan.",standard,Scena di Canterbury
"Quinne chiano chiano se furmaje nu chiupp'è  case ca fuje chiammato ""alli Boccia"" probabbelmente d""o nomme 'e na famiglia ca 'nce teneva nu latifonno.",neapolitan,San Giuseppe Vesuviano
Pinafore soffrì di un inizio stentato dovuto probabilmente alla stagione estiva particolarmente calda che lasciò il teatro semivuoto per tutta l'estate.,standard,H.M.S. Pinafore
"Successivamente dà una umiliante lezione al capitano, ordinandogli di aggiungere ""per favore"" ad ogni ordine, poiché «un marinaio inglese è pari grado di ogni altro uomo» - eccettuato ovviamente Sir Joseph, che per l'occasione ha scritto una canzone a proposito e fa dono di una copia di essa a Ralph.",standard,H.M.S. Pinafore
"Non di rado, le sue opere furono rifiutate: in particolare, il direttore di Weird Tales Wright respinse inizialmente racconti come La maschera di Innsmouth e Il richiamo di Cthulhu.",standard,H.P. Lovecraft
Sònanu la campana ntê vicinanzi dû Parramentu ngrisi e rapprisenta lu nizziu dâ vutazzioni; li mèmmira dû Parramentu e dâ Càmmara dî Lords ci hannu ottu minuti pi jùnciri li sedi di vutazzioni rispittivi e vutari contra o a favuri di na risuluzzioni.,sicilian,Division Bell
Questi seguaci servono spesso a Lovecraft come accorgimenti narrativi.,standard,H.P. Lovecraft
Lu diamitru è l'estinsioni massima di nu cerchiu e currispunni a du voti lu ràiu.,sicilian,Circunfirenza
Nuḍḍu picciriddu avissi a passari anni a 'mparari li irregolarità.,sicilian,Lingua franca nova
"Restaa orfen che l'era ancamò on fiolin, el Bilbo l'ha ereditaa di caratter de tutt e dò i famili: del ramm Baggins el gh'ha 'vuu la tendenza a stà tranquill e paciarott in cà, del ramm Tuc, inscambi, la curiosità e la voeuja de aventura.",lombard,Bilbo Baggins
"A seconna d’’a despuosizione giugrafeca, 'e Sannite assumettero varie nomme, ma mantenettero 'o riferimiento â gens lloro.",neapolitan,Beneviento
"H.323 portò con sé la possibilità d'integrarsi con Internet e World Wide Web e ci dà servizi della PSTN come la vendita di chiamate di transito, servizi di carte, chiamate prepagamento, servizi di voce e video residenziali e aziendali e tanti altri.",standard,H.323
"Da lì tornarono in Brasile, dove si erano conosciuti cinque anni prima, ma poi continuarono il viaggio verso New York, dove giunsero ad ottobre.",standard,H. A. Rey
"Vicinu a Cresia di San Valintinu ci fu nò 752, u storicu ‘ncontru di Papa Zaccaria e Liutprandu, re di Lungubardi.",sicilian,San Valintinu
"St'ùrtima famigghia àvi statu classificata diversi voti e ancora, certi autura e scinziati , pènzanu ca s'avìssiru a mèttiri nta n'òrdini so, dittu Cathartiformes.",sicilian,Accipitriformes
"'A devuzione suja fuje strummettiata d’’a 'o Santo Jean Vianney, ll'accussiditto Curé d'Ars, chi pure assegnava tante miracule n cchiù â ntravenzione suja.",neapolitan,Santa Filumena
"Brobst cercò di confortare il sofferente Lovecraft, che pativa dolori cronici da mesi, menzionando lo stoicismo degli antichi filosofi; lo scrittore di Providence non rispose ma si limitò a scuotere la testa, negando in modo deciso la validità dell'argomentazione.",standard,H.P. Lovecraft
"La presenza del fium Lamber e de l'Adeta, che incoeu l'è un canal pussee piscinin, rendeven la zona de Medija assee bona per la vita de l'om.",lombard,Medija
"Circa un anno dopo il debutto nella serie animata, il piccolo robot fu introdotto nella continuity dei fumetti in una storia scritta da Marv Wolfman e disegnata da John Byrne, facendo la sua prima apparizione su Fantastic Four #209 (Agosto 1979).",standard,H.E.R.B.I.E.
"Difati ghin parla Teofrasto, Catone, Plinio e Apicio che i mensiona el modo de coltivarlo e de prepararlo par magnare.",venetian,Asparagus officinalis
Il simbolo maiuscolo può anche rappresentare la lettera eta dell'alfabeto greco o la en (Н) dell'alfabeto cirillico.,standard,H
"Chiesa 'e San Giorgio Vecchio Chiesa 'e Santa Maria d' 'o Principio Chiesa 'e Sant'Antonio â Padova Vìlla Giulia o de Marchi 'O nomme fa riferimiento â venerazzione forta pe 'o Santo ca siconda 'a tradizzione salvaje, â fine d""o X seculo, ll'abitante 'a ll'eruzzione d""o Vesuvio.",neapolitan,San Giorgio a Cremano
Tucc voreven giontàss in de l'armada germanica e participà a la battaja contra la colònna romana.,lombard,Battaja de Idistavis
"València, Lo Rat Penat, 1957.",neapolitan,Joan Fuster
Lu gruppu cchiù granni è chiddu di li Taliani (100.000 iscritti).,sicilian,Austu 2005
"Quanno scuppiaje 'a rivuluzzione franzesa Napuliòne era vintenne e era ufficìale 'e Luigge XVI, ma riuscette a se guaragnà na longa licenza, accussì se putette riparà 'a Corseca pe assaje tiempo.",neapolitan,Napoleone Bonaparte
"Dopo il fallimento dei suoi tentativi di poter vedere Dio volutamente, tornò dalla sua famiglia a Lyalpur.",standard,H.W.L. Poonja
"Legaseriea.it (ligo ronpesto dispunìbiłe in Internet Archive; védarse el istòrego, la prima version e ła ùltema).",venetian,Andrea Cano
L'è 'na piànta erbàcea che g'ha 'n gamp de 60÷90 ghèi de altèsa.,lombard,Tanacetum balsamita
"Pa securarse che el software GNU el sevitava łíbaro pa che tuti i usuari łi potese aviar-lo, copiar-lo, modifegar-lo e distribuir-lo, el projeto el dovéa esar łibarà bàso na lixensa disegnà pa garantir sti diriti pa evitar łe so restrision intel tenpo.",venetian,GNU
"I vegniven in precedenza classificàa in del genér vegnùu stòrich di Fortunella, oppùr Citrus sensu lato.",lombard,Kumquàt
"'Ind'o 1953 venette supressa 'a prucissione d' 'e statue, ppe'tramente addummasero 'e tre processioni.'Int'o 1968,tanno ce steva 'o parroco don Francesco Sannino 'e duje prucissione d' 'a primma e sicònna dummeneca 'e maggio fujono ridòtt a una (siconna dummeneca 'e maggio) e poje chella d' 'a quarta dummeneca 'e maggio.",neapolitan,San Giorgio a Cremano
"Culonia - Cuntinua la XX Jurnata Munniali di la Giuvintù: stasira a li 20,30 granni appuntamentu nni la cullina di Marienfeld cu lu Papa Binidittu XVI pi la vigghia.",sicilian,Austu 2005
URL consultato il 3 aprile 2020 (archiviato dall'url originale il 26 marzo 2010).,standard,H. A. Rey
Pò crescere fine a 25 metre aveta e tene nu sviluppo veloce.,neapolitan,Cazzipocchio
"L'organizzazioni amministrativa è la stissa dâ Grecia, chidda di poleis a citati statu.",sicilian,Magna Grecia
"In di ann 80 del secol XX, el govern de la Corea del Sud l'ha deciduu de faa-sù a Daeseong-dong on pennon alt 98,4 meter, indue podè tacà-sù la sò bandera nazionala.",lombard,Kijŏng-dong
"Fatta de cuccetti de tufu, susu ttuttu se pote vidire na decorazione de archetti moltu elegante.",sicilian,Nove te Galatina
"Secondo Lovecraft erano apprezzabili non tanto le posizioni estreme di Hitler sulla persecuzione della popolazione di origine ebraica, quanto la difesa della cultura tedesca dall'influenza della cultura ebraica che, secondo lui, si intravedeva nelle posizioni del politico nazista.",standard,H.P. Lovecraft
"Quand che l'era dree rivà al matrimoni l'auto del Castle la va in d'on foss, e donca lu el riva no.",lombard,Kate Beckett
"Sti cristiani travagghiàvanu assai comu pastura, agricultura, e li famigghi crisceru e mannaru li figghi a studiari a Policastro.",sicilian,Dialettu cilintanu miridiunali
La cuarézema ła ze un perìodo de cuaranta dì che ła vien prima de ła sełebrasion de ła Pàscua.,venetian,Cristianèzemo
"La Harris l'è stada la prima dona a quatà quella carega, e per sgionta la prima de origen asiatega.",lombard,Kamala Harris
La sò prima mission al era da vadagnà temp e separà Napoleon dal Zar da Russia.,lombard,Klemens von Metternich
I Riliquii sunnu custoditi na Cappella du Palazzu Arciviscuvili di Sarausa dintra na cascitedda d’argentu.,sicilian,San Zosimu viscuvu
Ntô 2009 “We Will Rock You” trasìu nnô Grammy Hall of Fame.,sicilian,We Will Rock You
"Nel secondo dopoguerra l'uso delle forme accentate è andato sempre più rarefacendosi, e attualmente le forme con l'acca sono quelle generalmente insegnate nelle scuole e indicate come corrette nelle grammatiche.",standard,H
"A la fin quell che l'ha faa 'sto gioeugh a l'era anca l'assassini del cas, e la vittima l'era soa sorella.",lombard,Kate Beckett
L'origgine è dell'Asia e dell'Australia ma se trova pè tutta l'Europa.,neapolitan,Cazzipocchio
"La canzuna nascìu comu branu hard rock, scrittu di May, cu nu duru riff nizziali e nu ntramezzu di bassu.",sicilian,We Will Rock You
"Lu sò mantellu jancu spissu, spissu cu toni giarnastri, lu renni ben camuffatu nta l'ambienti nivusu.",sicilian,Ursu pulari
"Secondo lo studioso lovecraftiano Giuseppe Lippi, l'innegabile razzismo di Lovecraft non è tuttavia così univoco e presenta aspetti contraddittori, come il matrimonio con Greene o l'amicizia con Samuel Loveman, poeta di origine ebraica, e sarebbe stato una sorta di fobia; il suo ""orrore verso gli stranieri"" sarebbe stato soprattutto un ""mezzo di difesa"" trovante sbocco nei suoi ""incubi letterari"".",standard,H.P. Lovecraft
"Inte'l 2002 el film otiene un bon suceso anca a l'estero, in partegołar in Europa, e inte'l zenaro del steso ano ze prezentà oltreoceano al Sundance Film Festival, indove el vinse el Premio del Pùblego.",venetian,Gabriele Muccino
"Ferneva accussì 'a campagna d'Italia, cu na granda sconfitta pe ll'austriace.",neapolitan,Napoleone Bonaparte
"Questo è perfettamente esemplificato in un po' di dialogo che si trova nel suo racconto Oomfel in the Sky (1960): Di conseguenza, le sue storie tendono all'eroismo e il conflitto è solitamente guidato dall'esterno.",standard,H. Beam Piper
"El tajà foeura o tajà via, in meteorologia a l’è el procèss de isolament de on vòrtes ciclonich de la depression che l’ha ingenerà.",lombard,Tajà foeura
"Chièsa de Sanda María de la Tribbuna, d’andó ze pò vedé la Vall e Comine sana sana, Chièsa de Madònna de le Grazie, che dénd a gl prònae cunzèrva n’affrische ch'arrappresènda gl giudizie nneverzale é, a part peddénd, na liamia settecendésch a cassettune é ciért petture de tela: na teštemenianza de gl štòreche seciendésch Giuann Pául Mattía Castrucci dice ca ce štave cèrt òpre de gl pettor casenése March Mazzaròpp Chièsa de San Necòla, scarepata, remane sul gl nome de gl pòšt.",neapolitan,Settefrate
"Nel 1928 volò di nuovo e fu nominato membro dello staff della Sezione Sperimentale del Royal Aircraft Establishment a Farnborough, dove volò sugli autogiri.",standard,Joseph Fall
"La fìmmina parturisci 'n media 1-2 picciriḍḍi, giniralmenti ntra nuvèmmiru e jinnaru, dintra na tana scavata ntâ nivi.",sicilian,Ursu pulari
"Ruotolo, 1???) 'O sito d’’o Gianni cesarini",neapolitan,Giuseppe De Gregorio
"Quand che el Castle el va cont on poliziott violent che 'l sping on indagaa a cuntà 'na balla lee, volontariament, el ghe da di proeuv che scagionen l'imputaa e donca, grazia al sò jutt, resolven debon el cas.",lombard,Kate Beckett
'e Gianni Franciolini (pure 'a  produzzione) 1951: Cameriera bella presenza offresi...,neapolitan,Vittorio De Sica
"Nta lu 2009 s'esibberu a lu Teatro Cristallo di Bozzanu nta la rassegna “Racconti di Musica”, ùnicu gruppu di lu Miridiuni d’Italia.",sicilian,Hantura
"So arlevi iłustri xe stai Girolamo Fabrici d'Acquapendente, Marcello Capra, Antonio Minutoli e Volcher Koyter.",venetian,Gabriele Falloppio
H.323 fa parte della famiglia H.32x di raccomandazioni della ITU-T.,standard,H.323
"Inte'l 1996 el G3 ga avùo łogo da l'11 de otobre a l'8 de novenbre in Nord America co conserti tenjesti da Joe Satriani, Steve Vai e Eric Johnson.",venetian,G3 (grupo muzicałe)
Peterburg E) La serva padrona (10?.9.1781 Tsarskoye Selo) Il duello comico (1782 Tsarskoye Selo) [rev.,neapolitan,Giovanni Paisiello
"In del 1475 Kerč l'è 'ntrada a fà part de l'Imperi Ottoman: sotta el sò domini, la città l'è vegnuda on mercaa di s'ciav e l'ha conossuu la decadenza.",lombard,Kerč
"I shish kebab a hinn cusinaa o grijiaa in su sped, sora el carbon o el legn cald.",lombard,Kebab
In effetti gli artefatti a blocchi sono un fenomeno familiare per quasi tutti coloro che abbiano visto un video digitale.,standard,H.261
"Chissu porta a na migrazzioni massiva di leukocyti supra a li purmuna, causannu a distruzzioni di lu tissutu pulmunari e a sicrizzioni di liquidu 'nta l'organu.",sicilian,Nfluenza A suttatipu H1N1
Na danza di vittoria è macari asiquita dopu la dicisioni di li giùdici.,sicilian,Puggilatu birmanu
"Pû fattu dî soi ticnichi di navigazzioni e battaglia assai avanzati, sti vichinghi s'addivintaru currennu currennu na forza minazzusa pi tutta l'Europa.",sicilian,Nurmanni
"In molti hanno voluto rendere omaggio a Lovecraft con storie prese dai suoi racconti, come i fumetti di Alberto Breccia, o Alan Moore col suo Neonomicon; vi sono anche storie originali: il divertente Il giovane Lovecraft di José Oliver e Bartolo Torres, mentre guardando il panorama italiano, dal 2014 esiste Cthulhu Chronicles, fumetto (inizialmente webcomic e ora stampato in cartaceo) ispirato alle novelle lovecraftiane dallo stile particolare, creato per essere fruibile a un pubblico più vasto, riuscendo però a mantenere l'atmosfera inquietante e horror.",standard,H.P. Lovecraft
"Dal 1967 ha insegnato al dipartimento di Scienze politiche dell'Università di Berkeley in California, di cui è stato anche professore emerito.",standard,A. James Gregor
"Ła pianta ła ga ła tendensa a ła stabiłizasion apegałe, o sia co ła se brusca ga da èsar rispetà ła prezensa de on àpeze dominante.",venetian,Prunus persica
L'origin de quei parlad chì la gh'ha de vess reportada al rivà de nucli de popolazion settentrional che in del Medioev hinn andaa dree ai sò feudatari.,lombard,Gall-Italich de Basilicada
Essa fuje purtata 'n prucessione ô posto 'e chella autilizzata 'int'o 1600.,neapolitan,San Giorgio a Cremano
Ghè xe ła necesità de indicar sto parametro quando el proceso server xe in ascolto so na porta mìa conforme a ło stàndar definìo prima da IANA e in seguito da ICANN.,venetian,URL
"Pochi giorni dopo, il 19 maggio 1935, in una lettera indirizzata a Woodburn Harris, Lovecraft prese posizione contro gli eccessi del capitalismo, arrivando ad auspicare la nazionalizzazione delle grandi industrie.",standard,H.P. Lovecraft
Nel film Momenti di gloria è citata la prima strofa di He is an Englishman.,standard,H.M.S. Pinafore
"El ze aparìo inte l'epizodio de I Griffin ""Brian torna al college"".",venetian,Gary Coleman
Era stato progettato specificamente per portare otto International Standard Payload Rack (ISPRs) in totale.,standard,H-II Transfer Vehicle
"In del 2022 la presenta, con l'eticheta Hukapan de l’Elio e le Storie Tese, la canzon inedita Respirando (In del respirà / A respirà) cont la qual la tenta de fà part del Festivall de Sanrem 2023, ma l’è scartada.",lombard,Nathalie
"Classificazione climatica: zona D, 1742 GG 'A lengua avellinese (irpina) è differente d’’a lengua napulitana.",neapolitan,Avellino
"D. French, Notes and Studies n°2: Ti.",standard,Praefectus Mesopotamiae
"7. che contiene primieramente (per seguire l'ordine alfabetico) la storia dei due piccioli vicariati, ossiano giurisdizioni, di Costa Fabbrica, e Due Ville: indi segue la storia del vicariato di Malo, e delle ville al medesimo soggette Tom.",venetian,Gaetano Maccà
"Per el Di de San Valentin el Castle el voreva regalà, cont ona sorpresa, di oregitt a lee, ma ja mett in la giacca de la Capitana Gates, cont on biliett assee romantich.",lombard,Kate Beckett
"Anca mò ona voeulta l'Armini e i capp germanich hann scernii on loeugh indove podè scontràss con l'esercit roman: ona zòna tra el Visurgi e i forest, e cont in del mezz ona pianura umida e stretta.",lombard,Battaja de Idistavis
Le parcc epigèe le g'ha 'n udùr aromàtich bèl fòrte.,lombard,Tanacetum
"'E prucessiòne se faceveno 'a matina d' 'a primma e siconna dummeneca 'e maggio, ppe'tramente chella d' 'a quarta dummeneca 'e maggio veneva 'e pomeriggio purtànno 'e statue 'e S.",neapolitan,San Giorgio a Cremano
Ła so òpara pi inpotante ła ze Storia del territorio del Vicentino in 14 tomi.,venetian,Gaetano Maccà
"L'azienda è stata fondata da Erling Persson nel 1947, quando aprì il suo primo negozio a Västerås, in Svezia.",standard,H&M
"Dopu chestu meeting, Metternich al capiva che al era necessari da pruteg l'Austria.",lombard,Klemens von Metternich
Lu sò asèrcitu abbattìu l'anglusassuni ntô cèlibbri Cummattimentu di Hastings e Aroldu fu ammazzatu cu na fileccia.,sicilian,Nurmanni
Venezia SM) Le finte contesse (2.1766 Roma V) [Il Marchese di Tulissano?] La vedova di bel genio (spr.1766,neapolitan,Giovanni Paisiello
"Dal moment qe la precesion l’è un fenomen cicleg, la corispondenza tra i segn e le costellazion la se presenta de nœv ogni 25.800 agn, pressapoc.",lombard,Zodiac
"Mentre aspettava che la scuola costruisse un aereo, seguì un corso preliminare di addestramento al volo a Dayton, Ohio, presso la Stinson School of Flying volando su vecchia aerei costruiti da Wilbur Wright.",standard,Joseph Fall
"Allora el Germanich el i ha faa retirà, cont el ciamà i arcer e i macchinn de assedi.",lombard,Battaja de Idistavis
Gh'è stada dervida on'industria del ferr e on musee.,lombard,Kerč
"Put'essere ca li nobili De Noha, ca tenìanu a baronia loru qquai, hannu ggiustatu ""Noe"" cu llu cognome loru.",sicilian,Nove te Galatina
"G/C Joseph Fall, su Canadian Flight.",standard,Joseph Fall
"I refudava łe dotrine de Poło de Tarso, considarà un inpostor, e i gaveva un cànone de ła Bibia difarento da cueło che el saria dopo devegnesto cueło catòlego.",venetian,Cristianèzemo
"Egli si avvalse della chiusura contemporanea del teatro Opéra Comique per convincere i due autori a creare una società fra Gilbert, Sullivan e Carte stesso, per la messa in scena delle future produzioni.",standard,H.M.S. Pinafore
Le cime cchiù ávete suó gl Zard Kuh (4.548 m) é gl Déna (4.359 m).,neapolitan,Zagros
"I Fatebenefratelli, ""Chiesa e cappella di San Giorgio a Cremano.",neapolitan,San Giorgio a Cremano
"A partir del secol XV la koinè l'ha començad a vesser sostituida del toscan, qe l'hiva ciapad prestij per l'importanza politega de Fiorenza e coi œvre del Dant Aliger, del Francesc Petrarca e del Jovann Bocaç.",lombard,Koinè lombarda medieval
Rapprisenta la citati ntô campiunatu di palluni australianu (A-League).,sicilian,Melbourne Victory
Peterburg E) [Le philosophe imaginaire] Il matrimonio inaspettato (1779 Kammenïy Ostrov) [La contadina di spirito] La finta amante (5.6.1780 Mogilev) [Camiletta] Alcide al bivio (6.12.1780 St.,neapolitan,Giovanni Paisiello
"Łìbia – Muammar al-Gaddafi, presidente del consejo revołusionàrio.",venetian,G8 del 2009
L'ursu pulari (Ursus maritimus) è nu mammìfiru carnivuru c'apparteni â famigghia di l' Ursidae.,sicilian,Ursu pulari
El kje o kyé l'è ona parlada romanza de transizion in del Piemont sud-ocidental.,lombard,Kje
"Lu el ghe domanda de ciappà 'na roba de la soa ex prima de firmà, el fa ma a l'è rapii prima che lee 'l poeuda dàgh di document.",lombard,Kate Beckett
'O Sannio fuje triatro 'e ben treje uerre d’’e Rummane.,neapolitan,Beneviento
"La pò vèss soggètta a di malattìj provocàd di fung (Cylindrosporium e Brumeriella Keriae), e a i attàcch di vermen ai radìs.",lombard,Kerria japonica
"Per il suo contributo all'industria cinematografica, gli fu assegnata una stella nella Hollywood Walk of Fame al 6600 di Hollywood Blvd.",standard,H.B. Warner
Speso ghe ze stàe oferte o pì mensiłità inisiałe a gratis.,venetian,Google Play Musica
"La zzòna è addevendata assá desèrteca pure se pare ca na vòta éva cchiù vérd é ca la crapa è štata demata pruopia lòche, 10.000 ann fa, a la fin’e gl lúteme períede jacciale.",neapolitan,Zagros
"In Pianzio no comanda gnanca Dio, el Pianzio ze na locałità de Galzignan dove che na volta che jera on mucio de zente che fazeva conbàtare.",venetian,Galzignan Terme
"Paezi Basi – Jan Peter Balkenende, primo ministro.",venetian,G8 del 2009
"In questo periodo, incitato anche da W. Paul Cook, curatore di varie riviste dilettantistiche, scrisse i racconti brevi La tomba e Dagon.",standard,H.P. Lovecraft
"Dinto a lo 1274, lo pate cumbenaje lo matremonio cu na femmena de nome Gemma Donati, matremonio ca po' se facette dinto a lo 1285; da chillo matremonio nascetteno quattro figlie, Giuvanne, Pietro, Iacopo e Antonia.",neapolitan,Dante Alighieri
"Al principi, el contegnuu di messagg esaltava i virtù del Nòrd in ona manera precisa comè e speronava i soldaa minga content e i agricoltor a andà a travers el confin indue sarïen staa trattaa comè di fradej.",lombard,Kijŏng-dong
"El fiume Komo se buta inte el Golfo de Guinea el ga la foce co la forma de on capoto invernal, che i portoghexi i ciama gabo .",venetian,Gabon
Si pienza ca a statu unu di li pandimii cchiu murtali di tutta a storia umana.,sicilian,Nfluenza A suttatipu H1N1
"Oltre che i lìder del G8, ghea anca partesipà vari cai de Stato de altri paezi.",venetian,G8 del 2009
"Lu tiòlugu San Birnardu di Chiaravalli tiurizzau, ‘n risposta â difficultati pûn cristianu di cunciliari la guerra nun difinsiva câ palora di Diu, la tiurìa dû malicidiu: cu accidi n’omu ntrinsicamenti tintu, quali è cu s’upponi a Cristu, nun accidi ‘n rialtati n’omu, ma lu mali ch’è ‘n iddu; dunca iddu nun è n’umicida bonsì nu malicida.",sicilian,Cruciati
"Interprete di oltre cento film nel periodo muto e in quello sonoro, apparve per la prima volta sullo schermo in un cortometraggio britannico del 1900 che aveva come soggetto Nell Gwyn, attrice del Seicento, amante di Carlo II d'Inghilterra.",standard,H.B. Warner
"C. circa) stabbelette 'a sottomissione definitiva d’’o Lazzio ô putere rummano, ma nun d’’a zona sanniteca.",neapolitan,Beneviento
"Nel febbraio 2024 H.E.R. firma un contratto di menagemet con Lighthouse Management + Media, dopo una causa legale contro l'ex manager Jeff Robinson della MBK Entertainment per la recessione del contratto.",standard,H.E.R.
Ntî l'àutru fronti c'era la Margherita cu Firdinannu Latteri.,sicilian,Rita Borsellinu
"Rinisceru ntô 1072 a arrivari in Palermu, chi vinni poi addicchiarata la capitali.",sicilian,Nurmanni
"A Galzignan su par el monte Venda ghe ze na cezeta (Cezeta dei alpini), on fià pì su de cuesta ghe ze na masegna, tacà a cuesta ghe ze na granda sciòna.",venetian,Galzignan Terme
Inte'l 1997 el tour el se ga dezvolzesto in America de'l Nord e in Europa.,venetian,G3 (grupo muzicałe)
"Barcelona, Publicacions de l'Abadia de Montserrat, 1989.",neapolitan,Joan Fuster
"Ati ritengono ca deriva d""a denominazzione d""o territorio 'e Cambrano, ca a soja vota deriverebbe d""o nomme Cambarus, n'ipotetico proprietario terriero.",neapolitan,San Giorgio a Cremano
"I suoi scenari sono governati da diversi pantheon di divinità distinte, che sono indifferenti o attivamente ostili all'umanità (con pochissime eccezioni come Nodens di La ricerca onirica dello sconosciuto Kadath), in contrasto a quanto si trova nella Genesi e nelle storie della creazione di altre religioni.",standard,H.P. Lovecraft
H.323 riduce significativamente il costo delle comunicazioni e facilita la creazione veloce di nuovi servizi che prima non erano possibili.,standard,H.323
La 'nfiurescènsa l'è furmàda de divèrsi capulì che vé sö 'nsìma a 'n pedezèl bèl lónch e i è reünìde endèn curìmp.,lombard,Tanacetum
A vista di Accipitriformes è assai sbiluppata.,sicilian,Accipitriformes
"Ol Platichthys flesus l’è ü pès eüralì, cioè l’è ü pès che ‘l pöl campà tat in aqua de mar, salàda che in aqua dólsa e de fàti öna ólta a la fì de l’estàt i se ‘nfilàa dét in del Pò e i riàa ü bèl tòch piö ‘n sö de Cremùna e i ciapà pò l’Ada almànch per rià sö ‘nfìna a Pisighetù e l’Òi per irà sö infìna a Cané e Piàdena.",lombard,Platichthys flesus
"– Mezcal yapavai, Agave parviflora Torr.",sicilian,Agave
Nel 1960 il chitarrista australiano Daevid Allen affitta una stanza nella casa di Wyatt.,standard,Scena di Canterbury
"El primo presidente, Lèon M'Ba, l'è morto inte el 1967 e el so vice presidente, Albert Bernard Bongo, sa tolto el poder e aprovò el partio unico.",venetian,Gabon
Insaccatura: l'impasto viene insaccato in un budello naturale di suino.,standard,Salame piacentino
Li parlati di Roccagloriosa e Rofrano,sicilian,Dialettu cilintanu miridiunali
"Adoppo ca se facetta annummenà Primmo Console, 'npratica cchiù 'mpurtante 'e tutte ll'ate putere d’’o Stato, Napuliòne ricostruette 'a Franza cu na struttura amministrativa perfetta, tant'é ca 'nce stà pure ogge tale e quale: 'a Franza venette divisa 'ndâ dipartimente, distrette e cumune amministratte 'a prefette, sottoprefette e sinnace.",neapolitan,Napoleone Bonaparte
"I discendenti possono essere molto lontani sia nello spazio, sia nel tempo, sia nella colpa, dall'atto in sé, ma le conseguenze li colpiranno comunque.",standard,H.P. Lovecraft
"Sti surdati di vintura, circa lu 1025, uffreru li soi sirvizzi pi cuegghiè chi vulìa pagari.",sicilian,Nurmanni
"Le date ""tropicai"" (qe le dividen el zodiac a partir da l'equinoze de primavera) i enn usade ind l’astrologia ocidental; le date ""siderai"" (qe le se basen su le vere costellazion zodiacai, e qe le cambien per la precesion dei equinoze) i enn usade ind l'astrolojia indiana o Vèdega.",lombard,Zodiac
"Le Ceze de ła Reforma protestante łe ze łe ceze naseste da ła Ceza latina inte el XVI secoło dopo de ła reflesion teołòzega de Martin Lutero, Joani Calvin, Ulrico Zwingli e altri, e dal pozo pułìtego e sociałe che łe ghea avesto dai prinsìpi de l'Eoropa sentro - setentrionałe.",venetian,Cristianèzemo
El tour el se ga dezvolzesto in Nord America.,venetian,G3 (grupo muzicałe)
"Raccolta di 20 immagini"", Napoli, Tipografia Alfa, 2002 AA.VV., ""Viaggio tra le ville vesuviane del XVIII secolo"", Città di San Giorgio a Cremano, 2002 Stazione 'e San Giorgio a Cremano Stazione 'e San Giorgio Cavalli 'e Bronzo Sito ufficiale d""a Cità 'e San Giorgio a Cremano Purtale d""e Cittadine 'e San Giorgio a Cremano Comitato cittadino 'e San Giorgio a Cremano",neapolitan,San Giorgio a Cremano
"Nel libro Doctorow fa comparire molti personaggi storicamente esistiti, che interagiscono liberamente tra loro e con i personaggi fittizi, sia all'interno di episodi documentati, che in altri creati appositamente, una tecnica che l'autore userà costantemente nella sua opera diventando una sua caratteristica distintiva.",standard,Ragtime (romanzo)
"Fu interprete delle prime assolute al Teatro alla Scala di Milano  di Debora e Jaele di Ildebrando Pizzetti nel 1922, e dei Cavalieri di Ekebù di Riccardo Zandonai nel 1925, poi di La via della finestra  di Zandonai a Pesaro nel 1919, Abul di Napomuceno a Buenos Aires nel 1913, Canossa di Malipiero a Roma nel 1914 e alla prima italiana dell'opera di Richard Strauss La donna silenziosa.",standard,Elvira Casazza
"Giorgio a Cremano songo state truvate reperte d' ebbroca rumana, nun ce scurdammo ca 'a lava e e ll'alluviona arrevotano e se puortano cu'lloro tutte cose.",neapolitan,San Giorgio a Cremano
"Donca deciden de combatt insemma e de doperà la separazion 'me covertura, ma quand che i sò sottapost se insospettisen el Castle 'l inventa de stà cont ona modella russa, Svetlana, per calmài i ghe dis che anca lee la sta cont on dottor.",lombard,Kate Beckett
"La loro storia ha origine da una visione che Daevid Allen ebbe durante la luna piena nella pasqua del 1966, ed è a partire da questa visione che comincia ad elaborare tutta la filosofia e la mitologia Gong.",standard,Scena di Canterbury
"Mentre sta lla costruìanu, unièra quiddhru ca rimanìa de la chiesa e de lu conventu de Santu Teodoru distrutti de li Turchi ne u 1480.",sicilian,Nove te Galatina
"Nonostante il contratto di una major-label e un buon numero di fan, non ha paura di prendere una qualche rischio, anche se il risultato può essere un flop commerciale».",standard,H.E.R.
"Lu sò peni è loncu 24 cm e làricu 4,5 cm.",sicilian,Roccu Siffredi
"E Nase da na congiunsion de fiumi  Hasbani, Banyas e Dan.",venetian,Zordan (fiume)
Àutri ùsanu un sistema di cercapirsuni cuurdinatu di l'ufficiu dû Whip d’ogni partitu.,sicilian,Division Bell
"Nta li villaggi birmani, ancora a lu XXIi sèculu, stu cummattimentu havi mantinutu lu sò caràttiri ancistrali.",sicilian,Puggilatu birmanu
El Senato el se opone raramente a ła vołontà de ła Càmara dei Comuni.,venetian,Parlamento del Cànada
"I ze dezignai cofà responsàbiłi de un calsiase dei ministeri de ła nasion co conpiti spesìfeghi (es. ""Ministero de ła Defeza"", ""Ministero de ła Sałute"", etc.) De contràrio, inte i stati presidensiałi, el gabineto no el funsiona cofà un'influensa lejislativa ma cofà un grupo de consejeri o asistensa tècnega al cao del goerno.",venetian,Gabineto de goerno
"A stu puntu, cu i cartagginisi vicini a citati, Gela dumannau aiutu a Sarausa.",sicilian,Battagghia di Gela (405 a.C.)
L'è stat profesùr de Carl Friedrich Gauss.,lombard,Eberhard August Wilhelm von Zimmermann
International Union of Pure and Applied Chemistry,neapolitan,Unità e' massa atomeca
È crisciuta quanno ce stevano 'e Luongubarde.,neapolitan,Avellino
"Opere riguardanti CristianèzemoOpen Library, Internet Archive.",venetian,Cristianèzemo
"Quando manca il nome del regista, questo non viene riportato nei titoli English Nell - cortometraggio (1900) Harp of Tara, regia di Raymond B.",standard,H.B. Warner
C. se faceva na prucessione purtanno na statua 'e lignamme raffigurante S.,neapolitan,San Giorgio a Cremano
IN del cors de l'estad 2011 la fa de derva-concert in d'ona quai tapa del tor Up Patriots to arms! di Franco Battiato.,lombard,Nathalie
L'opposizzìone nun se fermaje e se venette a sapé ca stevano priparanno all'ate attentate contr'a isso.,neapolitan,Napoleone Bonaparte
Da ła pèrsia infati ghe deriva el nome de ła spece.,venetian,Prunus persica
"'A cità prencepale era Malies o Maloenton, 'a ca etimologgia significa prubbabelmente terra 'e 'mmorre o terra 'e 'ngiarmo pe’’a pusizione felice.",neapolitan,Beneviento
"È pinzatu pi accittari naturalmenti li neoluggismi tecnici latini e greci, lu ""standard munniali"" di fattu.",sicilian,Lingua franca nova
La sò òpira più famusa è chiddu di vidiri tutti libbiri dâ l'amuri versu lu prussimu.,sicilian,ArciGay
"Duranti la guerra dî Vespri Siciliani, l'Angioini cu l'aiutu dî baruna cilintani (chiddi di Castelcivita) tintaru di rispìnciri li truppi sìculu-aragunisi, ma li siciliani arrinisceru a occupari li citati cilintani di Policastro, Castellabate, Castelcivita e Padula.",sicilian,Dialettu cilintanu miridiunali
"La sò candidatura vinni tistata dû svurgimentu dê elizzioni primari (lu 4 di dicèmmiru), unni la Borsellinu pigghiau lu 66,9% dê prifirenzi supirannu lu sò cuntinnenti Firdinannu Latteri, ritturi di l'Universitati di Catania.",sicilian,Rita Borsellinu
"Napuliòne vuleva purtà 'e ddoje Cammere a vvutà autonomamente 'o scioglimento loro e 'a cessione d’’e putere dint'e mmane soje, ma nun fuje comme vuleva Bonaparte.",neapolitan,Napoleone Bonaparte
Princess Valerie's War: A Space Viking Novel (The Tanith Series Book II) di Terry Mancour (ebook).,standard,H. Beam Piper
Su par zò el 10.000 a.,venetian,Agricultura
"Acerra è nu comune ca fa 57.250 crestiane, d""a pruvincia 'e Napule.",neapolitan,Acerra
È unu di l'armali cchiù icònici dî riggiuni àrtichi e unu dî cchiù granni pridaturi tirrestri ca esistunu.,sicilian,Ursu pulari
"È probabile che questo sito sia coinvolto solo nel consolidamento di tracce mnestiche e che, dopo un certo periodo di tempo, esse vengano ""spostate"" in altri siti corticali.",standard,H.M.
"Lu panurama varitali, custituitu sinu a picca dicenni fà di picca vitigni (Catarratti, Trebbiano, Inzolia, Grillo, Nerelloi Mascalese, Sangiovese), subbìu un rinnuvamentu radicali grazzi â valurizzazzioni d’arcuni varitati autòctuni comu lu Grecanico e lu Nero d'Avola e la ntruduzzioni d’arcuni vitigni di preggiu comu lu Chardonnay, lu Merlot, lu Cabernet Souvignon e lu Syrah.",sicilian,Santa Margarita (Girgenti)
"Nassud in del 1979 coma Ent senza scopo de guadagn, ol Consorzi al gh'ha coma obietiv la tutela, ol mejorà la qualità e la promozzion dol formai Talegg, e la lavora travers: assistenza tecnega ai produtor de lacc e ai sit de trasformazzion; atività de controll per ol corret usagg de la denominazzione ""Talegg"".",lombard,Talegg (formai)
"In astronomia el zodiac al comprend anca “Ophiuchus”, una costellazion qe l’è present delbon ind la fassa zodiacal, ma qe l’era stada trascurada in passat per ridusir a dodex el nœmer de le costellazion zodiacai.",lombard,Zodiac
Luna co l’aneo e da jorni che ea vecia/angeo ea ze verso ea Calbarina ea piova ze visina.,venetian,Galzignan Terme
"Lee 'l voeur jutàll a tucc i cost, ma i polee descovrissen cont i dacc che 'l gh'aveva 'na relazion e che 'l aveva architetaa 'n omicidi compagn de quell, e lee l'è in granda difficoltà, anca se poeu se descovriss che l'è stada 'na granda macchinazion fada de 'n killer ricercaa che la Polizia de New York l'ha mai trovaa.",lombard,Kate Beckett
"Ntô 2004 fu inauguratu u Starlight Award, premiu pi giuvàni auturi ri canzuni ca annu avutu nu impattu duraturu nnà storia da mùsica: u primu vincituri du premiu fu Rob Thomas, u cantanti ri Matchbox Twenty, seguitu, l'annu dopu, ra Alicia Keys.",sicilian,Songwriters Hall of Fame
La band l'eva presentaa giamò diversi canzon (senza cuntà quei cantaa a Sanremm a febrar de quell ann) in di tournée precedent a la publicazion del CD.,lombard,L'Album Biango
El 30 setenbre 1966 el xera tuto pronto par l'indipendensa.,venetian,Gaborone
"La Kolyma (in russ: Koлыма́ [kəlɨˈma]) a l’è on fium del nordest de la Siberia, longh 2.129 km.",lombard,Kolyma
Intorna la gh'era ona granda palud che la circondava quas tutt el bosch: sul lat minga paludos i Angrivari aveven faa sù on largh mur per divides di visin Cherusch.,lombard,Battaja de Idistavis
"Aroppo a ll'unità d'Italia, San Giorgio a Cremano subbette nu periedo 'e decadenza, cu  tutto ch'addummaneva nu bono e ricercato luogo 'e villeggiatura.",neapolitan,San Giorgio a Cremano
"Cuà de sèvito vien inportà ła lista dei summit del G6, G7 e G8 pasai e futuri.",venetian,G8
Lu sò nannu fici 27 figghi.,sicilian,Roccu Siffredi
La produzzion de quell formai ché la nass de l'esigenza di abitancc de la zona de conservà ol lacc che al cresseva.,lombard,Talegg (formai)
Liunforti s'attrova ammenzu e muntagni dill'Erei.,sicilian,Liunforti
"C. Fœra dei segn zodiacai de l'astrolojia ocidental, ge n’enn anca dei olter, qe i enn stads desvilupads in oltre culture, per esempe ind la astrolojia indiana (ciamada anc’pò “Vèdega”) e in qella cinesa, indov el zodiac al vegn dividid in 27 o 28 cà.",lombard,Zodiac
"València, Tres i Quatre, 1977.",neapolitan,Joan Fuster
"Per la prima volta, un computer dedicato al grande pubblico metteva tra i suoi obiettivi primari l'estetica.",standard,IMac
"On di che vann a 'na cà lontana del Castle, lee la se sbiotta denanz de lu ma on corp mort el finiss in la soa piscina, e la polizia local la scambia per 'na donnascia, per poeu menaj via quand che 'l Castle el voeur a tutt i cost indagà in su l'omicidi in la sò cà.",lombard,Kate Beckett
"Duranne 'o regno 'e Luigge, 'a Franza cumbattette tre uerre: 'a Uerra 'e successione pulacca (1733-35), addò 'a Franza s'accappaje 'a pruvincia d""a Lorena; 'a siconna, 'a Uerra 'e successione austriaca (1740-48), ca segnaje 'o nnizio 'e nu scuntro culonniale c""a Gran Vretagna, fuje indecisa.",neapolitan,Luigge XV 'e Franza
El projeto GNU el xe stà inisià pa parte de Richard Stallman co el objetivo de crear on sistema operatío conpleto łibaro: el sistema GNU .,venetian,GNU
"I menbri del gabineto dei sistemi parlamentari, de frecuente ciamai ""ministri"", i ze menbri del parlamento e i se spartise łe funsion lejislative.",venetian,Gabineto de goerno
A Galzignan ea produzion di stu trapéli jera na atività economica molto svilupà sia cofà merce de scambio sia cofà guadagno vendendo il prodotto mercà paesani.,venetian,Galzignan Terme
"St'oggette strane nun pare ca ce danno disturbo, cu l'eccezzione de' file 'e nylon e matiriale ca nce assumiglia.",neapolitan,Lamantino
Àutri cover famusi sunnu chiddi di Robbie Williams e di Chad Kroeger dî Nickelback.,sicilian,We Will Rock You
El Corpus Domini inte el całendàrio litùrzego catòlego el re-èvoca ła liturzia de ła Mesa inte ła Sena del Sior del Zoba Santo.,venetian,Cristianèzemo
"Lu ncontru è addiriggiutu di dui àrbitri, pi putiri megghiu siparari li prutagunisti, e è evaluatu di sei giùdici.",sicilian,Puggilatu birmanu
"La quale ha trovato nella località balneare un rifugio gradevole e propizio per incontri con persone interessanti, tra cui un estroso barone di origine europea impegnato nella nascente industria cinematografica, e l'amicizia tra i figli crea un clima finalmente felice.",standard,Ragtime (romanzo)
"Piper fu in gran parte autodidatta; acquisì la sua conoscenza della scienza e della storia ""senza sottopormi alla ridicola miseria di quattro anni negli scomodi confini di un mantello di procione"".",standard,H. Beam Piper
A totale erano 19 statue.,neapolitan,San Giorgio a Cremano
"El xe sta beatificà da papa Urbano VIII l'8 de otobre 1629: el xe sta canonisà el 12 de apriłe 1671 da papa Clemente X. Ła memoria łiturgica ła ricore el 7 de agosto, el xe el santo patrono de ła Contrada del Nicchio, una de łe contrade del Palio de Siena.",venetian,Gaetano de Thiene
"Li risurtati dû spogghiu la vìdinu pigghiari lu 41,63% dê prifirenzi contru lu 53,08% di Cuffaru ca veni rieliggiutu.",sicilian,Rita Borsellinu
L'inportansa de l'agricultura l'è dimostrada dal fato de esar a tuti i efeti na siensa e de esar ormai al confin co tante altre siense come la xenetega e la bioloxia sia animal che vexetal.,venetian,Agricultura
"'N Sicilia s'attrova sempri vicinu a na ficupala, autra chianta urigginaria dâ Merica, e ora comu ora crisci naturali.",sicilian,Agave
"Altri critici però trovarono questa libertà nell'utilizzo di personaggi reali abbastanza disturbante, deplorando la tendenza dell'autore all'estremizzazione in alcuni passaggi.",standard,Ragtime (romanzo)
"El wpa_supplicant, implementazion open source del protocoll assee doperada del Linux OS, de l'OpenBSD e de l'Android a l'è inscì vulnerabil che l'è possibil mettègh 'na ciav de criptazion fada tutta de zeri, inscì de fà foeura la protezion contra di attacch Man in the middle.",lombard,KRACK
"Lu ghiacciu marinu è essinziali pâ sò supravvivenza, picchì è usatu comu basi pâ caccia, lu riposu e l'allevamentu.",sicilian,Ursu pulari
"Inte i ani otanta l'azienda ła ze stà protagonista de na famoza canpanja publisitaria inte ła cuała el testimonial el jera un personazo ciamà Mago G, i cui blomò el zera ""Sera i òci, verzi ła bòca"" e ""Ze na storia vera, ze Galbusera"".",venetian,Galbusera
"Questa tipologia amministrativa auspicata era spesso da lui identificata con una forma di governo ""fascista"" con influenze socialiste.",standard,H.P. Lovecraft
"In del 1919, finida la I Guerra Mondial, l'è staa occupaa de la Jugoslavia, che rivendicaven tutta la zona intorna, abitada de on bell poo de sloven.",lombard,Klagenfurt am Wörthersee
Rimanette fedele a Romma 'int' 'a siconda uerra puneca e fuje assediata ô 216 a.,neapolitan,Acerra
"GNU elxe on acrònimo chel vol dir ""GNU No xe Unix"".",venetian,GNU
All'inizzio e pe' bona mità 'e ll'ottuciento isso era muoppeto pe' mezzo d'e cavalli.,neapolitan,Ferruvia
"David E. Gardinier, Brian Weinstein e Jan S.F. van Hoogstraten, GabonEnçiclopedia Britannica, Encyclopædia Britannica, Inc.",venetian,Gabon
"A sgiugn del 2013 la nonzia in sul sò cunt Twitter che l’è ‘dree a lavorà in su on album noeuv, che l’è antecipad del singol Sogno d'estate (Sogn d’estad) in collaborazzion col Raf.",lombard,Nathalie
"Probabilmente fu l'influenza di Arthur Machen, con i suoi efficaci racconti sulla sopravvivenza di un male antico in un'ambientazione moderna e realistica, e la sua convinzione che esistessero misteri nascosti sotto il velo della realtà, che fornì a Lovecraft ulteriore ispirazione e diede origine alla parte più matura e originale della sua opera.",standard,H.P. Lovecraft
"Lu BBC Antiques Roadshow (pressu la Banqueting House) espunìu nta l'uttùviru 2007 ntâ Withehall lu trasmittituri nùmmiru 1 origginali, pruvinenti dâ Càmmara dî Cumuna.",sicilian,Division Bell
"Le parole possono soltanto indirizzare all'ultima verità, ma non possono mai essere questa.",standard,H.W.L. Poonja
"Al termine della missione si effettuava l'unberthing della navetta, che successivamente rientrava nell'atmosfera per una distruzione controllata sopra l'Oceano Pacifico, in maniera simile a quanto avveniva per l'Automated Transfer Vehicle.",standard,H-II Transfer Vehicle
"Oltra a èsar stà un dei siensia piasè inportanti de ła storia de l'anatomia, ga dà contributi inportanti anca in anatomia conparada, botanega, fixiołoxia, farmacołoxia e medexina termałe.",venetian,Gabriele Falloppio
"E' assai mpurtanti la cresia dê Cappuccini fatta ntô 1630 ca sarva dui stàtui fatti dô Gaggini, la lastra di brunzu dâ tomba dô prìncipi Niculò Plàcido Branciforte e lu sarcòfagu dâ principissa Catarina Branciforte, tutti dui dô XVII sèculu.",sicilian,Liunforti
"Califano, 1901) 'O figlio 'e mammà (Pasquale Cinquegrana, 1901) 'O ppoco 'e Pusilleco (Francesco Russo, 1903) 'O cane 'e cumanno (Giuseppe Capurro, 1903) L'automobilista, macchietta (Ugo Ricci, 1904, scritta per Nicola Maldacea) 'O sciopero d' 'e nnamurate (Alfonso Fiordelisi, 1907) 'A Fenestella (Raffaele Ferraro Correra, 1???) Io ve vengo arreto!..., duetto comico (Luigi Mattiello, 1???) Il Pubblicista (V.",neapolitan,Giuseppe De Gregorio
"Successivamente fu nominato comandante della base per i bombardieri di Kabrit, vicino al Canale di Suez.",standard,Joseph Fall
"C. A gl 1974, a méne de ne chelòmmetre da gl paése, a la cundrata Casa Firma, fúrene schepèrt de le tomb che dénd cèrt còccera é na píccula menéta, é pure riéšt de n’áštreche de matenèll a spin'e pésc: tutt quand appartè a na villa rústeca romana che resagl a l'èpeca tard-mberiale.",neapolitan,Settefrate
"Di sòlitu sunnu armali bastanti granni, ca ùsanu u pizzu ncurbatu e forti pi strazzari a carni dî predi.",sicilian,Accipitriformes
"Ll'anno appriesso 'o viecchio precettore sujo, André Hercule de Fleury, addeventaje capo menisto.",neapolitan,Luigge XV 'e Franza
"Nel 1968, Persson ha acquisito a Stoccolma il rivenditore di abbigliamento da caccia Mauritz Widforss, cosa che ha portato all'inclusione di una collezione di abbigliamento maschile nella gamma di prodotti e al cambio di nome in Hennes & Mauritz, abbreviato in H&M.",standard,H&M
"La temperadura termodinamega l'è daita da la diferenza intra la temperadura indicada (quella del ponto trepe de l'agua: 0,01 °C) e quella del zero assolut (-273,15 °C).",lombard,Kelvin
Blige) 2023 – Candidatura alla miglior canzone R&B per Good Morning Gorgeous (con Mary J.,standard,H.E.R.
"Nel 1963, Orr iniziò a fare volontariato per il Partito Repubblicano sostenendo politici come Richard Nixon, Carl Curtis e Roman Hruska, e e ricevendo nel 1969 l'""Outstanding Young Republican Woman"" del Nebraska.",standard,Kay Orr
"Dopo de 'n cas che se troeuven manetaa cont ona tigher arent, se lancen on mugg de frecciatin, e a la fin la Beckett ghe dis al Castle che la prossima voeulta el voeur fàll senza la tigher.",lombard,Kate Beckett
"Se tratarìa cuindi de on topònemo prediałe, che el ga łasà na pèca de on nome de asegnatario de on fondo ubifegà in tel téren de Galzignan.",venetian,Galzignan Terme
"Dopo el sisma d'Oriente (1054), ła ceza catòłega ła reconoscerà cofà ecumèneghi altri 14 concìłi, no reconosesti parò da l'oriente.",venetian,Cristianèzemo
Rock è una ragazza enorme che poteva trasformare il suo corpo in roccia.,standard,H.I.V.E.
"Durante 'e allenamente, 'e istruttore sono vestite rossi e 'e studente sono vestite verde.",neapolitan,Francombat
"'O centro è 'e riggine feudale e 'a funnazzione suje arrisagliette ê primme anne d""o XVII seculo.",neapolitan,Baucina
"Una vœulta lì, la Capin ross la se incorsg subet di fatezze propri partigolare che la gh’ha la mama granda.",lombard,La piscinina Capin ross
4: 198 (1852) Asparagus vulgaris Gueldenst.,venetian,Asparagus officinalis
"Ła xe ła pì granda sità del nord del stato,ła so popołasion ła xe de sirca 198.799  aneme.",venetian,Passo Fundo
"El gnostezismo cristian pensava che ła salvesa ła dependese da na forma de conosensa superior e iłumenada (gnozi), fruto del vivesto personałe e de un percorso de reserca de ła Verità.",venetian,Cristianèzemo
"'E fforze armate austriache, cummannate 'a ll'arciduca Carlo d'Austria, se mettetteno a ppaura d""a marcia 'e Napuliòne verso Vienna accussì accettajene na tregua cu 'o Trattato 'e Campoformio 'o 17 'e ottovre 1797.",neapolitan,Napoleone Bonaparte
"El se azudega sincue David di Donatello 2001, tra cui el David di Donatello par el mejo regista.",venetian,Gabriele Muccino
Libreville l'è la cavedal del Gabon.,venetian,Gabon
Scura cchiù viatu e lu jornu s'accurza.,sicilian,Autunnu
"Inportante el ze el setor minerario, in partikołar el desfrutamento de oro, fero, diamanti e karbon.",venetian,Gauteng
"València, Institució Alfons el Magnànim, 1954.",neapolitan,Joan Fuster
"Molti dei contenuti FLV (video flash usati su siti come YouTube, Google Video, MySpace ecc.) sono compressi con questo codec, anche se alcuni siti usano adesso la compressione VP6, supportata da Flash a partire dalla versione 8.",standard,H.263
I testimoni de Zèova i repropone el cristianèzemo del I secoło che el prevede ła predegasion de caza in caza.,venetian,Cristianèzemo
"Depos ch'el ciapa la sò forma particolara, el vegn friggiuu in ona granda padella speciala.",lombard,Kebab
"1) 1994 - Le cose da salvare (Columbia, 476959",venetian,Luca Barbarossa
"àltiat) pirduta dâ ""g"" nizziali: -àttu, -abbà usu dî formi virbali curti: abbà (abbàri), ìnchi (ìnchiri), accògli (accògliri) usu di l'artìculu ditirminativu arcàicu lu Caseddi è situata nta l'ària muntana dû Vasciu Cilentu.",sicilian,Dialettu cilintanu miridiunali
"La pusizzioni di Dionisiu era diffìcili, cu Imircuni II e lu sò èsercitu ca dopu aviri sacchiatu Kamarina, marciava a Sarausa Nveci d'attaccari Sarausa, Cartaggini nnû 405 a.",sicilian,Battagghia di Gela (405 a.C.)
"Egli inoltre soffrì di moderata amnesia retrograda, infatti non riuscì a rievocare molti dei suoi ricordi fino a 1-2 anni prima dell'intervento, e anche qualcuno risalente fino a 11 anni prima.",standard,H.M.
"'Na voeulta tornada la scomincia a preparà el matrimoni, e la mader del Castle la sutta a inzigàss.",lombard,Kate Beckett
Napoli N) Lucio Papirio dittatore (sum.1767,neapolitan,Giovanni Paisiello
"U Comune de Galatina, dopu ci sia pijatu tutte le terre de Nove, l'ave fatta frazione e li mise ufficialmente u nome de Noha.",sicilian,Nove te Galatina
Freddie Mercury Solo Collection è lu cchiù granni box set 'n unuri di lu cantanti dî Queen.,sicilian,Freddie Mercury Solo Collection
& Buhse Tanacetum macrophyllum (Waldst. & Kit.) Sch.,lombard,Tanacetum
El fa parte del parco rejonałe dei Cołi Euganei.,venetian,Galzignan Terme
"L' unità 'e massa atomeca uniecata (u) ritta pure dalton (Da) è na unità 'e misura utilizzata solitamiente ppe esprimente a' massa 'e singule atumi (massa atomeca), mulecole (massa mulecolare), ioni, radicali e dd'ê particelle elementai.",neapolitan,Unità e' massa atomeca
"Â fini, lu 8 di sittèmmiru a Cassibbili veni firmatu l'armistizziu.",sicilian,Opirazzioni Husky (1943)
"Pricisamenti ô centru dâ corda, e puru suprâ terra, si marca la ""linia cintrali"" e poi pi quattru metri a ogni latu di sta linia cintrali si marca la corda nautra vota.",sicilian,Tirata dâ corda
"Potta futtuna e teni luntani i 'nviriusi e jttaturi: ti salutu cummari Zammara, a me' casa tinitilia cara e l'occhiu da mala genti, 'nta 'sta casa nun ha putiri nenti. Fa parti dâ famigghia Agavaceae. Lu nomu veni di l'àrabbu, sabbara.",sicilian,Agave
Inte el steso ano el partesìpa al Concerto del Primo Magio e fa parte del Sete di Radio Tour.,venetian,Luca Barbarossa
"Sentendo questo, immerso nello sguardo silenzioso del suo guru, Poonjaji percepì il suo corpo purificato, trasformandosi come se rinascesse.",standard,H.W.L. Poonja
"Gregor ha poi analizzato come gli elementi fondanti dell'ideologia fascista abbiano tratto origine soprattutto dalle idee scaturite dalla revisione del marxismo, dal nazionalismo di Enrico Corradini, dal sindacalismo rivoluzionario, dai pionieristici studi sociologici e politologici di Vilfredo Pareto, Robert Michels, Gaetano Mosca, Gustave Le Bon e Georges Sorel, e dall'attualismo gentiliano.",standard,A. James Gregor
"Anche se le sue opere vennero pubblicate su importanti riviste come Weird Tales, ben pochi conoscevano il suo nome, e nulla, all'epoca della sua morte, avrebbe potuto far presagire il notevole successo che avrebbero raggiunto i suoi lavori.",standard,H.P. Lovecraft
"Co ł'asunsion de ła ditatura a vita, el ga dà scuminsio a on proceso de radicałe riforma de ła società e del goerno, riorganisando e sentrałisando ła burocrasia republicana.",venetian,Gaio Giulio Cesare
Tra l'àutru avìanu pigghiatu a vissari li caruvani di piddirini cristiani d'urienti e d'uccidenti ca di sèculi si ricavanu a Girusalemmi ‘n piddirinaggiu supra li lochi unni campau Cristu.,sicilian,Cruciati
"Ùu cuntrarj, i ienere Atyphella e Pygoluciola, ca jèrene gnuse înd'à Luciola, attualment su considerat ienere îndependente.",neapolitan,Cucce-mannèdde
Pi tri simani Dionisiu turmintau i cartagginisi cu l'èsercitu leggiu e tagghiau iddi i pruvvisti usannu la sò forza navali.,sicilian,Battagghia di Gela (405 a.C.)
'Ndâ campagna d'Italia Napuliòne facette vedé 'a capacità soja assaje strategica addò isso assurbette 'e conoscenze 'e ll'ate e 'e ffacette soje.,neapolitan,Napoleone Bonaparte
"Quest'opera fu la quarta, di una serie di quattordici, a essere scritta dalla coppia Gilbert e Sullivan.",standard,H.M.S. Pinafore
"Molto frequente, nelle sue descrizioni, il ricorso ad aggettivi quali ""orribile"", ""mostruoso"", ""blasfemo""; nella sua già citata stroncatura di L'ombra venuta dal tempo, Edmund Wilson osserva maliziosamente: ""Di sicuro, una delle regole principali per scrivere un efficace racconto dell'orrore è non usare mai nessuna di queste parole - specialmente se, alla fin fine, si finisce per descrivere un invisibile polpo fischiante"".",standard,H.P. Lovecraft
C’’a pace 'e Amiens d’’o 1802 pure 'a Ngreterra firmaje 'a pace c’’a Franza.,neapolitan,Napoleone Bonaparte
"Passagg de P latina a [b]: APRILE -> [a'bɺi] (cf. pms. avril, oc. abril).",lombard,Kje
"N Talia attuarmenti è 'n viguri la liggi Mannino, macari se la diputata taliana Anna Paola Concia havi prisintatu 'n Parramentu Talianu nu disegnu di liggi, megghiu canusciutu cumu Lex Omufubbia.",sicilian,ArciGay
"Al suo rifiuto di pagare un pedaggio la sua auto viene vandalizzata, e le proteste ottengono come unico risultato il suo arresto.",standard,Ragtime (romanzo)
"Ntô XII sèculu, mentri ca c'era la duminazzioni nurmanna spirdìu d'essiri na burgata autònuma.",sicilian,Demenna
A l'è origenari de l'Afghanistan e de la region nord-occidentala (ciamada Khyber Pakhtunkhwa) de l'attual Pakistan.,lombard,Kebab
"Circa lu 900 s'attruvàvanu spissu ntô nord dâ Francia, abbicinu lu cunfini mudernu cû Belgiu, e cci accuminzaru stabbiliri li culonî nichi.",sicilian,Nurmanni
A la fini dû cummattimentu Imircuni avìa vinciutu a battagghia.,sicilian,Battagghia di Gela (405 a.C.)
Kurów l'è anca cognossuda comè el sit indova l'è nassud el jeneral Wojciech Jaruzelski.,lombard,Kurów
"Hannu noltri a lu sò attivu esibbizzioni nta li vari rassegni ètnichi, participazzioni a vari trasmissioni televisivi e radiofònichi Rai tra li quali Linea Verde supra Rai Uno, lu Settimanale supra Rai Tre e Mezzogiorno in Famiglia supra Rai Due, e macari participazzioni televisivi a trasmissioni  riggiunali quali Tirullallero n unna supra Video Calabria.",sicilian,Hantura
In del 375 Panticapee l'è stada trada giò di Unn.,lombard,Kerč
"Dint’’a 'stu periodo 'a Franza conquistaje 'e Paìse Basse e 'a riva sinistra d’’o Reno, 'mmece l'Austria pigliaje territorio d’’a Repubbleca 'e Venezia.",neapolitan,Napoleone Bonaparte
La caténa fenisc a gl Štritt d’Ormuz.,neapolitan,Zagros
"Al dé d’incœ, quand el Sol el va dent ind el segn del Beron a l'equinoze de primavera al 21 de marz, in realtaa l’è anc’mò ind la costellazion dei Pess e al ge restarà dent fin a la metaa de avril.",lombard,Zodiac
"Le date riportade i enn calcolade sul meridian de Greenwich e i enn indicative, perqè el passaj da un segn a l'olter al suced miga noma a mezanoit, ma ogne ann al varia de sex ore pressapoc.",lombard,Zodiac
'O gruppo nascette a Palermo ô 1979.,neapolitan,Agricantus
"'O crimma 'e Beneviento è 'e tipo appennenico, cu tiempo medio annua attuorno ê 16 C°.",neapolitan,Beneviento
"., La (1996) Deep Inside Brittany O'Connell (1996) Deep Inside Juli Ashton (1996) Tabatha and Her Friends (1996) Rocco Goes to Prague (1995) Buttman's Big Butt Backdoor Babes (1995) Buttman's European Vacation 3 (1995) Deep Inside Crystal Wilder (1995) Dr. Rocco et m.",sicilian,Roccu Siffredi
Le migliorie di progetto introdotte nei successi sforzi di standardizzazione hanno prodotto significativi miglioramenti nella capacità di compressione rispetto al progetto dell'H.261.,standard,H.261
"Cont lee minga coscenta parten per el Canada, e rivaa in Vermont lee la gh'ha ona vision del sò vegg capitan Montgomery che la prima voeulta che l'ha vista l'ha parlaa proppi de ona cassetta, e la capiss che la cassetta a l'è de lu, ma che l'era no in di oggett sò o de la mamma.",lombard,Kate Beckett
"'A pupulazzione criscette aropp""o scoppio d""o Vesuvio quanne parte de l'abbetante è Ottajano circattero scampo 'int""e campagne circustante a valle d""o paese e quinne cchiù luntane d""o Vesuvio.",neapolitan,San Giuseppe Vesuviano
"Ła se cata sora na penixoła, el xe cavołogo de ła prefetura omonima e del distreto omonimo.",venetian,Durazo
"H. P. Lovecraft tenne, come altri scrittori, un taccuino degli appunti (Commonplace Book) su cui scrivere idee e immaginazioni da trasformare, in futuro, in veri e propri racconti.",standard,H.P. Lovecraft
"Par de pì ghe ze łe ""ceze dei do conciłi"", che no i ga acetà gnanca el concìlio de Èfezo del 431, łe ceze nestoriane: Do branche moderne de ła Ceza d'Oriente (o Ceza persiana, o siro-orientałe): El tèrmeno restaurasionismo el vien doparà par inténdare na union de ceze e comunità che łe nase dal vołer tornare inte ła ceza cristiana primitiva e che łe se manifesta in vàrie forme, soratuto inte el XIX secoło.",venetian,Cristianèzemo
Ll'origgine d' 'a prucessione songo assaje antiche.,neapolitan,San Giorgio a Cremano
"Non è propriu comu u maschili ""bastasu"", chi voli diri omu rozzu comu nu ""scarricaturi i portu"", ma si dici di na fimmina cchiù scustumata di n'omu cafuni.",sicilian,Bastasu
"Ô 1675, aropp""a costruzzione d""a parrocchia addedecata 'o santo, 'o rione pigliaje 'o nomme 'e ""San Giuseppe"".",neapolitan,San Giuseppe Vesuviano
Beneviento è nu cumune ca fa 63.940 abitante d’’a pruvincia 'e Beneviento.,neapolitan,Beneviento
"Inte el X secolo xe rivà i bantu, che i ga dà vita all'etnia mpongwe.",venetian,Gabon
URL consultato l'11 maggio 2015.,venetian,Gaetano Maccà
"Lo standard supporta vari formati video, ad esempio i formati di tipo CIF (SQCIF, QCIF, CIF, 4CIF, 9CIF e 16CIF).",standard,H.263
"Di quannu, p'asèmpiu, foru fatti liggi ca pirmèttunu cuntratti di travagghiu di tipu flissìbbili (a tempu, a cullabburazzioni o a pruggettu), cù havi lu putiri di dari lu travagghiu,  ca putìssiru èssiri mprindituri o macari amministratura ô puteri ca hannu  disidèriu d'arricèviri cunferma pi lu sò mannatu, pigghiaru l'abbitùtini, macari picca tempu apprima di li ilizziona, di pigghiari a travagghiari assai picciotti disuccupati cu cuntratti di pricariatu, accussini di putiri furzàrili a lu vutu, a scànciu dâ cunferma dû travagghiu.",sicilian,Votu di scànciu
"Cont on'imboscada a l'offizi del Castle menen via anca i alter killer e sequestren i sò telefoni, e descovrissen che riceveven di orden de 'na volta fonzionaria del Procurator, che l'è trovada morta.",lombard,Kate Beckett
"Inci'alla chiesa avenu puru conservate le reliquie de quarche santu, tutte cull'autentica loru: Santu Filippu Neri, Santu Biagiu, Santu Pasquale Baylon, Santa Lucia, Santa Liberata, Santu Bonaventura, Santu Camillu de Lellis, Santu Domenicu de Guzman, Sant'Albanu de Magonza, Santu Quintinu, Santu Vincenzu Ferreri.",sicilian,Nove te Galatina
"Comu la storia di la classificazzioni di Plutoni ammustra, la storia di l'astronumia è china di episodi unni certi corpi hannu statu difficilmenti classificati.",sicilian,Pianeta
"Ciarament, per via del ligamm cont lu, la capa Gates la ghe cava via el cas.",lombard,Kate Beckett
"'O 1802 Napuliòne vennette na parte d’’o Nord d’’a 'Mereca 'e State Aunite comme parte 'e l'accordo 'ncopp’’a Louisiana : isso have 'a ppoco superato nu gruosso prublema militare quanno l'esercito, mannato a se piglià 'a n'ata vota Santo Domingo, doppo havé vinciuto contr'a revota pigliaje 'a freva gialla.",neapolitan,Napoleone Bonaparte
Venice Channel (O' Canale-de-Venezia): o' bbello e Venezia e tutta ll'Italia Euro1080: 'A primma televisione ca' se vere cu l'aveta-visione rint'a ll'Europa (Nun se pava assaje: sule l'attivazzione ca nun costa manco assaje!) 16:9 | widescreen | HDTV - Italian Forum,neapolitan,16:9
"Napoli F) [Gli schiavi per amore; Le bon maître, ou L'esclave par amour] Il barbiere di Siviglia, ovvero La precauzione inutile [rev] (1787 Napoli F) La modista raggiratrice (aut.1787",neapolitan,Giovanni Paisiello
"Dû 1994, nzemi a l'ARCI Sicilia e 'n sècutu câ cullabburazzioni di Libera, cuntribbuisci â idiazzioni e â crisciuta di la nizziativa ""La Caruvana Anti-Mafìi"", na spirienza uramai di caràttiri ntirnazziunali ca talìa a purtari pi tutti li strati la spirienza di n'anti-mafia pusitiva ca voli ncìdiri pusitivamenti 'n capu la riartà ecunòmica, suciali, amministrativi dê lochi ca attraversa strincennu ntrizzi sulidali e ètici ntra li citadini, li stituzzioni e li diversi riartà dâ sucità civili urganizzata prisenti ntê tirritori.",sicilian,Rita Borsellinu
"In alcuni casi il lavoro dello scrittore di Providence si limitava a una semplice revisione del materiale preparato dall'autore ""ufficiale""; in altri casi, a Lovecraft venivano forniti soltanto un'idea di base o un canovaccio, a partire dai quali elaborava l'intera storia.",standard,H.P. Lovecraft
Dinto lo 1289 cummattette dinto a la battaglia de Campaldino e partecepaje po' a ll'asseggio de lo castiello de Caprona.,neapolitan,Dante Alighieri
"Â morti dû viscuvu di Sarausa Isaccu, lu populu vosi Zosimu pi viscuvu.",sicilian,San Zosimu viscuvu
Nuddu dannu a li pirsuni e a li cosi ma tantu scantu pi l'abbitanti e li turisti.,sicilian,Austu 2005
"I numer CVE ligaa a la falla a hinn CVE-2017-13077, CVE-2017-13078, CVE-2017-13079, CVE-2017-13080, CVE-2017-13081, CVE-2017-13082, CVE-2017-13084, CVE-2017-13086, CVE-2017-13087, CVE-2017-13088.",lombard,KRACK
"Corbe e i corbetti, i sarjia dei sesti fati da poeoni de castagno che i gavea usi casalinghi ma anca pa' l'agricoltura.",venetian,Galzignan Terme
"Asempio: no andes, ""nun jì"".",neapolitan,Lengua sarda
"Vittorio Domenico Stanislao Gaetano Sorano De Sica (Sora, 7 'e luglio 1901 - Neuilly-sur-Seine, 13 'e nuvembre 1974) è stato nu granne attore e regista tiatrale e cinematografico italiano. Vincette quattro premmi Oscar (1946, 1948, 1965, 1972), tutti ppe' o meglio film forestiero.",neapolitan,Vittorio De Sica
"Space Viking's Throne (2012), di John F. Carr e Mike Robertson (seguito di Last Space Viking).",standard,H. Beam Piper
L'ariuplanu havìa partutu di Tocume (Panamà) e havìa a jiri a Fort de France (Martinica).,sicilian,Austu 2005
"Fu principalmente un autore di racconti, anche se produsse alcuni romanzi.",standard,H. Beam Piper
"A l'ùltemo conserto durando el brano ""Glasgow Kiss"" ła band de Paul Gilbert ła conparise so'l palco indosando dei kilts ed ezibindose inte na curta dansa.",venetian,G3 (grupo muzicałe)
L'usu storiugràficu dâ palora Cruciata fu affari dâ fini dû sèculu XVIII.,sicilian,Cruciati
"C., de ritorno da ła Galia, guidando łe so łegion atraverso el Rubicone (ocaxion indove el ga pronuncià el çełebre «Alea iacta est»), Cesare el ga scadenà ła guera sivil, co ła qual el xe diventà el cao indiscuso de Roma: el ga batù Pompeo a Farsalo (48 a.",venetian,Gaio Giulio Cesare
La controversia è proseguita per tutto il periodo compreso tra le due guerre.,standard,H
"Indicativ present: chié e sé, ti 't ses, chiel o l'äi, nosgècc soma, vosgècc sé, chiei i son.",lombard,Kje
"Oggi 'o futuro d'o 16:9 sta 'nzieme pure a l'Ultra HD 4K e ll'Ultra-Haveta-Definizzione-Visione (8K), cu' na risoluzzione 'e ll'immagine 16 vote chella 'e l'HD.",neapolitan,16:9
Accussì m'arruspigghiavu cu “We Will Rock You” nna testa”.,sicilian,We Will Rock You
"Riessen poeu a fà firmaa al marii el nullament, e quand che riven a la location el sò popà el ghe da el vestii de sposa de la mader, e la mamma del Castle la ghe da on para de oregitt de familia.",lombard,Kate Beckett
"""Die Erde und ihre Bewohner"", Lipsia 1810-15, 5 volüm L'abreviasiù ""Zimmermann"" l'è dopràda per indicà Eberhard August Wilhelm von Zimmermann come autorità endele descrisiù e tasonomìe en zoologìa.",lombard,Eberhard August Wilhelm von Zimmermann
Napoli N) Il gran Cid (3.11.1775 Firenze P) Le due contesse (3.1.1776 Roma V) La disfatta di Dario (carn.1776,neapolitan,Giovanni Paisiello
"Ind la astrolojia ""siderala"", invece, se fa riferiment a la vera posizion del pont vernal, qe incœ l’è miga plu el prim pont de la costellazion de l’Ariet: donca le prevision i enn ligade a la vera posizion astronomega de le costellazion zodiacai.",lombard,Zodiac
"Al di d’incoeu, questa strada a l’è on tocch de l’autostrada russa M56 che la collega Magadan a Jakutsk e Skovorodino e de lì a tucc i alter part de la Russia.",lombard,Kolyma
L'inserimentu ri novi cumpusituri na Songwriters Hall of Fame si teni ogni annu.,sicilian,Songwriters Hall of Fame
Wikimedia Commons el gh'ha dent imagin o alter archivi su Kansai Wikivoyage el gh'ha dent Informazzion turisteghe su Kansai,lombard,Kansai
"Tutavia, osservazion faa da la Corea del Sud, fan capì che in realtaa in del vilagg gh'è staa de cà nissun.",lombard,Kijŏng-dong
"Ła sità ła xe conosìa come ""Cavedał del mexo altopian"", ""Cavedał Nasionał de ła łeteratura"" e ""Cavedał del Nord"".",venetian,Passo Fundo
"Nel 1953 fu mandato presso il dottor William Scoville, chirurgo al Hartford Hospital, per un trattamento.",standard,H.M.
"El g'ha fat viàs de stüde en Inghiltèra, Itàlia, Frància, Rusia e Svésia.",lombard,Eberhard August Wilhelm von Zimmermann
Nfatti nun era cunzideratu dâ la Crèsia Cattòlica e dô partitu Dimucrazzìa Cristiana.,sicilian,ArciGay
"Zamoyski, A. (2007) Rites of Peace.",lombard,Klemens von Metternich
"N'altra varietà xe el Thai, pì naturae nee forme.",venetian,Gato siameze
"In l’istess temp la Nathalie la ten cdi oncert de reclam:  el 15 de november a l'Auditorium de la RSI a Lugan (Svizzera), el 17d e november ai Magazin Sgenerai de Milan, el 29 de november a l'Auditorium Parch de la Musica de Roma.",lombard,Nathalie
Peterburg) Gli astrologi immaginari (14.2.1779 St.,neapolitan,Giovanni Paisiello
The fall of Napoleon & the Congress of Vienna.,lombard,Klemens von Metternich
"I Greci no i ło magnava, ma i Romani sì.",venetian,Asparagus officinalis
Sammy Cahn Lifetime Achievement Award: pi cantauturi ca annu fattu assai pi aumintari u successu ri canzuni.,sicilian,Songwriters Hall of Fame
"El primo zogo de la serie xe stà rilascià in zenàr 2023, disponibile su Steam par computer, e dopo anca par dispositivi mobili iOS e Android tra febràr e marso 2023.",venetian,Garten of Banban
"Giovanni Papanti, Parlari italiani in Certaldo, 1875, pagg.",lombard,Gall-Italich de Basilicada
"'E prencipale rivale suoje ncoppoa scala nazziunale erano 'e segnure d""a uerra d""o guvierno Beiyang, ca cuntrullavano Pecchino.",neapolitan,Kuomintang
"València, Tres i Quatre, 1981.",neapolitan,Joan Fuster
"Ruommolo istituette pure 'e Cumizzie Curiate, ca ereno 'a ggente ca avev""a cria' 'e llegge, 'e l'Augurie, ca ereno saciarduote ca rescefraveno 'a vuluntà d""e Dèje guardanno 'o vuolo 'e ll'aucielle.",neapolitan,Regno 'e Romma
"Joan Fuster i Ortells (Sueca, 23 'e nuvembre 1922 - Sueca, 21 'e giùgno 1992) fuje nu scrittore valenciano 'n lengua catalana.",neapolitan,Joan Fuster
"Ntô 1994 lu cantantei Sergio Schillaci scummigghiannu li sunuritati urientali dicidi di studiari lu dialettu marucchinu e li pircussioni àrabbi a Casablanca (Maroccu), cu lu sò bassista.",sicilian,Nni' lusinghi
"H.E.R., su MusicBrainz, MetaBrainz Foundation.",standard,H.E.R.
"È stato sviluppato per essere utilizzato negli stadi primari S-I ed S-IB dei Saturn I e Saturn IB, dove operava in un cluster di otto unità.",standard,H-1 (motore a razzo)
"Culonia - Doppu èssiri ricivutu aieri pi chiossai di 500.000 picciotti, oi lu Papa Binidittu XVI vìsita la Sinagoga di Culonia.",sicilian,Austu 2005
"L'è 'n grant aromàtica, e l'è munìda de 'n rizòma che rèsta al pél del teré, ramificàt e lignùs.",lombard,Tanacetum vulgare
È stato pubblicato su Internet il 27 novembre 2016.,standard,H&M: Come Together
"Ntô 1995 addivinìu vici-prisidenti di Libera, assuciazzioni anti-mafia funnata di don Luigi Ciotti, ntî chista vinni numinata prisidenti unuraria ntô 2005.",sicilian,Rita Borsellinu
"Un po' di storia, un po' di colore, un po' di poesia"", Pro-loco di San Giorgio a Cremano, 2001.",neapolitan,San Giorgio a Cremano
Na l’Arcidiocesi di Sarausa  si ni fa memoria lu 6 di sittèmmiru.,sicilian,San Zosimu viscuvu
El corespondente àlbun el ze G3: Live in Concert.,venetian,G3 (grupo muzicałe)
"Precedentemente satellite dell'Ermitage di San Pietroburgo, il museo ha tagliato i legami con l'Ermitage dopo l'invasione russa dell'Ucraina nel 2022.",standard,H'ART Amsterdam
"Il 18 giugno 2021 viene pubblicato il suo album in studio di debutto Back of My Mind, anticipato dal singolo Come Through in collaborazione con Chris Brown.",standard,H.E.R.
"West - cortometraggio (1914) Il paradiso perduto (The Lost Paradise), regia di J.",standard,H.B. Warner
– Centuspati di Toumey Agave utahensis Engelm.,sicilian,Agave
"Cofà le cheche, i corvi i à el vithio de portarse via ojeti slisi e lustri.",venetian,Corvus corax
"La parolla kawaii la vegn de la fras 顔映し kao hayushi, letteralment “la faccia la brilla”, on moeud figurativ per riferiss al devegnì ross in faccia per vergott de bell.",lombard,Kawaii
"Si stenne pe 25,708 km² 'e suprafiggie e tene  4.994.437 abetante (2013).",neapolitan,Sicilia
U gruppu rock ngrisi de Queen fu u primu gruppu a essìri misu ntô 2003.,sicilian,Songwriters Hall of Fame
"Treje juorne aroppo annunziaje 'a Spedizione d""o Nord pe scunfiggere 'e rivale 'e Pecchino e rriaunifecà 'o Pajese.",neapolitan,Kuomintang
"A càusa dâ cuncissioni di tempu li parramintari, n effetti, si ponnu attruvari nta uffici, ristoranti, pub o nigozzi ntê vicinanzi, e arcuni di sti lucali ponnu aviri na propia division bell cullijata a chiddi ca s’attròvanu dintra li cunfini dû Parramentu.",sicilian,Division Bell
"La ven coltivada come ona pianta ornamentàl a fior “sempliz” (varietàa “golden guinea e “ variegata”) o doppi (pleniflòra);  i foeuj hinn càduch, sempliz e gh’hànn on màrgin fàa a resega; i fior hinn giald, quèj sempliz gh’hànn cinch petali, el frutt l’è on acheni che’l gh’hà dent domà ona somenza.",lombard,Kerria japonica
Questo fu il primo modello di iMac a disporre dello slot mezzanine che consentiva l'espansione della macchina in particolare dal lato grafico grazie alla presenza sul mercato dell'epoca di schede grafiche Voodoo2 basate sul protocollo PCI.,standard,IMac
"I sicilioti s'accamparu a la fuci dû ciumi, a uccidenti, nfacciu a la citati di l'àutru latu a lu campu nimicu, e vicinu lu mari pi cummannari l'upirazzioni navali.",sicilian,Battagghia di Gela (405 a.C.)
"Ma dopo de la recerca a hinn catturaa de l'assassin, tal Maddox, che i ha legaa in d'on palazz, ma hinn salvaa de l'alter agent sospenduu del servizzi.",lombard,Kate Beckett
"In particolar modo si ispira a B.B. King, affermando di essere la sua maggiore influenza per quanto concerne l'utilizzo della chitarra.",standard,H.E.R.
"Sri Hariwansh Lal Poonja, chiamato ""Papaji“, Poonjaji o ""Leone di Lucknow“ (Gujranwala, 13 ottobre 1910 – Lucknow, 6 settembre 1997), è stato un saggio indiano della tradizione induista non-dualistica Advaita Vedānta e della pratica devozionale Bhakti.",standard,H.W.L. Poonja
Sta pratega la se ciama .,venetian,Agricultura
Ntô cursu dî sèculi la vigna e lu vinu foru sempri na prisenza custanti di stu tirritoriu.,sicilian,Santa Margarita (Girgenti)
"Lu nome, forsi, deriva de lu latinu ""domus novae"" (case nove).",sicilian,Nove te Galatina
L'è 'na piànta comestìbil e l'è doprada endèla resèta de l'empiöm dei Turtei amar del Castel.,lombard,Tanacetum balsamita
"Ntô 1610, Nicolò Placitu Branciforti, vidiannu ca c'era l'acqua appi a pinsata di funnaricci un paisi ca u chiamà Liunforti iardinu e funtana de ninfi A prima duminica di ottobri c'è a sagra de piarsichi.",sicilian,Liunforti
"Qella tabela qé la fa veder le diferenze qe g’enn intra el percors del Sol (tant’me se ‘l ved da la terra) a travers del zodiac astronomeg, qe al se basa su le costellazion reai, e a travers del zodiac astrolojeg, qe l’è basad invece noma su dei calcoi matemateg.",lombard,Zodiac
"Assegnato al 307th reggimento della 77ª Divisione di Fanteria, prestò servizio nel teatro di guerra del Pacifico, combattendo sulle isole di Leyte, Guam e Okinawa.",standard,Desmond Doss
"Naturalmente, essendo differenti i destinatari delle missive e il loro rapporto con lo scrittore di Providence, le sue opinioni erano espresse di volta in volta più o meno esplicitamente e più o meno approfonditamente.",standard,H.P. Lovecraft
"Ntô parramentu dû Novu Galles dû Sud, la division bell è elittrònica e sona n manera diversa pî vutazzioni di l'Assimbrea e dû Cunzigghiu.",sicilian,Division Bell
"In del 2009 l’ha dervid el concert d’on alter di sò grand idol, la Cristina Donà e l’è andada inanz con la collaborazzion 'me interpreter de dò canzon di colone sonore del film Trappola d'autore del Franco Salvia (2009) e de la serie televisiva Crimini (2010).",lombard,Nathalie
Spread Your Wings fu la prima canzuna dî Queen senza cori o armunìi vucali a èssiri pubbricata comu sìngulu.,sicilian,Spread Your Wings
Alfanu è situata ntâ zona dû retroterra muntanu dû Vasciu Cilentu.,sicilian,Dialettu cilintanu miridiunali
"Naturalmenti ci sunnu àutri festi riliggiusi a Mazzarinu, la Pasqua mazzarinisa ad esempiu, e ci sunnu anchi festi chi nun sunnu riliggiusi, comu lu carrivali mazzarinisi o a parata storica ppi Carlu Maria Carafa, principi di Mazzarinu da metà du Seicintu.",sicilian,Mazzarinu
"De coste 'lla chiesetta ave lu Conventinu de li Basiliani, ndu ncora se potenu vidire li resti de le stanziceddhre pe lli monaci.",sicilian,Nove te Galatina
"Ll'ucchiarone radio songo spisso ausate a cocchie, o int gruppe cchiù nummerose, pe attenè deametre ""vertuale"" pruporzzionale â luntananza nfra ll'ucchiarrone.",neapolitan,Ucchiarone
"Passanno 'o tiempo, 'o Casale avviaje a se stennere verzo 'o mare 'int'a zona chiammata ""Cambrano"", tanta â cagna' 'o nomme in ""Sàn Giorgio a Cambrano"", comme attestato già 'int'o 1334 asott'o regno 'e Carlo d'Angiò.",neapolitan,San Giorgio a Cremano
"Int'ô 1961, pero, Filumena fuje jettata d’’a 'o calannario 'e sante cattoliche, pecché 'e sscuperte  archeologgeche nun fuje cunsiderate na dimustrazzione justa ca na tale martire asisteva propeto.",neapolitan,Santa Filumena
"El se prezenta cofà n'ozel robusto cuert intieramente da pune de color moro co reflèsi metàłeghi che i va da'l vert smeraldo, a'l violet e a l'ìndaco.",venetian,Corvus corax
In caxo contrario pol esar omeso e el client provederà a conpletar sto canpo dell'URL cò el vałore stàndar asocià al protocoło indicà inte ła dimanda.,venetian,URL
Condivide co l'atuałe ceza ortodosa łe definision dei primi 7 conciłi ecumèneghi (dal concìlio de Nicea I al concìlio de Nicea II).,venetian,Cristianèzemo
Rita Borsellinu è spusata dû 1969 e havi tri figghi.,sicilian,Rita Borsellinu
"Te si come Stea, a Galzignan ghe jera on brigante ciamà Giovanni Stella, eło col conbinava calcosa el scapava su pai cołi, el zè da cuesto vien fora sta citasion.",venetian,Galzignan Terme
"‘N urìggini, foru tintativi di parti dâ Crèsia Rumana di ricunquistari la Terra Santa ê Musurmani.",sicilian,Cruciati
La studia a la Howard University e poeu a l'Hasting College of the Law de San Francisco.,lombard,Kamala Harris
"El riva a l'Inferno, el batt el Demoni e 'l salva tre tosann.",lombard,Kalevipoeg
"A ppartì dê anne sittanta s'è nniziato a mpiegà dint""a letteratura ngrese pure 'a trasfurmazzione 'ncarattire latine dô sestemma 'e trasleterazzione pinyin Guomindang, abbreviata dinto GMD, p'analogia cu 'a sigla tradeziunale KMT. Partito funnatore d""a Repubbreca 'e Cina, tene sede a Ttaipei.",neapolitan,Kuomintang
"Comaneci era 'a stella 'e ll'olimpiade do 1976 a Montréal, Québec; vincenno tre mmiddaglie d'oro, una d'argiento e una de bronzo.",neapolitan,Nadia Comaneci
"A dispetto dei deficit mnestici, H.M. mostrava abilità intatte nei test di intelligenza e mostrava capacità di linguaggio normali; indicando come alcune funzioni di memoria (magazzino a breve termine, vocabolario, fonemi...) non siano stati intaccati dall'intervento (Smith & Kosslyn, 2007; Corkin, 2002).",standard,H.M.
"Inte el protestantèzemo ła vien re-discoresta ła natura dei sacramenti, e zeneralmente i vien considarai sacraminti solché cuełi che inte el Novo Testamento i vien comandai esplegamente da parte de Jezù, o sia el batézemo e ła comunion.",venetian,Cristianèzemo
"La ruttura ccu la Crèsia Cattulica taliana fu grazzî a dui jurnalisti Jappelli Francu e Baldi Bartulumeu cca 'ntrembi travagghiavanu a lu jurnali di destra Il Borghese, ù cuari circavanu di 'ngannari ccu nu scandalu, ccu nu matrimuniu ntrâ dui òmu libbiri.",sicilian,ArciGay
"‘L gh’à ‘l còrp ischisàt, cioè l’è ólt e strécc tat de ès piàt piatènt compàgn de öna sfòia e quàndo l’vé grànt ‘l gh’à töi dù i ócc de la stèsa bànda del có, a drécia.",lombard,Platichthys flesus
"Â base c'erano ll'accussidditte ""Treje Prencipie d""o Populo"": ""Nnipennenza nazziunale"" (espulsione d""e aggressure straniere), ""Putere d""o populo"" (zoè demucrazzia) e ""Benessere d""o populo"" (reforma agraria).",neapolitan,Kuomintang
"Inte el isteso ano Kwame Nkrumah, che gavea studià in Inghiltera e se sera acorto del bisogno de un partio popolar, ga fondà el Partio de la Convention del Popolo.",venetian,Gana
simplex Agave americana L. – Centuspati Agave angustifolia Haw.,sicilian,Agave
El DNS xe invese el database che el contien ła corispondensa intrà nomi de host e indirisi IP necesaria par ła risołusion da uno all'altro indiriso e el sucesivo indirisamento-instradamènto del fluso dati dexiderà tramide el protocoło IP so ła rete Internet.,venetian,URL
"Inte le nostre xone, la migrasion la xe stada da le rejon del sud italia verso le rejon Piemonte/Veneto/Emilia e par contrastarla el goerno ghea meso xò on pian de bonifeghe de tere goernadive che le vegnea doparae par farghe agricultura.",venetian,Agricultura
"È nu puggilatu ""diciutu marziali"" chi pigghia 'n prèstitu a l'eriditati tècnica di lu guerrieru birmanu tutta la sò panoplia di stratiggìi.",sicilian,Puggilatu birmanu
I vichinghi dello spazio (Space Viking) è ambientato in questo periodo caotico.,standard,H. Beam Piper
"Giorgio Vecchio, Pittore, Tufarelli, Villaggio Corsicato, via Manzoni).Era na zona selvateca e poco abbetata.",neapolitan,San Giorgio a Cremano
"Entrambi i sistemi sono equipaggiati con una GPU PCI Express, nella fattispecie la Radeon X600 Pro per i primo modello e la Radeon X600XT per il secondo.",standard,IMac
"L'11 ottobre 2019 il singolo è stato pubblicato in formato 12"" in occasione della campagna Rocktober lanciata dalla Rhino Entertainment.",standard,Pull Me Under
Anche dal punto 'e vista termico 'a provincia pare essere una re' chiù fredde in inverno e chiù fresche d'estate.,neapolitan,Avellino
Altro cristograma doparà partindo dal III secoło el ze IHS.,venetian,Cristianèzemo
"Sta ê ppedementine d""o Vesuvio, è ogge parte 'ntegrante 'e ll'ammazzucato urbano d""a cità 'e Napule, ed è cullegato a chesta d""a ferruvia Circumvesuviana.",neapolitan,San Giorgio a Cremano
"Verso la fine del 1962, sempre in casa Wyatt, iniziano le prime registrazioni di quello che è il primo nucleo del gruppo, vi partecipano i due Hopper, Brian alla chitarra e al sax, Hugh al basso, Wyatt alla batteria e Ratledge al piano.",standard,Scena di Canterbury
Co el angeo (ciamà anca vecia) del campanie del paese el ze rivolto verso ea Calabria da jonri ea piova ea ze visina.,venetian,Galzignan Terme
"E durante la lunga assenza di Papà, inviato in rappresentanza del Circolo Esploratori di New York alla spedizione di Peary per la conquista del polo nord, a Mamma capita di salvare un neonato di cui una giovane ragazza di colore di nome Sarah ha cercato di liberarsi, decidendo impulsivamente di accogliere quei due sventurati in casa.",standard,Ragtime (romanzo)
"Siccomi i notizii sunnu quasi i stissi, è assai facili capìri ca u Santu è unu sulu e martiri a Terni, picchì chiddu rumanu è sulu un ricordu di na Cresia ‘ntitulata a iddu.",sicilian,San Valintinu
Inte'l 2005 el ga partesipà a'l video muzegałe de'l wrestler John Cena Bad Bad Man.,venetian,Gary Coleman
"Joe Berkowitz di Fast Company ha dichiarato: ""I doni di Anderson per la composizione e per vedere il mondo attraverso gli occhi dei bambini si traducono anche nel suo lavoro pubblicitario. Siamo stati qui prima, ma qui ci piace.""",standard,H&M: Come Together
Havi na para di qualitati pusitivi: Havi nu nùmmaru limitatu di funemi.,sicilian,Lingua franca nova
Il modello Core i7 ha una AMD Radeon HD da 1GB.,standard,IMac
"Fallòppia o Fallòppio, Gabrièlesapere.it, De Agostini.",venetian,Gabriele Falloppio
El persegaro o persegher (Prunus persica (L.) Batsch) el ze na spece de ła fameja Rosaceae che el produze on fruto comestìbiłe ciamà pèrsego.,venetian,Prunus persica
"'E ccanzone 'int'â lengua siciliana songo: Com'u ventu, Carizzi r'amuri, Disiu, Ciumara, e Occhi chi nascinu Best of Agricantus - 1999.",neapolitan,Agricantus
"In quell articol chì doperaremm la grafia piemontesa (a la qual remandom), cont i segn speciai amess per podè marcà ben i variant locai.",lombard,Kje
"La permanenza di Lovecraft a New York venne funestata da problemi economici, poiché i suoi sforzi per trovare lavoro furono inutili e costrinsero la moglie, che nel frattempo aveva visto fallire la propria attività commerciale, a spostarsi a Cleveland alla ricerca di un impiego.",standard,H.P. Lovecraft
"A la fin el Castle el ghe dis che 'l pader l'ha spostaa el corp in la sò giurisdizion per doperà lu 'me esca de informazion, ma lee, contrariament a la sò tipica freddezza, el ghe dis che forsi l'ha faa per stà con lu e fàj indagà.",lombard,Kate Beckett
Certuni penzano puru che Prutone nun è nu chianeta.,neapolitan,Sedna
'A chistu mumento isso sustenette 'a rivuluzzione e sagliette 'a 'mpresso dint'a gerarchìa militare.,neapolitan,Napoleone Bonaparte
A Festa è u 14 Frivaru.,sicilian,San Valintinu
"La prima struttura ave dd'essere de lu seculu XV; fue rifatta poi u seculu dopu, e n'addhra fiata ne u seculu XVII, 'ntorna ne u 1857 e l'urtima fiata ne u 1901.",sicilian,Nove te Galatina
"- Grande Enciclopedia dell'Opera Lirica - Longanesi & C. Periodici Paolo Patrizi, MARI, Elvira, in Dizionario biografico degli italiani, vol. 70, Roma, Istituto dell'Enciclopedia Italiana, 2008.",standard,Elvira Casazza
"In particolar la strada la passava in la frazzion de San Martin, un temp ciamada Ad Octavum, perchè lì la gh'era la preja miliara numer vot de la strada, che la segnava el mia numer vot.",lombard,Medija
"Inte i stati parlamentari el gabineto el decide in magnera cołejałe ła pułìtega e ła diresion del goerno, sora de tuto in rełasion a ła lejislasion aprovada dal parlamento; o sia, i costituise, insieme, el podere ezecutivo de ła nasion.",venetian,Gabineto de goerno
"I suoi primi romanzi di fantascienza furono invece pubblicati in volume nel 1957 e 1958; si tratta rispettivamente di Crisi nel 2140 (Crisis in 2140; inizialmente pubblicato a puntate su Astounding nel 1953) e A Planet for Texans (apparso originariamente nella rivista Fantastic Universe, 1957); entrambi i romanzi, caratterizzati da una trama molto avventurosa, furono scritti con John J. McGuire.",standard,H. Beam Piper
Chesta usanza fuje supressa 'int'o 1867.,neapolitan,San Giorgio a Cremano
En Gabon se parla francese.,venetian,Gabon
"A Piazza San Giovanni: introduzion a la canzon che la vegn dopo, a l'è cantada de l'Eugenio Finardi.",lombard,L'Album Biango
"Defad, in passad, la frazzion de San Martin la se ciamava Octavum, per la preja miliara numer vot de la strada romana, che incoeu l'è la Paulles.",lombard,Medija
"Quand i Batav hinn rivaa lì, lor hinn saltaa foeura di bosch e hann travòlt i nemis.",lombard,Battaja de Idistavis
L'aggenti H1N1 anu causati all'incirca a mitati di tutti l'infizzioni umani nta lu 2006.,sicilian,Nfluenza A suttatipu H1N1
"Nel 1996 fu tratto un musical con titolo omonimo, con adattamento ad opera di Terrence McNally, per la regia di Frank Galati.",standard,Ragtime (romanzo)
"Egli incoraggiò Poonjaji di trovare quello che visse la visione di Dio, perché l'Uno (la consapevolezza) non va e viene.",standard,H.W.L. Poonja
"'A fore 'e chesto, pe tutt'o 1600 e 1700, 'e primme sperimentazioni fureno fatte ind'a Ngreterra e Germania, ma se trattava 'e carri 'e ligname ngoppa 'a binari 'e ligname, traspurtate d'e cavalli a servizio d'e miniere.",neapolitan,Ferruvia
"In Scandinavia nei primi mesi del 2005 e in Svezia nel 2006, viene registrata la prima canzone del nuovo album.",standard,H-Blockx
"Quando se more in tante maniere, al zugador ghe vien dà na letra a caso prima de rinàcer in un certo punto del zogo.",venetian,Garten of Banban
Nta lu 1918 a infruenza a statu a causa di nu nummiru assai àutu di morti.,sicilian,Nfluenza A suttatipu H1N1
Chesta approsimazzione è comunque grossulana poichè nun tiene in ucnto a' massa che se trasforma in energia 'e leganme dd'ê nuclei atomici (in base a' nota equiazzione 'e Einstein E=mc2).,neapolitan,Unità e' massa atomeca
"Tendenza al desvilupp di vocai prostetegh VECINU -> [aw'ziŋ] (cf. pms. avzin, [aw'ziŋ]).",lombard,Kje
"'A puliteca estera franzesa mmo addeventaje n'ammuina p""a ""dipromazzia secreta"" 'e Luigge e d""e aggente suoje ca a vvota a vvota persequitajeno dint'a ll'ate paise obbiettive 'n cunflitto cu chille d""e meniste suoje.",neapolitan,Luigge XV 'e Franza
"Lo studio di questo paziente, fino alla fine degli anni cinquanta, ha permesso lo sviluppo di una serie di teorie circa il collegamento esistente tra funzionamento anatomo-fisiologico del cervello e memoria nel contesto della neuropsicologia.",standard,H.M.
"Intant el Castle, per la tension, la ghe dis che l'è ora de andà on poo in gir per el mond a possàss, e che la sarà per pocch temp capitana perchè 'l andarà pussee innanz, e lee 'l ghe pensa su.",lombard,Kate Beckett
"Circunnata di ficudinnia, vigni e alivi, ca cummìgghianu li cianchi dû sò tirritoriu cullinari e ìnnicanu ca n’attruvamu nta una dî zoni dâ Sicilia ca prudùcinu vini e ogghi priggiati, Santa Margarita è un centru privalentimenti agrìculu.",sicilian,Santa Margarita (Girgenti)
"El studioso de toponomàstega Dante Olivieri, el dize che el nome del común, el vien fora dal nome latìn de na anéma ciamà Gallicinus co sufiso -anu.",venetian,Galzignan Terme
"Inte'l 2003 vien fora el novo e atezo film, Ricordati di me, che otien anca st'altro un otimo riscontro (10 milion de euro, dati Cinetel).",venetian,Gabriele Muccino
"El ze stà conosùo par el roło de Arnold Jackson inte'l tełefilm Il mio amico Arnold (Diff'rent Strokes), trazmeso inte i Stati Unìi da'l 1978 a'l 1986.",venetian,Gary Coleman
"Kurów a l'è un paesot qe al se trœva ind el Sud-Est de la Polonia, posizionad intra Puławy e Lublin, sul fium Kurówka.",lombard,Kurów
"L'ültem a rià l'è stáa 'l Norbert Rier, e l'è stáa propi lü che l'ha fáa divegnì la banda famusa in tüt el mund.",lombard,Kastelruther Spatzen
"Banban no se monta su l'ascensor, e el protagonista lo baja.",venetian,Garten of Banban
Ma quand che lu el riva in Ferrari cont di donn lee la dis nagott.,lombard,Kate Beckett
"Nel 1999, la band è presente nella compilation WWF The Music, Vol. 4 con la canzone ""Oh Hell Yeah"".",standard,H-Blockx
"Di nu puntu di vista stratèggicu, e p'èssiri facirmenti arricurdatu, nu nzemi di principi è dicritatu.",sicilian,Puggilatu birmanu
"Al so ritorno el se sentiva pronto a reałizar el so primo film, el se revolze al produtor Domenico Procacci, proponendoghe el copion deIo e Giulia.",venetian,Gabriele Muccino
Passagg de Ū tonega latina a [y]: FUMU -> [fym] (cf. pms. fum [fym]).,lombard,Kje
"Intant che fann finta de decid chi mazzà Castle el ciappa 'na leva e  butta giò l'organizzator e pocch dopo riven i SWAT, dopo che la Alexis l'ha capii indova eren.",lombard,Kate Beckett
"All'inizio d' 'o 1900 'o parroco Pannico vulette fà comme 'a prucissione 'e San Gennaro ca n'ata vota ogge, tra abbrile e maggio, vene realizzata purtanno mmerzo 50 statue 'e atre sante venerate a Napule.",neapolitan,San Giorgio a Cremano
"St’episòdica justificazzioni, ‘n risposta a n’espressu quisitu dî Cavaleri timplari, nun assumìu tuttavia lu carattiri di justificazzioni giniralizzata di chidda ca fu, ‘n effetti, na campagna pâ ripigghiata d’Antiochia.",sicilian,Cruciati
"El tour de'l 2012 el ze inisià in Austrałia e Nova Zełanda co Joe Satriani, Steve Vai e Steve Lukather.",venetian,G3 (grupo muzicałe)
"'O 16:9 (sirece-nove, o sinò sirece-a-nnove o pure jenn bbuona 'a prununzia sirece-pe-nove) è o' furmato r'o schermo r'e ttelevisione e ll'urdema generazzione; 'e vvote se fa' chiammà pure Widescreen o Schermo-Panurameco.",neapolitan,16:9
Dalla koinè alto-italiana delle Origini alla lingua cortegiana,lombard,Koinè lombarda medieval
Legaserieb.it Archivià il 18 de febraro 2013 in Archive.is.,venetian,Andrea Cano
"Nell'ipotesi peggiore, invece, gli attriti sociali sarebbero sfociati in azioni violente e da lì probabilmente nel comunismo.",standard,H.P. Lovecraft
"Rita Borsellinu (o Rita Borsellino) (Palermu, 2 di giugnu 1945) è na donna pulìtica siciliana.",sicilian,Rita Borsellinu
Le 11 vittorie conseguite volando sul Sopwith Pup lo resero l'asso dei piloti che usavano questo tipo di caccia.,standard,Joseph Fall
"La fiorìss de metà primavera, di vòlt anca a la fin de l’estaa con pòch fior.",lombard,Kerria japonica
"El Ghana confina con la Costa d'Avorio a ovest, el Burkina Faso a nord, el Togo a est e xe bagnà da l’Oxeano Atlantico a sud.",venetian,Gana
"Fuje colpita d’’o terremoto d’’o 1980, 'nzieme a tantissime cità d’’a pruvincia soja.",neapolitan,Avellino
"La pupart di volt a l’è scrivuu cont el sillabari hiragana, e donca かわいい, ma la gh’è anca la scrittura 可愛い cont i caratter (kanji) domà scernii per la parnonzia e minga per el signifegaa (on process ciamaa ateji).",lombard,Kawaii
"Finna al 1994 la andava finna a la miniera #5, l'è stada sarada dopo che han robaa el fil de alimentazion.",lombard,Tranvia de Volčansk
"Inte el zugno del 2007 dopo 4 ani de fermàda, fa insìr el singoło Aspettavamo il 2000, un antìçipo de queło che vien distribuìo l'ano drìo.",venetian,Luca Barbarossa
"L'à stat oservà cofà che i croat i sipie boni de senjarghe a predatori cofà lof, volp o ors la prezentha de prede par far sì che el carnìvoro el le cope e łuri i pose manjar le vanthadure.",venetian,Corvus corax
S'attiva suprattuttu â scurata e câ notti.,sicilian,Panthera onca
"Anca la Wikipedia giapponesa la gh’ha ona mascotte kawaii, la Wikipe-tan",lombard,Kawaii
"Nell'alfabeto latino la H invece mantenne il suo valore fonetico originario /h/ ed era chiamata HA /ha:/, la sua pronuncia costante persistette almeno fino al 5º secolo, ed i digramma CH, PH e TH vennero usati per indicare consonanti occlusive aspirate importate dal Greco.",standard,H
"Acerra tené na stazzjona d""o trèno.",neapolitan,Acerra
"In Dezembru 1797, al vegniva scernii pai cunt da Vestfalia in tant che representant al Congress da Rastatt, dond al restava finn a l’an 1799.",lombard,Klemens von Metternich
"'O prencipio d’’a carriera soja, era sulo nu musicista ca sunava 'a fisarmonica.",neapolitan,Eduardo De Crescenzo
"Stallman el suxerise che el se pronusie, in inglexe, come ""ghn-noo"" (se pol oservar che el łogo el xe no gniu) pa evitar confusion co ""new"" (novo).",venetian,GNU
Lee però el ghe respond che luu a l'è semper staa onest e che insemma a lee 'l pò tornà a vessél.,lombard,Kate Beckett
"Fürst von Metternich Vin spümant Castle Kynžvart (Königswart) in Western Bohemia - La residenza da von Metternich cun di culezion, issa verta al pübligh",lombard,Klemens von Metternich
"H.264 è protetto da vari brevetti la cui licenza è amministrata dall'azienda MPEG LA, l'uso commerciale delle tecnologie brevettate H.264 richiede quindi il pagamento di royalties.",standard,H.264
"In tal modo, la TNA posizionò Impact! in diretta concorrenza con il programma di punta della World Wrestling Entertainment Raw.",standard,New Monday Night War
"A seguito del singolo estratto Pigment, numerose riviste inseriscono la cantautrice nella lista di artisti R&B da ascoltare e conoscere nel 2017, tra cui Rolling Stone Magazine e Forbes.",standard,H.E.R.
"Tra i membri fondatori i due cugini Dave e Richard Sinclair, che in seguito lasceranno il gruppo e collaboreranno con altre band di Canterbury.",standard,Scena di Canterbury
El toch l’ha debutad al prim post de la classifica FIMI.,lombard,Nathalie
"I simboi plussee antig tant’me ‘l Tor, el Scorpion, el Leon e l’Aquare, i indicaven i quadrants del ciel qe i corespondiven ai equinoze e ai solstize insì tant’me i eren posizionads ind l'Era del Tor (IV-III millenni a.",lombard,Zodiac
"Destinato ad equipaggiare i reparti della Latvijas Gaisa spēki, l'aeronautica militare della Lettonia, non venne adeguatamente sviluppato a causa dell'annessione della nazione all'Unione Sovietica.",standard,VEF I-16
"La lettera deriva dalla heth fenicia, che indicava un'aspirazione, forse [ħ] : la sua forma rappresentava probabilmente un recinto chiuso.",standard,H
"H.E.A.T, su MusicBrainz, MetaBrainz Foundation.",standard,H.E.A.T
La Rivolusion Farroupilha quasi causa la scomparsa de Passo Fundo.,venetian,Passo Fundo
Quando i xe andà indrio i ga volesto i loro diriti e la tension tra i colonialisti e i ghaneani ga cressesto.,venetian,Gana
Mazzarinu è unu di li centri stòrici cchiù ntirissanti dâ Sicilia e havi nu mpiantu urbanìsticu chi è datàbbili ô ‘700.,sicilian,Mazzarinu
Volchansk – the smallest Russian town with tram,lombard,Tranvia de Volčansk
"IMP·C·IVLIVS·CAESAR·DIVVS  - ;; Roma, 13 de lujo 100 a.",venetian,Gaio Giulio Cesare
Lu panel tècnicu di lu cummattenti è tantu largu e li cumpurtamenti si ispìranu a l'àutri pràtichi di cummattimentu di la Birmania.,sicilian,Puggilatu birmanu
"A ppartì dâ leadership 'e Ma Ying-jeou dint""o 2008 se sonno apprufunnite 'e cuntatte cu 'o guvierno cummunista 'e Pecchino, cu ll'intenzione 'e ppurtà chiano a na recunziliazione. 'A traslitterazzione 'ncarattire latine d""o tèrmene, pratecata nnanzetutto dô partito stesso è Kuomintang, basata ncopp""a trascrizione d""a prununzia cinese secunno 'o sestemma Wade-Giles.",neapolitan,Kuomintang
"Qell pont qé l’è ciamad vernal o anca prim pont de l'Ariet opura pont gamma, e l’è indov i pianets e ‘l Sol i cominçen el percors su l'eclitega qe ‘l se desvilupa ind el emisfer boreal (nord) de la Terra.",lombard,Zodiac
"Questi ultimi, noti da un certo momento in poi col nome di National Health, furono quelli più direttamente legati alla tradizione dei Soft Machine ed hanno all'attivo collaborazioni sia di Wyatt che di Phil Miller dei Matching Mole.",standard,Scena di Canterbury
Tra el 1431 e a'l 1442 el paes al cata i dreits de citaa grazia a la lej de Magdeburg.,lombard,Kurów
Spesso i personaggi sono soggetti all'influenza compulsiva di potenti esseri malevoli o indifferenti.,standard,H.P. Lovecraft
Spisse s'ausa pè fermà ò terreno e pò frisco.,neapolitan,Cazzipocchio
"L'orìggini è antica assai e va rifacènnusi a l'antichi greci ca dicìanu ""bastazo"" pi diri purtari quacchi cosa supra li spaddi.",sicilian,Bastasu
"Lu votu di scànciu pò manifistàrisi nta nu rapportu direttu ntra lu pulìticu e l'elitturi a scànciu di sordi o di na raccumannazzioni pi nu postu di travagghiu, senza èssiri prisenti nuddu ntiressi di urganizzazioni mafiusi.",sicilian,Votu di scànciu
"Le do intersezion del zodiac cont el pian equatorial cosmeg, qe le se ciamaven ""pont gamma"" e ""pont omega"", le corrispondiven ai equinoze, e i dé quand el Sol al se trovava lé, de spess i eren catads fœra per vesser i prim dé de l’ann (capodann).",lombard,Zodiac
Sun Yat-Sen fuje 'o presiriento pruvvisorio.,neapolitan,Kuomintang
Stanu conservate puru le reliquie de l'abitu e de lu velu de la Madonna.,sicilian,Nove te Galatina
Un sadhu gli apparve vicino alla porta e Poonjaji lo invitò ad entrare rivolgendogli le stesse domande già fatte a diversi saggi in tutta l'India. “Mi può far vedere Dio?,standard,H.W.L. Poonja
"Dint'a chiste anne 'o musicista Ludwig Van Beethoven dedica 'o ggiovane generale repubblicano 'a sinfunia nummero 3, l'Eroica ma doppo nu poco 'e tiempo 'o compositore ritiraje 'a dedica quanno Napuliòne addiventaje 'mperatore.",neapolitan,Napoleone Bonaparte
"Al culmine del so poter, intel 46 a.",venetian,Gaio Giulio Cesare
"Pocu rimane de la struttura antica, vistu ca, 'ntornu ll'Ottucentu tuttu u ppalazzu fue trasfurmatu a na mmasseria. A torre medievale, ca ste inciu u sciardinu rretu u castellu baronale, servìa comu avvistamentu e difesa. A torre tene pianta quandrangulare, tene do' piani ca rrivanu alli  10 metri de altezza.",sicilian,Nove te Galatina
Venezia SM) Sismano nel Mogol (carn.1773,neapolitan,Giovanni Paisiello
Li vìppiti cu na cuncintrazzioni di cchiù assai dû 50% d'itanolu pi vulumi sunu lìquida nciammabbili e s'addùmunu fàcili fàcili.,sicilian,Alcool
"'O 16 'e majo, venette fatta a Milano ll'Amministrazzione Generale d’’a Lumbardia addò 'nce stevano sia francisi ca  cert'illuministe filo-francise 'e Milano comme Pietro e Alessandro Verri, Gian Galeazzo Serbelloni e Francesco Melzi d'Eril.",neapolitan,Napoleone Bonaparte
"Nta lu giugnu 2009, l'Urganizzazzioni Mundiali dâ saluti addichiarau ca na nova infruenza duvuta a nu novu aggenti d'uriggini suina ciamatu H1N1 avissi a statu rispunsabbili dâ pandimìa univirsali dô 2009.",sicilian,Nfluenza A suttatipu H1N1
"Senegal – Abdoulaye Wade, presidente.",venetian,G8 del 2009
"L'HTV-X sarà costituito da tre moduli: uno pressurizzato di lunghezza non superiore a 3,5 m con l'aggiunta di un portello laterale per consentire di caricare anche se posto sul razzo; un modulo di servizio centrale lungo 2,7 m con due pannelli solare dalla potenza di 1 kW, rispetto agli 0,2 kW sull'HTV, oltre a delle batterie da 3 kW invece di 2 kW; il terzo modulo è di carico non pressurizzato, della lunghezza di 3,8 m permettendo di espandere ulteriormente le capacità della navetta.",standard,H-II Transfer Vehicle
"Ancistrarmenti, l'uppusizzioni è addiriggiuta di dui àrbitri e si svolgi nta nu cerchiu unni ogni furma di pircussioni e di pruiezzioni è auturizzata.",sicilian,Puggilatu birmanu
"Doppu la rivoluzzioni cupirnicana, la Terra fu cunsidirata comu nu pianeta comu l'àutri.",sicilian,Pianeta
È quasce tonna é mesura 1 x 3 cm.,neapolitan,Uva e sèrpa
"Eberhard August Wilhelm von Zimmermann (Uelzen, 17 de óst del 1743 – Braunschweig, 4 de löi del 1815) l'è stat en geògrafo e zoòlogo todèsch.",lombard,Eberhard August Wilhelm von Zimmermann
La citaa l'è fiorida grazia a un gross deposit de minerai int i montagne vexine.,lombard,Katowice
"Sturicamenti, li Cruciati foru na serî di campagni militari, tipicamenti sanciuti dû papatu, ca si svurseru di l'XI a lu XIII sèculu.",sicilian,Cruciati
"Nò locu da sapurtura i Cristiani ficiru un Oratoriu e sutta terra, vicinu o sapurcu du Santu, i fideli si facianu tumulari pi essiri vicini o Santu viscuvu e martiri.",sicilian,San Valintinu
1 (luglio 2006); The Sensational Spider-Man (seconda serie) n.,standard,H.E.R.B.I.E.
"Pe' 'a primma vota 'ncuntraje a Beatrice, secunno quanto isso stisso dice dinto a la Vita Nova, dinto a lo 1274. Chesta era la figlia de Folco Portinari ca po' s'avarria maretata cu Simone de' Bardi.",neapolitan,Dante Alighieri
Viene distribuito con la suite Apple iLife '08.,standard,IMac
El pronomm clitegh de la terza persona singolar l'è o.,lombard,Kje
"El film otien un ecesionałe incaso al boteghino, 13 milion de euro (dati Cinetel) e resta inte łe sałe sinematogràfeghe par sìe mezi, un evento a'l cuało el sìnema italiano da tenpo no'l asisteva.",venetian,Gabriele Muccino
"Si tròvanu numarusi azzioni spittaculari particularmenti li tècnichi vulanti (càuciu 'n volu, corpu di ginocchiu e di gùvitu 'n volu), e tècnichi 'n marcia di scala (càuciu e corpu di ginocchiu).",sicilian,Puggilatu birmanu
"La costituzion taiwanesa dis che la Republega de Cina l'è sovrana de: La Republega de Tuva, in Russia.",lombard,Taiwan
"5. che contiene la storia del vicariato di Brendola, e delle ville al medesimo soggette Tom.",venetian,Gaetano Maccà
"Comu si diciva prima, Mazzarinu è un paisi antichìssimu, e prima si chiamava Grassulliatu, e si truvava di na zona diversa di dunna si trova ora, di Grassuliatu nun arristau nenti tranni quarchi petra dû vecchiu casteddu chi ancora si pò vìdiri.",sicilian,Mazzarinu
Il trasferimento ebbe luogo nel 1960.,standard,H-1 (motore a razzo)
"La serie iMac viene aggiornata sotto il punto di vista tecnico e, dopo tre anni, anche dal punto di vista estetico.",standard,IMac
"Ll'ucchiarone radio songo antegne radio ca, ô pari d’’e specche 'e ll'ucchiaroni cs fatecano in acchiario, focalizzano 'a radiazzione, amprefecannola, int’’o fuoco giumetreco 'e ll'antegna addò è puosto 'o detector ca arreccoglie 'o signale radio.",neapolitan,Ucchiarone
"L'economia d""o cumune se basa 'ncopp'ò cummercio.",neapolitan,San Giuseppe Vesuviano
"I pensea che Jezù no el fuse fiołio de Dio, ma bastansa un omo cofà chełi altri ma profeta.",venetian,Cristianèzemo
"A bon cunt, per la pupart de la vita, la part Baggins l'ha faa de padron, e 'l Bilbo a l'è restaa bell tranquill in de la Contea: e proppi per quest a l'era consideraa rispettabil de tucc i sò amis e parent.",lombard,Bilbo Baggins
"Xe interesà i comuni de Simadolmo, Ormełe, San Poło de Piave, Ponte de Piave, Oderso, Breda de Piave, Maserada, Vasoła.",venetian,Asparagus officinalis
"De fatt quell territòri chì l'è staa dominaa a longh di Marches del Monferraa, che ai temp di Normann eren anca signor del Golf de Policaster.",lombard,Gall-Italich de Basilicada
Roccu Siffredi è cunzidiratu unu dî megghiu atturi a luci russi.,sicilian,Roccu Siffredi
"Un contratto per lo sviluppo venne firmato il 15 agosto 1958 e, per l'inizio del 1959, il nome del nuovo lanciatore fu cambiato da Jupiter a Saturn, riferendosi alla successione del pianeta dopo Giove, essendo Jupiter il design precedente dell'ABMA.",standard,H-1 (motore a razzo)
"Ll'ucchiarone aumientano 'a grannezza parente 'e ll'oggette, nzieme â lloro lummenusità.",neapolitan,Ucchiarone
"Ntâ tiorìa fussi mpussìbbili sapiri si lu cristianu elitturi vutau pô pulìticu o pô partitu pulìticu pri cui avìa a vutari, grazzi a lu votu sicretu, ma ntâ rialitati di mètuti ci nni sù tanti, spiciarmenti grazzi a la prifirenza, unni si scrivi lu nomu dû canditatu o la cruci ca si menti supra lu sìmmulu nta na manera ca fussi ricanuscìbbili a lu scrutaturi.",sicilian,Votu di scànciu
"Gabriella PessionAllMovie, All Media Network.",venetian,Gabriella Pession
"Napoli N) La Zelmira, o sia La marina del Granatello (sum.1770",neapolitan,Giovanni Paisiello
"In base a recerche 'e mmò archeoliggiche pussibbelmente funnata d' 'e Ausoni, e fuje chiammata Akeru (Acerrae è 'o nomme latino),e facette cchiù tarde parte d' 'a Dodecapoli osca o etrusa d' 'a Campania.",neapolitan,Acerra
"Tutta li virus d'anfruenza A cuntènunu emagglutinina e neuraminiddasi, ma li strutturi di sti prutiini s'addifirisciunu na currenti cu l'autra pi li mutazzioni ginetichi rapidi nta lu ginoma virali.",sicilian,Nfluenza A suttatipu H1N1
"Stu iener ié canusciut specialment pe duie specie giappunese attaccate ùu folclore e àa culture tradizionale ru Giappon, ca i chiamene îndistintament hotaru (蛍).",neapolitan,Cucce-mannèdde
L'attacch el fonziona in sul four-way handshake del WPA2 doperaa per stabilì on nonce.,lombard,KRACK
Quella che podom vedé incoeu l'è el resultad de un'insema de lavorà fad in tra el secol XVII e XIX.,lombard,Medija
Metternich al temperava anca la pagüra d'una ditadüra Rüssa prumuvent ul principi d'azion cuncurdada segund i interess internazionaj.,lombard,Klemens von Metternich
"'A famiglia Bonaparte ca pure have stato d’’a parte 'e Paoli quanno 'nce steva 'a revota cuntro a Genova e contro a ll'armate 'e Luigge XV, chesta vota se schieraje cu 'e francise.",neapolitan,Napoleone Bonaparte
Li Titane songo dùrece criature ’e Cielo e Terra.,neapolitan,Saturno (dio)
"'E primme apparizzione 'e facette cumme cantante 'e chalet, dinte 'a Villa Cumunale.",neapolitan,Eduardo De Crescenzo
"Semper in de l’istess ann l’ha vinciud anca la sesta edizzion del MArteLive de Roma cont on toch che 'l diventarà veouna di sò canzon pussee importante, L'alba.",lombard,Nathalie
In del 1252 l'ha ciappaa i diritt civij.,lombard,Klagenfurt am Wörthersee
N sicilianu l'alcool usatu nta midicina si chiama spiritu.,sicilian,Alcool
"La ven coltivada per fin ornamentàj, in di parch e i giardìn a fa su si sces oppur di grupp in deperlór, etcetera.",lombard,Kerria japonica
Nò IV seculu fu custruita na Basilica; distrutta nò VI seculu e ricostruita un seculu doppu.,sicilian,San Valintinu
El ga studià da autodidata anca se po'l ga frecuentà łe Università dei Studi de Padoa (indove el ga seguìo łe łesion de Realdo Colombo) e de Ferrara e el xe stà arlevo de Giovanni Battista Monte.,venetian,Gabriele Falloppio
"H.P. Lovecraft / H.P. Lovecraft (altra versione), su Discogs, Zink Media.",standard,H.P. Lovecraft
"Mèdego risercà, el ga avesto na estexa clienteła che ło ciamava a consulto da ogni parte de Itałia: in tal senso el xe anca ricordà par aver curà e guarìo Paolo Manuzio.",venetian,Gabriele Falloppio
Èrva mediterranea (zzòna de la gliva).,neapolitan,Uva e sèrpa
"'O diametro è di circa 995 chilometre, vene a dicere cchiù granne 'e tutte ll'astiroide.",neapolitan,Sedna
"'E casse d’’o Stato venettene risanate d""e cunquiste d’’a uerra e d’’a funnazzìone d’’a Banca 'e Franza.",neapolitan,Napoleone Bonaparte
"Hunter Patrol (1959, con John J. McGuire) (1959) L'ultimo nemico (Last Enemy, 1950), romanzo breve.",standard,H. Beam Piper
"Lee però la gh'ha, denanz de la soa scrivania, on'inluminazion, e la derva la statoetta di elefant de la sò mamma, e dent a gh'è effettivament la cassetta che, scoltada, la da a la polizia i proeuv che 'l Bracken l'è inzigaa in d'on quaj omicidi, anca quell de la madre de la Beckett.",lombard,Kate Beckett
Nel 1999 il gruppo scrive la colonna sonora del film tedesco Bang Boom Bang!,standard,H-Blockx
"(Pasquale Cinquegrana, 1899, interpretata per la prima volta da Gennaro Pasquariello) 'E violette (Raffaele Ferraro Correra, 1899) 'O vizio 'e Teresina (Alfonso Fiordelisi, 1899) Song'ommo... mo! (Francesco Feola, 1899) 'A cura 'e mammà (Pasquale Cinquegrana, 1900) Jett' 'o bbeleno, duetto (C.O.",neapolitan,Giuseppe De Gregorio
"La configurazione di base, nota come Mixed Logistics Carrier, era composta di un segmento pressurizzato e di uno non pressurizzato.",standard,H-II Transfer Vehicle
"El pi de èxito de sti chi el xe stà Cygnus Solutions, deso parte de Red Hat.",venetian,GNU
"Ô 1997 vencettero 'o PIM (Premio Taliano d'd'a Museca, pe taliano: Premio Italiano della Musica) Gnanzú - 1993.",neapolitan,Agricantus
"Se troeuven poeu a indagà in d'on cas che i vittim i eren di omen che somejaven assee a vun di detective, Esposito, e a la dottora legala de la Polizia, Lanie Parish.",lombard,Kate Beckett
L'à na łonghetha che la va da i 56 a i 69 cm e na vertura alar de 130 cm.,venetian,Corvus corax
"Il combustibile utilizzato, il trietilalluminio (TEA), veniva fornito in forma di cubi provvisti di un diaframma che bruciava quando il flusso di propellente nell'iniettore raggiungeva un determinato livello.",standard,H-1 (motore a razzo)
Whitman divenne in seguito governatore dello Stato.,standard,Ragtime (romanzo)
"Dintô 2003, pubbricaje 'o primmo libbro sujo, Lettere a 'na Ginnasta Giovine.",neapolitan,Nadia Comaneci
"Moore del 19 giugno 1936 Lovecraft descrive quelli che secondo lui sono gli errori del ""comunismo marxiano ortodosso"": la fallacia della filosofia proposta (""si affida a valori falsi e artificiali, postula legami e interazioni inesistenti fra campi molto diversi dell'attività umana""), il fatto di voler applicare ""obiettivi estremi e mondiali"" indistintamente a etnie e culture differenti e l'incoraggiare metodi ""violenti, illiberali, arbitrari, intellettualmente disonesti e irresponsabilmente distruttivi"".",standard,H.P. Lovecraft
"Cu 'e reste nc'era na cullezione 'e mmautonelle purtanno na scrizione a piezze cu 'e pparole LUMENA PAXTE CUMFI, pparole senza senso int nisciuna lengua canusciuta.",neapolitan,Santa Filumena
"Puru siddu l'ària giogràfica dû Cilentu è situata dintra dâ riggiuni Campania (Pruvincia di Salernu), sta parlata cilintana miridiunali nun havi nenti n cumuni cu li parlati napulitani.",sicilian,Dialettu cilintanu miridiunali
"Dui squatri di ottu jucatura ciascunu, chi nun hannu a pisari chiossai di nu pisu priditirminatu pâ sò classi, si nni mèntinu filati a ogni latu di na corda pisanti (di circa 100 millimetri di circumfirenza).",sicilian,Tirata dâ corda
"Essenno da 'o 1997 'a lengua afficiala  d'â reggione, nzieme ch'ô taliano, 'o guvierno lucale s'è nguadiato a truvà na nurmativa pe' lla regularizzà, crianno accussì 'a Lengua Sarda Unefecata 'ncap'ô 2001.",neapolitan,Lengua sarda
"Versu lu 500, infatti, li Barbari distrussera tuttu u centru, e pe qquistu zzaccara ccostruiscanu tuttu de capu mesciu, e de quuai un nome Nove.",sicilian,Nove te Galatina
"Originariament creduda di criminai, quand che ghe conceden de parlà cont el capo l'è recognossuda de lu, inzigaa in del cas de la mader.",lombard,Kate Beckett
"Tants simboi (animai) usads per le costellazion zodiacai anc’mò al dé d’incœ, i enn de orijen sumerega.",lombard,Zodiac
"Nel 1945, alla fine della guerra, lasciò l'aeronautica dopo 30 anni di servizio.",standard,Joseph Fall
"Inte el 1054 ràdeghi teołòzeghi so i dogmi trinitari, el cełibà ecleziàstego e altre cuestion de manco inportansa łe zera rivae al Grando Sisma intrà Ceza catòłega e Ceza ortodosa.",venetian,Cristianèzemo
"Justin, inte el II secoło d.",venetian,Cristianèzemo
"Prima però parlen cont l'omen designaa del Capitan Montgomery, che 'l ghe dis che a gh'è ona cassetta perduda che la pò incastrà el Senator Bracken.",lombard,Kate Beckett
"Nu ritornu a l'orìggini pi dari nu missaggiu novu, nu missaggiu nun stereotipatu, nun disuetu, nu missaggiu chinu di lu ciarmu di nu Sud arrivalutatu, di nu Miridiuni mai chiù bistrattatu, di na Calabbria china di risorsi.",sicilian,Hantura
"La serie iMac viene aggiornata con miglioramenti delle CPU e delle GPU, con una nuova tecnologia I/O Thunderbolt e una webcam FaceTime HD, che consente di effettuare video chiamate con altri dispositivi Apple.",standard,IMac
A chianta zabbara (o zammara) è na chianta grassa di sto gèniri usata comu urnamintali e d'orìggini missicana; havi acùlïi e fogghi carnusi granni.,sicilian,Agave
L'ursu pulari è cunsidiratu n'innicaturi mpurtanti dâ saluti di l'ecusistema àrticu e nu sìmmulu di l'effetti glubbali dû mutamentu climàticu.,sicilian,Ursu pulari
"I German, inrabii minga tant per la sconfitta, ma per vedè come eren content i Roman de fà sù quell tumul cont i arm di vingiuu, hann deciduu de tornà a combatt per la libertaa perduda.",lombard,Battaja de Idistavis
Kalevala e Kalevipoeg hinn i dò font principai per cognoss la mitologia di popolazion ugro-finnegh.,lombard,Kalevipoeg
"Inoltre è possibile dotare il modello da 27"" con un'unità a stato solido (SSD) che garantisce maggiore durata, ma soprattutto velocità.",standard,IMac
I pensa de ła Bìbia el ùgnoło mezo par far ła vołontà de Dio.,venetian,Cristianèzemo
"Questo infatti sarebbe stato l'ultimo album di Prodigy per alcuni anni, a causa di un periodo di reclusione di tre anni che il rapper doveva scontare.",standard,H.N.I.C. Pt. 2
Parò la so pułìtega no l’era sempre la mejo par el Ghana.,venetian,Gana
Scuprierru lu primu pianeta extrasolari.,sicilian,Pianeta
"Congiuntiv imperfett: che chié e foiss, che ti 't foiss, che chiel o foiss, che nosgècc foisso, che vosgècc foissi, che chiei i foisso.",lombard,Kje
"La soa collezzion a l'è guarnada in di Musee Civegh de Resg e i so letere in la biblioteca Panizzi, semper a Resg.",lombard,Lazzaro Spallanzani
"Se pote vidire ca ìa na chiesa, utilizzata pe seculi comu na staddhra, de nu fanesciu a croce greca e de n'arcu crande.",sicilian,Nove te Galatina
"Se dimandà, al termine dell'url xe posibiłe xontar na query string separandoła utiłixando el sinbolo ""?"".",venetian,URL
"La GNU Free Documentation License (GNU FDL) la xe na licensa de copyleft par contenuti lìbari, creà da la Free Software Foundation par el progeto GNU.",venetian,GNU Free Documentation License
Lu Papa Binidittu XVI jovidìa si junci a li carusi pi cilibbrari nzèmmula a iddi st'eventu straordinariu.,sicilian,Austu 2005
"Dint'ô linguaggio r'o cinema e pure r'o DVD 'e vvote o' 16:9 vène signato pure comme furmato-de-ll'aspetto-de-ll'immaggine (Aspect-Ratio, rint'a lengua 'ngrese) 1.78:1 (Uno e sittantotto pe' Uno), o puro 1.77:1.",neapolitan,16:9
"E,siccome 'e âte dduje Rufrae ditte a Virgilio se truvasse 'o centro d""a Campania e fuje Castiello 'e Cisterna 'e mmò.",neapolitan,Castiello 'e Cisterna
"St'aggenti a statu ciamatu macari ""anfruenza dei puorci"" di parti dei mass-media.",sicilian,Nfluenza A suttatipu H1N1
"Donca la va al parchett per parlà cont el Castle, che 'l tira foeura on anell de fidanzament e 'l ghe dis che quajlasia la sò scerna lu el voeur restàn visin.",lombard,Kate Beckett
"Al ovo al pol esser fecondà da un spermatozoo co el cromosoma X o Y, eal ze al cariotipo che risulta da la fecondasion a stabilir al sesso del nassituro.",venetian,Sesso
"Se ciapa el ruolo de un pare che decidi de intrar nel edificio par salvar el so fio e scoprire la verità e se usa un drone a control remoto par ativar pulsanti, risolver enigmi e navigar par zone pericolose mentre te xe acosà da creature.",venetian,Garten of Banban
"Nassuu soratutt intra i tos in di agn Settanta, e poeu anca ciappaa di omen, el kawaii l’è al dì d’incoeu minga domà part de la cultura di giovin, ma l’è pensaa per i giappones di tucc i edàa, cont coma esempi anca i pussee comun strument per la cà che responden a ona estetega “carina”.",lombard,Kawaii
"È lònga 1.500 km da gl penènd e gl Iran (Curdištan, a gl chembine de gl Iraq) fin’a gl Gòlf Pèrzeche.",neapolitan,Zagros
"Percorso (pathname) inte el file system del server che identiega ła risorsa (xeneralmènte na pajina web, na imagine o un file multimediałe).",venetian,URL
In più H.M. era capace di svolgere compiti di memorizzazione-riconoscimento di fotografie di volti celebri (anche se in questo caso tramite l'aiuto di indizi fonemici).,standard,H.M.
"'O sinnaco è Clemente Sorrentino d""o 16 'e maggio d""o 2011.",neapolitan,Castiello 'e Cisterna
"Kārlis Irbītis, Latvijas Aviacija un tas Pionieri, Zinātne, 1997.",standard,VEF I-16
"Ha participate a ’n’ati quatte edizzione d’’o Festival 'e Sanremo, ’o 1985 cu Via con me, ’o 1987 cu‘ L’odore del mare, ’o 1989 cu‘ Come mi vuoi e ’o 1991 cu‘ E la musica va.",neapolitan,Eduardo De Crescenzo
Drioman el só zviłupo de crésita se ga interòto in zòvane età.,venetian,Gary Coleman
"Cont el passà di temp el signifegaa l’è devegnuu quell modern de “carin”, e la parnonzia de kawayui (Hiragana: かわゆい) l’è devegnuda kawaii (かわいい).",lombard,Kawaii
'A Primma Uerra Sanniteca (354 a.,neapolitan,Beneviento
E' na pianta servatica che spanna le radeche fine a trenta metre e fa dammaggio a li piante paisane.,neapolitan,Cazzipocchio
'e Mario Mattoli 1939: Grandi magazzini 'e Mario Camerini 1939: Finisce sempre così 'e Enrique T.,neapolitan,Vittorio De Sica
Napoli N) L'idolo cinese (spr.1767,neapolitan,Giovanni Paisiello
Buttman's British Moderately Big Tit Adventure (1994) Casalinghe P..,sicilian,Roccu Siffredi
"nce sta' pure 'o streaming 'ncopp-a l'internet, ca' trasmettendo in 16:9 e HD.",neapolitan,16:9
"Nò 2003 parti da crozza, arrubbata no 1979 fu ritruvata.",sicilian,San Valintinu
"In l'agost l'è mandad in Corsega 'me governator per la segonda voeulta, dopo de 'n curt mandad in del 1468, ma l'è prest menad via del Tomasin Fregos e sostituid del Battista Geraldino d'Amelia; liberad prest, l'è mandad per un ann 'me comissari a Dòm, al post de l'Ambrosin de Longhignana, malad, ma l'è prima mandad in Toscana in su domanda de la regenza del Lorenzo de Medici, 'me comissari de l'armada.",lombard,Giovann Antoni Cotta
La tassonomia di agrumm a l’è complicada e discutìbil.,lombard,Kumquàt
"Lingua Franca Nova (abbriviata 'n LFN e canusciuta culloquialmenti comu Elefen) è na lingua artificiali ausiliaria criata urigginariamenti di Cornelis George Boeree di l'Univirsitati di Shippensburg, Pennsylvania, e succissivamenti raffinata di tanti dî sò utenti.",sicilian,Lingua franca nova
Lu club è lu campiuni d'Australia currenti doppu aviri vinciutu la finalissima pi 6-0 contra l'Adelaide United.,sicilian,Melbourne Victory
"El sistema operatío formà da sta conbinasion xe usualmente conoxesto cofà ""GNU/Linux"" o cofà na ""distribusion Linux"" e łe existe difarenti varianti.",venetian,GNU
Quand che rapissen Alexis lee la resta a New York per lavorà cont i agent del FBI e la và no a Paris cont el Castle.,lombard,Kate Beckett
"Tornato dal viaggio, a Papà non resta che accettare la situazione, che ben presto si complica con la comparsa di quello che appare essere il padre del bambino.",standard,Ragtime (romanzo)
"Classefecazione clemáteca: zona E, 2477 GR/G Gl nome Settefrate ne vè da gl Sand Sètt Frate, figl de Sanda Flecita, marterezzate che la mamma a gl tiémb de gl mbère romane, pecché évene creštiane.",neapolitan,Settefrate
Nu arteculo de SPmag n°957 (FR)  Le francombat.,neapolitan,Francombat
Il rapporto sessuale genera esseri meno che umani (ne L'orrore di Dunwich).,standard,H.P. Lovecraft
"I protagonisti de'l G3 del 2007 i ze : Paul Gilbert, John Petrucci e Joe Satriani.",venetian,G3 (grupo muzicałe)
"El ze formà da un altopian a sirka 1500 m de altesa, ke el se desbasa indando verso oriente.",venetian,Gauteng
"Ogge chella ca fuje ll'area 'e sviluppo nnustriale azzetta uno d""e cchiù mpurtante pole da delegenzia applecata 'int' Italia, ca agghiogne, nfra ll'ate, 'a Elasis (suggità 'e pruggettazzione e recerca d""o gruppo Fiat), 'e stabbilimente Alfa Romeo (de ca llinie ascono mudelle quale ll'Alfa 159 e ll'Alfa 147) e Alenia Aereospazzio.",neapolitan,Acerra
El sentro de la nova cavedal el xe stà costruio in manco de tri ani.,venetian,Gaborone
"San Giuseppe Vesuviano è nu cummune taliano 'e 28.114 abetante d""a pruvincia 'e Napule dint'à Campania Sta a 28 km 'a Napule sott'à Muntagna è Somma-Vesuvio, ce se ppò arrivà cu 'a strada statale 268 d""o vesuvio e d""a Autostrada A30 Caserta-Salierno ascenno à Palma Campania.",neapolitan,San Giuseppe Vesuviano
"Questo semplificò anche la procedura di montaggio del sistema di accensione, in quanto le versioni più vecchie richiedevano che le cariche di combustibile solido venissero inserite tramite dei fori all'interno della camera di combustione; le nuove versioni, invece, permettevano al combustibile ipergolico di essere spruzzato direttamente nell'iniettore principale.",standard,H-1 (motore a razzo)
"'O 5 jugno 1926, Chiang Kai-shek fuje nnummenato cummannante 'ncapo 'e ll'Eserceto revuluzziunario nazziunale dô Guvierno nazziunalista e addevenne 'o leader d""o KMT 'o 6 juglio 1926.",neapolitan,Kuomintang
"Intra la fin di ann 1990 e i prim ann del 2000 la Nathalie diversi volte l’ha fad de derva-concert per on quai artista e l’ha fad part de varie competizzion: in del 1998 l’è rivada 2ª a Spazzi avert e in del 2000 l’ha vinciud la quarta edizzion del  Festivall Fuoritempo de Roma, in la categoria de quei che gh’hann men de 21 ann.",lombard,Nathalie
"Grazie al successo ottenuto, con oltre un milione di copie vendute negli Stati Uniti, sia dell'album che del singolo, viene estratta la collaborazione con Daniel Caesar, Best Part.",standard,H.E.R.
"Ntra li sò òpiri, chini propiu di sti timàtichi, s'arricòrdanu: Nonostante Donna.",sicilian,Rita Borsellinu
Al ritorno in Canada scoprì che l'aereo della scuola di Montreal era precipitato.,standard,Joseph Fall
Lizzanu s'attrova nta la zona di lu Salentu nordi-urientali versu Tarantu.,sicilian,Lizzanu
"À differenze re qur'ate specie re cucce-mannèdde, i femmene ru iener Luciola jan nu par re scidde complete.",neapolitan,Cucce-mannèdde
"Giorgio Vecchio.'A prucissione 'e chillu tiempo prevedeva già fuoche d'artificio, musiche, cante, danze pupulare, gare 'e ogne genere, bancarelle cu' dolci e sfizi varie.",neapolitan,San Giorgio a Cremano
"Cristianèzemohls-dhs-dss.ch, Disionàrio stòrego de ła Svìsara.",venetian,Cristianèzemo
La zente la vive sora-de-tuto inte i vilagi intorno a la sità e i se move co taxi publici condivixi.,venetian,Gaborone
Lu Melbourne Victory è la prima squatra chi havi ottinutu sta duppietta nta l'A-League.,sicilian,Melbourne Victory
"Ciutat de Mallorca, Moll, 1955.",neapolitan,Joan Fuster
"Aroppo Luigge stesso avette 'o cuntrollo nnummenale, simbé se nteressaje sulo arraro ô guvierno e nun sequette maje na puliteca coerente 'n patria o fora.",neapolitan,Luigge XV 'e Franza
"Si fussi ristatu sutta assèdiu a kamarina avissi rischiatu lu corpu di statu a Sarausa, a marcia pi Sarausa fu linta ca purtau i citatini sarausani a pinsari a n'accordu tra Dionisiu e Imircuni, chistu lanciau nu tintativu di corpu di statu.",sicilian,Battagghia di Gela (405 a.C.)
"Chièsa de Sand Stèfane, la chièsa prengepale, che šta a la part cchiù áveta de gl puaése, vecin'a la torr.",neapolitan,Settefrate
El Grando Sisma del 1054 el ghea dividesto ła cristianità calsedoniana intrà ła Ceza catòłega romana e ła Ceza ortodosa.,venetian,Cristianèzemo
"L'HTV ha circa 10 m di lunghezza (comprese i motori di manovra ad una estremità) e 4,4 m di diametro.",standard,H-II Transfer Vehicle
"Vicino 'o centro urbano ce sta tantissima veggetazione: principalmente se coltiva a nocciola, conosciuta comm’’a preggiata ""nocciola avellana"".",neapolitan,Avellino
Design successivi dell'X-1 rimossero l'accensione tramite combustibile solido per sostituirla con combustibile ipergolico.,standard,H-1 (motore a razzo)
"El troeuven, squasi mort, cont i document brusaa in del sò camin.",lombard,Kate Beckett
", Bot. 14: 599 (1875) Asparagus hortensis Mill.",venetian,Asparagus officinalis
"Il poeta dell'incomunicabilità, Santelli Editore, 2021.",venetian,Gabriele Muccino
"Di Chiḍḍu ca mi piaci di Mariu Gori: Mi piàcinu li strati di campagna versu l'autunnu cu li fogghi morti, la negghia fitta supr'â muntagna la vuci di lu ventu quannu è forti.",sicilian,Autunnu
"Diretta conseguenza di questa visione, secondo Lovecraft, i discendenti di una stirpe non possano sottrarsi alle conseguenze dei crimini commessi dai loro antenati, soprattutto nel caso in cui tali crimini siano atroci.",standard,H.P. Lovecraft
"In del desember del 2018 l’è stad publicad il videoclip de Tra le labbra (Intra i laver), toch in precedenza tegnud foeura del Festivall de Sanrem, fad del Taiyo Yamanouchi, in arte Hyst.",lombard,Nathalie
"Addhri dicenu ca deriva de la parola greca ""noe"", vidire, forsi pe lla posizione bbona de la città, ca ste cchiu' erta rispettu allu territoriu ca la circunda.",sicilian,Nove te Galatina
I brani Slow Down e Better Than I Imagined sono stati entrambi candidati per la categoria miglior canzone R&B e a trionfare è stato Better Than I Imagined.,standard,H.E.R.
L'Accademia H.I.V.E. fu descritta come un'organizzazione/scuola malvagia fondata da una Padrona senza nome e successivamente guidata da Brother Blood.,standard,H.I.V.E.
"Fuje n'idea 'e Tonj Acquaviva, Mario Crispi e Mario Rivera.",neapolitan,Agricantus
"La battaja l'è durada senza sòst finna aj vundes de la sira, menter i cadaver di German copriven la pianura per almanch 10.000 pass.",lombard,Battaja de Idistavis
"Troeuven ona morta cont ona plastica fada de la dottora giamò indagada per el sò rapport cont el triplo omicida, in teoria coppaa del Castle, ma in realtà anmò in vita.",lombard,Kate Beckett
"Le ""ceze dei tre concili"" łe ze naseste dal refudo de łe concluzion del concìlio de Calsedònia del 451.",venetian,Cristianèzemo
"Lu al principi a l'era dubbios, ma poeu l'accetta de dàgh el telefonin che 'l ciappa i ordin de Loksat.",lombard,Kate Beckett
"Truvamu: n'utilizzazzioni di tuttu l'arsinali curpurali dispunìbbili, di pircussioni e di pruiezzioni (novi armi principali: craniu, dui pugna, dui gùviti, dui ginocchia e dui pidi), la ricerca di pircussioni di lu nziemi di lu curpu avversu, la gistioni di tri distanzi di cummattimentu: distanza lunga ('n particulari di càuciu), distanza media (corpi di ginocchiu, pugnu e gòmitu), corpu a corpu (prisi e pruiezzioni).",sicilian,Puggilatu birmanu
"Da l’altopian sende el fiume Oti che, con le acque del Volta Bianco e del Volta Roso, va a formar el lago Volta, el piasè grande lago artifisial del mondo.",venetian,Gana
"A setenbre vien fora el só primo àlbun, Luca Barbarossa, prodoto da Shel Shapiro, indove A se cata anca ła cołaborasion co Antonello Venditti.",venetian,Luca Barbarossa
Senpre inte'l steso ano el raprezenta l'Itałia a l'Eurovision Song Contest co Ti scrivo (vivo).,venetian,Luca Barbarossa
"'E ccanzone 'int'â lengua siciliana songo: Anninnia, e Li vuci di l'omini Tuareg - 1996.",neapolitan,Agricantus
Vida i mite del famós bandoler.,neapolitan,Joan Fuster
"Anche se Lovecraft non fece mai riferimento a queste categorie scrisse a una sua corrispondente: ""Ci sono i miei racconti alla Poe e i miei racconti alla Dunsany ma ahimè, dove sono i miei racconti alla Lovecraft?""",standard,H.P. Lovecraft
"Negli anni '90, i gestori della struttura hanno deciso che era inadeguata a soddisfare le moderne esigenze dei suoi residenti e ne hanno costruito una nuova altrove, offrendo la struttura storica alla città di Amsterdam, che a sua volta l'ha affittata al museo.",standard,H'ART Amsterdam
"'O 1798, preoccupato p’’a troppa popolarità 'e Napuliòne, 'o Direttorio ll'affidaje l'incarico 'e occupà l'Egitto pe puté accussì contrastà 'a trasùta 'ngrese dint’’a ll'India e p’’a danneggià 'ncopp'o livello economico.",neapolitan,Napoleone Bonaparte
"In occasion de questa segonda vittòria, el Germanich l'ha faa costruì on alter tumul, sora el qual gh'era scrivuu: I dò battaj, anca se eren staa positiv per l'esercit roman, hann domà vindicaa el massacher di legion del Var.",lombard,Battaja de Idistavis
"H.P. Lovecraft (autore), su Goodreads.",standard,H.P. Lovecraft
"Lovecraft prevede quindi che ""I capitalisti si renderanno conto che il loro sistema non godrà più dell'appoggio pubblico, i criteri amministrativi miglioreranno e gli esperti al loro servizio potranno finalmente lavorare per scopi socialmente costruttivi"" e che, se la situazione non avesse avuto una svolta violenta, nell'arco di 50/100 anni sarebbero avvenute riforme sociali graduali non violente (contrapposte a quelle russe).",standard,H.P. Lovecraft
El demostra de ver abilità de intuithion e resoluthion de problemi.,venetian,Corvus corax
"I ospiti speciałi de 'sto tour i ze stài: Neal Schon a San Francisco, Gary Hoey a San Diego, Chris Duarte ad Austin e San Antonio e Andy Timmons a Dallas.",venetian,G3 (grupo muzicałe)
"1981 - Luca Barbarossa (Fonit Cetra) 1987 - Come dentro un film (CBS, 450210",venetian,Luca Barbarossa
"Intant Castle e la polizia la rentraccen, e la salven.",lombard,Kate Beckett
"València, Tres i Quatre, 1982.",neapolitan,Joan Fuster
i ghea consentio a l'inghiltera de esportar grande cuantità de gran e farine inte el periodo 1700-1770.,venetian,Agricultura
A Galzignan ze dize che a cheła sciòna se ga tacà Noè dopo aver pasà el scravaçàda universałe.,venetian,Galzignan Terme
"Scomincen donca i recerch de la Polizia e del Castle, e lee intant la se desveggia ligada a on lecc, cont la dottora che voreva staccàgh la faccia, ma pocch prima la riess a liberàss cont i ongg e a mazzà la dottora.",lombard,Kate Beckett
PART TWO - Operations and Negotiations,sicilian,Opirazzioni Husky (1943)
"'E comune d'e suje fanne parte d""a Comunità Montana Vallo di Lauro e Baianese, 'a parte settentrionale 'e chesta è cumposta propio d""o Baianese.",neapolitan,Baianese
"'E ccanzone 'int'â lengua siciliana songo: Spunta lu suli, Cialoma, Li frà diavuli, Amara urca, Su ballu, Ninna Nanna, e Picurareddu Viaggiari - 1995.",neapolitan,Agricantus
El mond judee-cristian al g’ha ereditad el zodiac da la tradizion antiga.,lombard,Zodiac
"Accamora, sta speci campa sulu ntê furesti di l'Amazzonia e quarchi autra banna dâ Mèrica dû Sud.",sicilian,Panthera onca
"Lu tempu è sempri càudu, beddu e chinu di faugna a la staggiuni, nveci a la nvirnata faci na picca càudu e na picca friddu.",sicilian,Lizzanu
"'A venerazzione suja, pero, accumminciaje 'int' ll'ottuciento, cu na scuperta archeologgeca; subbeto tante miracule fujeno assignate â ntravenzione suja.",neapolitan,Santa Filumena
"Durante questi anni scrisse la maggior parte dei suoi racconti oggi più conosciuti e opere più impegnative come Il caso di Charles Dexter Ward, Alle montagne della follia (1931, ma non accettato da Weird Tales) e il contemporaneo La maschera di Innsmouth.",standard,H.P. Lovecraft
Apple rilascia il più sottile personal computer disponibile in commercio.,standard,IMac
"El Parlamento del Cànada (in ingleze Parliament of Canada in franseze Parliament du Canadà ) el ze ła rama lejislativa del goerno canadeze co  sede a Parliament Hill de Otawa, inte l'Ontario.",venetian,Parlamento del Cànada
"Atora ativa in canpo tełevixivo, çinematografico e teatrałe, tra çinema e tełevixion, ła ga parteçipà fin 'deso a na trentina de produxion.",venetian,Gabriella Pession
"Ô setteciento 'a chiesa 'e S. Maria d' 'o principio ricevette in dono â Emmanuele Caracciolo Pignatelli, duchessa 'e Montecalvo, na nova statua 'e San Giorgio, a miezo busto, e è chella ca nuje mò venerammo. Chesta statua chianu chianu se cuprette d'argiento, ma aropp'e ripetute furte (ll'urdemo 'int'o 1981) nun fuje cchiù vestuta 'e 'st' armatura.",neapolitan,San Giorgio a Cremano
Ce steva 'e nuovo 'a sostà â chiesa 'e San Giorgio viecchio ppe' na semmana intera p' 'a venerazziòne 'e tuttuquante.,neapolitan,San Giorgio a Cremano
"La stabilise che ogni copia del material, anca se la xe stà modificà, la ga da vegner distribuìa con la stésa licensa.",venetian,GNU Free Documentation License
'E monorotaie songo ausate spisso ind'a nu' sistema metrupulitano o puro pe servì l'aeropuorti.,neapolitan,Ferruvia
Un casciador – che l’ha sentud un quajvun a sbrasgià coma un mat – el riva e el trœuva el lov adree possà apœus al disnaron.,lombard,La piscinina Capin ross
"Cercando un propulsore adatto, Koelle scoprì l'esistenza del Rocketdyne E-1, tramite George Sutton, un propulsore da 1800 kN in sviluppo per il missile Titan.",standard,H-1 (motore a razzo)
"'E tram 'a una rutaia se chiammano Translohr. Funiculare: Chistu sistema serve 'a cullegà na' zona chiana cu’’na zona cullinare o 'e muntagna tramite nu cungegno, miso ammiezzo 'o binario, chiammato cremagliera, e tramite 'na fune ca tira 'o cunvoglio. È diversa cosa d'a funivia pe' bbia d'a presenza d'o binario.",neapolitan,Ferruvia
"Se dis che una völta, quand che l'Imperadur, gran casciadur e süblim tiradur de s'ciop, l'era dree a fà 'na batüda de cacia in del Salzkammergut, el gh'è vegnüda fam e in d'un'ustaria li del sit gh'han servii un Holzfällerschmarrn, una pitansa un puu de poch e pütost rüstega, preparada dumà cunt farina, agua, saa e sücher, ma già che setaa sgiò al taul gh'era l'imperadur, el cögh l'ha pensaa ben de giuntagh anca öf, lacc, e üga sültanina insci de fala un cicinin püssee ""rica"" e prelibada.",lombard,Kaiserschmarren
Processore a PowerPC G3 a 233 MHz.,standard,IMac
Il database del genoma dei lieviti è uno strumento molto importante per sviluppare la conoscenza del funzionamento e organizzazione della genetica e della fisiologia delle cellule eucariote.,standard,Lievito
"E de facc el midemm di a l'è taccada, e squasi buttada giò de 'n palazz e salvada del Castle.",lombard,Kate Beckett
Addeventaje sottotenente a sulo 16 anne e 'o 1 'e settembre d’’o 1785 addeventaje sotto-luogotenente pe pò addeventà sottotenente dint'a nu reggimento a Valence 'int’’o Sud-Est d’’a Franza.,neapolitan,Napoleone Bonaparte
"Sapennu natari bonu, si jetta 'n acqua e abbuḍḍa puru pi manciàrisi caimani e autri armali di ciumi.",sicilian,Panthera onca
"Pi stu modu s'arriccheru, e araciu araciu criscìu li tirritorî chi cuntrullaru (lu primu fu la cuntea d'Aversa cu Rainulfu Drengot ntô 1030).",sicilian,Nurmanni
Chisto fuje ricanusciuto quale casale d' 'a diocesi 'e Napule cu 'o nomme 'e Casalnuovo.,neapolitan,Casalnuovo 'e Napule
"Sono famose le parole di Ludovico Ariosto: «Chi leva la H all'huomo non si conosce huomo, e chi la leva all'honore, non è degno di honore».",standard,H
"Quest kebab chì a hinn origenari de l'Iran e l'Afghanistan e, poeu, s'hinn spantegaa in Turchia, Pakistan e India e vari part de l'Arabia.",lombard,Kebab
Chist'evento passarrà â storia cu 'o nomme 'e congiura d’’e pugnale.,neapolitan,Napoleone Bonaparte
"Funnatu da don Bisceglia Marco, a Palermu ntê 1980 nzemi ccu Nichi Vendola, â l'èbbica era nu juvani ccu cuscìnza di ubbiettivu, Milani Massimo, Campanella Gino, â li 'nternu dâ l'assuciazzioni ARCI.",sicilian,ArciGay
"I capulì i è bèi spès e spiatàcc conde fiùr töcc tübulùs de 'n culùr zalt dór de presapóch en ghèl 1 cm de diàmetro, a fùrma che somèa 'n piàt, condèn pedùncol bèl lónch.",lombard,Tanacetum vulgare
"Lu vidiu di sta canzuna probabbilmenti fu giratu sùbbutu prima, o subbutu doppu lu vidiu dû sìngulu We Will Rock You.",sicilian,Spread Your Wings
Arrivato a Parigge riunette 'e cospirature ca erano decise a rovescià 'o Direttorio.,neapolitan,Napoleone Bonaparte
"Comaneci addifennette 'o tìtulo europeo sujo co succiesso dint'ô 1977, ma 'a squatra d'â Rumania ascette fora d'e ffinali cuntestanno 'e punte vasce che le detterro.",neapolitan,Nadia Comaneci
"Nato da una nobile famiglia viterbese, compie gli studi presso i Benedettini di San Paolo.",standard,Mario Fani
"El croat l'é un dinosauro tèropode neòrnita, raprezentante par ethełentha de la fameja de i còrvidi.",venetian,Corvus corax
"Al princippi de El Hobbit el Bilbo a l'è vun che 'l ghe pias restà a cà a pacià, lengg, dormì e colezzionà ricamm: in del cors de la storia però a solten foeura i sò grand qualità (coraggios, leal, pien de inventiva e inizziativa), fina a deventà fondamental per la compagnia de Thorin Scud-de-Rogor in del conquistà la Montagna Indeperlee.",lombard,Bilbo Baggins
"Brasili:  S'arrubbaru R$156 miliuna dû Banco Central,  facirmenti si tratta dâ cchiù granni rapina dûn bancu mai.",sicilian,Austu 2005
"Avendo vinto el Festival de Castrocaro el ga el derito de partesipar a'l Festival de Sanremo 1981 co Roma Spogliata, otenjendo sùito un gran suceso ma clasifegandose co maravegia a'l cuarto posto (Luca el ga conponesto 'sta canson so i banchi de scoła durando l'ora de itałian.",venetian,Luca Barbarossa
"Squadron RNAS a Marieux, in Francia, volando sui caccia Sopwith Pup insieme al suo connazionale Raymond Collishaw.",standard,Joseph Fall
"'A raggione cunsiste into o' fatto che n'atume 'e carbornio-12. 'A cui ll'unità 'e massa atomeca trae a soja definizzione, cuntriene 6 prutoni, 6 neutroni e 6 elettrone, cu prutoni e neutroni aventi all'encerca a' stessa massa e ll'eletrone avente massa trascurabbile.",neapolitan,Unità e' massa atomeca
"Sò patri e sò matri, arrialaru un tirrinu ô Monasteriu binidittinu di Santa Lucia a Sarausa quannu nasciu lu picciriddu.",sicilian,San Zosimu viscuvu
"Ad esempio, le grandi scoperte fatte da Yoshinori Ohsumi nel campo dell'autofagia cellulare che gli hanno valso il premio Nobel nel 2016 hanno alla base degli esperimenti condotti su tale lievito.",standard,Lievito
"Esìstinu àutri paroli chi signìficanu la stissa cosa (vastasa, facchina, cafunazza) e soprattuttu ""caiorda"" chi veni di l'ebbraicu hajordah = puzzola, cioè fimmina tantu plebbea chi ""faci sensu"".",sicilian,Bastasu
"Lady, su MusicBrainz, MetaBrainz Foundation.",standard,Lady (Lenny Kravitz)
"Par oriente ghe ze invese łe ceze ortodose, emanasion de łe chieze de łéngua grega naseste in prinsìpio inte el teritòrio de l'Inpero roman d'Oriente.",venetian,Cristianèzemo
"processore a 500, 600, o 700 MHz (PPC750CXe).",standard,IMac
"Christopher Horton di The Independent ha dichiarato: ""Quattro minuti incredibilmente festosi, è il classico Wes, tutto simmetria perfetta, panoramiche della telecamera, carrellate fluide, costume immacolato e elettrodomestici e cancelleria pittoreschi"".",standard,H&M: Come Together
"'O francombat è un'arte marziale francese, simile al jiu-jitsu.",neapolitan,Francombat
"L'H.I.V.E è  anche responsabile della trasformazione del figlio di Deathstroke, Grant Wilson, nel mercenario Ravager.",standard,H.I.V.E.
"– Utah Agave Agave victoriae-reginae – Queen Victoria's Agave Agave vilmoriniana Berger – Agave di purpa Agave weberi Cels ex Poisson – Maguey liso, Agave xylonacantha Salm-Dyck – Century Plant, Maguey diente de tiburn",sicilian,Agave
"Per el rest, l'è andada dree a la storia del rest de l'Ucraina e de la Crimea.",lombard,Kerč
L'èsercitu si riduciu di nùmmaru pi la pistilenza e la battagghia contru Girgenti e nun si sapi si Imircuni riciviu àutri òmini nfinu a lu sò ngrissu n citati.,sicilian,Battagghia di Gela (405 a.C.)
"Gabon, in Disionàrio de istòria, Istituto de ła Ençiclopedia Italiana, 2010.",venetian,Gabon
"L'autru jornu st'uraganu fici 10 morti 'n Florida. New Orleans, USA:  Tri vintini di pirsuni morti doppu l'arrivu di l'uraganu Katrina.",sicilian,Austu 2005
"Nnî spittàculi live, veni spissu siguita di We Are the Champions, dû stissu album.",sicilian,We Will Rock You
Tutta la macchina ha subito restyling minori estetici e notevoli nuove soluzioni sia hardware che software.,standard,IMac
"Ntô 23 di uttùviru 2000 foru pubbricati 10 CD e 2 DVD pi arrìcuogghìri singulu, rarità e nutizzi su Freddie Mercury.",sicilian,Freddie Mercury Solo Collection
"Cont el sò jutt riessen a rivà a la spia che 'l pader del Castle l'eva intercettaa, e che l'era anca l'assassini del cas.",lombard,Kate Beckett
Legatura: legatura con spago o rete per mantenere il budello a contatto della carne e per poter appendere il salame Stagionatura: fase delicata che dura almeno 45 giorni.,standard,Salame piacentino
"In del luj del 2015 la Nathalie l'ha ricevud el Premi Lunezia ""Menzion Special"" per el valor leterari-musical de la canzon L'essenza.",lombard,Nathalie
Dovette in seguito far fronte a problemi di salute mentale originati dai traumi in battaglia.,standard,Desmond Doss
"Inte el 1966, i militari ga ciapà el poter.",venetian,Gana
"Sta assai macchia miditirrània e tanti aulii cu li pitinguni siculari, vigni (tinduni, spaglieri, spagliruni).",sicilian,Lizzanu
"I suoi diagrammi di costellazione sono stati ampiamente adottati e ora appaiono in molte guide di astronomia, come A Field Guide to the Stars and Planets di Donald H. Menzel.",standard,H. A. Rey
El ven sgiò provabilment de di storie popolare spantegade in tuta Europa inanz del segol XVII.,lombard,La piscinina Capin ross
A sud la penisola de Kii l'è bagnada del Ocean Pacifeg e a est i Monts Ibuki e la Baia de Ise i spartissen el Kansai de la rejon de Chubu.,lombard,Kansai
"How the KRACK attack destroys nearly all Wi-Fi security New KRACK Attack Breaks WPA2 WiFi Protocol KRACK Attack Threatens All Wi-Fi Networks: What to Do Mega-falle Wi-Fi WPA2, sicurezza a rischio per quasi tutti, ma niente panico Panico per Wi-Fi insicuro?",lombard,KRACK
"Cheste pparole fuje resituate a leggere PAX TECUM FILUMENA, ""Pace cu te, Filumena"" pe llatino.",neapolitan,Santa Filumena
"A novembre 2009, verrà reso disponibile anche un modello da 27"" con processore Intel Core i5 quad-core a 2,66 GHz o con Intel Core i7 quad-core a 2,8 GHz, introducendo per la prima volta processori quad-core nella linea iMac.",standard,IMac
"4. che contiene la storia del vicariato di Barbarano, e delle ville al medesimo soggette Tom.",venetian,Gaetano Maccà
Lu Regnu era organizzatu ntôn modu feudali strittu basatu suprâ pirsuna dû munarcu.,sicilian,Nurmanni
Vinni funnatu ntô 1969 da lu cumpusituri Johnny Mercer e da li editori musicali Abe Olman e Howie Richcmond.,sicilian,Songwriters Hall of Fame
Cchiùttostu rari sunnu na SHOF l'auturi nun anglofuni ca nun annu svoltu a loru attivitati prevalentementi na li Stati Uniti dâ Mèrica.,sicilian,Songwriters Hall of Fame
"Le gonadi (te i animai, ovario o cojon) e i gonodoti i ze carateri sessuai primari, e le altre diferense fisiche o de conportamento diferenti par i do sessi le costituiss i carateri sessuai secondari.",venetian,Sesso
"Pò arrivà a 4,5 metri o cchiù 'e lunghezza, e campa sia dint'a ll'acqua doce sia dint'a chella salata.",neapolitan,Lamantino
"Il solo capire con la mente, senza la realizzazione diretta della verità con l'autoricerca, non basta.",standard,H.W.L. Poonja
Modello:Aut (2006): A phylogenetic reassessment of the rare S. E. Asian firefly genus Pygoluciola Wittmer (Coleoptera: Lampyridae: Luciolinae).,neapolitan,Cucce-mannèdde
"I francesi brillanti (24.6.1764 Bologna) Madama l'umorista, o Gli stravaganti (26.1.1765 Modena) L'amore in ballo (carn.1765",neapolitan,Giovanni Paisiello
Gh'hann dad anca el so nom a una spece animal.,lombard,Lazzaro Spallanzani
"'Int""o 1893, durante 'o regno 'e Umberto I, 'nce fuje ò Decreto Riale cu nummenaje cumune libbero.Ô 1906 fuje 'nparte rruvvinate d""o scoppio d""o vesuvio e pò refavvrecato:ô 1923 fuje miso 'nzieme 'a mpresa cumunale 'o motto Ex Flammis Orior.",neapolitan,San Giuseppe Vesuviano
Da tanda sècule ce vave gl pellerine e le reggiune vecine.,neapolitan,Settefrate
"Al dì d'incoeu el gal-italich de Basilicada l'è minga in bònn condizion e 'l ris'cia de sparì, a favor sia di dialett pussee ""meridionai"" sia de l'Italian, anca se dòpo i studi del lenguista todesch Gerhard Rohlfs l'è nassuu on poo de interess per i sò sòrt.",lombard,Gall-Italich de Basilicada
"Marc Leepson, Wonder Man of Okinawa, in Military History, vol. 25, n.",standard,Desmond Doss
Pari ca lu Martiriu fussi statu a Roma.,sicilian,San Valintinu
"Funnato dint""o 1919 cuvernaje 'a Repubbreca 'e Cina a ppartì dâ dessoluzione d""o Mperio cinese nzi 'a revuluzzione cummunista.",neapolitan,Kuomintang
'Mmece adoppo 'e cunzigli d’’o pate isso turnaje a Parigge addò se presentaje 'o ministro d’’a uerra cercanno e se difende.,neapolitan,Napoleone Bonaparte
"Donca, vist che tutt quell che l'è suceduu in tra i du l'era mia publich, se troeuven a collaborà e la Beckett, dividuda in tra el vorè la vendetta per la mader coppada e la giustizia, la troeuva on primm incriminaa ma cont i sò indagin la descoviss on possibil coinvolgiment pussee in alt: A l'inizzi el Senator el pensa a on complott de la Beckett per ostacolàll, ma quand che la bomba la s'cioppa in la macchina del Senator, che l'era foeura, el se sentiss in debit con lee.",lombard,Kate Beckett
"Foru li ricordi di Santa Margarita ca Giuseppi Tomasi difinìu ""Lu Paradisu Tirrestri e Pirdutu dâ mè nfanzia"" a ispiràrilu pâ stisura di ""I Racconti"" e di ""Lu Gattupardu"".",sicilian,Santa Margarita (Girgenti)
Napoli N) Gli amante comici (aut.1772,neapolitan,Giovanni Paisiello
"Nel 1996 pubblicano il loro secondo lavoro, Discover My Soul e nel 1998 esce Fly Eyes.",standard,H-Blockx
"La NAA stava anche lavorando sul progetto del missile da crociera SM-64 Navaho, che utilizzava lo stesso motore come booster per portare il missile alla velocità necessaria all'accensione ed al funzionamento del motore principale ramjet.",standard,H-1 (motore a razzo)
"Inte'l 2006 el ga partesipà anca a'l programa par tozi Nickelodeon, Drake e Josh.",venetian,Gary Coleman
"Durant la guerra, la Jermania l'heva impientad ind el paes duu camp de lavorar obligad (camp de concentrament todesc) e ind el 1942 anca un getto, ma la plupart dei polones imprexonads la reussiva a scapar e meter-s insema ai so soldads qe operaven ind i bosc vixin.",lombard,Kurów
Napoli F) L'osteria di Marechiaro (win.1768,neapolitan,Giovanni Paisiello
"N'àutra festa mpurtanti di Mazzarinu è ""U Signuri di maju"" e si fisteggia a prima dumìnica di maju.",sicilian,Mazzarinu
A li currenti di l'infruenza virali A ci s'assigna nu nummiru H e nu Nummiru N basannusi supra a l'infurmazzioni ca li formi di sti dui prutiini cuntènunu ntâ currenti.,sicilian,Nfluenza A suttatipu H1N1
"Gli H.E.A.T sono un gruppo hard rock svedese formatosi ad Upplands Väsby nel 2007 dall'unione dei componenti di due band, i Dream (Jona Tee, Dave Dalone, Kenny Leckremo) e i Trading Fate (Don Crash, Jimmy Jay, Eric Rivers).",standard,H.E.A.T
Secutajeno 'a prucissione pùre 'a Congrega 'e ll'Immacolata e S.,neapolitan,San Giorgio a Cremano
"La banda la vegn metüda sü int el 1983 di müsegh Karl Schieder, Walter Mauroner e Valentin Silbernagl  che sunaven insema giamò de lunga data.",lombard,Kastelruther Spatzen
"Spartiti o libretti di H.M.S. Pinafore, su International Music Score Library Project, Project Petrucci LLC.",standard,H.M.S. Pinafore
"Dint'o 1771 'e parlements, o tribbunale suvrane, ca s'apponetteno â reforma, fujeno organizzate 'e novo e levate d""o putere 'e mpedì 'e decrete riale.",neapolitan,Luigge XV 'e Franza
"Von Metternich, per di generazion, al è stai castigaa in tant che örb reazionari.",lombard,Klemens von Metternich
"El Gandalf (che 'l se regorda che 'l Bilbo de piscinin a l'era curios e pien de voeuja de esplorà), el pensa che l'hobbit el sia perfett per andà denter a la montagna senza fàss usmà del dragon e daggh ona man ai nan a ciappà el tesor.",lombard,Bilbo Baggins
Sti citati e puru la nova Imera avìanu a paari tribbuti a Cartaggini.,sicilian,Battagghia di Gela (405 a.C.)
Da i ani 2000 l'azienda ła se propone so’l marcà co diverse łinee de prodoti ałimentari.,venetian,Galbusera
"Giorgio a Cremano nun è stato maje cumpretamante scassato d' 'a lava d' 'o Vesuvio, sulo 'int'o 1631 essa arrivaje 'nfino all'Arsa (zona vascia), ppe'tramente 'o nomme Cremano è dato ô paese 'int'o 1500.",neapolitan,San Giorgio a Cremano
L'acca ha nella lingua italiana una lunga e movimentata storia.,standard,H
URL consultato il 21 febbraio 2024.,standard,Joseph Fall
Li pussìbbili raggiuni di stu accordu: Dionisiu era veru n cumunicazzioni du Imircuni e accittau nu trattatu a faùri di Cartaggini n canciu dâ paci e dû ricanuscimentu di la sò auturitati.,sicilian,Battagghia di Gela (405 a.C.)
"La veggia gesa de Sant Steven, che l'era pussee vesina a Medija, l'è stada destrugada, inscambi la gesa de Sant Fiorenz l'è stada unifegada in del titol con Sant Steven e l'è la gesa an'mò in pè incoeu.",lombard,Medija
"'A sera d’’o 10 'e ottovre d’’o 1800 Napoleone, mente steva ô Théatre de la République l'avevano accidere quatto sicarìe, ma 'stu complotto fuje levato â miezo a l'urdemo sicondo pe via 'e na soffiata ca facette 'ntervenì 'e guardie arrestanno 'e quatto assassine stesso dint’’o trìatro.",neapolitan,Napoleone Bonaparte
"In del 2016 la se candida ai elezzion del Senad cont el Partid Democrategh: la vensg i primarie del so partid, e poeu la bat la soa aversaria Loretta Sanchez, anca lee democratega.",lombard,Kamala Harris
"“L'uomo grida dovunque la sorte d'una patria.” “Noi la racconteremo e canteremo sempre, affinché potremo ancora riportare al Sud quanti tuttora ne sono lontani. D'altronde si torna al Sud come si torna all'amore.”",sicilian,Hantura
(ossia circa 5.1 milioni di ascoltatori) mentre Impact! totalizzò uno 0.98 con circa 1.4 milioni di ascoltatori.,standard,New Monday Night War
"I Siculi e la citati di Missina e Lintini, avìanu a ristari libbiri d'anfruenza cartagginisi e Sarausana.",sicilian,Battagghia di Gela (405 a.C.)
"Dopo che 'l Castle el s'è s'ceppaa 'na gamba a schià, lee la organizza cont la complicità del distrett de Polizia e de la mader del Castle, direttora de 'na compagnia de teater, on fint omicidi in del palazz denanz al sò che 'l finiss cont on fals rapiment de la Beckett che 'l fa andà tucc dent in del palazz per fà la festa de anniversari del Castle.",lombard,Kate Beckett
I mascule re tutt'e duie i iener se pon distingue facilmente pu lor aidiag.,neapolitan,Cucce-mannèdde
"Nta li cità dâ Magna Grecia, si sviluppau lu cummerciu, l'agricurtura e l'artiggianatu.",sicilian,Magna Grecia
"'O generale Moreau idolo d’’e giacubbine, venette cundannato sulamente a dduje anne 'e carcere.",neapolitan,Napoleone Bonaparte
"Tra i so' ruołi prinçipałi, figura queło de Elisa Deodato inte ła serie tełevixiva Orgoglio (2004-2006), queło de Margherita Passanti inte ła serie tełevixiva Il capitano (2005), queło de Vittoria Mari inte ła serie tełevixiva Capri (2006-2008), queło de Rosella inte ła serie tełevixiva Rossella (2011-2012) e quelo de Eva Vittoria inte ła serie tełevixiva Crossing Lines.",venetian,Gabriella Pession
El blau en la senyera.,neapolitan,Joan Fuster
"ô 1944 se songo avute 53 eruzzioni, è ppùre overo ca d'ô 1140 ô 1631 nc'è stato nu lungo periedo 'e carma 'e ll'attività d' 'o Vesuvio, sulo signale d'avvisaglia ma nun assaje forte.",neapolitan,San Giorgio a Cremano
La Càmara dei Comuni ła ze ła rama domenante del Parlamento.,venetian,Parlamento del Cànada
Republega de Cina o Taiwan a l'è on paes de l'Asia orientala.,lombard,Taiwan
"In cuntrastu a autri pandimii, ca di solitu mazzanu l'anziani e li picciriddi, a pandimia di lu 1918 mazzau quarchi 40 miliuni di pirsuni nta lu munnu.",sicilian,Nfluenza A suttatipu H1N1
"Zbandonada l'atività de ator, el ga łaorà cofà vàrdia privada inte'l Utah, dove el se ga trasferìo inte'l 2005, conparindo onji tanto in algune produsion minori o par calche cameo.",venetian,Gary Coleman
Il prezzo per il mercato italiano è stato ridotto grazie alla debolezza del dollaro.,standard,IMac
"Dopo de la crodada de l'imper roman, in di territori lombard riven noeuve popolazzion barbare 'me i Longobard.",lombard,Medija
"H.P. Lovecraft / H.P. Lovecraft (altra versione), su Comic Vine, Fandom.",standard,H.P. Lovecraft
Pàgines escollides de sant Vicent Ferrer.,neapolitan,Joan Fuster
"Li màsculi adurti ponnu agghicari a 2,5 metri di lunchizza e a nu pisu ca sùpira li 600 kg.",sicilian,Ursu pulari
"'A pussibbele origgine d""e pparole Castiello e Cisterna songo: 'int'o libbro 'e ll'Eneide 'e Virgilio se parla 'e quacche cità 'e Ebalo, 'o rre 'e Capri ca estennette 'e pussedimiente nfi a Sarno, conquistanno Bàtulo, Rufra, Celenne e Avella.",neapolitan,Castiello 'e Cisterna
"Questa attenzione per l'estetica accompagnava anche gli accessori che seguivano lo stile dell'unità base, come il mouse perfettamente circolare.",standard,IMac
"Infatti, tutti i successivi standard internazionali di codifica video (MPEG-1 Parte 2, H.262/MPEG-2 Parte 2, H.263, MPEG-4 Parte 2 e H.264/MPEG-4 Parte 10) si sono basati strettamente sul progetto dell'H.261, In più, i metodi usati dal comitato di sviluppo dell'H.261 per elaborare collaborativamente lo standard sono rimasti il processo operativo basilare per il successivo lavoro di standardizzazione in questo campo (si veda S.",standard,H.261
"Kerč la se troeuva in la region de la Crimea, pussee precisament tra el Mar d'Azov e 'l Mar Negher.",lombard,Kerč
"Sanduarie e Cannite, a 10 km da gl paése, a 1030 m",neapolitan,Settefrate
"Quannu ci fuaru i Bizzantini e appoi l'arabbi ci ficiru un castieddu chiamatu di Tavi, ma i paisani u canuscinu comu ""u Castiddazzu"".",sicilian,Liunforti
"La teołozia cristiana de łe prinsipałi e pì difondeste Ceze cristiane el zera nasesto co i primi credi ecumèneghi, cofà el Credo niseno-costantinopułitan, che i contien declarasion acetae da ła major parte dei fedełi cristiani.",venetian,Cristianèzemo
"Essa viene chiamata pure amu o uma r'a traduzzione in lenga napuletana, termini che seppure ancora utilizzati song divenuti oramai obsoleti.",neapolitan,Unità e' massa atomeca
"El fa assee ben, ma la capa Gates, foeura per on convegn, la torna prima e ja becca, ma quand che organizzen 'na festa a tema ja perdona perché 'l ghe pias ballà.",lombard,Kate Beckett
Lo standard è disponibile dietro pagamento di una quota dall'ITU-T e dall'ISO.,standard,H.262
"Aroppo 'a morta 'e Sun Yat-sen dint""o 1925, 'a guida d""o partito fuje pigliato 'a Wang Jingwei, leader d""a smerza, e dda Hu Hanmin, leader d""a deritta, ma 'o perzunaggio cchiù putente era addeventato Chiang Kai-shek, vraccio deritto 'eSun già durante ll'essilio, 'o quale, comme suvrintennente 'e ll'Accaremmia militare 'e Whampoa, aveva 'o cuntruollo 'e ll'eserceto.",neapolitan,Kuomintang
I cartagginisi eranu accampati a uccidenti dâ citati e Dionisiu priparau n'attaccu a tri culunni contru di iddi.,sicilian,Battagghia di Gela (405 a.C.)
"I frutt pòden vèss distint per i sò colór variàa, a bind giàld e verd, e la pianta la gh’hà minga de spin.",lombard,Kumquàt
"Indicativ imperfett: chié e eřa, ti t'eř, chiel o l'eřa, nosgècc eř(m)o, vosgècc eři, chiei i eřa.",lombard,Kje
El xe diventà na colonia britanega inte el 1874 e i coloni inglexi i guardaa al Ghana come la colonia modelo.,venetian,Gana
"7:8/9, 509-517 Ottogalli G., Carminati D., Pranzetti L., Galli A., Giraffa G., Neviani E., Surface bacterial microflora of Taleggio cheese.",lombard,Talegg (formai)
"Dint""o cuorso d""o cunflitto nacque 'a frattura ntra 'a smerza e 'a deritta d""o partito aroppo ca dint""o jennaro d""o 1927 'o leader d""a smerza Wang Jingwei, cu ll'ajuto d""e suvietice, cunquestaje Wuhan e annunziaje ca 'o guvierno nazziunale veneva spustato dinto chella cetà.",neapolitan,Kuomintang
"Ntô 911 Carlu III, lu Sìmprici cidìu nu tirritoriu a unu dî capi di sta genti chi si chiamava Hrolf (o Rollu, e di ccà accuminza la storia dî Nurmanni.",sicilian,Nurmanni
I kumquat redónd hinn pussée cultivàa di alter speci grazie a la soa maggiora sopportazión al frècc.,lombard,Kumquàt
'O sardo (sardu pe' lengua sarda) è na lengua rommanza d'â reggione taliana d'â Zardegna.,neapolitan,Lengua sarda
"A est el ciapa dentr el Lac Biwa, el plussee grand dol Japon, e a nord la rejon a l'è bagnada del Mar del Japon.",lombard,Kansai
"València, Tres i Quatre, 1987.",neapolitan,Joan Fuster
"Nel frattempo, sua moglie e i suoi figli furono evacuati da Alessandria d'Egitto a Gerusalemme e successivamente a Durban, in Sudafrica.",standard,Joseph Fall
"Il gruppo sale alla ribalta grazie al suo album di debutto, Time to Move, pubblicato nel 1994 con la Sing Sing Records, e prodotto da Ralph Quick e Chris Wagner.",standard,H-Blockx
"Rocco Part II (1997) Rocco: More Than Ever 2 (1997) Rocco More Than Ever (1997) The Best of Sandy (1997) Buttman's Award Winning Orgies (1997) Buttman's Favorite Big Tit Babes (1997) Rocco e le storie tese (1997) Rocco the Italian Stallion 2 (1997) Bend Over Babes 4 (1996) Buttman's British Extremely Big Tit Adventure (1996) Cameriera, la modella, e la..",sicilian,Roccu Siffredi
"El kumquat redondo o kumquat Marùmi o kumquàt Morgani (per el quàl el se mantegn el nòmm Citrus japonica o Fortunella japonica inscì che ‘l kumquat el ven classificàa in divèrsi speci), a l’è on alber sempervérd che ‘l prodùss di frutt de  colór òr-giald.",lombard,Kumquàt
Cuesta ła ga senjà anca ła cołaborasion co Antonio Coggio e el ritorno a Sanremo.,venetian,Luca Barbarossa
"Sospenduda del servizzi, la se dimett de agent.",lombard,Kate Beckett
El xe bagnà dal Golfo de Guinea a ovest.,venetian,Gabon
"Naturalistes Moscou 30(2): 92 (1857) Asparagus oxycarpus Steven, Bull.",venetian,Asparagus officinalis
Aspirando la sua vita come devoto non era soddisfatto nell'avere visioni temporanei ed era profondamente inquieto quando Krishna non apparì.,standard,H.W.L. Poonja
In del 2019 la toeu part ai primarie del Partid Democrategh per la presidenza di Stat Unid.,lombard,Kamala Harris
"Tuttavia, sia in biochimesa che in biologgia mulecolare è consuetuddine utilizzare Da (và dicere dalton).",neapolitan,Unità e' massa atomeca
"Pure si nun fuje defintiva, 'a sconfitta fuje gravosa assaje pe ll'esercito austriaco ca adoppo ca riuscette a se riorganizzà perdette a 'n'ata vota a Bassano, Arcole e a Rivoli.",neapolitan,Napoleone Bonaparte
"Le idee di Lovecraft sull'eugenetica vengono spesso estese ai suoi personaggi di razza bianca; infatti, l'autore mostra simpatia per i personaggi di etnia caucasica e di cultura europea.",standard,H.P. Lovecraft
Il cantante Kenny Leckremo ha lasciato la band dopo aver suonato il 27 luglio al Gröna Lund.,standard,H.E.A.T
"D' 'o 2014 fa' parte d' 'a città metropolitana 'e Napule, ex pruvincia e' Napule.",neapolitan,Casalnuovo 'e Napule
"Fu presidente del Consiglio superiore tecnico delle telecomunicazioni e, dal 1952, presidente del comitato scientifico del Congresso internazionale per l'elettronica.",standard,Algeri Marino
"Esplugues de Llobregat, Ariel, 1972.",neapolitan,Joan Fuster
"Dionisiu taliannu ca na forza dû putìa èssiri attaccata d'unni era raprutu e picca difisu, dicisi lu sicuenti chianu: Nu gruppu di picca migghiaia di l'èsercitu leggiu avìa a scinnìri ntâ praia a sud dû campu cartagginisi, cummannata da sò frati  Leptini, avìa attaccari l'estrimitati dû campu a uccidenti, mpignannu li forzi cartagginisi, mentri 4.000 upliti taliani avìanu a marciari e attaccari lu campu sud da urienti, nni lu stissu tempu la cavalliria siciliota cu 8.000 upliti, avìanu mpignari i cartagginisi a nord dû campu.",sicilian,Battagghia di Gela (405 a.C.)
"Col passare del tempo però le citazioni di Hitler (il quale nel marzo del 1933 aveva ottenuto il pieno potere) andranno via via diradandosi nei suoi scritti, fino a quasi scomparire negli ultimi mesi della sua vita.",standard,H.P. Lovecraft
"Fòsforo e vitamina B contrastar l'astenia Grasi: 0,2 (non contiene colesterolo) Racuanti conponenti del spàrazo i ze metabolizai e espełesti co l'urina, dazéndoghe on tìpego e forte odore da racuanti ritegnesto sgradévoło.",venetian,Asparagus officinalis
"Ntô 1610 lu Re Filippu III di Spagna auturizzau lu baruni Giròlamu Corbera, niputi dû funnaturi, a dari ô paisi lu nomu di Santa Margarita.",sicilian,Santa Margarita (Girgenti)
"Ind el secol XVI l'eva diventad un centr del Calvinism, perqè tants apartegnents a la giexa protestanta polonesa (Brethren) a s'evan stabilids a Kurów.",lombard,Kurów
"L’è originaria de l'Asia, in particolar de la Cina e del Giappon, ‘doe la ven ciamada Yamabuki. L’hà ciapàa el nòmm del William Kerr, che l’hà introdòtt in Euròpa el cultivar Pleniflora. A l’è on arbust con di fust suttìl, e pòch ramm, ch 'le pò raggióng i 2 meter d'altèzza.",lombard,Kerria japonica
L'epicentru dû tirrimotu fu a 15 chilòmitri di li costi lazziali.,sicilian,Austu 2005
"Fra i suoi interlocutori si possono citare il giovane Forrest J. Ackerman, Robert Bloch (autore di Psycho) e Robert E. Howard (Conan il barbaro).",standard,H.P. Lovecraft
'A storia ferruviaria è assaj cumplessa e parte cu varie sperimentazioni d'a fine d'o Medioevo nfi 'a l'ottuciento ind' a varie paise 'e ll'Europa.,neapolitan,Ferruvia
"N'oltra legenda l'è che a l'Imperadur ghe piaseven de mat i Palatschinken (pancakes u fritel), e quand che al cögh i fritel ghe reüssiven minga tant ben, inscambi de daghij a l'Imperadur, gh'i dava ai camerlecaj del palass imperial cunt el nom de Kaiserschmarrn già che servì una paciügada cumpagna de quela a l'Imperdaur la saria stada 'na ""roba de mat"" (schmarrn in Bavares): ""A Schmarrn, des am Kaiser zu serviern"" - (el saria) 'na roba de mat servì chela (paciügada) chi a un imperadur.",lombard,Kaiserschmarren
"El gh'ha una pupulaziun de 208.004 abitant, che vegnen püssee de 300.000 se cunsiderum tücc i cumün de la regiun de Tampere o Pirkanmaa.",lombard,Tampere
'O terrieno 'e ll'attuale S.Giuseppe era na zzona agricula 'e ll'antico e gruosso feudo 'e Ottajano (ca mo se chiamma Ottaviano).,neapolitan,San Giuseppe Vesuviano
"Giuanni Alagi, ""Bernardo Tanucci a San Giorgio a Cremano"", S.",neapolitan,San Giorgio a Cremano
"Impastatura: la parte  magra e quella  grassa vengono lavorate a lungo insieme con il sale, le spezie, vino bianco e aglio, fino ad ottenere un impasto  ben legato.",standard,Salame piacentino
U Castellu o Palazzu Baronale ave dd'essere de lu seculu XIV.,sicilian,Nove te Galatina
"Àvi urìggini nnô Mèssicu e a autri banni miricani, ma è macari assai diffusa nnê pajisi dû mari Miditirraniu, doppu ca l'eurupei a nzitaru pâ so biḍḍizza.",sicilian,Agave
"Oi, nun è accussì, poichì urganizzatu nta li cunnizzioni muderni, pò èssiri piacèvuli a vìdiri.",sicilian,Puggilatu birmanu
"Ci sono forti indicazioni che l'Accademia sia attualmente un culto di super criminali, ma non è esplicito in quanto i Teen Titans tendono ad essere diretti verso un pubblico giovanile.",standard,H.I.V.E.
"L'è el caocanonier de ła Nasionałe cantanti, avendo segnà 207 gol in 225 partìe xogàe.",venetian,Luca Barbarossa
"Dall'originale ratificazione dell'H.263 nel marzo 1996 (con l'approvazione di un documento prodotto nel novembre 1995), ci sono state due seguenti aggiunte che migliorarono il codec originale con l'aggiunta di estensioni opzionali (annexes).",standard,H.263
El xe sta dictator de Roma a ła fin del 49 a.,venetian,Gaio Giulio Cesare
"Lovecraft, Howard Phillips, su Treccani.it – Enciclopedie on line, Istituto dell'Enciclopedia Italiana.",standard,H.P. Lovecraft
Lilinscì la ved che la gh'ha on tatuagg cont on stemma che l'ha trovaa anca in la soa indagin.,lombard,Kate Beckett
"Lizzanu è nu paisi salentinu di 11.437 cristiani ca s'attrova nta la pruvincia di Tàrantu, versu unni spìcciunu li Murgi e zicca la Pinìsula Salintina.",sicilian,Lizzanu
In più tali conclusioni sono state corroborate da studi su pazienti con altre tipologie di lesioni alle strutture del lobo temporale mediale.,standard,H.M.
"Giorgio e d' 'a 'Mmaculata verzo San Sebastiano al Vesuvio, 'nfino addo' s' era fermata 'a lava d' 'o 26 'e abbrilè d' 'o 1872.'A prucessione fuje ditta ""d' 'a lava"".",neapolitan,San Giorgio a Cremano
"A chesta occasione, ppe 'a primma vota, venette purtata tuttavota 'a statua 'e ll'Immacolata.",neapolitan,San Giorgio a Cremano
"Gabriella PessionRotten Tomatoes, Flixster Inc.",venetian,Gabriella Pession
"'A Spartenza dialettale d""e varietà lenguistiche tipo napulitano è na materia 'e studio int'â sociolenguisteca. Poche songh'e pubbrecazione chiare ca parlano d""a lengua napulitana c""o scopo d""a crassefecà mmiez'a l'ati dialette tipo napulitano.",neapolitan,Spartenza dialettale d''e varietà lenguistiche tipo napulitano
"Si jammpo America o sinò o' Giappone, già a nu paro e anne a chesta parte se sta facenno 'e trasmissione a 16:9 cu ll'Avta-Definizzione.",neapolitan,16:9
Nkrumah l’era el cao de governo piasè carismàtego de l’Africa e ga sostegnù tuti i paesi africani che volea l’indipendenza.,venetian,Gana
"A notte inoltrata, il capitano rimugina sui propri problemi: l'equipaggio, la figlia, Sir Joseph; Little Buttercup prova a consolarlo affettuosamente (lui ammette che ricambierebbe se solo la sua condizione sociale lo permettesse), poi profetizza che presto avverrà un cambiamento, affermando che raramente le cose sono ciò che sembrano, ma il capitano non capisce l'avvertimento.",standard,H.M.S. Pinafore
"Dovùo a ła gran malformasion dei só reni che'l gà avùo fìn da picenin, el ga dovesto subir do traspianti ai reni in zòvane età, ma el gaveva da sotopónerse zornalménte a diałzi.",venetian,Gary Coleman
balsamitoides (Sch. Bip.) Grierson Culpepers British Herbal - Pub.,lombard,Tanacetum balsamita
"El comun de Passo Fundo, emansipà in 28 de zenaro de 1857, el ga ła so fondasion dal 1827, cofà risoltato del ocupasion del Mexo Altopian e del'Alto Uruguay, el so teritòrio orixinał ancoi ospita 107 comuni del Rio Grande do Sul.",venetian,Passo Fundo
Spesso nell'opera di Lovecraft il protagonista non ha controllo sulle sue stesse azioni o trova impossibile cambiare il proprio destino.,standard,H.P. Lovecraft
"14. che contiene la storia generale, e particolare dei Sette Comuni Storia dei Sette Comuni e delle ville annesse Storia della famosa grotta detta volgarmente il Covolo, o Covalo di Costoza dedicata all'antico e nobil collegio de' sigg. notai di Vicenza Lettera del padre Gaetano Girolamo Macca al padre Ireneo Affo A don Chiarino Vicentini parroco novello di Agugliaro, 16 agosto 1896 A d.",venetian,Gaetano Maccà
Rimarrà in seguito ferito alle gambe da una granata e al braccio da un proiettile.,standard,Desmond Doss
"'O Cunziglio d’’e viecchie rimanette friddo, tanto ca 'o cunziglio d’’e 500 chiedette 'e vutà pe purtà Napuliòne 'a ghigliottina.",neapolitan,Napoleone Bonaparte
"Da alora, la serie la xe cresùa, con in totale siei zoghi principali e do spin-off, insieme a do rilasci pianificài (V e VIII).",venetian,Garten of Banban
"A Ruommolo succedette Numma Pumpilejo: sabbino 'e Cures, Numma era 'o marito 'e Tazzia, 'a figlia 'e Titu Tazzio, e fuje scegliuto pe' mettere fine 'a na disputa 'nfra 'e senature rumane e 'e senature sabbine.",neapolitan,Regno 'e Romma
"El gato siamexe el ga un peło de cołore tra el grixo e el cołor pana, co oci blu.",venetian,Gato siameze
"Hogan (1939) The Gracie Allen Murder Case, regia di Alfred E.",standard,H.B. Warner
"Inte'l 1994 el partesipa a'l Festivalbar co'l brano Cellai solo te, canson che ła trata i raporti de cùbia, contài in ciàve irònega (scominsiando da ła grafia zbałiada de'l titoło).",venetian,Luca Barbarossa
"Poch temp despö, rien anca l'Oswald Sattler e 'l Ferdinand Rier.",lombard,Kastelruther Spatzen
El zodiac l’è una rejon de la volta celest qe l’e utel per la so praticitaa: tœts i pianets e la major part dei olter corp celests del sistema solar i se pœden trovar noma ind la rejon del zodiac.,lombard,Zodiac
"De contra, el govern de la Corea del Nord la n'ha faa-sù vun anca lee, alt 160 meter mettuu-giò al center del vilagg e che a l'è restaa el pennon pussee alt del mond fin al 2010.",lombard,Kijŏng-dong
Puceriale (in taliano Poggioreale) è na zona dd'â parte a llevante 'e Napule.,neapolitan,Puceriale
"Łe sincue sałe de ła viła łe mostra sincue ragrupaminti tematexi, progetà quasi soło da Giambattista Tiepolo, el pare: Sała sentrałe: Ifigenia in Aulis",venetian,"Viła Valmarana ""Ai Nani"""
"Il loro leader, Daevid Allen, era stato il primo chitarrista e fondatore dei neonati Soft Machine ma, respinto alla frontiera dalle autorità britanniche, si trasferisce in Francia, dove costituisce nel 1967 il primo nucleo dei Gong con la sua nuova compagna Gilli Smyth ed il sassofonista francese Didier Malherbe.",standard,Scena di Canterbury
"El porscell el vegn mai doperaa da i musulman, perchè l'è haram per la soa religion, ma, ona quaj volta, a l'è doperaa di vendiroeu non-musulman.",lombard,Kebab
"Secunnu la difinizzioni clàssica, un pianeta è nu corpu cilesti ca, taliatu dâ Terra, si movi rispettu all'àutri stiddi chi apparintimenti rèstunu fissi ntô celu.",sicilian,Pianeta
"Chistu accapitava macari ntô passatu e stu tipu di ricattu pô travagghiu, fattu supra la peddi di cui havi abbisognu, è cchiù fàcili fàrilu ntê rialità unni c'è na forti disoccupazzioni, comu ntô sud dâ nazzioni taliana.",sicilian,Votu di scànciu
"Dal 2004, H&M produce ogni anno una linea con diversi stilisti e case di moda.",standard,H&M
"I cai de goerno de sti oto Stati i se reunise na volta a l'ano par parlar de temàteghe pułìteghe, econòmeghe, anbientałi, etc.",venetian,G7
Rufranu è situata ntâ zona dû retroterra muntanu dû Vasciu Cilentu.,sicilian,Dialettu cilintanu miridiunali
"Bibliografia di H. Beam Piper, su Internet Speculative Fiction Database, Al von Ruff.",standard,H. Beam Piper
"'E canzone soje hanno fatto 'o giro d' ' o munno e, ancora ogge, so' cantate de' cchiù mpurtante cantante napulitane e straniere e fanno parte d' ' o repertorio lloro.",neapolitan,Giuseppe De Gregorio
"Da tüta manera, la guèra la s-ciupava entra Franza e Austria in 1809.",lombard,Klemens von Metternich
"El cerintianèzemo, movimento rełijozo che el ghea el nome dal gnòstego Cerinto del I secoło.",venetian,Cristianèzemo
Maria d' 'o Principio partette 'a prucessione ch' 'a presenza d' 'o cardinale 'e Napule Sìsto Riario Sforza.,neapolitan,San Giorgio a Cremano
La koinè lombarda medieval (o domà lombard medieval) a l'era ol volgar illuster qe se dovrava ind i tests scrivids ind la Lombardia storega intra i secoi XIII e XV.,lombard,Koinè lombarda medieval
L'è stat profesùr de scènse natürài a Braunschweig.,lombard,Eberhard August Wilhelm von Zimmermann
"In seguet a'l bandonar de la koinè, per scriver i lengue cisalpine i è staite desvilupade ind i secoi dei nœve grafie qe i s'è slontanade del so modell per indar-g dree (de plu o de men a segonda del cas) a la norma toscana.",lombard,Koinè lombarda medieval
"L'assassinat du grand-duc Serge, su MYmovies.it, Mo-Net s.r.l..",standard,L'assassinat du grand-duc Serge
"Cinque giorni dopo, il 15 marzo, alle 6 del mattino, lo scrittore di Providence si spense a 46 anni a causa delle complicanze del cancro, tra cui denutrizione e cachessia dovuta a malassorbimento.",standard,H.P. Lovecraft
"Sui modelli da 27"" sono disponibili l'Intel Core i3 a 3,2 GHz, l'Intel Core i5 a 3,6 GHz oppure i nuovi quad-core Intel Core i5 a 2,8 GHz e Intel Core i7 a 2,93 GHz.",standard,IMac
I francexi xe stà i primi a costruir de le fortificazioni su la costa inte el 1843.,venetian,Gabon
"Implementando l'H.323, i prodotti e le applicazioni multimediali di differenti produttori possono operare congiuntamente senza problemi di compatibilità.",standard,H.323
Attualmenti u SHOF esisti sulu comu museu virtuali ntô web.,sicilian,Songwriters Hall of Fame
"Da cuel momento el ze stà tenjùo in vita in modo artifisałe par n'altro dì, finchè só mugèr ła ga rechiedesto che cuełe machine che ło tenjiva vivo łe fuse destacàe.",venetian,Gary Coleman
"Accummenciarono, quanno erano guagliune, musecanno puisie 'e puete 'e sinnacate siciliane 'e ll'Ottocento comme a Vito Mercadante.",neapolitan,Agricantus
"La WWE rispose con l'annuncio del ritorno di Bret Hart, che non era apparso in nessuno evento della compagnia dalla controversia di Montréal del 1997.",standard,New Monday Night War
"Almeno cinque imperi governano l'umanità durante i prossimi quattromila anni, ma solo una manciata di racconti (raccolti in Empire) descrivono questo periodo.",standard,H. Beam Piper
"13. che contiene la storia del vicariato di Valdagno, e delle ville al medesimo soggette Tom.",venetian,Gaetano Maccà
"Klagenfurt el se troeuva in de la Carinzia, e 'l partegn a nissun distrett.",lombard,Klagenfurt am Wörthersee
L'aristucrazzia ngrisi avìa elettu Aroldu chi rignau pi quarchi misi.,sicilian,Nurmanni
Nò 1605 fu ritruvatu lu Corpu dû Santu dintra na cassa di chiummu situata dintra un sarcofagu di marmuru e chista fu l’occasioni pi ricostruìri na nova Basilica: nò 1618 ci foru purtati i Riliquii.,sicilian,San Valintinu
"La codifica di trasformazione che usa una trasformata discreta del coseno (discrete cosine transform, DCT) 8x8 riduce la ridondanza spaziale.",standard,H.261
"Napuliòne Bonaparte nun puteva vedé ancora 'e francise, 'nfatte era a favore 'e ll'indipendenza d’’a Corseca.",neapolitan,Napoleone Bonaparte
"Nel suo libro H. P. Lovecraft: contro il mondo, contro la vita, Michel Houellebecq sostiene che sia proprio l'""odio razziale"" a fornire la forza emotiva e l'ispirazione alla maggior parte delle più grandi opere di Lovecraft.",standard,H.P. Lovecraft
11 - 12 - 13 a festa di Sant'Antuninu.,sicilian,Liunforti
"L'area intorna a Katowice, la Volta Silesia, a l'è staita abitada de Silesian etneg fin dei prim secoi.",lombard,Katowice
"Accipitriformes àvi quattru famigghia arricanusciuti Accipitridae, unni cci su' cchiù speci, comu àculi, vuturi, nigghi etc.",sicilian,Accipitriformes
"Chèsto pès se ‘l tróa in del Atlàntech, ma gh’è di popolasiù ach in del nòrt del mar Adriàtech, in del Mar Nìgher e ‘n del Mar d’Azov e s’pènsa che öna ólta i sfòie i si a troès in töt ol mar Mediteràneo, ma dòpo l’öltima glaciasiù chès-cé pès i sarès restàcc adóma ‘ndóe ‘l mar l’è piö frècc e méno salàt.",lombard,Platichthys flesus
Lu nùmmiru 5 esisti ancora mentri nun si canusci la sorti dû nùmmiru 4.,sicilian,Division Bell
"Aggiunta della videocamera iSight integrata nella scocca con preinstallato il programma per foto Photo Booth e dell'Apple Remote, un telecomando con relativo programma (Front Row) di controllo preinstallato.",standard,IMac
Ll'avellinese è infatti no' territorio costituito sostanzialmente 'e culline e montagne chiene 'e boschi.,neapolitan,Avellino
Sign ca ze fatiava già la tèrra pe le còšt de sse mendagn a gl 8.570 p.,neapolitan,Zagros
Fuje 'a primma a ricevere nu diece perfetto p'â ginnasteca nt'e Joche Olimpiche (teneva solo 14 anne ô tiempo).,neapolitan,Nadia Comaneci
Napoli F) L'arabo cortese (win.1769,neapolitan,Giovanni Paisiello
"I singoi vegnud in seguit a inn Lonely God  (Dia solitari) – canzon scrivuda in del 2010 e sgiamò sonada del viv in di ann indree ma mai registrada foeura che in version demo), Arcobaleno / Morning Rainbow (Arcobalen - Arcobaleno a l’è anca el titol de l'EP digital de luj), I Just Wanna Be Free (A voeuli domà vesser libera) , Respirando (In del respirà / A respirà).",lombard,Nathalie
"Quando Koelle andò alla Rocketdyne cercando una versione aggiornata del S-3D, l'azienda gli presentò l'X-1 e suggerì di adoperare quest'ultimo anziché aggiornare nuovamente l'S-3; anche se sperimentale, l'X-1 era già nel giusto range di spinta ed era pronto per lo sviluppo completo.",standard,H-1 (motore a razzo)
"Lu votu di scànciu eni lu votu ca duna cu rigularità nu cittadinu elitturi, ca nun eni mutivatu di scigghiuti pulitichi, ca sunnu lu risurtatu di arriflissioni sinceri e disintirissati, ma ammeci sunnu currumputi di quarchi favuri o turnacuntu arricevutu di cui  si candita nta n'elizzioni.",sicilian,Votu di scànciu
"Aropp'â morte 'e Ruommolo, 'nfatte, 'o guverno d""a cità 'e Romma fuje pigliato d""e senature, ca vuleveno 'mpusta' nu guverno 'e tipo olegarcheco.",neapolitan,Regno 'e Romma
"Cunfina a nord cu Casoria e San Pietro a Patierno, a nord-est cu Punticielle, a llevante c'ê riun'ê Varra e San Giuanne a Teduccio, a sud c'â Zona nnustriale, a ponente c'â Vicaria e nfì a nord-ovest cu San Carlo all'Arena.",neapolitan,Puceriale
"'O traggitto nun era bene delineato , ma veneva cagnato a siconna d' 'e richieste e d' 'e necessità d' 'e devote.'A prucissione nun asciva d' 'a zona 'e Capitiniano, pecché 'int'a parte vascia ce steva già Sant'Aniello.",neapolitan,San Giorgio a Cremano
"L'home, mesura de totes les coses.",neapolitan,Joan Fuster
'O clima è 'o cchiù chiovuso e riggido d’’a reggione Campania.,neapolitan,Avellino
"Jamila (produtto d""o quotidiano ""Il Manifesto"" ô 2002) Cantante e gruppe 'e musica d""a Sicilia",neapolitan,Agricantus
"I se identìfega co l'òpara misionària fata da Jezù e dai so disèpołi predegando cueła che i definise ""ła bona notìsia del Regno"".",venetian,Cristianèzemo
I sit de produzzion sociacc al Consorzi fann la marchiadura de sciascheduna forma.,lombard,Talegg (formai)
"A hinn di arbùst sempervèrd o di alber piscinìtt alt de 2,5 a 4,5 m, con di ramm dens e di vòlt gh’hànn di spin piscinìnn.",lombard,Kumquàt
"D'ô 1570, data 'e costruzzione d' 'a chiesa 'e S.",neapolitan,San Giorgio a Cremano
"La segonda camara la xe davanti e la xe de 1,3 megapíxel e la permete de rejistrar a 720p schermo: Super Amoled HD (1280 x 720) de 4,65 polisi e tecnoloxia Countour Display (Cristall corbat).",venetian,Galaxy Nexus
"In seguito entra nella band anche Hugh Hopper, all'inizio solo come road manager, partecipando però anche alle prove e componendo dei brani, per poi diventarne il bassista quando Ayers se ne andrà dopo la pubblicazione del primo album, rimanendo fino al 1973.",standard,Scena di Canterbury
"I membre suie su distribuite rù êstrem Orient fin'ù sud re l'Europe, e po' chiù înd'à l'Afriche.",neapolitan,Cucce-mannèdde
"Contestualmente el cristianèzemo el zera devegnesto na rełijon aprovaca ufisalmente e i véscovi cristiani, moresti prima del podere miłitare, i ghene zera pasai al comando.",venetian,Cristianèzemo
"Parole di resistenza civile (2002), Fare memoria.",sicilian,Rita Borsellinu
"Ste a 78 m. susu u mare, a 2 km a sud de lu comune de Galatina.",sicilian,Nove te Galatina
"La ragione fu la sua presenza su internet, in particolare su YouTube prima ancora dell'uscita del disco.",standard,H.N.I.C. Pt. 2
L'autunnu è una dî quattru staciuna di l'annu.,sicilian,Autunnu
"Lu Parcu Littirariu Giuseppi Tomasi di Lampidusa cumprenni un tirritoriu vastu dâ Sicilia uccidintali ca di Palermu, unni lu scritturi nascìu e scrivìu lu Gattupardu, si stenni a Santa Margarita, unni trascurrìu jorna filici ntâ nfanzia e ntâ giuvinizza, e a Parma di Muntichiaru, fèudu di famigghia.",sicilian,Santa Margarita (Girgenti)
"La cunquista dâ Sicilia cci vulìa trent'anni, ma ntô 1091 cascau l'urtimu paisi saracinu, Notu, a tuttâ Sicilia era sutta lu cummannu nurmannu.",sicilian,Nurmanni
Le mostre temporanee di solito sono programmate per sei mesi.,standard,H'ART Amsterdam
"Però, in del comun, l'è mai stad trovad nissun lavorà preistoregh.",lombard,Medija
"Storia del Territorio Vicentino, in Sarcedo.",venetian,Gaetano Maccà
"Molti telefoni celluari e smartphone degli anni 2000 e dei primi anni 2010 registrano i video con la loro fotocamera, utilizzando come codec l'H.263 e come formato contenitore il 3gp.",standard,H.263
"Asempio: so andende, stongo ienno.",neapolitan,Lengua sarda
"Luigge XV 'e Franza (Versailles, 15 'e frevaro 1710 – Versailles, 10 'e majo 1774) fuje 'o rre 'e Franza dô 1715 ô 1774.",neapolitan,Luigge XV 'e Franza
"Pe' quanto riguarda 'o nomme d' 'a città, d' 'e duje elemente ca nce fanno 'a nummenata 'o primmo è 'o cchiù stabbele 'int'o tiempo e inneca 'o santo prutettore scigliuto d' 'a communità, ppe'tramente 'o siconno ha subito 'int'o tiempo diverze trasfurmazziòni e innica 'a zzona addò se stabbilette 'a pupulazzione.",neapolitan,San Giorgio a Cremano
Peterburg) Achille in Sciro (6.2.1778 St.,neapolitan,Giovanni Paisiello
El segondo G3 de'l 2006 el vede invese el ritorno de Steve Vai afiancà da Joe Satriani e John Petrucci.,venetian,G3 (grupo muzicałe)
"Comaneci nascette a Onesti (ora Gheorghe Gheorghiu-Dej), Rumania, 'a figlia 'e Gheorghe e Stefania-Alexandrina; fuje chiammata doppo ""Nadezhda"" (""Speranza""), comm'all'eruina 'e nu film russo.",neapolitan,Nadia Comaneci
"Ła reconose el primà de autorità al véscovo de Roma, in cuanto, par ła fede catòłega, sucesor de l'apòstoło Piero so ła càtedra de Roma.",venetian,Cristianèzemo
"Gugliermu ntroducìu ntâ Ngriterra lu feudalisimu francisi ma veni cchiù ricurdatu pâ ridazzioni dû Domesday Book, na nchiesta cû scopu di riggistrari li beni e li pirsuni dû tirritoriu dû regnu.",sicilian,Nurmanni
"L'astronomia moderna la g’ha dimostrad qe le costellazion i enn dei grœp de stelle faits su un poo a cas, senza un significad natural, e le so stelle i enn miga vexine tra de lore ind el spazi tridimensional, anzi certe vœlte i enn separade da grande distanze, anca se le paren vesser vixine a segonda de la nosta percezion bidimensionala del ispazi.",lombard,Zodiac
"E insci al didincö in Bavares una paciügada, una roba de nient, una roba maltrada insema, ghe disen ""schmarrn"".",lombard,Kaiserschmarren
"I gameti i ga inte un solche de sti cromosomi: al ovo an cromosoma X, al spermatozoo invece an cromosoma X o an cromosoma Y. par sto motivo al sesso maschhile inte sti animai al gnen ciamà eterogametico, quel feminil omogametico.",venetian,Sesso
El tour el se ga dezolzesto in Europa.,venetian,G3 (grupo muzicałe)
"In l'indagà descovrissen che de 'n aereo ligaa a Loksat a l'è 'ndaa giò l'avocatt, che 'l descovriss cont ona trappola informatica e la avvert che l'è a ris'c a combatt Loksat.",lombard,Kate Beckett
"La Beckett el ghe regala inveci on cassett in la sò cà, per fàgh cavà i vestii e fà sess.",lombard,Kate Beckett
"All'inizio 'e ll'anne '70, ll'Ufficio Commercio d' 'o Comune 'e San Giorgio a Cremano registrava 'a presenza 'e 58 azzienne tessili.",neapolitan,San Giorgio a Cremano
"Durant la Insurezion de Novembr, ind el febrar del 1831, la vegn combatuda la Bataia de Kurów cont i armade Polonese sota a'l comand del jeneral Józef Dwernicki qe l'è staita venjuda contra i Russ.",lombard,Kurów
"Originariamente doveva essere diretto nel 1943 da Mario Soldati e interpretato da Vittorio De Sica, che figura comunque in veste di sceneggiatore.",neapolitan,Vittorio De Sica
Sta statua finu o 2002 fu sutta l’artaru maggiuri.,sicilian,San Valintinu
"L'è donca torturada e portada in d'on bosch per vess mazzada, ma l'è salvada in extremis de la vera sicaria, che la ghe dis de 'vègh rescattaa on debit.",lombard,Kate Beckett
"È il protagonista del film, basato sulla sua vita, La battaglia di Hacksaw Ridge diretto da Mel Gibson e con Andrew Garfield nel ruolo di Doss.",standard,Desmond Doss
– Centuspati Agave guadalajarana – Maguey chato Agave havardiana Trel.,sicilian,Agave
"La morte del nonno, avvenuta nel 1904, fece cadere l'intera famiglia in difficoltà economiche, tanto che Lovecraft dovette traslocare con la madre al civico 598 della stessa Angell Street, in un'abitazione più piccola e meno confortevole; da qui Lovecraft intraprese la carriera liceale, che non riuscì mai a completare a causa della sua salute malferma, dovuta anche a una caduta da un'impalcatura verificatasi nel 1905, in seguito alla quale soffrirà per tutta la vita di mal di testa.",standard,H.P. Lovecraft
"'O territorio era paludoso, ma aropp'a bonifica borbonia e 'a costruzzione d' 'o accussìritto ""Lagno d' 'o spirito santo"", 'a zzona è stata resa assaje cchiù abbitabbile.",neapolitan,Casalnuovo 'e Napule
"Fece l'attore in circa trenta pellicole lavorando quasi sempre per la British & Colonial Kinematograph Company, la società di produzione londinese con cui aveva iniziato la sua carriera cinematografica.",standard,H.O. Martinek
Accipitriformes (VIEILLOT 1816) sunnu n'òrdini d'aceḍḍi rapini diurni.,sicilian,Accipitriformes
"El tour de'l 2005 el vede come protagonisti John Petrucci, Steve Vai e Joe Satriani e el se dezvolze in Japon e inte i Stati Unii.",venetian,G3 (grupo muzicałe)
"Ła sità ła ga subìo, intel corso del tempo, diverse dominasion: ła sità ła xe sta tolta ai Bizantini dai Normanni intel 1185, quindi a xe rivà i Venesiani che, de ritorno dała IV crociata, i ga ciapà Durazo intel 1205.",venetian,Durazo
"I goerni dei paexi industrialixai intrà el 1960 e la fin dei ani novanta, le ga butà drento te l'agricultura la cusì ciamada rivołusion verde, o sia i ga investio tanto inte la riçerca agricola, diretante inte i canpi dei agricoltori, çercando altri sistemi par produre de pì.",venetian,Agricultura
"C. ricevette pe' primma 'int' 'e pruvincie rumane 'a civitas sine suffragio, ca segnifica 'a cittadinanza rommana senza deritto 'e voto.",neapolitan,Acerra
Parma) Le virtuose ridicole (1765 Parma) Le nozze disturbate (carn.1766,neapolitan,Giovanni Paisiello
1) prima stansa a destra: : Omero (Iliade: desputa tra Agamennone e Achille),venetian,"Viła Valmarana ""Ai Nani"""
La lavorasion de l’oro e de altri minerali xe stà sempre importante.,venetian,Gana
U Songwriters Hall of Fame (SHOF) è nu prugettu di la National Academy of Popular Music (NAPM) ca avi l'obbiettivu ri realizzari nu museu didicatu ai cchiù mpurtanti auturi ri canzuni di l'industria musicali mericana.,sicilian,Songwriters Hall of Fame
"Soru dû maggistratu Paulu Borsellinu, ntô 1967 si lauriau 'n farmacìa a l'Universitati di Palermu, esircitannu lu travagghiu di farmacista ntâ cità pi certiduni anni.",sicilian,Rita Borsellinu
Ccà s'unette 'o movimento rivuluzzionario 'e l'isola addeventanno tenente colonnello d’’a Guardia Nazziunale.,neapolitan,Napoleone Bonaparte
"La NAA ottenne inoltre molta documentazione tecnica riguardo ai propulsori, grazie alla quale scoprì che la Germania aveva in mente di migliorarne le prestazioni tramite l'utilizzo di un nuovo iniettore di carburante.",standard,H-1 (motore a razzo)
"Il debutto a Broadway avvenne nel 1998, cogliendo un considerevole successo di critica e pubblico (fu il primo musical degli anni '90 ad ottenere un revival, già nel 2009).",standard,Ragtime (romanzo)
"Nel 1911 la famiglia di Lovecraft cadde nuovamente in disgrazia, stavolta a causa di investimenti sbagliati fatti dallo zio Edwin E. Phillips, e piombò in uno stato di povertà da cui non riuscì più a uscire.",standard,H.P. Lovecraft
"Lee 'l ghe dis, in russ, de seguìlla per fà 'na roba pussee bella.",lombard,Kate Beckett
"Furono messi in competizione contro i Tartarus, una squadra anti-Titans guidata da Vandal Savage, che includeva Gorilla Grodd, Lady Vic, Red Panzer, Siren e Cheshire.",standard,H.I.V.E.
"Funnata ntô 1572 dû baruni Antoniu Corbera, antinatu dû scritturi Giuseppi Tomasi di Lampidusa (ca ntô paisi avìa na villa unni trascurrìa li propi vacanzi), lu paisi sorgi ntâ zona sud-uccidintali dâ Sicilia, tra li ciùmira Belici, Senori e Carboj, â cunfruenza dî pruvinci di Palermu, Tràpani e Girgenti.",sicilian,Santa Margarita (Girgenti)
Sucesivamente inte'l 1979 e 1982 el ga fato dei camei inte ła serie L'albero delle mele (spin-off di Arnold) inte'l roło de Arnold Jackson.,venetian,Gary Coleman
"L'ùltema varsion de l'app ła ze stà ła 8.29 (apriłe 2021) drìoman sostituìa, so Play Store, da YouTube Music.",venetian,Google Play Musica
"Processore a 400, 500 (PPC750CXe), o 600 (PPC750CXe) MHz.",standard,IMac
"- L'aldilà, Paura nella città dei morti viventi, Re-Animator, Jason va all'inferno, Il seme della follia e Dagon - La mutazione del male, oltre alla serie La casa.",standard,H.P. Lovecraft
"Le origini della scena di Canterbury si possono far risalire alla metà degli anni cinquanta, quando un gruppo di studenti della scuola elementare Simon Langton di Canterbury fanno conoscenza.",standard,Scena di Canterbury
El tèrmano el ze ła tradusion del latin sacramentum corispondendo al greco mysterion.,venetian,Cristianèzemo
"Ntô passatu, lu puggilatu birmanu tradizziunali era l'antìtisi di Thaing, pi lu sò aspettu brutali e primariu.",sicilian,Puggilatu birmanu
"Wikimedia Commons el detien imàjini o altri file so cristianèzemo el detien schemi gràfeghi so cristianesimoTreccani.it – Enciclopedie on line, Istituto de ła Ençiclopedia Italiana.",venetian,Cristianèzemo
"Specifiche dell'H.263 sul sito dell'ITU (in inglese), su itu.int.",standard,H.263
"Chiste ponno nchiummà l'apparato diggestivo 'e ll'animale, e cu' 'o tiempo 'e fanno murì.",neapolitan,Lamantino
"'E ccanzone 'int'â lengua siciliana songo: Ciavula, Occhi chi nascinu, Mari niuru, Su Dilluru, e Li vuci di l'omini.",neapolitan,Agricantus
"Proprio i racconti usciti su Home Brew, nello specifico Herbert West, rianimatore e La paura in agguato, lo porteranno all'attenzione di Edwin E. Baird, direttore della rivista professionale Weird Tales, sulla quale nell'ottobre 1923 uscirà Dagon.",standard,H.P. Lovecraft
"A hinn stàa coltivàa anca in di alter part de l’Asia orientàl (Giappon e Taiwan), Asia del sud (India), e Asia Sud-èst (soratùtt i Filippine).",lombard,Kumquàt
"Wikimedia Commons el detien imàjini o altri file so Viła Valmarana ""Ai Nani"" el detien schemi gràfeghi so",venetian,"Viła Valmarana ""Ai Nani"""
Sarebbe sciocco negare che il razzismo entri nella sua opera».,standard,H.P. Lovecraft
"Ła prima ła ga rifiutà, ła seconda, invese, ła xe vegnua in juto dei democrateghi de Epidamno: sto gesto el ga causà on scontro tra łe do sità (Corcira e Corinto), che el xe sta el scumisio de ła Guerra del Pełoponexo, tra Atene e Sparta.",venetian,Durazo
"L'arianèzemo, dotrina cristołòzega ełaborada dal mònago e teòłogo cristian Ario, condanada al primo concilio de Nicea, che ła ga avesto na granda inportansa stòrega durante de łe invazion barbàreghe.",venetian,Cristianèzemo
"Li granni citati sicilioti putìanu cuntari nzinu a 10.000 e 20.000 òmini, mentri chiddi ccìu nichi comu Missina putìanu furniri nfinu a 3.000-6.000 òmini.",sicilian,Battagghia di Gela (405 a.C.)
"Lu modu di affruntàrisi è tantu spicìficu, tinennu tantu spissu di lu cumpurtamentu animali e assimigghia sulamenti di tantu luntanu a àutri pràtichi urientali.",sicilian,Puggilatu birmanu
"Intel april de 1964, el governador Ildo Meneghetti el ga movesto el governo del stado del Rio Grande do Sul a Passo Fundo par 4 dì in razon del scominsio dela detatura militare in Braxile a 1 genaio.",venetian,Passo Fundo
"El soranome ai ""Nani"", che ła xe conosua, pa deferensiarła da altre viłe de ła stesa fameja, xe dovù a łe 17 sculture in piera rapresentà da nani, ch i xera sparsi par el parco, e dopo ałineà inte ła mura de sinta.",venetian,"Viła Valmarana ""Ai Nani"""
A ł'età de disnov'ani el ga abandonà ła tełevixion e el ga tecà a studiar recitasion a ła Central School of Speech and Drama de Łondra.,venetian,Gael García Bernal
"Co l'indipendensa la xera visina, i colonialisti i ga deciso de pasar la cavedal del protetorato del Bechuanaland da Mafikeng (alora Mafeking) a Gaberones, on vilagio in tel sud del paexe.",venetian,Gaborone
"Oxford University Press, New York.",lombard,Tanacetum balsamita
Il modello da 21 pollici mantiene la Iris Pro integrata.,standard,IMac
"Ol Talegg a l'è un formai a denominazzion d'origen protesgiuda (DOP): donca al poeul vesser producid e stagionad domà in Lombardia, in de le province de Berghem, Bressa, Com, Cremona, Lech, Lod, Milan, Pavia; in Piemont in de la provincia de Noara; in Venet, in de la provincia de Trevis.",lombard,Talegg (formai)
"Chesta unità è particularmente diffusa pure ppecchè sperimentalmente è cchiu facile e preciso compare masse 'e atomi e mulecole , cchiutuosto che musurarnne a' loro massa ssoluta, specialemtne quanno se ulitizza nu spettrometro 'e massa.",neapolitan,Unità e' massa atomeca
& Thomson ex C.B.Clarke Tanacetum gracile Hook.f.,lombard,Tanacetum
"Lu virus di l'infruenza spagnola pigghiava li celluli pulmunari, purtannu a na stimulazzioni di lu sistema immunitariu cu lu rilasciu di cytokini a l'internu do tissutu pulmunari.",sicilian,Nfluenza A suttatipu H1N1
El film ze un ritrato de l'adołesensa de alcuni tozi de un łiceo roman e otien un otimo suceso a ła Mostra del Sìnema de Venesia.,venetian,Gabriele Muccino
"Di questo gruppo fanno parte tra gli altri i due fratelli Hugh e Brian Hopper, Robert Wyatt, Dave Sinclair e Mike Ratledge.",standard,Scena di Canterbury
"L'ha parlaa no de la quistion al Castle, che de facc el se inversa debon quand che 'l descovriss, e tucc e du se fann di domand in sul sò futur, la Beckett ne parla cont el sò popà, che 'l ghe dis che la sò mamma l'avaria voruu che la lavorass a nivell federal.",lombard,Kate Beckett
Wikimedia Commons el detien imàjini o altri file so Google Play Musica el detien schemi gràfeghi so,venetian,Google Play Musica
Ancò el Ghana xe na repùblega democràtega e el presidente xe John Agyekum Kufuor.,venetian,Gana
"Adriano Monti Buzzetti Colella, Oscure Radici.",standard,H.P. Lovecraft
Issa è definità comm a' dodicesima parte d'â massa 'e n'atumo 'e carbonio-12.,neapolitan,Unità e' massa atomeca
"La ałimentathion vedhetal la include, thereałi, bache, pomele e n'antre sort de fruta.",venetian,Corvus corax
"Katowice (parnonzia:  [katɔ'vʲitsɛ] (Cec: Katovice, Todesc: Kattowitz; Slesian: Katowicy) l'è la dexima citaa plu granda de la Polonia, insì come la capital de la rejon da Silesia, a'l sud de la Polonia, a la vora dei valdej Kłodnica e Rawa.",lombard,Katowice
"Dint'o 1725 'o rre se nzuraje cu Maria Leszczyńska, figlia 'e Stanisław I 'e Pulonnia.",neapolitan,Luigge XV 'e Franza
"El ciapa dentr el 11% dol teritori del Paes e, ind el 2010, i ge viveva poc manc de 23 milion de aneme.",lombard,Kansai
"L'Impact! del lunedì sera vide i debutti e i ritorni fra gli altri di Jeff Hardy, Jeff Jarrett, Orlando Jordan, Scott Hall, Sean Morley, Sean Waltman, Shannon Moore, Sting e Ric Flair, oltre al preannunciato Hogan e dello stesso Bischoff.",standard,New Monday Night War
"Olter ai trii singoi, l’è fad on quart videoclip per el toch L'essenza cont el Battiato, indove l’è protagonista l'atris e condutris Ilaria Fratoni.",lombard,Nathalie
"In la pianura, a 641 km de la boca, el se troeuva el paes de Srednekolymsk, el pussee grand in del basin de la Kolyma, cont ona popolazion de 3.490 abitant.",lombard,Kolyma
L'algoritmo di codifica fu progettato per poter funzionare a velocità di trasmissione video comprese tra 40 kbit/s e 2 Mbit/s.,standard,H.261
"In particolar, inte le rejon del Belzo inte le Fiandre e inte el Brabante  el teren el jera poco fertile, ma el gran xvilupo del comerço de mare el ghea fato vegner pì granda la domanda de prodoti come el lino, le tele, i coloranti e el pano, l'orxo e il lupolo, la canapa, le corde e el tabaco e altre.",venetian,Agricultura
"New Orleans - Lu sìnnacu di New Orleans ordinau a tutti l'abbitanti di sta cità di lassari li casi e jiri fora di lu tirritoriu di New Orleans pirchì stanotti è previstu l'arrivu di l'uraganu Katrina, purtaturi di venti di chiossai di 360 km urari.",sicilian,Austu 2005
Dista 73 km da Palermu e 88 da Girgenti e Tràpani.,sicilian,Santa Margarita (Girgenti)
"Ad avril la lavora cont el Raf adree al singol Numeri (I numer), tirad foeura de l’album omonim del cantant; in del toch a gh’è anca la partecipazzion del rapper Frankie hi-nrg mc.",lombard,Nathalie
"Ottenne la sua prima vittoria aerea il 6 aprile 1917, a spese di un Halberstadt D.II.",standard,Joseph Fall
"Tanti ranni pirsuni anu vissutu ntâ Magna Grecia, comu Pitàgura, Eschilu, Sòfucli e Platuni.",sicilian,Magna Grecia
"Un bell dì, un lov la sluscia e el vœul subet tracagnàss lee e tut quell che l’è adree a guarnà ind la sò cavagna.",lombard,La piscinina Capin ross
"El Sovran (monarca) el ze raprezentà dal Goernatore Zenerałe del Cànada, che el nòmena i 105 menbri de ła camara alta, o sia el Senato, drio łe racomandasion del Primo Ministro del Cànada.",venetian,Parlamento del Cànada
El ven coltivàa in Lussemburgh e ‘l poò vèss doprà per la coltivazion ‘me 'n bonsai.,lombard,Kumquàt
Fu poi annunciato anche il debutto di Hogan per la stessa serata.,standard,New Monday Night War
"63 (105), Perseo Libri, 2003.",standard,H. Beam Piper
El frutt el pò vèss redond o a forma de campana e l’arancion sberlusént quand l’è madur del tùtt.,lombard,Kumquàt
"C'è la possibilità di scegliere un disco rigido da 500GB oppure uno da 1TB, rispettivamente da 1.158 € o da 1.461 €.",standard,IMac
Arabbia Saudita -- Lu Re Fahd mori all'età di 84 anni.,sicilian,Austu 2005
Aroppo a chesto nun ce scordammo ch'o paese 'e S.,neapolitan,San Giorgio a Cremano
"The David Lee Roth Band ga avùo cuatro menbri dei G3: Steve Vai, Billy Sheehan, Matt Bissonette e Gregg Bissonette.",venetian,G3 (grupo muzicałe)
"Con la precesion dei equinoze qella fonzion qé l’è passada a le costellazion qe le vegnen dopo, çoè a l’Ariet, a la Balança, al Canqer e ai Pess.",lombard,Zodiac
Mazzarinu è un cumuni di 12.333 abbitanti dâ pruvincia di Caltanissetta.,sicilian,Mazzarinu
L'etnia pì numarévołe ła ze cheła rumena co 29 àneme.,venetian,Galzignan Terme
"Ind la astrolojia ocidentala tradizionala (""tropega"") se fa anc’mò riferiment a la posizion del pont gamma, qe la valiva a l'epoca del prim manual astrolojeg, el Tetrabiblos de Tolomè, de manera qe le prevision i enn ligade anc’mò adess al ciclo de le stajon.",lombard,Zodiac
"A ze stà posibiłi interonper l'abonamento in calsiase momento, anca prima de'l scader del pariodo a gratis, sensa nisun costo zontadivo.",venetian,Google Play Musica
"Nce steva na' vota (chesta cosa s'adda dicere) 'ncopp' o satellite nu' canale  gratis in HD: Venice Channel (O'Canale-de-Venezia), ca' trasmette senza pavà na' lira o n'Euro e ppure cu l'Avta-Definizzione.",neapolitan,16:9
Ona gotta frèggia a l’è de fàtt de l’aria frèggia in quòta o ben on profìl vertical de l’atmosfera favorevol per i temporaj.,lombard,Tajà foeura
"Non se sa de sicuro quando che el xe nato, ła fameja ła zera dei conti de Thiene, ultimo dei tre fiołi del conte Gasparo de Thiene (on militare, morto inte el 1492) e de ła contesa Maria da Porto, terziaria domenicana: el ghe xe sta dal nome de on so sio pena morto, on canonico profesore de dirito a l'Università de Padova, che el zera nato a Gaeta.",venetian,Gaetano de Thiene
"In qella manera qé la rapresentazion del zodiac la s’è mai destacada del tœt dal sistema dei segn cristian, e anzi al se ved anc’mò adess ind le catedrai, ciexe e monaster medioevai.",lombard,Zodiac
Tra i obietiv destrugads a g'eva l'ospedal civil (segnad cont dei crox rosse) indov diverse persone i g'hann perdud la vita.,lombard,Kurów
"Arcune credono ca deriva d""o latino ""crematum"" cu riferimiento â terra ""cremata"", ossia abbruciata d""o Vesuvio.",neapolitan,San Giorgio a Cremano
"Quessu sentennu, la femmena, desperada de se la rrenne, pè 'nu sfiziu a consularse de lu travagliu ch'avìa patù, crenzò de vulè pónge 'stu re meschinu.",lombard,Gall-Italich de Basilicada
"Grasie a sta łonga espariensa Muccino gavarà modo de perlustrar e catar un so stiłe personałe de raconto, che sviłupaà drìoman inte i ani cuando che'l deventarà un sineasta.",venetian,Gabriele Muccino
"A la fini di la danza, li brazza ncruciati lu pùggili si curpisci ogniduna di li sò spaddi cu la manu upposta 'n modu di annunzari ch'è prontu a cummàttiri.",sicilian,Puggilatu birmanu
"El Tor e l’Ariet i coresponden a l'equinoze de primavera, qe l’è la stajon quand ind i roç de vaqe e de cavre i començen a nasser i vedellin e i cavrin.",lombard,Zodiac
Tra i atrazion turistege a g'è : la giexa del rinasciment restruturada ind el 1692 indova se trœva una tomba de la fameia Zbąski e sculture de Santi Gucci (1587).,lombard,Kurów
Italiani e tudischi arrìvunu a traspurtari ntô cuntinenti la maggior parti di l'òmini e dî mezzi.,sicilian,Opirazzioni Husky (1943)
"Santa Filumena 'e Romma se fiura ca fuje na santa e martire cattolica d""o quarto seculo.",neapolitan,Santa Filumena
El singol omonim l’è rivad al disco d'or grazzie ai pussee de 15.000 descaregament digitai.,lombard,Nathalie
"Ferruvia sospesa: Chiammata pe turesco Schwebebahn, isso è nu sistema ca vera 'o treno aggangiato 'a 'na specie 'e linia r'acciaro ca po' sarria 'o binario, comme si fosse sott'e ngoppa.",neapolitan,Ferruvia
'O 9 'e Ottovre d’’o 1799 Napuliòne sbarcaje a Fréjus cu ll'entusiasmo 'e tutt'a Franza.,neapolitan,Napoleone Bonaparte
El Primo Ministro e el Gabineto i ga da mantegnere el pozo de ła majoransa dei menbri de ła Camara dei Comuni par poder goernare.,venetian,Parlamento del Cànada
"Par i Cristiani el ze on fiume tanto inportante parchè live ze sta batezà Jezù, invese par i Ebrei ze dove el sucesor de Mozè, o sipia Jozuè el ga portà el popoło ebraego a ła Tera Promesa.",venetian,Zordan (fiume)
"Pö l'ha ciapaa un diploma in Slavistega, Americanistega e Legg a l'üniversidaa technega de Dresda (TU Dresden); e per finì l'ha tolt anch un Master's a la medema üniversidaa.",lombard,Katja Kipping
Gaborone la xe na sita' moderna e la ga strade pi che suficenti par el trafico.,venetian,Gaborone
Si dèdica cu granni abnigazzioni a la rivalutazzioni di li canti tradizziunali calabbrisi cu riguardu particulari a lu sò tirritoriu d'orìggini: Pulicastru.,sicilian,Hantura
"Cunt chela furmaziun chí l'è gnüü föra 'l so prim singul Das Mädchen mit den erloschenen Augen che l'è stáa sübet un süper hit e che l'è divegnüü un ""disch d'or"".",lombard,Kastelruther Spatzen
"Nella prima, in particolare, Lovecraft porta il suo razzismo alle estreme conseguenze, caratterizzando esplicitamente le persone di colore come sub-umane: Nei suoi scritti e nella vita personale ha spesso sostenuto una decisa preservazione della razza e della cultura dei vari popoli.",standard,H.P. Lovecraft
"Ol termin al vegn de l'espression lombarda ""strach"", perchè ol formai al vegneva fad (e de un quajvun an'pò al dé d'encoeu) cont ol lacc de la sira, quand che le vache rivaven ""strache"" despoeu de vesser stade a foeura toeut ol dé.",lombard,Talegg (formai)
Statistiche aggiornate al 3 marzo 2026.,standard,Román Vega
"'O 6 'e majo d’’o 1800, seje mìse adoppo 'o colpo 'e stato d’’o 18 brumaio, Napuliòne avette a 'n'ata vota 'o cummanno 'e l'esercito franzese.",neapolitan,Napoleone Bonaparte
"Il lavoro di critica letteraria più noto composto da Lovecraft è probabilmente Supernatural Horror in Literature, scritto tra il 1925 e il 1927, in cui esamina le radici del genere horror e fantastico.",standard,H.P. Lovecraft
"Casazza, Elvira, su sapere.it, De Agostini.",standard,Elvira Casazza
Riuscette nun sulo a se fa perdunà ma se facette pure annummenà capitano.,neapolitan,Napoleone Bonaparte
"Dint'o màrzo d’’o 1804, pe dà nu signale 'e Burbone 'e Napule, Napuliòne facette arrestà a Ettenheim 'o duca Enghien ca fuje pe senza niente accusato 'e cuspirazzìone contr'o primmo console e fucilate subbeto adoppo.",neapolitan,Napoleone Bonaparte
'e Carlo Ludovico Bragaglia (pure sceneggiatura) 1945: Lo sbaglio di essere vivo 'e Carlo Ludovico Bragaglia 1946: Il mondo vuole così 'e Giorgio Bianchi 1946: Roma città libera 'e Marcello Pagliero 1946: Abbasso la ricchezza!,neapolitan,Vittorio De Sica
"Â fine d' 'o 1800, ch' 'o parroco don Francesco Pannico, se faceveno tre prucissioni, tutte 'int'o mese 'e maggio pecché nce steveno cchiù villeggiante.",neapolitan,San Giorgio a Cremano
"Dopo la pubblicazione del quarto album, Fourth, e l'uscita di Wyatt nel 1971, la band comincia un lento declino fino allo scioglimento che avviene nel 1984.",standard,Scena di Canterbury
"In de l’autunn del 2014 ,la Nathalie la met foeura la cover in frances de L'anamour, canzon scrivuda del Serge Gainsbourg, per el cortometragg Dirsi addio (Dìss adio), tirad foeura d’ona storia de la Chiara Gamberale; l’è anca publicad on video coi imagin del film.",lombard,Nathalie
"Prestu, trasìu ntà scena la famigghia Autavilla cummannata di Gugliermu vrazzu di ferru (mortu ntô 1046), cu iddu veni nu canciamentu radicali di l'aspirazzioni dî nurmanni nta l'Italia miridiunali.",sicilian,Nurmanni
"Ma poiché questa possibilità non esiste, sostengo che tutti i voti progressisti debbano andare a qualunque partito potenzialmente eleggibile""; questo dovrebbe inserire nei suoi programmi progetti a favore della ""pianificazione economica, della previdenza sociale e della nazionalizzazione delle grandi risorse e dei grandi mezzi di produzione"", ribadendo quindi il suo appoggio al New Deal e alla filosofia di La Follette (che afferma avrebbe votato se avesse avuto diffusione nazionale).",standard,H.P. Lovecraft
"El teritorio a nord el ze pian, a sud se kata invese ła kaena montagnoza de Ciłian; al sentro el teritorio el se strenze inte ła rejon istorega de el Coridoio de Hexi.",venetian,Gansu
L'è stada on'important città-statt in del Mar Negher e part d'on statt ellenistigh.,lombard,Kerč
Teatr de Silesia (Teatr Śląski im.,lombard,Katowice
"La pèll la gh’hà on savór dolz, ma diversament, quèll frutt chì el gh’hà ‘na polpa agra.",lombard,Kumquàt
Tuttuquante chille cristiane invucajeno assaje San Giorgio e ll'Immaculata e prumettetero ca si 'a lava se fermava avessero purtato 'e duje statue allà addò chesta eva smiso 'e scennere.,neapolitan,San Giorgio a Cremano
Se tratta 'e linee corte pe' lloro natura e cosa abbastanza simile so’’e ferruvie a cremagliera.,neapolitan,Ferruvia
"El so operado el ga provocà ła reasion dei conservadori, finché on grupo de senadori, capezà da Marco Giunio Bruto e Gaio Cassio Longino no i ga cospirà contro de łù, copandoło a łe Idi de Marso del 44 a.",venetian,Gaio Giulio Cesare
"A causa delle difficili circostanze economiche, Reyersbach emigrò in Brasile nel 1924, dove venne impiegato come contabile da un parente proprietario di una società di importazione ed esportazione di vasche da bagno.",standard,H. A. Rey
"Certi urtugrafì i 'mpieghen anca la semivucal j, i vucai ö ô e ü e i grafemi oeu (o œ), s'c e s'g.",lombard,Abecee
"A partir pressapoc dal 300 A.C., ogne segment de 30 grads al podiva vesser dividid a so vœlta in dodicesim, ognun de 2,5 gradi, qe i g’hiven anc’mo i stess nom de le dodex costellazion (micro-zodiac), e qe, in qell cas qé, i corispondiven miga plu a una vera posizion astronomega.",lombard,Zodiac
"Karl Kajetan von Gaisruck (1796-1846), arcivescov de Milan.",lombard,Klagenfurt am Wörthersee
"Gl caštiégl e Settefrate, (ne remánene riéšt de la torr é de ciért mórera), è de gl dèceme sècule (nfetèuse de gl abbate Aligérn de gl 983).",neapolitan,Settefrate
Kerč (Керч in cirilligh;  Керчь/Kerč'  in russ; Keriç in tater de Crimea; Kerç in turch; traslitteraa anca 'me Kerch; Παντικάπαιον/Pantikápaion in grech antigh) l'è ona città de l'Ucraina de circa 160.000 abitant.,lombard,Kerč
El parla de una toseta e un lov margnif che el prœuva a gabolàlla.,lombard,La piscinina Capin ross
"El Giovann Antoni Cotta (Giovanni Antonio Cotta in italian, ... - dopo del 1481) l'è stad un politegh e nobel milanes.",lombard,Giovann Antoni Cotta
"I mostri, basai su le mascote del axilo , i pol esser utili, dannosi o neutrali.",venetian,Garten of Banban
"Derleth, dietro queste pressioni, dovette però rendere noto che i lavori erano in realtà suoi, basandosi solamente su spunti narrativi forniti da Lovecraft nel corso della corrispondenza.",standard,H.P. Lovecraft
"El segondo ano, vegneva invertie le tere.",venetian,Agricultura
"Claudius Subatianus Aquila, Praefectus Mesopotamiae Primus, «AnatSt» 27 (1977), pp. 191-192.",standard,Praefectus Mesopotamiae
Raffles Bulletin of Zoology 50(1): 101-109.,neapolitan,Cucce-mannèdde
"Inte el mondo clasego e latin, el sistema agraro el se baxava so la divixion de la tera in baxe a le exigense de la cità e sol 'ager publicus oltre che inte la rodasion ogni do ani, andove, in otuno, sirca metà de la tera la vegneva samenada co cereali e che l'altra metà la vegneva d'asada dormire.",venetian,Agricultura
"A partiri dû sèculu IX sti vichinghi accuminzaru a fari li briganti e li latri di mari pi tutta l'Europa sittintriunali, ma comu si vidi ntâ mappa â manu dritta, s'attruvàvanu puru a l'autru latu di l'Europa.",sicilian,Nurmanni
I nidi vennu parati nta l'àrbuli o ntê timpi.,sicilian,Accipitriformes
Doppo sulo dduje juorne partette pe ll'Italia cummannanno 38 000 crestiane equipaggiate malamente.,neapolitan,Napoleone Bonaparte
"Finalmente, intel 1988, a se ga dexidesto utiłixar cofà base el nucleo Mach sviłupà ne ła CMU.",venetian,GNU
Lu sò vucabbulàriu è fortimenti radicatu ntê lingui rumanzi muderni.,sicilian,Lingua franca nova
È il primo iMac a montare il processore proprietario Apple M1.,standard,IMac
"Hogan (1939) Il grande nemico (Let Freedom Ring), regia di Jack Conway (1939) La squadra speciale di Bulldog Drummond (Bulldog Drummond's Secret Police), regia di James P.",standard,H.B. Warner
"Intra el 1892 e ‘l 1894 el basin de la Kolyma l’è staa esploraa in de per tutt de ona spedizion geologega del baron Eduard von Toll; in la prima metàa del Noeuvcent, però, la Kolyma a l’è devegnuda famosa per i camp de lavor forzaa del GULag faa su del menagg sovietegh sotta el Josef Stalin per sfruttà i resors mineraj (soratutt or e platin) che boeugnaven per desviluppà l’industria in di alter part del paes.",lombard,Kolyma
"Lu tintativu fu ammaccarrunatu, picchì quannu Dionisiu turnau a Sarausa truvau li porti chiusu, ma nun taliatu.",sicilian,Battagghia di Gela (405 a.C.)
"In Berlin, Metternich al sa fava inscí gradàbal a l’inviaa Frances che Napoleon al domandava ch’al vegniss mandaa a Paris, dond al ciapava residenza in tant che ambassadur in August da 1806.",lombard,Klemens von Metternich
"Nel 2023 il museo ha annunciato che avrebbe collaborato con lo Smithsonian, il Centro Pompidou e il British Museum e dal 1 settembre 2023 ha avuto il nuovo nome Museo H'ART.",standard,H'ART Amsterdam
"19 giugno 2000 – iMac/iMac DV/iMac DV+/iMac DV SE. processore a 350 o 400 o 450 o 500 MHz, colori Indigo (blu), Ruby (rosso), Sage (verde), Snow (bianco) e Graphite (grigio).",standard,IMac
"Ruommolo spartette 'o populo d""a cità 'nfra chille ca puteveno e nun puteveno cummattere e 'nfra 30 tribbù, 'e Ramnes, 'e Tities e 'e Luceres, e furmaje 'o Senato cu' 100 'nfra 'e perzone cu' cchiù esperienzia ca veneveno d""e famiglie nobbele d""a cità, 'e Patrizzie.",neapolitan,Regno 'e Romma
"Lu sbarcu in Sicilia, marcau l'inizziu di la libirazzioni italiana, e ristau nta li mimorî dû pòpulu, e resta comunqui unu di l'abbinimenti cchiù mpurtanti dâ storia ricenti dâ Sicilia e di l'Italia.",sicilian,Opirazzioni Husky (1943)
"Chest event chì a hinn staa depos ciamaa cont el nomm de ""la guerra di pennon"".",lombard,Kijŏng-dong
"L'ano dopo el se ga unio el Cànada (fazéndoło devegner G7) dal 1998 anca la Rùsia (e cusita el ze devegnesto G8), fazéndoło tornar G7 dopo de ła so escluzion gavesta par ła crizi de Crimea inte el 2017.",venetian,G7
"Medija (/Me'dija/; Mediglia in Italian, /Me'diʎa/) l'è un comun de 12 215 abitant de la provincia de Milan in Lombardia.",lombard,Medija
"A bon cunt, el Cristianesim l'è restaa la religion principal de la città e de la region (de 'sto period hinn la gesa de San Giovann Battista e quella di Apostol). In del X secol gh'è rivaa i Slav, che l'hann ciamada Korčev.",lombard,Kerč
"El döner kebab (che in turch el voeur dì ""kebab ch'el pirla"") a l'è carna sfilapraa de agnell, manz o pollaster, che pianin el vegn rostii sura de on sped vertical ch'el roeuda.",lombard,Kebab
"I Kastelruther Spatzen hin una banda müsegala Südtirules che la fà müsega de'l gender ""Volksmusik"".",lombard,Kastelruther Spatzen
"Ll'astronume nun so' d'accordo 'e cunziderà Sedna nu chianeta, e comunque 'o diametro 'e Sedna è cchiù nico d""o cchiù nico d"" Chianete che è Prutone.",neapolitan,Sedna
"Howard Phillips Lovecraft, su filmportal.de.",standard,H.P. Lovecraft
"Dopo un breve incarico a Dunkerque, nel febbraio 1917 fu trasferito al No.3",standard,Joseph Fall
"Accummincia accussì 'a primma campagna d'Italia addò se vede 'o genio militare e puliteco 'e Bonaparte, 'nfatte nonostante 'e surdate suoje fossero cchiù scarze riuscette 'o stesso a scassà cchiù vvote ll'austriace.",neapolitan,Napoleone Bonaparte
"I fanterii todesch s'hinn mettuu longh el mur di Angrivari, menter i cavalier eren drent a la foresta, per trovàss aj spall di legion quand che quij fussen rivaa innanz al Vall.",lombard,Battaja de Idistavis
"Secondo il Dizionario biografico degli italiani, a cavallo fra XIX e XX secolo contribuì a scrivere un ""capitolo importante della storia dell'interpretazione operistica"", assieme ad altri cantanti quali Tina Poli-Randaccio, Lucia Crestani, Mafalda Favero ecc. Dopo aver intrapreso i suoi studi a Milano, debuttò nel 1910 a Sanremo nel Il trovatore, poi fu a Venezia e negli Stati Uniti.",standard,Elvira Casazza
"Inscì la deventa ona senatora, la prima in de la storia di Stat Unid a vesser de origen asiatega.",lombard,Kamala Harris
"In pì el ze conosesto cofà Consejo dei ministri, Consejo ezecutivo o Consejo de Stato, nome che cànbia dipendendo da ła forma de goerno de un stato.",venetian,Gabineto de goerno
H.M. migliorava la sua prestazione come una persona normale e questo risultato fu replicato in altri studi condotti da Corkin (1968).,standard,H.M.
"Dinte a l'urdemi anne, tanta cintrale hanno chiuso.",neapolitan,Lamantino
Senza cumpagne e cunsiderato malamente Napuliòne allora penzaje sulamente a se dedicà 'o studio e riuscette assaje 'int'a matematica.,neapolitan,Napoleone Bonaparte
"Già d’’o 1792 'sta troppa rrobba rivuluzzionaria e 'a nascita d’’o Terrore haveno cunvinto a l'eroe pe ll'indipendenza d""a Corseca, Pasquale Paoli, a se alluntanà 'a Parigge e a 'rrepiglià 'a lotta pe ll'innipennenza 'e ll'isula soja.",neapolitan,Napoleone Bonaparte
"Sta stratiggia avìanu quasi purtatu a la rùvina i cartagginisi, ma Dionisiu scigghìu di cummattiri na battagghia dopu tri simani a causa a lu patiri di li sò surdati nnî cunfrunti dâ guerra di luguramentu.",sicilian,Battagghia di Gela (405 a.C.)
"In accordo con alcuni scienziati (e.g., Schmolck, Kensinger, Corkin, & Squire, 2002), quello di H.M. era un deficit nella capacità di formare nuova conoscenza semantica.",standard,H.M.
"La propulsione dell'HTV veniva utilizzata per le manovre orbitali di avvicinamento alla Stazione Spaziale Internazionale durante la fase di rendezvous così come per la manovra di deorbit successivamente all'unberthing dalla stazione, mentre i razzi di manovra servono per controllarne l'orientamento e la posizione.",standard,H-II Transfer Vehicle
Purtale Storia: Trase ê vvoce 'e Wikipedia ca parlano 'e  Storia,neapolitan,Luigge XV 'e Franza
"Il Dante popolare o la Divina commedia in dialetto napolitano pe Domenico Jaccarino, Napole, Stabil. tipografico dell'unione, 1870",neapolitan,Dante Alighieri
"Inte l'agosto de'l 2007  Coleman el ga spozà Shannon Price, che'l gaveva conosùo durando łe repreze de'l film Church Ball; ła notisia de'l matrimionio ła ze stà diramà diversi mezi drioman, inte'l febraro 2008.",venetian,Gary Coleman
"Ô studio e 'a ricostruzziòne d' 'e vicenne storeche e culturale d' 'a cità s'è assaje dedicàto 'o prevete Giovànni Alagi, c'ô porticèse Giovànni Coppola ajutaje, figura 'e zì prevete maje scurdate, bibliofilo e cultore d' 'e studie 'mmanistiche.",neapolitan,San Giorgio a Cremano
"È noto per la sua vasta serie di racconti della Storia futura terro-umana e per quella del Paratempo, una serie più breve di racconti ucronici.",standard,H. Beam Piper
Nkrumah volea l’indipendenza e l’auto-governo subito.,venetian,Gana
Nce nascette ll'attore Massimo Troisi.,neapolitan,San Giorgio a Cremano
"Fue costruita de lu conte Nicola Baldi, ca ccattau na proprietà de li Basiliani.",sicilian,Nove te Galatina
"Gabriele FalloppioMathematics Genealogy Project, North Dakota State University.",venetian,Gabriele Falloppio
"Cognossuu anca comè ""Vilagg de la Pas"" in Corea del Nòrd, el vegn de solet indicaa comè on ""Vilagg propaganda"" di media occidentaj e sud-corean.",lombard,Kijŏng-dong
"Inte la tradision, l'agricultura l'è popolarmente riferia al disfrutamento de le risorse vexetali par magnar e el disfrutamento de le risorse de orijine animal, o sia l'alevamento, el saria l'antitexi.",venetian,Agricultura
"L'opera era una satira sull'ambiente della marina militare britannica e, tema poi ripetuto in altre opere, l'accesso di gente non qualificata a posizioni di comando.",standard,H.M.S. Pinafore
"Lu ficudinnia, attrova a Santa Margarita lu sò habitat naturali.",sicilian,Santa Margarita (Girgenti)
"MPEG LA ha consentito il libero uso di tecnologie H.264 per lo streaming video su Internet agli utenti finali, mentre, a titolo esemplificativo, Cisco Systems e altre aziende pagano royalties a MPEG LA per conto degli utenti dei binari del suo encoder H.264 open source.",standard,H.264
La rejon del Kansai a l'è ol center de cultura e'l cœr storeg dol Japon.,lombard,Kansai
Pl. 2: 186 (1821 publ. 1822) Asparagus caspius Schult.,venetian,Asparagus officinalis
I primi abitanti del Gabon xera grupi de pigmei che vivea co la cacia e la racolta de fruti.,venetian,Gabon
"La citati, ca cunquistau attura, riggisti, scrittura e pueti di fama nternazziunali, nunustanti fu seriamenti distruduta dû tirrimotu dû 1968, sarva ancora lu sò ciarmu mistiriusu.",sicilian,Santa Margarita (Girgenti)
"In una lettera del 16 maggio 1935, indirizzata al signor Bantz, Lovecraft conferma di preferire, come ""unica forma di governo destinata a durare nel futuro"", un modello ispirato sia al fascismo sia al socialismo, affermando altresì di essere interessato al pensiero politico di Robert M. La Follette e dei suoi prosecutori.",standard,H.P. Lovecraft
La settimana seguente il disco vendette altre 7 000 copie Un asterisco (*) indica le bonus track,standard,H.N.I.C. Pt. 2
"Gaborone (ne la lengoa locale se dixe Haboron), ła xe ła cavedal del Botswana co na popołasion stimà de 208 411 abitanti (2005).",venetian,Gaborone
"La particularità di sta festa è chi la vara dû Signuri la pòrtanu li cunfrati a spadda e sti cunfrati sù tutti nudi e hannu sulu na tùnica bianca di ncoddu, nun hannu mancu li scarpi; ppi li genti è usanza chi quannu passa lu Signuri si c'hannu a jittari li cullani fatti cu li marghiriti gialli, (ciuri tìpicu dû misi di maju), sti cullani jittati ncapu la vara la fannu addivintari pisanti, tantu chi li cunfrati la sbattulìanu ppi fàrili càdiri, propriu sti sbattuliuna rènninu carattirìstica la festa.",sicilian,Mazzarinu
Chesto fuje fatto accussì nisciunu deputato puteva crià revuote tr'e pariggine pe difennere 'a repubblica durant'o colpo 'e stato.,neapolitan,Napoleone Bonaparte
"A seguito, sono stati anche introdotti iMac con processori M2, M3 e M4; aumentando le prestazioni, e efficienza energetica, lasciando il design invariato.",standard,IMac
Si canusci l'accuminzata di l'autunnu cu l'aggiarniata dî pàmpini e la siquenti cascata di l'àrvuli.,sicilian,Autunnu
"I frutt commestìbil gh’hànn ‘na forma e ‘n colór compagn di narànz (Citrus sinensis) ma a hinn pussée pìccol, e gh’hànn pu o manch la grandèzza di olìv grand. El kumquàt a l’è on agrumm assée resistént al frècc.",lombard,Kumquàt
"Abbencette ll'elezione, ma cu nu córpo 'e Stato pigliaje 'o putere ô gennerale Yuan Shikai.",neapolitan,Kuomintang
"Antecipad del singol Smile-in-a-Box (che in lengua inglesa el significa ""Sorris in d’ona scatola""), in del masg del 2018 l'artista la publica el sò terz album in studi, Into the Flow (in lengua inglesa el significa ""In la corrent"").",lombard,Nathalie
"Zosimu (Sarausa, 570 ? – Sarausa, 662) è un Santu viscuvu, viniratu da Cresia Cattolica.",sicilian,San Zosimu viscuvu
Nun avìanu mancu apprinnutu la lingua.,sicilian,Cruciati
"H.M. risultava incapace di formare nuove memorie di eventi e di nozioni semantiche; essenzialmente egli viveva nel passato (Corkin, 2002).",standard,H.M.
Sta staciuna è ô spissu assuciata cu na sinzazzioni di malancunìa.,sicilian,Autunnu
"In l'indagin dopo la gh'ha de indagà in sul fioeu de 'n diplomatich russ, e collaborà cont on poliziott russ.",lombard,Kate Beckett
L'autunnu mitiurulòggicu dura dû primu di sittèmmiru fini ô 30 di nuvèmmiru.,sicilian,Autunnu
Napoli N) Semiramide in villa (carn.1772,neapolitan,Giovanni Paisiello
El reprezènta el 20% (en volüm) de la cumpuzisiù de l'atmosféra de la Tèra.,lombard,Osìgeno
"Storie civili al femminile (1996), La fatica della legalità (1999), I ragazzi di Paolo.",sicilian,Rita Borsellinu
"'E dialette aunite ô Napulitano int'a sti teste songo chilli d""a Campania, Calavria citra, Baselecata, Puglia e pure s'annumenano l'Aquilano, Abruzzese, Pugliese e Mulisano, tutt""e dialette 'e tipo napulitano (luvanno 'a Terra d'Otranto, Calavria ultra e ll'isula lenguistica d""o Ciliento) int""o viecchio Regno 'e Napule.",neapolitan,Spartenza dialettale d''e varietà lenguistiche tipo napulitano
"Inte l'àlbun Le cose da salvare, ła cui produsion ła ze stà reałizà da Vincenzo Mancuso, vien rimarcà ła partesipasion a ła ghitara de Francesco De Gregori inte ła canson Ho bisogno di te, oltra a ła cover de Shower the people (sciogli l'amore) de James Taylor.",venetian,Luca Barbarossa
"Certi fonti dìcinu ca li parrati cilintani di tipu sicilianu si pàrranu supratuttu nta arcuni zoni nterni dû Cilentu miridiunali (p'as. a Alfanu, Roccagluriusa, Rufranu, ecc.), mentri ntâ costa (p'as. a Sapri, Marina di Cammarota, Palinuru, ecc.) la parrata, comu pi lu restu dû Cilentu, appartinissi â famigghia dû miridiunali ntermediu (di tipu napulitanu).",sicilian,Dialettu cilintanu miridiunali
"Fu sippillutu o  sissantatriesimu migghiu da Via Flaminia, vicinu a Citati di Terni di sò discipuli Proculu, Efebu e Apulloniu.",sicilian,San Valintinu
"'Stu progetto nun se facette pe vvia 'e Napuliòne ca, pure ca teneva sulo 'o putere esecutivo, senza prubleme puteva scavalcà chillu leggislativo ca era diviso 'ndâ quatto Cammere.",neapolitan,Napoleone Bonaparte
Tradizziunarmenti lu cummattimentu si svorgi nta nu cerchiu.,sicilian,Puggilatu birmanu
È stato una de' fiure cchiù mpurtante d’’o cinema neorealista.,neapolitan,Vittorio De Sica
"'O 1802 Napuliòne addeventaje Presediente d’’a Repubbleca Taliana, accussì ce rimarrà nfi 'o 17 'e Màrzo 1805 quanno addeventaje Rre d'Italia e 'o vicepresidiente fuje Francesco Melzi d'Eril.",neapolitan,Napoleone Bonaparte
"Accipitriformes si tròvanu a tutti banni, tutti i cuntinenti (livannu l'Antàrtidi) e tutti l'habitat: dî muntagni ô disertu, dî chianizzi ê riggiuni friddi.",sicilian,Accipitriformes
"Se incontren donca per ciarìss: Castle a l'era assee delus, perchè 'l pensava debon che 'l mattrimoni el fuss finii e 'l voreva savèll fin de subit.",lombard,Kate Beckett
"polyphyllus (Steven ex Ledeb.) Nyman, Consp.",venetian,Asparagus officinalis
"Nel 1869, mentre è in vacanza a Livorno, si getta in acqua per salvare un bagnante in pericolo.",standard,Mario Fani
"In cueła ocazion A ghe ze stà regała un modełin de na łocomotiva, sendo łu un gran cołesionista de trenini.",venetian,Gary Coleman
"Inte el april del 1944, inte el pien de ła seconda guera mondiale, serte bonbe incendià łe xe na colpire ła viła e desfarono bona parte del teto de ła sała Eneide.",venetian,"Viła Valmarana ""Ai Nani"""
"La Balança la corespond a l'equilibre tra la noit e ‘l dé, qe la capita a l'equinoze d'autœn; el decresser de la forza del Sol l’è regordad dal Scorpion, qe l’è el simbol del fosc.",lombard,Zodiac
"Il curatore dell'edizione italiana dell'epistolario, Giuseppe Lippi, fa notare nelle note a corredo della lettera indirizzata a Robert Ervin Howard del 16 agosto 1932, che Lovecraft, apparentemente ispirandosi alla prima ideologia anticapitalista del fascismo italiano mussoliniano, sembra però ignorare i forti legami che questo aveva con il mondo capitalista una volta divenuto un regime.",standard,H.P. Lovecraft
"El primm Denedaa insemma el gh'eva de vess on poo brutt, vist che la Beckett l'aveva scernuu de lavorà, per cascià via el regord del primm Denedaa senza la sò mamma, e la Alexis la saria stada cont el sò noeuv moros.",lombard,Kate Beckett
"Jezù el ze par tanto asendesto al sieło, andove che el regna co Dio Pare, e el tornarà par zudegar i vivi e i morti, e el destinarà a cadauno al Paradizo o sia a ła morte eterna.",venetian,Cristianèzemo
"Finora, tanti pùggili birmani si tàtuanu lu troncu e li gammi.",sicilian,Puggilatu birmanu
Fu scambiato coi Kansas City Chiefs durante la stagione 1997 quando Seth Joyner fece ritorno da un'operazione chirurgica al ginocchio.,standard,Wayne Simmons
"Ciononostante, Lovecraft sposò una donna di famiglia ucraino-ebraica, Sonia Greene; ella affermò di aver più volte ricordato allo scrittore le sue origini quando questi si lasciava andare a considerazioni antisemite.",standard,H.P. Lovecraft
"Quando la fin dela rivolusion l'era rivà, intel 1843 ghe xera sirca 60 persone in pòvare condisioni.",venetian,Passo Fundo
"Lu risartatu macari si porta na scunfitta è tutt'àutru ca diludenti cunzidirannu ca lu sò avvirsariu cinqu anni prima avìa vinciutu cu lu 59,1% e lu centru-manca s'avìa firmatu a lu 36,6%.",sicilian,Rita Borsellinu
"I menbri del G8 i ze stai: Rùsia (sospendesta inte el 2014, formalmente escludesta inte el 2017) Union eoropea (raprezentada dal Prezidente de ła Comision eoropea e dal Prezidente del Consejo eoropeo) Inte i Stati del G8 ghe vive sirca el 13% de ła popołasion mondiałe, ma da là el ga orìzane el 51% del prodoto interno lordo nomenałe mondiałe (dati del 2012, fonte: World Economic Outlook Database, apriłe del 2013 del Fondo Monetàrio Internasionałe).",venetian,G8
Ntô 1991 vincìu lu soi primu AVN (Oscar dû porno) comu lu megghiu atturi pi sceni a tri.,sicilian,Roccu Siffredi
"El ferree el malediss la spada, e le butta dent a on fiumm.",lombard,Kalevipoeg
"'O Kuomintang (prununziato [kwɔminˈtanɡ]), o 'ncurto KMT (中國國民黨T, 中国国民党S, Zhōngguó Guómíndǎng, Chung-kuo Kuo-min-tang, litt. ""Partito Nazziunalista Cinese""), è nu partito puliteco 'e Taiwan.",neapolitan,Kuomintang
"El film otien tre candidature ai David di Donatello, mejo atora protagonista a Micaela Ramazzotti e mejo canson orizinałe a Claudio Baglioni, e na candidatura al Premio David Giovani.",venetian,Gabriele Muccino
"La lista dê pianeti chi ornitunu tornu tornu ô suli è, in òrdini di distanza dû suli: e formunu li pianeti dû sistema sulari.",sicilian,Pianeta
Inte'l 2006 el ze stà protagonista de'l film La vera storia di Arnold .,venetian,Gary Coleman
"L'èsercitu putìa èssiri cuntrariu a ripigghiari la battagghia si li cartagginisi avissiru assidiatu la citati cu dintra iddi, mentri li nimici pulitici di Dionisiu avissiru pututu aviri l'uppurtunitati d'urganizzari nu corpu di statu a Sarausa.",sicilian,Battagghia di Gela (405 a.C.)
"settembre 2006 – Apple annuncia una nuova serie di iMac, chiamati iMac late 2006, la cui differenza rispetto ai precedenti modelli sta nell'utilizzo dei nuovi processori Core 2 Duo (Merom) della Intel in frequenze da 1,83 a 2,33 GHz ma, soprattutto, nell'aggiunta di un modello dotato di schermo panoramico da 24 pollici, evidentemente pensato per le attività multimediali.",standard,IMac
Questo portò alla conclusione che anche memoria implicita ed esplicita fossero presiedute da substrati neurali differenti.,standard,H.M.
"Debbuttaje ufficialmente d’’e pparte d’’o Festival 'e Sanremo d’’o 1981 c’’o piezzo Ancora, ’na canzona c’addeventaje assaje fammose e sarrà cantata ’a paricchie cantante, cumme Ornella Vanoni e Anna Oxa.",neapolitan,Eduardo De Crescenzo
Spissu cu stu tèrmini cci si rifirisci a l'àlcool prisenti ntê vìppiti alcòlichi (comu la birra o lu vinu) zoè l'àlcol etìlicu o etanolu.,sicilian,Alcool
"Cielo s’ha miso appaùra dê criature suoje, e l’ha ’nzerrate adint’â panza ’e Terra, ’a mamma llòro.",neapolitan,Saturno (dio)
"Ntô 1066 Eduardu murìu senza discinnenti, ma lassannu comu lu sò aredi lu duca Gugliermuo di Nurmannia.",sicilian,Nurmanni
"El sò intèrna l’è putòst àgher, ma la pèll l’è dolza de savór, inscì che s’a vegnen mangià  insèma pordùsen on insòlit mesc'iada de dolz e àgher.",lombard,Kumquàt
"'O chiù famoso ed importante monte irpino è Montevergine, meta di pellegrinaggio pe' venerare a Maronna 'e Montevergine int’’o santuario benedettino ro' XII secolo che se truova 'ngopp’’o monte a 1272 m.",neapolitan,Avellino
"Nta a chìmica, l'alcool eni nu tèrmini ginirali pi nu cumpostu urgànicu unni lu gruppu idròssili (-OH) eni lijatu all'àtumu di carboniu, ca in canciu po èssiri lijàtu a àutri àtuma di carboniu e àutri àtuma d'idrògginu.",sicilian,Alcool
"Stù sistema è prencemparmente ausato comme linia metrupulitana ind'a cocca cità d'a Germania, ma pure in Cina e Giappone.",neapolitan,Ferruvia
"Anguna specie re cucce-mannèdde australiane pe tradizione è stata gnuse înd'à stu iener, pur si à dice u ver s'evèren'à classifica' înd'u iener Atyphella.",neapolitan,Cucce-mannèdde
"GhanaEnçiclopedia Britannica, Encyclopædia Britannica, Inc.",venetian,Gana
"Finu a lu 2010, sunnu stati misi na stu prugettu 383 artisti.",sicilian,Songwriters Hall of Fame
"Inn stad trovad monede, tombe de preja, scheje de diversi lavorà e anca rest de quadrell roman, anca se per la pupart rovinad.",lombard,Medija
"Se à oservà che la dieta de i corbi che i ponth inte aree tant antropidhade, la include an parthentajo pi alt de vanthadure e prodoti de la atività umana, i individui che i fa ratha arente le strade i consuma pì che sipie bestie che le resta ciapade sote łe màchine de pasajo e cuełi che i fa el nif dalondi da 'sti loghi i manja pi che altro artòpodi è vedhetałi.",venetian,Corvus corax
Le thate le à sgrinfe somejanti a cuele de un ratador e le é negre come al bec che l'é pì lonc e pi forte de cuel de cheł'altri corvidi e l'à na goba invethe de ndar dho galivo cofà cuel de le cornace.,venetian,Corvus corax
"Quando finisse ła perseguida con Banbanina e scendi par l’ascensore, compare ła schermada final (Garten of Banban 3).",venetian,Garten of Banban
"Se sparteno nfra: Gallurese, 'o cchiù sìmmele ô corso meridiunale. Sassarese, propio 'e Sassari, Porto Torres e ate commune, rappresenta na via 'e miezzo nfra 'o gallurese e 'o logudorese, cu' nu gruosso nummero 'e dderivazziune tuscane, catalane e pure genuvese p'â natura mercantila d'â cetà.",neapolitan,Lengua sarda
"DeMille e Oscar Apfel (1914) The Raiders, regia di Charles Swickard (1916) Il mendicante (The Beggar of Cawnpore), regia di Charles Swickard (1916) The Market of Vain Desire, regia di Reginald Barker (1916) Shell 43 (o Shell Forty-Three), regia di Reginald Barker (1916) The Vagabond Prince, regia di Charles Giblyn (1916) Wrath, regia di Theodore Marston (1917) The Seven Deadly Sins, regia di Theodore Marston e Richard Ridgely (1917) Il settimo peccato (The Seventh Sin), regia di Theodore Marston (1917) God's Man, regia di George Irving (1917) Danger Trail, regia di Frederick A.",standard,H.B. Warner
Wikimedia Commons el detien imàjini o altri file so Gansu el detien schemi gràfeghi so,venetian,Gansu
Tri lochi ca sunnu nzèmmula scinari dî pàggini dû rumanzu e tèssiri dâ mmàggini dâ Sicilia ntâ sinzibbilità di l'auturi.,sicilian,Santa Margarita (Girgenti)
"A siconno 'e na crassifecazzione 'e ll'UNESCO, ca sturia 'e llengue mpericolo, se chiammasse Napulitano / Napulitano-Calavrese.",neapolitan,Spartenza dialettale d''e varietà lenguistiche tipo napulitano
El corbat el poseth un de i thervełi pì grosi intrà de i ozełi.,venetian,Corvus corax
"La battaja de Idistavis de l'ann 16 dòpo de Crist (conossuda anca come Battaja del fiumm Weser) la pò vess considerada come la respòsta romana aj German dòpo la battaja de Teutoburgh, indove el general Var l'aveva perduu e l'era anca mòrt (ann 9).",lombard,Battaja de Idistavis
"Imircuni II dicisi di pigghiari d'assartu la citati prima di l'arrivu di l'aiuti, nun si priuccupau di custruiri mura ntornu Gela, ma prifiriu pi l'assartu direttu.",sicilian,Battagghia di Gela (405 a.C.)
"Par ani el dirize mini docu-fiction de ła durada de sete minuti, che ricostruise incidenti realmente avenjùi e termenai a bon fin, par el programa Ultimo minuto de Rai 3.",venetian,Gabriele Muccino
"SKY 16:9 - Dal 1° marzo potrai vedere tutti i canali SKY Cinema nello spettacolare formato panoramico 16:9, a casa tua proprio come al cinema RAI Way - EUROPEI 2008 SUL DTT IN 16:9 ED ANCHE IN ALTA DEFINIZIONE.",neapolitan,16:9
"A setember, a Comiso, l’ha vinciud el Demo's Lady Award.",lombard,Nathalie
"Pe ati deriverebbe d""o latino ""crambe"" ca significa cavulo, pe nzignà 'a coltivazzione 'e chillu tiempo.",neapolitan,San Giorgio a Cremano
"El primm europee a rivà in del basin de la Kolyma a l’è staa l’esploradô Mikhail Stadukhin in de l’estaa del 1644; l’area a l’era abitada de popolazion Čukči, compagn de quej de la visina Čukotka.",lombard,Kolyma
"cristianesimo, in Disionàrio de istòria, Istituto de ła Ençiclopedia Italiana, 2010.",venetian,Cristianèzemo
"I 308 menbri de ła camara basa, corispondente a ła Càmara dei Comuni, i ze ełezesti diretamente dal pòpoło; un menbro el raprezenta un distreto ełetorałe.",venetian,Parlamento del Cànada
"Dû 1992 è mpignata attivamenti ntâ sucità civili ntâ rama di l'aducazzioni â ligalità dimucràtica, ntô spàrgiri na cultura di justizzia e sulidarità, nun sulu pi tiniri vivu lu ricordu dû frati e di tutti li vìttimi dâ mafia, ma suprattuttu picchì 'n particulari li novi ginirazzioni attraversu la canuscenza dê fatti pìgghianu cunzapivalizza dê sò diritti, dû valuri dâ ligalità e dâ dimucrazzìa, na cuscienza crìtica e rispunzàbbili ca, na vota crisciuti, cunzenti a iddi di fari dicisioni giusti pô sò beni e pi chiddu dâ sucità unni sunnu chiamati a stari.",sicilian,Rita Borsellinu
"Tra 'e varie infrastrutture ferruviarie comme gallarie, puonti, passagge a livello e ato, una d'e fundamentale, a pare c'o trieno, è 'a stazzione.",neapolitan,Ferruvia
"Fuje ll'autore 'e ll'inno nazzionale d'o Regno d""e Ddoje Sicilie: ll'Inno ô Rre.",neapolitan,Giovanni Paisiello
"A 'Nfruenza spagnola, canusciuta macari comu La Gripe Española, o La Pesadilla, a statu na currenti sivèra e murtali fora do sòlitu currènti di 'nfruenza dei jaddi, na maladìa 'nfittiva virali, ca mazzau quarchi cosa comu 50-100 miliuni di pirsuni nta lu munnu 'ntra lu 1918 e lu 1919.",sicilian,Nfluenza A suttatipu H1N1
L'è devegnnu el poema nazional de l'Estonia anca per via d'ona vena patriottega bella forta.,lombard,Kalevipoeg
"E' ttelevisione cu o schermo a 16:9 so' ppure cumpatibile (e' vvote) cu l'aveta-definizzione, o chiù precisamente rint'a lengua napulitana, l'Aveta-Visione (o sinò Hàveta-Definizzione).",neapolitan,16:9
"– Maguey puercoesp n, Agave shawii Engelm.",sicilian,Agave
"Înd'à anguna occasione, u iener Hotaria è stat mis cu'tt'un cu Luciola.",neapolitan,Cucce-mannèdde
"La cittaa a l'è stada mettuda in ona manera che i tecc che sgargen de color bloeu e i laa bianch di edifiz se pòden vedè mej arent a la bandera de la Corea del Nòrd, se veduu da oltra el confin.",lombard,Kijŏng-dong
"6. che contiene la storia del vicariato di Camisano, e delle ville al medesimo soggette Tom.",venetian,Gaetano Maccà
"Nun era,però,'a statua cunzervata ô Cimitero, pecché l'immaggine 'e S.",neapolitan,San Giorgio a Cremano
In cuanto fede rełijoza el cristianèzemo el ga i so prinsipi (dotrina).,venetian,Cristianèzemo
"I se koltiva granturko, bajiji, koton e sorgo; verdure, fruti, fiori e ła produsion de karne e prodoti łatiero-kazeari i xe destinai a el konsumo interno.",venetian,Gauteng
"In del 1949, quand che i comunista del Mao Zedong i hann ocupaa tuta la Cina e hann fondaa la Republiga Popolara Cinesa, el govern nazionalista del Kuomintang del Chiang Kai-shek a l'è scapaa via a Taiwan per fondaa la Republega de Cina.",lombard,Taiwan
"Inte el 1547 el xe deventà profesor de farmacia a l'ateneo estense, mentre inte el 1548 el ga açetà ła catedra de anatomia a l'Università de Pisa.",venetian,Gabriele Falloppio
In sto tratado vien racomandà l'uxo de un dispoxidivo che el sostegneva d'aver inventà: vaxìne de łìn inbonbà de na sołusion chimica e łasà sugar prima de l'uxo.,venetian,Gabriele Falloppio
"In del 1809 i frances de Napoleon hann traa giò meneman tucc i mur de la città; in del 1863 i ferrovii gh'hann portaa a Klagenfurt on bell poo de ricchezza, e Klagenfurt l'è vegnuu el centro economegh de la region.",lombard,Klagenfurt am Wörthersee
"Piper nacque nel 1904 ad Altoona, in Pennsylvania, figlio di Herbert Orr Piper e di Harriet O. Maurer.",standard,H. Beam Piper
"Come autor Barbarossa, gà scrito par Gianni Morandi, Fiorella Mannoia, il Gabibbo, Raquel del Rosario, Paola Turci, Tosca, Tina Arena, Alessandro Safina e i Dahmm.",venetian,Luca Barbarossa
"Invece per quanto riguarda le schede grafiche, vengono eliminate le NVIDIA a favore delle ATI Radeon.",standard,IMac
S'avìa aridduciuta a na nica cuntrata di picca abbitanti quannu ntô 920 ci nascìu Santu Luca di Demenna.,sicilian,Demenna
'A villa fuje custruita pe',neapolitan,Puceriale
"La major parte dei cristiani (catòleghi, ortodosi, e ła major parte dei protestanti) i se incomuna col Credo nisen o nicen.",venetian,Cristianèzemo
"Rossolini, Dario Giochi bestiali in famiglia (1990) Tutte le provocazioni di Moana (1990) Uccello del piacere ovvero l'uccello della felicità, L' (1989) Ragazza molto viziosa, Una (1988) Karin e Barbara, le supersexystar (1988) Taste of the Best (1988) Vizio preferito di mia moglie, Il (1988) Barbara Dare's Roman Holiday (1987) Moglie molto infedele, Una (1987) Vizio nel ventre, Il (1987)",sicilian,Roccu Siffredi
Ramana disse a Poonjaji di trovare il ricercatore stesso.,standard,H.W.L. Poonja
"A Galzignan ze sta girà alcune séne de: Il mercante di Venezia de Michael Radford, inte el 2004; L'alligatore, na serie dea tełevision trasmesa da ła Rai inte el 2020; Sole a catinelle, inte el 2013 co Checco Zalone.",venetian,Galzignan Terme
"Quando che el puaretto el se indormesaea, Spaca, eo copaea co na scortea, par no darghe fastidio a chealtri co na scipetà.",venetian,Galzignan Terme
I personaggi protagonisti sono spesso uomini istruiti che prediligono le ragioni delle scienze fisiche su quelle delle sacre scritture.,standard,H.P. Lovecraft
"Ntô 1059 Rubertu lu Guiscardu d'Autavilla strincìu un pattu cu Papa Niccolò II, lu Cuncurdatu di Melfi, cu cui si addicchiarava lu duca di Puglia (chi cumprinnìu puru la Basilicata), la Calabbria, parti dâ Campania e la Sicilia (chi era però ancura ntê manu dî musulmani).",sicilian,Nurmanni
La zente la ga distorto el nome e i lo lexea Gaberones.,venetian,Gaborone
"El numer de abitant del comun de Medija l'è mostrad mej in de la tabela chi de sota: Sit del Comun Archiviad chi: [1] La Chiesa Parrocchiale di Triginto - Mediglia: Una Chiesa il suo popolo e la sua storia, Rinaldo Perversi, Mediglia, 1995 Storia di Mediglia, Sergio Leondi; dtampato da Roberto Gradella, Peschiera Borromeo, 2011",lombard,Medija
"La scala kelvin, vest qe la g'ha per zero ol zero assolut, l'è di volte ciamada scala assoluta (infat la g'è mìa una temperadura plœ bassa de -273,15 gradi Celsius).",lombard,Kelvin
I è dotàcc de rizòma endèla part ipogèa (sotatèra).,lombard,Tanacetum
"La casa editrice Kurt Enoch pubblicò litografie per il libro Grottesche di Christian Morgenstern nel 1923 in edizioni numerate, firmate e limitate: il libro includeva dodici disegni di Reyerbach, alcuni dei quali avevano tratti surreali.",standard,H. A. Rey
Tanti ritennu tuttavia ca l'usu dâ forza militari fu unu strumentu privintivatu nzinu dû nizziu.,sicilian,Cruciati
"Pe' cumpusizione po' avè coccosa 'a cché sparte, tecnologicamente, cu' a' funivia.",neapolitan,Ferruvia
"El viv in de la soa cà cont el cusin, Frodo (nassuu anca lu el 22 de settember), che l'è anca l'erede del sò patrimoni.",lombard,Bilbo Baggins
"} unni r eni lu raiu, d eni lu diàmmmitru di lu cìrculu e la littra greca pi eni difinuta comu lu rapportu ntra la circunfirenza di lu cìrculu cu lu sò diàmmmitru (lu valuri numèricu eni  3.141 592 653 589 793...).",sicilian,Circunfirenza
"n.l.m., mmiés'a la sélva de gl Parch nazienale d'Abbruzz, Lazie é Melise.",neapolitan,Settefrate
"Ma el Germanich, grazie aj sò spii, l'ha poduu voltà i pian di German contra lor medèmm, cont el mett i pròpri soldaa in quell moeud chì: el legaa Sei Tuberon l'avaria occupaa la pianura con la cavalleria; i fanterii legionari se sarien dividuu in dò part: la primma la sariss stada pronta a andà in de la foresta per ona via piana, l'altra a taccà el Vall; Quij che gh'aveven avuu in sòrt la via piana vers la foresta hinn avanzaa senza problema, menter quij che gh'aveven de taccà el Vall gh'hann avuu on fracch de perdid.",lombard,Battaja de Idistavis
'E gruppe cchiù granne hanno jonto ucchiaroni ncopp'e late apposte d’’a Terra.,neapolitan,Ucchiarone
Obres completes V. Literatura i llegenda.,neapolitan,Joan Fuster
"Il codec successivo sviluppato dall'ITU-T VCEG (in collaborazione con MPEG) dopo l'H.263 è lo standard H.264, conosciuto anche come AVC e MPEG-4 part 10.",standard,H.263
"El videoclip de Smile-in-a-Box, fad del regista Egidio Amendola, el ved la presenza straordinaria del Stefano Fresi.",lombard,Nathalie
"La qualità delle sue opere spinse gli editori di Weird Tales a offrirgli il posto da direttore, ma Lovecraft rifiutò perché non voleva trasferirsi a Chicago, lasciando il posto a Farnsworth Wright.",standard,H.P. Lovecraft
"Valintinu era canusciutu picchì sanava i malati, era a sirviziu di poviri, di nicissitati di l’orfani e di carcirati e di cunsulazioni e piccatura.",sicilian,San Valintinu
"Mmente steva esiliato a Sant'Elena, Napuliòne Bonaparte dicette cchiù vvote ca na cosa ch'avess'avuto passà 'a storia cchiù 'e tutt’’e battaglie vinciute 'a isso fosse stato 'o Codece Napoleonico.",neapolitan,Napoleone Bonaparte
"Pull Me Under, su Encyclopaedia Metallum.",standard,Pull Me Under
La fever di Kastelruther Spatzen la ciapa un nümer semper püssée volt de gent: el Norbert Rier e i so culega hin divegnüü inscí famus in tüt el mund che la gent la vegn de tücc i cantun de'l cuntinent ürupee a vardaj e scultaj.,lombard,Kastelruther Spatzen
"Durante il satsang, l'insegnamento corrispose a quello del suo guru Ramana Maharshi, simile all'Advaita Vedānta, mentre il suo stile di insegnare venne paragonato a quello dei primi maestri Zen.",standard,H.W.L. Poonja
Sono presenti schede grafiche AMD Radeon HD.,standard,IMac
"Si distinguono inoltre caratteri eusessuali e caratteri somatosessuali: i primi si riferiscono a secrezione di ormoni sessuali dalle gonadi, mentre i secondi dipendono dai geni sessuali.",venetian,Sesso
N'autra rivoluzzioni di la storia di la definizzioni dî pianeti successi ricentimenti.,sicilian,Pianeta
Agricantus è nu gruppo musecale siciliano 'e Palermo.,neapolitan,Agricantus
"Lu prucessu appruduci diòssidu di carboniu, e chissu poti èssiri utilizzatu pi rènniri ""frizzanti"" la vìppita.",sicilian,Alcool
"Quasi cuntimpuraniamenta â conquista dâ Ngriterra, gruppi di nurmanni s'attruvavanu già nta l'Italia miridiunali, p'accuminzari comu surdati di vintura, attirati dî pussibbilitati chi uffrìanu li ribbillioni antibizzantini in Puglia.",sicilian,Nurmanni
"Duminatu dâ grannizza dû casteddu, chi tutti chiàmanu U Cannuni pirchì c'è na turri sula sana chi è longa e pari un cannuni, prubbabilmenti d'orìggini rumani-bizzantini, putinziatu pui di li Nurmanni.",sicilian,Mazzarinu
"El corf l'é onìvor e oportunista: el so redhime alimentar el varia drio el loch che el se cata, tant par la limentathion ordenaria che par cuela de oportunizmo.",venetian,Corvus corax
Ô 1800 cu' 'o parroco don Domenico de Somma avimmo nutizzia d' 'a doppia prucessione 'e San Giorgio.,neapolitan,San Giorgio a Cremano
"'O nomme ""San Giorgio"" è attestato nfi ê riggini, nun s'è maje modificato, tranne ca 'int'a parlata pupulare in Santo Iorio.",neapolitan,San Giorgio a Cremano
"El donatismo, movimento rełijozo che el nase e se ła zera delineà in Àfrica inte el IV secoło e che el considerava i sacramenti no eficasi.",venetian,Cristianèzemo
"La difinizzioni cumprenni perciò li pianeti visìbbili chi furrìenu turnu turnu ô suli, e in èbbica muderna s'hannu jiunchiutu Uranu e Nettunu.",sicilian,Pianeta
"Adoppo poco, 'a notte 'e Natale d’’o stess'anno, 'a mugliera e isso evitajene 'n'attentato cu 'a dinamite dint'e vie 'e Parigge mente stevano jenno a l'opera.",neapolitan,Napoleone Bonaparte
"Nizèria – Umaru Yar'Adua, presidente.",venetian,G8 del 2009
"De chì l’è stada fada su ona etimologia popolara, “se poeu amà” o “poeu vess amaa”: el primm kanji, 可 (ka), el voeur dì “permittuu”, menter el segond, 愛 (ai), el voeur dì “amor” - い (i) l’è la sillaba dell’hiragana cont la qual la finiss ona part di aggettiv in la lengua giapponesa.",lombard,Kawaii
"A fini dô vintesimu seculu dui astronomi svizziri, Mayor e Didier Quelot, scuprierru autri pianeti, chi però nun si muovunu turnu turnu o suli, ma furrienu turnu turnu a autri stiddi.",sicilian,Pianeta
"Wikimedia Commons el detien imàjini o altri file so Zordan el detien schemi gràfeghi so GiordanoTreccani.it – Enciclopedie on line, Istituto de ła Ençiclopedia Italiana.",venetian,Zordan (fiume)
"Ntô sèculu XI li Normanni (oramai cumpritamenti latinizzati e ammisculati cû pòpulu lucali) accuminzaru fari li soi propî cunquisti, jennu ô nord, abbersu la Ngriterra, e ô sud, abbersu l'Italia miridiunali.",sicilian,Nurmanni
"Al tenpo de la colonia, i inglexi i governava el Botswana dal Sudafrica.",venetian,Gaborone
"El kumquat Nagami el gh’hà besògn d’on estaa calda, con di temperadur infra i 25 °C e i 38 °C, ma l’è minga bon de resistegh al frècc sòta i -10°C senza dagn.",lombard,Kumquàt
"El Tiberi el preferiva che i German combattessen tra lor e minga contra i legion roman, che ora staven su la riva òvest del Ren.",lombard,Battaja de Idistavis
"Inte i so numaroxi studi anatomici el ga descrivesto ła strutura exata de łe tronbe uterine (ciamae perciò anca tube de Falloppio), dei muscołi ocułomotori, de ła chorda tympani, de ła bogonèła osea e de l'acuedoto del vestiboło.",venetian,Gabriele Falloppio
Finio ła guera lóri i xe sta riapłicà inte łe pareti.,venetian,"Viła Valmarana ""Ai Nani"""
"I protagonisti de'l G3 de'l 2001 ze stài Joe Satriani, Steve Vai e el ghitarista dei Dream Theater John Petrucci, che i ga scrivesto na serie de novi brani strumentałi par el tour, dezvolzesto in Nord America.",venetian,G3 (grupo muzicałe)
"El disco el ga anca na trasa ciamà Cercautore dove Luca invita chi che cronpa el disco a reméterghe un testo novo creà de bałìn, indegando che el gavarìa sielto i mejo testi par proponerli durando i só conserti.",venetian,Luca Barbarossa
"Quannu custruìscinu u nidu, spissu u ùsanu tutti l'anni pi cuvari e crìsciri i puḍḍicini.",sicilian,Accipitriformes
"Clasifegada da racuanti cofà ""rełijon abramìtega"", co l'ebraismo (dal cuało sta cuà ła nase), islam e fede Bahá'í, ła ze ła rełijon pì difondesta, co na stema de sirca 2,3 miłiardi de fedełi inte el mondo inte na stima del 2015.",venetian,Cristianèzemo
Valutaru lu sò prezzu nta circa 15.000 stirlini.,sicilian,Division Bell
"Drìo vien publegà l'albun Sotto lo stesso cielo dove se trova tra łe altre Ali di cartone (fra łe più bèłe scrite da l'artista roman) e Sette candele, che trata so'łe persecusion rasiałi verso i abrèi durante el fasismo.",venetian,Luca Barbarossa
"Li Prìncipi Filangeri, succiduti ê barun	a Corbera, dèttiru mpulsu ô paisi câ custruzzioni di diversi edifici e facènnuni aumintari la pupulazzioni.",sicilian,Santa Margarita (Girgenti)
"El ze aparìo inte l'epizodio de I Simpson ""A Natale ogni spassolo vale"".",venetian,Gary Coleman
"'A cacamaglia fuje 'ngignata ô 1905 pe' allarga’’a 'nferta dd'ê priggiune 'e ll'epoca, comme 'a Vicaria, 'o Carmine e 'o Forte de Vigliena. Int'â siconda uèrra munniale, 'o rione patette 'e bummardamienti 'e ll'Alleati. Chisto permettette int'ô Dopoguerra 'e costruì abetaziune nove e palazzi a botta fascio, c'â mano longa d'â Camorra.",neapolitan,Puceriale
La sonad per tanti ann in di locai de Roma e de tuta Italia.,lombard,Nathalie
"Dopo de la sparatoria se ved on scorcc de sett agn innanz, cont lor du anmò insemma e cont trii fioeui.",lombard,Kate Beckett
"Infin, inte el 1551, de anatomia, chirurgia e de botanega a l'Università dei Studi de Padoa, indove el xe restà fin a ła morte.",venetian,Gabriele Falloppio
"È un piccolo robot alleato del gruppo dei Fantastici Quattro, creato dallo stesso Reed Richards.",standard,H.E.R.B.I.E.
"Le schede grafiche disponibili sono per i modelli iMac 21,5"" la ATI Radeon HD 4670 con 256 MB dedicati e ATI Radeon HD 5670 con 512 MB dedicati.",standard,IMac
"Spisso è 'a neggia, specialmente 'int'ô semmestre friddo, e 'e nnotte agghiacciate.",neapolitan,Beneviento
"Come tutti i primi motori Rocketdyne, l'H-1 impiegava un iniettore a cascata alimentato da turbopompe e veniva raffreddato per rigenerazione usando il propellente stesso.",standard,H-1 (motore a razzo)
Nuotò per salvarsi la vita sotto acqua per diversi minuti mentre l'aereo veniva risucchiato e distrutto dalle eliche della nave.,standard,Joseph Fall
"Defait: i segn zodiacai i enn 12 part del cel de la stessa ampieza, e invece le costellazion astronomege le g’han diverse estension (la plussee granda l’è qella de la Verjin, la plussee picinina l’è qella del Scorpion), per colpa de la precesion dei equinoze, le costellazion le corespond semper de men a le division del zodiac qe le g’han el stess nom.",lombard,Zodiac
"Congiuntiv imperfett: che chié e montäiss, che ti 't montäiss, che chiel o montäiss, che nosgècc montäisso, che vosgècc montäissi, che chiei i montäisso.",lombard,Kje
"Fioło de Luigi Muccino, dirigente Rai, e de Antonella Cappuccio, costumista e pitora, Gabriele Muccino se iscrive a ła facoltà de łétare de l'Univarsità dei Studi de Roma ""La Sapienza"", ma el abandona scuazi suito i studi univarsitari par avisinarse al sìnema, ofrindose in cuałità de asisente vołontario e frecuentando el Centro sperimentałe de sinematografia de Cinecittà inte'l corso de regia.",venetian,Gabriele Muccino
Napoli N) I scherzi d'amore e di fortuna (sum.1771,neapolitan,Giovanni Paisiello
"El gigant Kalevipoeg el partiss per la Finlandia per cercà la soa mader, che l'è stada rapida.",lombard,Kalevipoeg
Molti esseri dei Miti sono troppo potenti per essere sconfitti da esseri umani e solo la loro vista risulta essere talmente terrificante da generare un'immediata pazzia.,standard,H.P. Lovecraft
"'O sinnaco do cumune 'e San Giuseppe Vesuviano è Commissari Prefettizi d""o 17 'e gennaio 2011.",neapolitan,San Giuseppe Vesuviano
18 e 19 marzu l'artara di S. Giusè.,sicilian,Liunforti
Fu cunfirmatu dû Papa Teodoru e stetti a guidari li Cristiani dû 647 o  662 cu buntà e saggizza.,sicilian,San Zosimu viscuvu
"Seconno 'e pratecante de chesta disceprena, ll'effecacità int´´a lotta dipende da tre fattore: 'a canuscenza d´´e tècneche e d´´a strategia, 'o buon cuntrollo d´´o stress.",neapolitan,Francombat
Ze tròva fácele fácele dappettutt.,neapolitan,Uva e sèrpa
"Tornaa a cà lee la va in sul lecc a cavàss i scarp intant che 'l Castle el fa de mangià, ma la sent on sbar e la ved el Brown che l'ha snaraa a Castle, e in la sparatoria la resta ferida.",lombard,Kate Beckett
"Galzignano Terme, ricordata par e zo miteghe inpreze inte i ani '80 col zugava in Promosion, intel 2020 ła se ga fuzo insiéme a naltre do scudre co e cuai ła ga creà ła Polisprtiva Real Terme, ła prima squadra de sta nòva società ła zuga intel giron L inte ła seconda Categoria, ghe ze poi l' Atletico Galzignano che mjita anca ea in te el giron L seconda Categoria.",venetian,Galzignan Terme
"'A parola taliana ferrovia, derivanta 'a la 'ngrese Railway (lett.: binariovia) fuje 'nventata ind'a l'ottuciento 'a Tullio De Mauro.",neapolitan,Ferruvia
"'A nebbia rint’’e conche è molto frequente int""a tutt""e staggioni, soprattutto ll'estate.",neapolitan,Avellino
"La mùsica è di tipu ""mediterranean progressive rock sound"".",sicilian,Nni' lusinghi
La poesia catalana fins a la Renaixença.,neapolitan,Joan Fuster
"Intel manifesto GNU, Stallman el ga mensionà che ""on nucleo inixiałe existe, parò se nesesita tanti altri programi pa emular Unix"".",venetian,GNU
El Ghana l'è grando 238.540 km².,venetian,Gana
"C.) xe stà  un generałee ditator roman, considerà uno dei personaji pì inportanti e influenti de ła storia.",venetian,Gaio Giulio Cesare
Se vedette assaje 'o genio tattico 'e Bonaparte dint'a battaglia 'e Castiglione addò isso ribbaltaje na situazzione paricchio complicata e conquistaje 'a primma 'mportante vittoria d’’a carriera soja militare.,neapolitan,Napoleone Bonaparte
"'O Codece Napuliònico legittimaje cert'idee illumiste, fuje purtato a tutt’’e paìse addò jetteno ll'armate 'e Napuliòne, fuje pigliato a modello 'a tutt’’e state 'e ll'Europa continentale e pur'ogge é 'a base d""o diritto 'taliano.",neapolitan,Napoleone Bonaparte
"Ntô sò tirritoriu s’attròvanu tistimunianzi di nzidiamenti sicani, greci, rumani e àrabbi.",sicilian,Santa Margarita (Girgenti)
"Un esempio di racconto ispirato da un sogno è La dichiarazione di Randolph Carter che, come Lovecraft scrisse a Galpin, si basava su un incubo in cui lo scrittore e l'amico Samuel Loveman rinvenivano un'antica tomba.",standard,H.P. Lovecraft
"E quand che a l'è portaa via di fals poliziott, la se preoccupa fiss, anca se poeu la capiss che hinn di agent del Castle e donca el va a trovàll in biblioteca, primm canton che lee l'ha manetaa lu, comé la gh'eva faa capì in d'ona discussion de prima.",lombard,Kate Beckett
La partecipa poeu a on cas important cont on agent del Procurator General di Stat Unii che 'l nota la sò bravura e la invita ad andà a lavorà a Washington DC comé agent federal.,lombard,Kate Beckett
'Stu fatto suscitaje 'ndignazzìona 'e tutt'e corte europee e dette 'n'immaggine malamente 'e Napuliòne ê state 'e l'Europa.,neapolitan,Napoleone Bonaparte
"Lima - Un Boeing 737-200 di la cumpagnìa TANS cadìu aieri (a li 22,20 ura di Talia) a Pucallpa, a 840 chilòmitri a nordest di Lima, nta la selva mazzònica.",sicilian,Austu 2005
"El primm di de capitana el Castle la ghe fa on gran cadò: On brazzalett assee prezios, e l'è ciamada de 'n contatt del Procurator General di Stat Unii, ma lee 'l dis no al Castle e 'l ghe dis che l'era on call centre.",lombard,Kate Beckett
"Ntô 1997 fici lu chiù famusu film (""Rocco e le storie tese"") cu la participazzioni dî gruppu ""Elio e le storie tese"".",sicilian,Roccu Siffredi
"Tornaa indree, el Kalevipoeg el devegn el re de l'Estonia, dopo avè battuu i sò fradei in d'ona gara a lancià i sass.",lombard,Kalevipoeg
"I sacraminti che resta i ze stai istituii da ła Ceza Catòłega col pasar dei sècołi, ma no i fa parte de ła dotrina de Cristo.",venetian,Cristianèzemo
"Dint'a ll'urdeme anne 'e regno, Luigge cullaboraje c""o cancelliere René de Maupeou pe cercà 'e reformà ll'aniquo e inaffeciente sestema fescale d""o paise.",neapolitan,Luigge XV 'e Franza
'A famiglia Bonaparte faceva parte d’’a piccola borghesia e teneva luntane origine nobbele tuscane (pare ca ll'antenate suoje fossero 'o servizzio 'e Genova e pò 'mmigrate 'int'a Corseca dint’’o XVI secolo).,neapolitan,Napoleone Bonaparte
La causa era lu muvumentu di libbirazziuni òmusissuali nazziunali.,sicilian,ArciGay
"In di secoi dopo Klagenfurt l'è staa toccaa de incendi, terremott e guerr paisann.",lombard,Klagenfurt am Wörthersee
L'originale è custodito presso la John Hay Library di Providence.,standard,H.P. Lovecraft
"Entra l'affabile e amatissimo capitano della Pinafore che saluta il suo ""equipaggio beneducato"", lodandone i membri per la cortesia che dimostrano, e che egli ricambia; dopo l'uscita dei marinai, il capitano confessa a Little Buttercup che la figlia Josephine, è riluttante ad accettare una proposta di matrimonio da parte di Sir Joseph Porter, Primo Lord dell'Ammiragliato; prima di partire, Little Buttercup confida al capitano di «sapere cosa significa amare invano».",standard,H.M.S. Pinafore
"Con la definizion de Gal-Italich de la Basilicada a ciamom on grupp de isol lenguistich situaa in de la region de la Basilicada, in del sud de l'Italia.",lombard,Gall-Italich de Basilicada
Monorotaia: Chistu sistema aùsa 'na rutaia sola 'e o treno ve se monta ngoppa cu' nu sistema particulare 'e jonta.,neapolitan,Ferruvia
"DANARIU -> [dne] (cf. pms. dné, [dne]).",lombard,Kje
"Un brano tratto dal primo atto dell'opera (A British tar) è cantato dal capitano Picard, Data e Worf nel film Star Trek - Insurrection.",standard,H.M.S. Pinafore
Nel dicembre dello stesso anno interpreta Belle nello speciale televisivo musicale Disney La bella e la bestia: una celebrazione del trentesimo anniversario.,standard,H.E.R.
"Fu successivamente assegnato a uno squadron, equipaggiato con i Nieuport Nightjars, della Fleet Air Arm, assegnato alla sola portaerei in servizio, la  Argus.",standard,Joseph Fall
"Alla fine del Quattrocento e soprattutto a partire dal Cinquecento, alcuni scrittori (per esempio, l'umanista Aldo Manuzio) pensarono di abolirla completamente, anche dalle forme del verbo «avere».",standard,H
"Inte'l 2020 el torna al sìnema co'l film Gli anni più belli, inte'l cast ghe ze dei do atori ricorenti, Pierfrancesco Favino e Claudio Santamaria, oltre a Micaela Ramazzotti e Kim Rossi Stuart.",venetian,Gabriele Muccino
'E rummane latinizzarono 'o nomme 'into Maleventum.,neapolitan,Beneviento
"València, Tres i Quatre, 1985.",neapolitan,Joan Fuster
"La vita e l'opera di Vittorio De Sica, trasmissione inte a  sette puntate 'e Giancarlo Governi (1991) Maria Mercader, La mia vita con Vittorio De Sica, edizzione Mondadori, 1978 Emi De Sica, Lettere dal set, edizioni SugarCo Giancarlo Governi, Parlami d'amore Mariù.",neapolitan,Vittorio De Sica
Łe foje łe połe ver na dimension de 6 – 12 cm.,venetian,Prunus persica
"Di tèghnigh da diplomazzía, par esempi, Metternich al era un maestru: i so despacc i era di mudéj da stil diplumàtegh.",lombard,Klemens von Metternich
"I granfi, abbestra dî vuturi, sunnu ncruccati e puntuti pi tèniri ferma a preda.",sicilian,Accipitriformes
"Prima che 'l cusin el partiss, el ghe regala la soa armadura de Mithril.",lombard,Bilbo Baggins
Łe reunion łe ze ospitae a turno dai oto Stati apartegnenti del G8.,venetian,G8
"Stu fattu detti lu tempu niccissariu a li cartagginisi di scunfiggiri i sicilioti c'attaccavanu ri sud, unni Leptini pirdìu milli òmini prima d'arritirarisi, i cartagginisi assicuratu i nimici e furu firmati da l'attaccu di navi nimici, ca pirmisiru a li sicilioti d'arrivari a Gela.",sicilian,Battagghia di Gela (405 a.C.)
"Whitehead; Bothon (Bothon, 1932) - con Henry S.",standard,H.P. Lovecraft
"'A scarza afficienzia 'e stu guverno, però, purtaje a pruteste d""o populo, e 'e senature avetten""a annummena' a n'atu rre: mente 'e senature rumane vuleveno annummena' rre a Proculo, 'e senature sabbine vuleveno annummena' 'o senatore Velesejo; pe' pute' scegliere, se decidette e fà fa' 'o nomme 'e nu senatore sabbino 'ê senature rumane e viceverza: 'e senature rumane annummenajeno a Numma Pumpilejo, ca era canusciuto p""e virtù e p""a grossa piatate religgiosa soja.",neapolitan,Regno 'e Romma
Riven anca a ciamà vun di detective per domandàgh chi el s'è inamoraa per primm de l'alter.,lombard,Kate Beckett
La Ceza de Cristo ła ze organizada in comunità de credenti che i reconose ła totałe ispirasion inte ła Bibia.,venetian,Cristianèzemo
"'A primma veneva a ll'urdema dummeneca 'e abbrile, accumpagnata d' 'a musica, â nu distaccamento 'e cavallaria e 'e vote 'e fanteria.",neapolitan,San Giorgio a Cremano
"L'unetà 'e nmassa atomecanun appartiene a' sistema internazzionale 'e unità 'e misura (SI) ma è da isso riconosciuta in virtà ro'o' largo mpiego che viene fatto 'e chesta unità,specialmente in chimeca, biochimeca e biologgia muleculare.",neapolitan,Unità e' massa atomeca
Bonaparte all'inizzio nun se credeva francese e se senteva a disagio addò 'e cumpagne suoje 'e corso ereno quase tutte quante francise e 'o sfuttevano pe 'stu fatto.,neapolitan,Napoleone Bonaparte
Nascette a Ciorenza dinto lo 1265 dinto a na fameglia guelfa.,neapolitan,Dante Alighieri
Katja Kipping (Hrsg.): G8 - Gipfel der Ungerechtigkeit.,lombard,Katja Kipping
Da nialtri i fiori de persegaro i ze sinboło del spozałìsio.,venetian,Prunus persica
"Però la nota che in realtà lu l'è no dent, e dopo di testimonianz pensen che 'l sia staa rapii, e on mafios amis del Castle a l'è coinvolt.",lombard,Kate Beckett
Lu menzu dâ corda havi a cuincìdiri câ linia cintrali p'accuminzari lu jocu.,sicilian,Tirata dâ corda
La xe presente n'industria legera.,venetian,Gabon
"Forze cu 'a nova chiesa fuje criata tuttavota na statua nova d' 'o santo autilizzata magare sulo p' 'a prucssione,ma chesta nun c'è pervenuta.",neapolitan,San Giorgio a Cremano
El ga na popolasion de ventido milioni de abitanti.,venetian,Gana
"La corr prima vers sudest e poeu vers nordest, cont ona granda ansa a ovest de l’altopian di Jukagir.",lombard,Kolyma
"Quanno dinto a lo 1290 Beatrice murette, lo poeta 'nne fuje assaje scuosso e se dedicaje a studiare cchiù a funno la filosofia.",neapolitan,Dante Alighieri
"L'ursu pulari havi nu corpu massicciu, cu putenti zampi e artigghi adattati pi pigghiari lu ghiacciu.",sicilian,Ursu pulari
"El konfina a nord ko ła provinsa de Łinpopo, a est ko keła de Anpumalaṅga, a sud ko keła de el Stato Łìbaro, a ovest ko keła de el Nord Ovest.",venetian,Gauteng
"La scoperta da parte di Lovecraft delle opere di Lord Dunsany, con la loro schiera di dei viventi in un mondo immaginario, lo spinse a cimentarsi in racconti dal contenuto onirico.",standard,H.P. Lovecraft
"N sicilianu si usa puru la parola cerchiu o circulu, chi pirò pò puru significari tutta la riggiuni dintra nu pianu dilimitata di la circunfirenza.",sicilian,Circunfirenza
"A ła fine de l'istà 1988, dopo èsar ndà in ziro in tournée in conpanjìa de Paola Turci, par ła prima volta el se ritrova daseno in sima a'l vero suceso, l'àlbun Non tutti gli uomini infati el ga vendùo 350.000 copie.",venetian,Luca Barbarossa
Ati teste mmericane ausano sta crassifecazzione e 'a chiammano pure Napulitano-Calavrese.,neapolitan,Spartenza dialettale d''e varietà lenguistiche tipo napulitano
L'è sta prexentà el di 19/10/11 a Hong Kong.,venetian,Galaxy Nexus
"'E ccore d’’e lamantine songhe a fforma 'e pinna, arrassumigliane a 'na racchetta, mentre chelle d'e duguonghe songhe bifurcate.",neapolitan,Lamantino
"Simmons divenne noto per la sua abilità nel marcare i tight end, cosa che andò a discapito delle sue cifre nella statistica dei sack sul quarterback.",standard,Wayne Simmons
"Wikimedia Commons el detien imàjini o altri file so Durazo el detien schemi gràfeghi so Note su Durazo (ligo ronpesto dispunìbiłe in Internet Archive; védarse el istòrego, la prima version e ła ùltema).",venetian,Durazo
"Specialmente in  vehcchie pubblicazzione è pussbbile truvà ll'acronimo uma o puro amu (atomic mass unit), o puro ll'unetà 'e misura nun è indicata affatto.",neapolitan,Unità e' massa atomeca
"Se vulissimo esprimere n'uma inta 'll'unità del s.i, currispunderebbe a  1,660565x10-27 kg.",neapolitan,Unità e' massa atomeca
"Indonèzia – Susilo Bambang Yudhoyono, presidente.",venetian,G8 del 2009
Il codec video H.263 fu originariamente creato dall'ITU-T nel 1995/1996 come codec compresso con un basso bitrate per applicazioni di videoconferenza.,standard,H.263
"Dénd a gl terretòrie chemunale z’ásane le cime de Rocca Altiera, 2.018 m, é de gl Còll Nire, 1.991",neapolitan,Settefrate
"Sebbene nell'H.261 siano supportati soltanto i vettori di movimento con valori interi, al segnale di predizione può essere applicato un filtro anti-offuscamento — che mitiga in parte la mancanza di precisione del vettore di movimento del campionamento frazionato.",standard,H.261
"In de l'era Edo, el se ciamava Kamigata (上方, leteralment ""Direzion de sora"").",lombard,Kansai
"Giorgio, 'o Vesuvio e 'e soje feste"", C.S.T.",neapolitan,San Giorgio a Cremano
"El nass de la confluenza di fium Kulu e Ajan Jurjakh in di mont Čerskij e ‘l va a finì in del Mar de la Siberia Orientala. El sò basin imbrifer l’è spantegaa sora 644.000 chilometer quadraa in trii soggett federaj de la Russia: la republega de Jakutia, el okrug autonom de la Čukotka e la region (oblast’) de Magadan.",lombard,Kolyma
"Cu na maistrìa nun cumuni, iddi ammìscanu li mùsichi e li lingui àrabba e siciliana, usannu nta l'arranciamenti li strumenta tìpici  dî  dui culturi,  funnènnuli  nta nu sonu ca esplodi duranti li sò performance.",sicilian,Nni' lusinghi
"Aj spall di German la gh'era ona granda foresta, fada di alber alt e senza on sòttabosch.",lombard,Battaja de Idistavis
"Anca la Via Cerca, che la liga Melz a Meregnan (provincial 39), l'è de antiga origen, forsi de epoca romana.",lombard,Medija
"Lo standard fu progettato specificamente con il seguente proposito: Basarsi sugli standard già esistenti, includendo H.320, il Protocollo di Trasporto in tempo reale (RTP) e Q.931",standard,H.323
"Dopo 'na quai resistenza, el vegg hobbit el consent, e le lassa al Frodo.",lombard,Bilbo Baggins
"In particolare fu apprezzata la capacità di mescolare personaggi ed eventi reali e fittizi, dando a tutti una profondità ed un rilievo tali da non poter distinguere finzione e realtà, mantenendo la lettura allo stesso tempo sempre godibile ed affascinante.",standard,Ragtime (romanzo)
Gh’eren pressapoch 80 camp del GULag in de la Kolyma; vari font parlen de on numer de mort intra 250.000 e on million.,lombard,Kolyma
"Chiesa Madonna del Buon Consiglio La Masseria Colabaldi, ca ste nnanzi all'ingressu nord venendu de Galatina, ede na masseria antica de lu 1595, come se legge de la data 'ncisa su u pruspettu principale.",sicilian,Nove te Galatina
"'N 'Till I Collapse di Eminem nni l'album The Eminem Show, è prisenti lu battutu di pedi.",sicilian,We Will Rock You
"Inte'l 2001 L'ultimo bacio, na cinica e diziłuza riflesion so łe dificoltà inte ła vita di coppia della sua generazione, lo consacra come uno dei protagonisti della scena sinematogràfega italiana.",venetian,Gabriele Muccino
Li Nni' lusinghi (o Ni lusinghi o 'Nni lusinghi o Nni lusinghi o N'i lusinghi) è un gruppu musicali sicilianu di Palermu.,sicilian,Nni' lusinghi
"Nun tene nisciuno predatore naturale, ma 'a spansione 'e ll'attività umana ha ridotto l'abbitazzione soja naturale dint'a ll'acque  custière, e tanti lamantine stanno 'n pericule p' 'e muture d'e vvarche.",neapolitan,Lamantino
Ma 'e chioppette nevuze nun songo spisse 'into vierno.,neapolitan,Beneviento
"La canzuna, nustanti ca nun era na vera hit, fu assai pupulari tra li fans e fu misa nna l'album Live Killers dû 1979.",sicilian,Spread Your Wings
"Quand che 'l torna cà però ormai l'è pu l'istess hobbit de la partenza, e l'ha perduu la soa ""rispettabilità"", e i sò amis e parent le tratten on poo de matt.",lombard,Bilbo Baggins
'Nfatte 'o 5 'e ottovre 1795 proprio Barras 'o annummenaje cummannante d’’a piazza 'e Parigge cu ll'incarico 'e salvà 'a Cuncenziona Nazziunale d’’a minaccia d’’e realiste.,neapolitan,Napoleone Bonaparte
"El vegn majaa cont on pan tipigh de la region di pashtun, ciamaa roti, e cont el tè vert putost che 'l qahwa.",lombard,Kebab
"Pochi juorne doppo, 'a flotta 'e Bonaparte fuje scassata completamente d’’o generale 'ngrese Horatio Nelson, accussì Napuliòne decidette e se ne ghì 'a Siria cu 'a scusa 'e ghì appriesso 'o governatore Acri Ahmad Jazzar Pascia ca tentaje 'e ll'attaccà, ma 'a Siria perdette sulo dduje mise 'e tiempo dint'a 'n'inutile assedio.",neapolitan,Napoleone Bonaparte
Ntô 1996 vincìu l'Hot d'Or comu lu megghiu riggista.,sicilian,Roccu Siffredi
El 5 de marz 1468 l'otegn del Duca una pension e poeu l'è nomenad l'ann dopo camerer imperial.,lombard,Giovann Antoni Cotta
Cu la vittoria di Cartaggini i citatini fujuti accusaru di trarimentu li ginirali sicilioti.,sicilian,Battagghia di Gela (405 a.C.)
"Vist che 'l pensava che 'l fuss pòcch prudent mandà a combatt i legion senza avè faa sù di pont per passà el fiumm e i relativ presidi, l'ha deciduu de mandà innanz la cavalleria per esplorà.",lombard,Battaja de Idistavis
"I quattro soci di Richard D'Oyly Carte, nella The Comedy Opera Company, persero fiducia nei confronti dell'opera e chiusero la produzione.",standard,H.M.S. Pinafore
"L'ultimo ricordo su di lui è quello dell'amico Harry Brobst, che si recò a visitarlo poco prima della morte.",standard,H.P. Lovecraft
"A l'è on hobbit de la Contea, cusin de Frodo Baggins, e vun di portador de l'Unegh Anell, creaa de Sauron, el Scior Negher.",lombard,Bilbo Baggins
Vi sono tre versioni della raccomandazione ITU-T H.261.,standard,H.261
"La Kamala Devi Harris (pernonzia inglesa: ['kɑːmələ 'hærɪs]; Oakland, 20 de otober del 1964) l'è ona politega mericana.",lombard,Kamala Harris
"È un cumuni assai anticu, nfatti, Mazzarinu è n'anticu borgu fiudali a cincucentu metri d'autizza.",sicilian,Mazzarinu
"Il testo, composto dall'allora tastierista Kevin Moore, è ispirato all'Amleto di William Shakespeare, il cui tema principale è la morte.",standard,Pull Me Under
'O termine Cremano è nvece nu toponimo antico 'e na striscia attualmente compreso nfra Portece e San Giorgio (esistono p'esempio ll'accusiddetta Cupa di Cremano e 'o Pozzo di Cremano).,neapolitan,San Giorgio a Cremano
Na vota ce steva n'acceusa villa d'ô rre Affonzo II d'Aragona.,neapolitan,Puceriale
"Rapini, siquestri, accisioni, stupri di gruppi di piddirini divìnniru abbituali, e chisti nizziaru a viaggiari sutta la scorta di gruppi armati nichi.",sicilian,Cruciati
"Si dici ca lu mari è unu di li chiù beddi di la Pugghia cu li spiaggi larghi e chini di sabbia, havi puru li duni (muntirruni di sabbia cu lu tumu, lu rosmarinu, li murteddi e la lavanna, prutetti di l'UNESCU), dui canali e una turri sgarrata di li saracini.",sicilian,Lizzanu
"In del sò viagg el compra ona spada, ma el coppa anca el fioeu pussee grand del ferree dopo 'na discussion.",lombard,Kalevipoeg
"In seguit l’ha dervid i concert del Max Gazzè, del Marco Parente, de La Crus e de l'Andrea Mirò.",lombard,Nathalie
Website von Katja Kipping Arqiviad qé: [1] Biografie beim Deutschen Bundestag Arqiviad qé: [2] Strebe lieber ungewöhnlich (Süddeutsche Zeitung vom 4. November 2005) Videosteckbrief Katja Kipping (Der Stern) Redebeiträge von Katja Kipping im Deutschen Bundestag Arqiviad qé: [3]  (Videos),lombard,Katja Kipping
"Culonia - Accuminza oi la XX Jurnata Munniali di la Giuvintù, la prima senza Papa Wojtyła.",sicilian,Austu 2005
"I progettisti del codificatore (cioè del programma di codifica) furono lasciati liberi di progettare i propri algoritmi di codificazione, purché il loro prodotto fosse opportunamente vincolato per poter essere decodificato da qualsiasi decodificatore fatto secondo lo standard.",standard,H.261
"Warner, su Open Library, Internet Archive.",standard,H.B. Warner
"Dopo Ultimo Minuto, inte'l 1997, el reałiza so ła savana afregana in Kenya, Tanzania e Sudàfrega par ła trasmision Quark, che'l considara na espariensa stremamente formativa e indesmentegabiłe.",venetian,Gabriele Muccino
"Inte l'Eoropa del est l'instaurasion de rezimi marxisti, par definision materiałisti, ła ghea avesto cofà consevensa un proceso de decristianizasion pianifegà de stato che el ze avegnesto inisiando da ła Rùsia (ex Union Soviètega) e dopo, inte el dopoguera, inte i paezi goernai da rezimi comunisti satèłiti de l'URSS.",venetian,Cristianèzemo
"Suo marito, Bill Orr, è morto il 5 maggio 2013 a 78 anni.",standard,Kay Orr
"La scala de temperadura Celsius e 'l grado Celsius i è l'istess dovrads, ma come unitaa derivada, e i è definids rispet al kelvin.",lombard,Kelvin
Curpisci di la sò manu aperta l'arma upposta.,sicilian,Puggilatu birmanu
Lu stissu gruppu dî Queen cantau la canzuna We Will Rock You cu Axl Rose ô Freddie Mercury Tribute Concert dû 1992.,sicilian,We Will Rock You
Inte el 380 Teodòzio I co l'Edito de Tesałònega el ła ghea fata devegner ła ùgnoła rełijon ufisałe de l'inpero roman recorendo anca a mese cruenti par reprìmar łe rezistense dei pagani.,venetian,Cristianèzemo
"Donca, longh on'intervista, la riva e la mena via el Senator per omicidi, denanz di telecamer.",lombard,Kate Beckett
"Ła ga on gran numaro de costrusioni, sta roba ła fa una de łe sità co ła densità pì granda del stado.",venetian,Passo Fundo
"Inte el zugno del 2001 ese ła so prima racòlta de sucesi Viaggio di ritorno, coi brani nòvi Viaggio di ritorno, Zerosei e Nessuno come noi.",venetian,Luca Barbarossa
"València, Diputació de València, 1984.",neapolitan,Joan Fuster
William Nicholson and Son - C. 1905 (reimpreso del origianl de 1653) Anonymous.,lombard,Tanacetum balsamita
"Ma 'a massa supposta 'e sto chianeta avesse a essere armeno comme Urano o Saturno, vene a dicere assaje cchiù mpurtante 'e Sedna.",neapolitan,Sedna
"È pinzatu pi pàriri rilativamenti “naturali” a chiḍḍi ca canusciunu li lingui rumanzi, senza èssiri cchiù difficili pi l’àutri di ‘mparari.",sicilian,Lingua franca nova
"L'itanolu (CH3CH2OH), l'ingridienti ""attivu"" nta vìppiti alcòlichi, pi scopa di cunzumu eni sempri li prudiciutu dâ firmintazzioni di parti di certi speci di lièvitu in assenza d'ussìgginu.",sicilian,Alcool
"El Swingle l’hà dividùu i kumquat in du sòtt-géner, el Protocitrus, che ‘l gh’hà dent el kumquàt originari de Hong Kong, e l’Eufortunella, che ‘l gh’hà dent el kumquat ovàl, quèll redónd e ‘l kumquat Meiwa, ai quàj el Tanaka ghe n’hà giontà anmò du, el  kumquàt Malayàn e ‘l kumquat Jiangsu.",lombard,Kumquàt
"È 'a cchiù granne reggione 'e ll'Italia e rappresenta nu durecèsemo d""o territorio taliano.",neapolitan,Sicilia
"L'area l'è staita dividuda de una comission alliada, qe l'ha lassad Kattowitz del costad Polones, cont una autonomia importanta.",lombard,Katowice
"Nzinu ô 2008, Falconiformes e Accipitriformes èranu misi ntô stissu òrdini, ma appoi, anàlisi ginètichi, fìciru addunari i scinziati ca i primi èranu cchiù mparintati cu Psittaciformes e Passeriformes ca cu Accipitriformes.",sicilian,Accipitriformes
Annibali pigghiau sutta assèdiu Girgenti nni la stati dû 406 a.,sicilian,Battagghia di Gela (405 a.C.)
"I Martirulogi dâ Cresia, u Rumanu e u Geronimianu portano u ricordu di dui Valentinu: unu martiri a Roma, l’autru martiri a Terni.",sicilian,San Valintinu
"In tełecomunicasion e enformàdega un Uniform Resource Locator o URL ła xe na sequensa de carateri che ła identifega univocamente l'indiriso de una risorsa in Internet, de sołito prexente su un server, come a exenpio un documento, na imagine, un video, rendendoła acesibiłe a un client che ne fa dimanda atraverso l'utiłixo de un web brausér.",venetian,URL
"Se pô truvà 'a basileca 'e suja a Mugnano d""o Cardinale, d’’e pparte 'e Nola, addù 'o cuorpo sujo fuje spustato 'int'ô 1805.",neapolitan,Santa Filumena
"Prima ol formai inscì producid al vegneva ciamad ""strachin"", nom che per secoi in Lombardia l'indegava in sgeneral tucc i formai moresin a forma quadrada.",lombard,Talegg (formai)
Parti dâ cavalliria turnau di primura a Sarausa e tintau di pigghiari lu cuntrollu dâ citati.,sicilian,Battagghia di Gela (405 a.C.)
mirabilis— L'Agave cchiù granni dû munnu.,sicilian,Agave
"Pe ll'Italia, 'o valore d’’o codece Napoleonico fuje assaje gruosso pecché chisto fuje purtato dint’’e paìse crìate â Napuliòne e pò servette dint’’o codece taliano d’’o 1865.",neapolitan,Napoleone Bonaparte
"Nu fatto è sicuro overo: 'o paese deve 'o nomme suojo â forta e granne devozzione ô santo Giorgio.'E Sangiorgese scigliettero nu santo ch'tenesse fama 'e combattente, 'e taumaturgo, ch' ajutasse contro 'o periculo d' 'e nemmice e de ll'evente naturale,pe' chesto scigliettero San Giorgio, ca già a Napule era canasciuto mmiez'e povere e 'e cuntadine.",neapolitan,San Giorgio a Cremano
"Li canzuni 'n sicilianu:  Nun mi circari cchiù, e Dumani è duminica. Cantanti e gruppi musicali siciliani Na pàggina ca parra d'iddi",sicilian,Nni' lusinghi
"Napoli N) Le 'mbroglie de la Bajasse (1767 Napoli F) Alceste in Ebuda, ovvero Olimpia (20.1.1768 Napoli SC) Festa teatrale in musica (31.5.1768 Napoli PR) [Le nozze di Peleo e Tetide] La luna abitata (sum.1768",neapolitan,Giovanni Paisiello
I cartagginisi traseru e sacchiaru la citati lu jornu dopu.,sicilian,Battagghia di Gela (405 a.C.)
I scritturi ri canzuni cunsidirati prumittenti e cchiù dutati sunnu premiati cu na borsa ri studiu intitulata a Abe Oldman  (Abe Oldman Pulisher's Award for Excellence in Songwriting).,sicilian,Songwriters Hall of Fame
"Sta drastega diminusion ła ga zà scomisià a gaver coseguense intel Mar Morto, cuesto da tanti ani se parla de on cołegamento co el Mar Roso, che połaria portar a na beła contribusion a ła produsion de energia ełetrega par Israel e Zordània.",venetian,Zordan (fiume)
parte seconda che contiene la storia delle ville soggette al vicariato di Schio Tom.,venetian,Gaetano Maccà
31 agosto 2004 – Apple annuncia un nuovo iMac con tutta l'elettronica alloggiata dietro lo schermo LCD.,standard,IMac
"'A cità è canosciuto nu periodo florido e ricco assaje asott' 'o duminio spagnuolo e ancòra 'e cchiu sott'e Borbone, grazzjie 'e iniziative promosse â Càrlo III, ca dette impulso 'e attività economiche a tutta 'a zzona vesuviana.",neapolitan,San Giorgio a Cremano
"Galaxy Nexus  el xe el primo smartphone Android 4.0 o Ice Cream Sandvitx de Google e el xe sta el primo a riçevare el ajornamento de Android 4.1 (Jellybean), El Samsung Galaxy Nexus el ga le dimension (67,94 X 135,5 X 8,94 mm), El ga on Led de notifeghe RGB.",venetian,Galaxy Nexus
De l’epoca sovietega a l’è anca l’unega strada che la traversa la region e la collega al port de Magadan in sul Pacifegh.,lombard,Kolyma
"Sott'o binario se trova 'a massicciata, cumposta ra na serie 'e prete.",neapolitan,Ferruvia
"'Nt'â mitologgia rumana se conta ca 'o funnatore d""a cità 'e Romma, Ruommolo, se pruclammaje rre subbeto aropp'a l'accisione d""o frate Remmo: funnata 'a cità cu'o nomme sujo, Ruommolo ne 'nnirezzaje 'o lemmete sacro, 'o pummerio, e 'nvitaje tutt'e cremmenale, 'e schiave ca se n'avevano fujuto e 'a ggente aselejata, garantenno 'o diritto 'e asilo e pupulanno accussí 'a cità nova.",neapolitan,Regno 'e Romma
"Fatto realmente accaduto il 17 febbraio 1905, assassinio di Sergej Aleksandrovič Romanov per mano di Ivan Kaljaev.",standard,L'assassinat du grand-duc Serge
"Al è stai vün di primm druvatt dal realism diplomatigh dal sécul di 19, profundament arisaa int al postülaa dal balanzament di pudé.",lombard,Klemens von Metternich
"Cuardannula de fronte, se vide lu portone e lu rusone centrale addhu ste misu lu stemma de Nove, ce tene tre torri cu nna curona de susu.",sicilian,Nove te Galatina
"Â fini dû 2005 si fici forti lu sò mpegnu pulìticu accittannu la pruposta, jittata dâ cualizzioni di centru-manca, di candidàrisi â prisidenza dâ Riggiuni Sicilia ntê amministrativi dâ primavera dû 2006.",sicilian,Rita Borsellinu
L'è però reconvocada quand che la vittima a l'è Simmons.,lombard,Kate Beckett
"Put'essere ca ave pijatu lu nome de Noha de l'antica famija feudataria de li De Noha de Lecce, ca stìanu qquai già de lu 1253.",sicilian,Nove te Galatina
"Fu però nu piddirinaggiu armatu, anzituttu pi mutivi di sigurizza.",sicilian,Cruciati
"Gabriele Falloppio, in Catholic Encyclopedia, Robert Appleton Company.",venetian,Gabriele Falloppio
"Nfra 'e monumente allicurdammo: 'a Matrici addedecata a S.Rosalia e 'a Chiesia d""o Culieggio ca custodisce ll'usciola cu 'e reste 'e S.Fortunata, santa patrona d""o paise.",neapolitan,Baucina
"Quest noeuv attacch el gh'ha avuu success, e donca i legion hinn poduu tornà a caregà el vall con pussee facilitaa, finna a conchestàll e occupàll.",lombard,Battaja de Idistavis
"Lu Queensland e li Tirritori, ca ci hannu nu parramentu unicammarali, nun hannu bisognu dâ luci russa ca simmulìa la càmmara àuta.",sicilian,Division Bell
A ddu puntu addumau cu focu li porti e ammazzau la maggiur parti di trarituri.,sicilian,Battagghia di Gela (405 a.C.)
"El persegaro el ze na àlbara de dimension che ła połe rivar a na altura de 4-8 metri, co na scorsa na s-ciantina rùvida de cołor maron.",venetian,Prunus persica
Ma 'a storia 'e Beneviento se attacca sustanzialmente a chella d’’e Sannite.,neapolitan,Beneviento
"Nel 2015 el dirize anca el so decimo film: L'estate addosso (Summertime), na produsion italiana (Indiana Production Company in cołaborason co Rai Cinema) in łengua prevałentemente ingleze; ła ze ła storia de do bòce italiani che daspò l'ezame de ła maturità i va pasar l'istà in te i Stati Unìi andove i se trovarà a far na espariensa formativa e de definision de łe so vite.",venetian,Gabriele Muccino
"Le fòie, dré al gamp le vé fò 'n maniéra alternàda.",lombard,Tanacetum
"Ul sò padru, Cunt Franz George Karl von Metternich-Winneburge zu Beilstein, al era un diplomata ch’al eva passaa dal servizzi de l’arzvesch da Treviri a chel da la curt da Vienna.",lombard,Klemens von Metternich
"N siguitu lu preti e funnaturi dâ l'ARCIGAY, fu scumunicatu a divinis.",sicilian,ArciGay
"A currenti H5N1 nfruenza di l'aucieddi, canumacri n'infruenza A, avi n'iffettu simili.",sicilian,Nfluenza A suttatipu H1N1
"I zóvanni buti i ze de cołor verdo, frecuentemente sfumà de roso.",venetian,Prunus persica
"Però poeu i giornai parlen de 'n possibil retorn de fiamma in tra de lu e la sò veggia miee, oltra che editora.",lombard,Kate Beckett
Lu paisi appartinni a sta nòbbili famigghia ppi tantu tempu e ntô 1622 ci vinni arricanusciutu lu status di principatu; appoi lu cumuni addivintau autònumu.,sicilian,Liunforti
Lista r'e canale a Sirece Nove (16:9) cu l'aveta-visione (Aveta-Definizzione - HDTV) ca se vereno 'ncopp'o satellite HDTV Total: Your European source to HDTV (O' site europeo pe' l'aveta-definizione) SKY HD: L'ufferta r'o SKY pe l'aveta-definizzione (HDTV) pe nuje pajsane e pe' tutta ll'Italia!,neapolitan,16:9
Hà stato creato int´´o 1988 da Alain Basset e Dominique Dumolin.,neapolitan,Francombat
"Green (1930) The Furies, regia di Alan Crosland (1930) The Second Floor Mystery, regia di Roy Del Ruth (1930) La seduzione del peccato (Wild Company), regia di Leo McCarey (1930) On Your Back, regia di Guthrie McClintic (1930) La leggenda di Liliom (Liliom), regia di Frank Borzage (1930) Quando l'amore parla (Princess and the Plumber), regia di Alexander Korda e, non accreditato, John G.",standard,H.B. Warner
"Demaneman che 'l viagg el va inanz, el hobbit el vegna semper pussee fondamental per i destin de la compagnia.",lombard,Bilbo Baggins
Tutti li canzuni sunnu cantati nta la parrata calabbrisa.,sicilian,Hantura
"Kijŏng-dong, Kijŏngdong putost che Kijŏng tong (""Vilagg de la Pas"") a l'è on vilagg de la Corea del Nòrd, situaa arent a la Zona demelitarizzada coreana e arent a la cittaa de Kaesŏng.",lombard,Kijŏng-dong
"Cu 'o termene ""ucchiarone"" nce se va a dicere generalmiente a n'ucchiarone acchiario, ma se custruiscono ucchiarone pe 'a major pparte d’’e spettro elettromagneteco.",neapolitan,Ucchiarone
"Barcelona, Edicions 62 i la Caixa, 1981.",neapolitan,Joan Fuster
Caccia usannu lu ghiacciu comu piattaforma pi vidiri la preda quannu nesci pi rispirari.,sicilian,Ursu pulari
Fa part de la Chemunetà mendana Vall e Comine.,neapolitan,Settefrate
Li round sunnu intirvallati di riposi cumpreti duranti quali si svòrginu àutri ncontri.,sicilian,Puggilatu birmanu
Gli ultimi abitanti hanno lasciato l'Amstelhof nel 2007.,standard,H'ART Amsterdam
"Â fine d' 'o sec. XI fuje aedificàta ô stisso posto na chiesa, attuorno a cchesta se sviluppaje 'o primmo nucleo d'abbetante ch'addivintaje ""Casale"" cu 'o nomme 'e ""Sàn Giorgio a Capitiniano"", situato 'int'a zona d' 'o cimmitero 'e mo.",neapolitan,San Giorgio a Cremano
parte seconda che contiene la storia delle altre ville soggette al vicariato di Tiene Tom.,venetian,Gaetano Maccà
"Castellari 1973: Piccoli miracoli 'e Jeannot Szwarc (film p' ' a televisione) 1973: Storia de fratelli e de cortelli 'e Mario Amendola 1973: Il delitto Matteotti 'e Florestano Vancini 1973: Viaggia, ragazza, viaggia, hai la musica nelle vene 'e Pasquale Squitieri 1974: Dracula cerca sangue di vergine e... morì di sete!!!",neapolitan,Vittorio De Sica
Dint'o mumento peggiore venette 'o frato Luciano ca 'a capo d’’o cunziglio d’’e 500 ascette d’’a stanza ordinanno e 'sperdere 'e deputate terroriste.,neapolitan,Napoleone Bonaparte
"A Kerč a l'esista ona comunità piscinina de Italian de origin pujesa (zona de Bisceglie e Trani), rivaa in Crimea in del Vottcent con la speranza de guadagnà on quaicoss.",lombard,Kerč
Tampere (Tammerfors in svedes) a l'è una cità del süd de la Finlandia che la se tröa intra i lach Näsijärvi e Pyhäjärvi.,lombard,Tampere
"Vista la soa posizion, sotta el domini russ Kerč l'è diventada on port important per el commercc e la pesca.",lombard,Kerč
"Prisirenti emeritu di l'organizzazzioni fu Frank Sinatra, da lu 1993 sinu a so morti I Queen e i Bee Gees sunnu tra li pochi gruppi a essìri stati misi pi interu na l'Hall of Fame, avennu tutti i cumpunenti ri gruppi cuntribbuitu a la scrittura ri canzuni.",sicilian,Songwriters Hall of Fame
"C., inte el 47 a.",venetian,Gaio Giulio Cesare
Ralph e Fritz si avviano quindi verso la sezione caffetteria del treno per preparare il brunch.,standard,H&M: Come Together
Li Nurmanni rinisceru a prestu a accabbari la prisenza bizantina e dunca puteru didicarisi â Sicilia.,sicilian,Nurmanni
"El maschio połe 'rivare a pexare fin a 5 chiłi, la fèmena fin a 4.",venetian,Gato siameze
Già di longu tempu li re danisi e chiddi anglusassuni eranu a guerra pû cuntrolli di l'ìsula.,sicilian,Nurmanni
"'E ccanzone 'int'â lengua siciliana songo: Li vuci di l'omini, Occhi chi nascinu, e Carizzi r'amuri.",neapolitan,Agricantus
L’è el kumquat pussée primitìv e anca l’agrumm pussée primitiv; el Swingle l’hàa ditt che l’è el pussée arént a la speci di temp indrée di quàj tucc i agrumm hinn vegnùu.,lombard,Kumquàt
"Luigge XV, scusuto e poco pupulare, murette p""o vajuolo e lle succedette 'o nepote, Luigge XVI 'e Franza.",neapolitan,Luigge XV 'e Franza
"'e Max Ophüls 1953: Pane, amore e fantasia 'e Luigi Comencini 1954: Peccato che sia una canaglia 'e Alessandro Blasetti 1954: Pane, amore e gelosia 'e Luigi Comencini 1954: Il letto, episodio Il divorzio, 'e Gianni Franciolini 1954: L'allegro squadrone 'e Paolo Moffa 1954: Vergine moderna 'e Marcello Pagliero 1954: Tempi nostri, episodi Scena all'apierto e Don Corradino, 'e Alessandro Blasetti 1954: L'oro di Napoli, episodio I giocatori 'e Vittorio De Sica 1955: La bella mugnaia 'e Mario Camerini 1955: Gli ultimi cinque minuti 'e Giuseppe Amato 1955: Il segno di Venere 'e Dino Risi 1955: Pane, amore e...",neapolitan,Vittorio De Sica
"Settefrate è ne chemune taliane de 809 abbetand e la previngia e Fresenone, dénd a gl Lazie.",neapolitan,Settefrate
"Colore de'l 1984, Vita del 1985 e Via Margutta inte'l 1986.",venetian,Luca Barbarossa
"Lu paisi tra lu XVII sèculu e lu XVIII sèculu, si jinchìu di monumenta e edifici di qualità, tra li quali oltri venticincu chiesi di quasi tutti l'òrdini riliggiusi.",sicilian,Mazzarinu
"H. P. Lovecraft, su MusicBrainz, MetaBrainz Foundation.",standard,H.P. Lovecraft
"Inciu avenu tre navate divise de pilastri, cu, alli lati, do' altari barocchi de pietra leccese de lu seicentu.",sicilian,Nove te Galatina
"Ora Mazzarinu è nu beddu paisi, anchi si ormai risenti assai di l'emigrazzioni di li genti, supratuttu li giùvini chi si nni vanu fora ppi studiari o travagghiari e nun tòrnanu cchiù.",sicilian,Mazzarinu
"A l'è donca menaa via, però se descovriss che l'è on sosia, operaa anca lu.",lombard,Kate Beckett
"Fatta ascì 'a fore 'a nutizzìa 'e nu complotto realista p'arrevacà 'a repubblica, Napuliòne riuscette a fà vutà 'o Cunziglio d""e viecchie e 'o Cunziglio d’’e 500, na risoluzzìone ca facesse trasferì 'e ddoje Cammere 'o 18 brumaio (9 'e Nuvembre) fore Parigge, a Saint-Cloud; Bonaparte fuje annummenato cummannante 'e tutt'e fforz'armate.",neapolitan,Napoleone Bonaparte
"Al era una granda figüra int i negoziazzion ch'i ha purtaa al Cungress da Viena e pendent ul medèm, e al è cunsideraa sia un paradigma dal management da la pulítiga da fö, sia una granda figüra int al desenvilüpament da la diplomazzia.",lombard,Klemens von Metternich
Havi nu tirritoriu assai granniceddu e na marina ca è puru cchiù granni.,sicilian,Lizzanu
"Nelle versioni di serie era previsto un carrello anteriore completamente retrattile e l'installazione di due mitragliatrici Browning .303 da 7,7 mm sulla fusoliera più altre due opzionali sotto ciascuna ala.",standard,VEF I-16
"Irpino viene 'a ll'osco hirpus (""lùpo""), anemale riverato d’’a arrammazione irpina a testimonianza d’’a crudetà lloro.",neapolitan,Beneviento
"Dopo on quai dì el scomincia el sò viagg per tornà indree in de la Contea, e 'l se porta adree on tocchellin del tesor di Nan, oltra che 'l ""sò"" anell.",lombard,Bilbo Baggins
"La definizion del kelvin come unitaa de temperadura del Sistema internazional (SI) l'è staita adotada ind el 1954 da la 10ª Conférence générale des poids et mesures e l'è par a 1/273,16 de la temperadura assoluta del pont trepe de l'agua.",lombard,Kelvin
"Mario"",Napoli, Arti grafiche Mineno, 1984 Giuanni Alagi, ""Il cardinale Massaia a San Giorgio a Cremano"", Laboratorio ricerche e studi vesuviani, 1989 Giuanni Alagi, ""La processione di San Giorgio a Cremano"", 1990 I Fatebenefratelli, ""San Giorgio ieri e oggi - Luoghi e persone di San Giorgio a Cremano dal 1895 al 1950"", 1992.",neapolitan,San Giorgio a Cremano
"Cont el jutt di sò detective la va dent in cà soa e la legg l'agenda de la mamma, e la capiss che effettivament la cassetta a l'era del Montgomery.",lombard,Kate Beckett
El cultivar del  kumquat 'Varìi Centennàl' l’è derivàa spontani del kumquat ovàl.,lombard,Kumquàt
"H. A. Rey, su Discogs, Zink Media.",standard,H. A. Rey
"Si dici ca u nomi deriva di ""Mazzara"" oppuru di ""Maktorium"".",sicilian,Mazzarinu
"Sucesivamente ła Ceza post-apostòłega lentamente se ga organizà da torno a ła denomenada pentarchia dei sìncue patriarcai de Roma, Costantinòpułi, Alesàndria, Antiòchia e Jeruzałeme.",venetian,Cristianèzemo
Nti sta zona dill'Erei c'era l'insediamentu di Tabas o Tavaca.,sicilian,Liunforti
"C. circa) custituette 'a primma vera tuzzata nfra 'a putenza nascente e 'e Sannite, ca s'arresolvette a favore 'e chiste urdeme.",neapolitan,Beneviento
"A ddefferenza 'e chest'urtemo 'o Kuomintang è 'a sempe stremamente cuntrario â nnipennenza taiwanese, sustenenno l'identità cinese d""e abbetante 'e ll'isula. Dint""a Repubbreca Pupulare Cinese è attevo 'o Cummitato Revuluzziunario d""o Kuomintang, nasciuto 'a nu spartemiento a smerza dint""o 1948, 'o CRK è membro d""o Frunte Aunito e alliato d""o Partito Cummunista Cinese.",neapolitan,Kuomintang
Antologia de la poesia valenciana.,neapolitan,Joan Fuster
"'Sto detective chi la ciama e la ghe dis che gh'è on sò contatt in di servizzi secrett che podaria jutàlla a trovà Loksat, che in realtà a l'è luu, e lee l'ha capii e 'na voeulta in d'ona stanza cont on forn crematori la tira foeura la pistola, fermada però de on sistema magnetich.",lombard,Kate Beckett
"Quand che i depression hinn tajàa foeura ind ona situazion de blòcch el pò vèss pericolos perché la gotta frèggia la tend a restà in su la stèssa zona per tant temp, cont i so temporaj organizzàa bon de ingenerà inondazion.",lombard,Tajà foeura
"L'era muderna havi ntruduciutu li règuli di lu puggilatu uccidintali, particularmenti li guanti, li prutizzioni, li round e lu ring.",sicilian,Puggilatu birmanu
"La sua perseveranza commuove la Mamma, ed un poco alla volta fa breccia anche nella cocciutaggine della giovane ragazza, che dopo una lunga resistenza accetta l'offerta di matrimonio.",standard,Ragtime (romanzo)
"Oi, li vini pruduciuti cu racini silizziunati e cugghiuti cû tinuri zuccarinu giustu e d’acititati, sunnu ricircati e apprizzati dî cunzumatura di tuttu lu munnu.",sicilian,Santa Margarita (Girgenti)
"'A suppusizzione esce d""e pperturbazzioni gravitazziunali che ll'ati chianeti suniscieno e che nun songo spiegate cumpretamente.",neapolitan,Sedna
"Però i omen di affar interni se insospettissen e fann irruzion, donca lee, Castle, Ryan ed Esposito a hinn menaa via.",lombard,Kate Beckett
S'attròvanu li club dâ tirata dâ corda pi tuttu lu munnu e veni jucatu di l'òmini e fìmmini.,sicilian,Tirata dâ corda
"Asempio: appo a narrere, ""aggio a dicere"". cundizziunale: se forma ausanno nu tipo mudificato d'ô vierbo duvere cchiù ' nfinito.",neapolitan,Lengua sarda
"Gino Carvelli: chitarra battenti, mannòla Mario Carvelli: ciati, voce, cori",sicilian,Hantura
"Per tucc e duu i esercit, l'unega speranza de salvàss l'era quella de vingg la battaja.",lombard,Battaja de Idistavis
"L'Inglese Richard Weston el ghea vixità le provinçe flaminghe intorno al 1650 e el ghea dito inte na so famoxa opara A discourse of husbandrie used in Brabant and Flanders el metodo de sti cua chel jera baxà so la rotaẑion de le colture (lino, rapa, avena, trifojo).",venetian,Agricultura
"L'alter vilagg a l'è Daeseong-dong, inde la Corea del Sud.",lombard,Kijŏng-dong
"Urdenaje l'espulsione d""o PCC e dd""e cunzigliere militare suvietice e, 'o 12 abbrile, mannaje 'e truppe nazziunaliste a ccumpiere 'o Massacro 'e Shanghai.",neapolitan,Kuomintang
Nun è cchiù in funzzione 'mmece 'a linea Torre Annunziata-Canciello de Ferruvie d'ò Stato.,neapolitan,San Giuseppe Vesuviano
"'E centre abitate se trovano 'n parte 'n chiana (Sperone, Baiano e 'n pparte 'n cullina ('a pparte auta 'e Avella, Sirignano, Quadrelle e Mugnano d""o Cardinale).",neapolitan,Baianese
"In pratica la gh'ha de seguì, insemma ad alter dò donn, di indizi, ma la riess a scappà de 'sta stanza e incontra el grupp di omen, formaa de trè personn, de che Castle, pussee vun che l'è mort.",lombard,Kate Beckett
"Russia: Per programmare l'attacco al Granduca Serge, gli anarchici si riuniscono per trarre a sorte chi lancerà la bomba durante il passaggio della carrozza.",standard,L'assassinat du grand-duc Serge
Parò a mancava on conponente ciave ciamà nucleo (kernel in inglexe).,venetian,GNU
"Inte l'istà de'l 1982 el pùblega el singoło La strada del sole che anca se el ze entrà in clasega no'l ga avùdo el suceso sperà resentindo cusì de ła crize che gavea ła Fonit-Cetra, par 'sta razon el deside de firmar co ła CBS che 'vanti de darghe fidusia par un àlbun intiero ła ghe gà dà l'ocazion de publegar nna serie de 45 ziri.",venetian,Luca Barbarossa
"Ma el Castle, insospetii, l'indaga cont on'altra detective che 'l cognoss, e donca e'l intuiss tuscòss e 'l proeuva anca ad andàgh dent in di computer de l'analista, che 'l riess ad evità de vess hackeraa pocch prima de la fin de l'operazion.",lombard,Kate Beckett
I inglexi i ga fonda' on picolo sentro comerciale rente de la so casa e i lo ga ciamà Gaborone's Village.,venetian,Gaborone
"'O canale, s'arrapette 'o 2005 e 'o 'nzerrajeno l'anno appresso, 'o 2006. Si' jammo a veré 'a situazzione rint'a ll'Europa, ce stanno nu cuofeno 'e canale 'ncopp’’o satellite ca trasmetteno a 16:9 cu o senza Avta-Definizzione, e nu' paro e chiste ssò ppure pe'-ssenza-niente (gratis).",neapolitan,16:9
"Pull Me Under, su Discogs, Zink Media.",standard,Pull Me Under
"Napoli F) [L'amor contrastato o sia La molinarella] Catone in Utica (5.2.1789 Napoli SC) Nina, o sia La pazza per amore (25.6.1789 Caserta) I zingari in fiera (21.11.1789 Napoli Fo) Le vane gelosie (spr.1790",neapolitan,Giovanni Paisiello
"Da novo a'l Festival de Sanremo inte'l 1987 co Come dentro a un film, titoło de l'àlbun che a ła fine ła CBS ła ga acetà de publegar; pochi mezi drioman el vinse Un disco per l'estate a Saint Vincent cofà mejo àlbun e megio canson co Roberto mentre inte'l Setenbre senpre de cueł'ano el reseve anca el premio come mejo revełasion inte'l concorso Vota la voce.",venetian,Luca Barbarossa
"De l’altezza de Zyrjanka, passaa l’altopian di Jukagir, la devegn on fium de pianura, in del bassopian de la Kolyma ch'el ciappa el nomm del fium.",lombard,Kolyma
"Nel 1859 prese parte alla rovinosa battaglia di Magenta, ove l'esercito austriaco venne sconfitto a vantaggio dei franco-piemontesi e nel 1860 divenne comandante di un reggimento, venendo trasferito in Boemia nel 1866.",standard,Guglielmo Alberto di Montenuovo
"El spasio de archiviasion cloud par ła memorizasion dei brani acuistai so Google Play Musica el zera iłimità e'l parmeteva da marzo 2015 ła cargada de 50.000 brani (novità che ła va a aumentar de pì del dopi el nùmaro masimo dei brani cargabiłi, che se atestava presedentemente so i  20.000).",venetian,Google Play Musica
"Cunfina, chî cumuni di Salaparuta (TP), Cuntissa (PA), Sammuca, Menfi e Muntivagu (AG).",sicilian,Santa Margarita (Girgenti)
L'unione internazzionale 'e chimicha pura 'e applicata raccumanda 'e utilizzara o' simbolo u ppe indicare ll'unità 'e misura d'â massa atomeca unificata.,neapolitan,Unità e' massa atomeca
"Ciò significò anche che, se era in cantiere un nuovo album di gruppo per i Mobb Deep, questo sarebbe stato posposto L'album fu messo in rete illegalmente il 16 aprile 2008, a pochi giorni dall'uscita ufficiale.",standard,H.N.I.C. Pt. 2
A causa a statu nu virus d'infruenza di tipu H1N1.,sicilian,Nfluenza A suttatipu H1N1
"El Germanich, che l'era rivaa del territòri del fiumm Amisia (al d' d'incoeu Ems) al fiumm Visurgi (al dì d'incoeu Weser), arent al loeugh indove adess gh'è la cittaa de Minden, l'ha trovaa i German s'ceraa in su la sponda destra del fiumm.",lombard,Battaja de Idistavis
"Intant el Castle el proeuva a descovrì pussee in su la mort de la sò mader, cas misterios anmò vert in quell moment, che 'l gh'aveva denter di poliziott corrott e intervent di politegh e mafios.",lombard,Kate Beckett
'O 21 Màrzo 1804 'o codece civile chiammato adoppo Codice Napoleonico trasette 'nvigore.,neapolitan,Napoleone Bonaparte
"C. li culoni cuminzaru a diclinari nta lu sò splinnuri, lu mutivu principali è ligatu a la nova putenza: Roma.",sicilian,Magna Grecia
2.2 Parte seconda che contiene la storia delle ville soggette alla podesteria di Marostica Tom.,venetian,Gaetano Maccà
"Venetteno donca attuate misure pe tassà 'a nubbirtà e 'o crelo, precedentemente franche 'a pavà 'e tasse, ma cheste fujeno annullate aroppo 'a muorte d""o rre dint'a Reggia 'e Versailles, 'o 10 'e majo 1774.",neapolitan,Luigge XV 'e Franza
"Ogni annu vennu assignati vari premi a li prutagunisti di l'industria musicali, attualmenti, i premi sunnu: Johnny Mercer Award: pi l'artisti ca sunnu già nnà l'Hall of Fame e ca annu nu certu nummàru ri opiri staordinarii.",sicilian,Songwriters Hall of Fame
"Alla morte di Margret Rey nel 1996, la sua volontà fu quella di donare l'intera collezione letteraria dei Rey alla Collezione de Grummond.",standard,H. A. Rey
"Quattr'anne doppo canuscette a Carlo Martello, de lo quale deventaje ammico, e 'n chillo stisso periodo screvette la Vita Nova.",neapolitan,Dante Alighieri
"Cô tempu si scupriu ca lu pianeta novu, chi fu chiamatu Cèriri, era lu primu corpu cilesti di na nova catigoria di corpi cilesti, assimilabbili a pianeti, ma cchiù nichi: l'astiroidi.",sicilian,Pianeta
"Inixialmente, el nucleo ga rexevuo el nome de Alix (cusita se ciamava na morosa de Stallman), parò pa dexision de el programador Michael Bushnell xe stà renominà Hurd.",venetian,GNU
"Ciutat de Mallorca, Moll, 1956.",neapolitan,Joan Fuster
A ła fin del XIX secoło 'sta rasa de gato ła xe 'rivà anca in Inghiltera  e inte el 1888 la xe stà esposta pa ła prima volta a Londra.,venetian,Gato siameze
"Intel 1992, el nucleo Linux xe stà conbinà col sistema GNU, e subito drio x esta meso rento on sistema operatío łibaro e conpretamente funsionałe.",venetian,GNU
El 5 de setember del 2011 l’è presentad in anteprima el videoclip del singol Mucchi di gente (Mucc de sgent) a Venezia in ocasion del Sony Ericsson Film Contest: se trata d’on video musical fad del regista Leandro Manuel Emede tut con on telefonin Xperia Arc.,lombard,Nathalie
Invecì a òvest la ven tirà visin l’aria frèccia in direzion di pòli geografegh.,lombard,Tajà foeura
Hal David Starlight Award: pi giovani artisti ca annu già fattu bona imprissioni ntô sitturi ra mùsica.,sicilian,Songwriters Hall of Fame
"Sedna (simmulo: ) è nu corpo cileste che gira torno torno ô sole, a na distanza 'e circa 11 miliardi di chilometri e che tene quasi 'e ccaratteristeche 'e nu chianeta.",neapolitan,Sedna
"Felippo, duca d'Orléans, reient' 'e Franza, guvernaje comme reiente nfin'a quanno Luigge arrivaje â maggiore aità dint'o 1723.",neapolitan,Luigge XV 'e Franza
Da qi vien el nome del paexe.,venetian,Gabon
"Li varitati maiurmenti cultivati sunnu la ""Biancolilla"", la ""Cerasuola"", la ""Giarraffa"" e la ""Nocellara del Belice""; di st'ùrtima s’arricava n’ogghiu curpusu ma ô stissu tempu, cumpunenti nnispinzàbbili dâ dieta miditirrània.",sicilian,Santa Margarita (Girgenti)
"KRACK (Key Reinstallation Attack) a l'è 'na vulnerabilità in del protocoll WPA, descoverta del 2016 in l'Università de Leuven del Mathy Vanhoef e Frank Piessens e nunziada in del pubblegh a ottober 2017 e che la permett de violà la crittografia de 'na red protegiuda cont WPA2.",lombard,KRACK
Le materie prime e la industria le ga parmeso la cresita de l'economia.,venetian,Gabon
"El se difarentha da le cornace e da'l corf frutarol (caratërìstego par el contorno de'l bec thentha punajo), sia par le dimension che par la forma de la coda che inte'l corf l'é fata a ronbo invethe che a ventajo.",venetian,Corvus corax
"Se po' parlà quinde, p'estenzione, 'e traspuorto ferruviario, sistema ferruviario o linia ferruviaria.",neapolitan,Ferruvia
"Le cure tardive si rivelano inutili, e dopo il funerale il suo promesso sposo scompare.",standard,Ragtime (romanzo)
"L’análese genéteche retrospettive de gl DNA fòssele fa penzà ca gl uómmene ave, pe sse mendagn, prime arrajetate le pepelaziune de crape salváteche accedènn gl predature, é puó l’ave allevate.",neapolitan,Zagros
"La ricerca onirica dello sconosciuto Kadath (The dream-quest of unknown Kadath, 1926-27) (ciclo di Randolph Carter) Il caso di Charles Dexter Ward (The case of Charles Dexter Ward, 1927) Il tumulo (The mound, 1929; ciclo dell'etnologo) Alle montagne della follia (At the mountains of madness, 1931) La maschera di Innsmouth o L'ombra su Innsmouth (The shadow over Innsmouth, 1931) L'ombra venuta dal tempo (The shadow out of time, 1934; su ""Astounding Stories"") La tomba (The Tomb, 1917) Un ricordo del dottor Samuel Johnson (A reminiscence of Dr.",standard,H.P. Lovecraft
Certi vìppiti isòtichi pìgghianu lu gustu isòticu distintivu attraversu n'addumata ntinziunali.,sicilian,Alcool
"El Ghana xe famoso par essar sta’ la prima nasion africana a averghe l’indipensensa, el 6 marso 1957.",venetian,Gana
Pioneer Award: istitutu natu ntô 2012 p'arrìcunusciri a carriera ri nu auturi storicu ca fu na granni nfluenza nnè ginirazzioni ri cantauturi.,sicilian,Songwriters Hall of Fame
Numeros artixan dei setor de pelliça e coram se stabilissen lí.,lombard,Kurów
"Tutti li tècnichi sunnu auturizzati, si pò curpiri n'òmu 'n terra.",sicilian,Puggilatu birmanu
"H. B. Warner / Henry Byron Warner / Harry Warner, su Internet Broadway Database, The Broadway League.",standard,H.B. Warner
"Interogaa, i sò informazion menen a di video che mosten che quell che l'ha organizzaa i robb a l'è proppi Castle.",lombard,Kate Beckett
"Il secondo album, intitolato ""Freedom Rock"", è uscito nel 2010 con la stessa etichetta discografica.",standard,H.E.A.T
& Thomson ex C.B.Clarke Tanacetum rupestre Popov ex Nevski Tanacetum sinaicum (Fresen.) Delile ex K.Bremer & Humphries Tanacetum sorbifolium (Boiss. ex Boiss.) Grierson Tanacetum tabrisianum (Boiss.) Sosn.,lombard,Tanacetum
"Per quessu, edda 'ntravagliada, sceppànnese li cavegli, penzò de gì a lagnarse 'n faccia a lu re; ma gne dessero certe persone ca gn'avria perdù li passi e le parole, perchè quedddu menava 'na vita accuscì meschina e senza fà bè a nisciuni, ca non divu ca eddu vulesse vennecà li guai de gd'ati, ma 'mmece assai affese ca gne fasciènu cò sbreugnadu scaàcciu se tenìa.",lombard,Gall-Italich de Basilicada
Duranta la II Guerra Mondial Kerč l'è staa vun di sitt di combattiment pussee tremend tra i Russ e i armad de l'Ass.,lombard,Kerč
"Dopo la mort del dragon, el Bilbo el cerca de portà la pas tra i Nan, i Omen e i Elf (che voeuren anca lor on tocch del tesor del Smaug).",lombard,Bilbo Baggins
"Attraverso consigli, incitamenti, e a volte riscritture complete di racconti, lo scrittore di Providence contribuì a formare personalità come Robert Bloch, August Derleth, Fritz Leiber, Frank Belknap Long, Henry Kuttner, Joseph Payne Brennan e Donald Wandrei.",standard,H.P. Lovecraft
"D'altra parte l'agricultura intensiva, la prexenta çerti problemi de sostenibilità e par sto motivo de ano in ano crese senpre pì l'exijensa de tecnoloxia de setor senpre pì atenta a le problemateghe anbientali.",venetian,Agricultura
"L'analista Kenneth W. Faig diffuse privatamente la sua edizione del taccuino con ripristinate tutte le voci originali, incluse quelle eliminate da Lovecraft con un segno della penna, e senza le interpretazioni di Barlow e Derleth.",standard,H.P. Lovecraft
"Ona còssa curiosa l'è che hin staa trovaa anca di caden che serviven per legà i Roman dòpo la vittòria, considerada di German quas inevitabil.",lombard,Battaja de Idistavis
Dall'8 marzo 2010 Impact! si sarebbe spostato definitivamente di lunedì sera per sfidare Raw.,standard,New Monday Night War
"Giuseppe De Gregorio, ( Napule, 1866 – Napule, 1933 ).",neapolitan,Giuseppe De Gregorio
Metternich al vegniva arestaa compagn na represaja par l’internament in Hungaria da düü member da l’ammbassada Francesa.,lombard,Klemens von Metternich
Morì il 6 settembre del 1997.,standard,H.W.L. Poonja
I ghranne normalment parene simile à quire ru iener Atyphella.,neapolitan,Cucce-mannèdde
"Parece nòve sora ła so vita łe xe presenti inte i scriti de Appiano di Alessandria, Svetonio, Plutarco, Cassio Dione Cocceiano e Strabone.",venetian,Gaio Giulio Cesare
Il costo totale dei lavori di ristrutturazione è stato di 40 milioni di euro.,standard,H'ART Amsterdam
"Tante parte de ła pianta, cofà scorsa, raize, foje e samese, łe contien base cuantità de sostanse da łe cuałe deriva cianuri, tòseghi, anca se par el modesto contegnuo de ste sostanse łe ze stae doparae inte ła tradision (soratuto łe foje) par darghe aroma ai licuori, par el so sapor gradévoło amaro.",venetian,Prunus persica
Il 1º settembre 1953 il dottor Scoville procedette nell'asportazione di parte di entrambi i lobi temporali del cervello del paziente.,standard,H.M.
Vìppiti alcòlichi cu nu cuntinutu d'itanolu cchiù àutu ponnu èssiri ncinniati sulu sulu cauriànnuli tanticcedda: pa isempiu mittinnuli nta nu biccheri buddenti.,sicilian,Alcool
"El zugador el esplora el establezimento misterioso, incontrando le mascote del axilo  che aparentemente le gà ciapà vita e sviluppà personalità proprie.",venetian,Garten of Banban
"'A nutizia che jenn chiù bbelle jenne che 'a RAI have trasmisso li campiunate europeje de pallone a 16:9, accumincianno d'o 2008 'nfino ogge, pure in Haveta Definizzione, e pe veré stì ccose s'aveva tenè o' diggitale terrestre.",neapolitan,16:9
Di conseguenza le aree rimosse furono ritenute responsabili della formazione di memorie semantiche e episodiche a lungo termine.,standard,H.M.
"Ol Talegg el ciapa ol nom de l'omonima vall, situada in dol volt bergamasch.",lombard,Talegg (formai)
"Il design è stato profondamente modificato, con una diminuzione dell'80% dello spessore sui bordi ottenuta grazie a una riprogettazione dello schermo, che garantisce il 75% dei riflessi in meno, e all'eliminazione del lettore ottico.",standard,IMac
El Hauteṅ (in sotho Gauteng IPA /xaʊˈtɛŋ/) el ze na provinsa de el Sudafrika nordoriental.,venetian,Gauteng
HTV-1 è stato posizionato ad un portello del Nodo Harmony.,standard,H-II Transfer Vehicle
"Gael García Bernal el parla coretamente spagnoło, itałian, fransexe e inglexe.",venetian,Gael García Bernal
"Verzo 'a fine d""o Cincuciente cierte cittadine 'e ll'abbetato 'e Ottajano se spustajeno valle vicino 'e n'incrocio assaje traffecato furmato d""a strada ca da Ottajano purtava a Sarno e d""a strada ca 'a Avellino-Nola purtava 'e puorte 'e Torre Annunziata e Castellammare.",neapolitan,San Giuseppe Vesuviano
"Anca la soa pistola a l'è fermada, ma riessen, anca cont ona sapienta irruzion de la polizia, a menàll via e a salvàj tucc.",lombard,Kate Beckett
"Se criajeno accussì duje nuclei d'abbetante, 'o quartiere ""de 'coppa"" e chello ""de bascio"", ca pe'tramente s'era spannuta pigliannose ll'antico casale 'e ""S.Anièllo a Cambrano"".",neapolitan,San Giorgio a Cremano
"Fernette pure 'a longa battaglia cu 'o Cattolicesimo cu 'o Concordato d’’o 1801 ratificato d’’o Papa Pio VII ca stabbilette 'o Cattolicesimo 'a religgìone cchiù 'mpurtante e professata d’’a Franza, ovvero religgìone 'e Stato.",neapolitan,Napoleone Bonaparte
"Un quatru dû Santu, opira di Antunellu di Missina (1430-1479) è na Cattidrali ô latu all’artaru dû Crucifissu.",sicilian,San Zosimu viscuvu
"Acerra se trova 'int' 'a ll'entroterra 'e Napule,  è 'o tierzo comune pe estenzione territoriale aropp'o capoluoco e Giugliano in Campania, cunfina cu 'a pruvincia 'e Caserta.",neapolitan,Acerra
4: 197 (1852) Asparagus polyphyllus Steven ex Ledeb.,venetian,Asparagus officinalis
"Inte'l 2018 el dirize el film corałe A casa tutti bene, co un cast che conprende, tra i altri, Stefano Accorsi, Pierfrancesco Favino, Stefania Sandrelli, Massimo Ghini e Claudia Gerini.",venetian,Gabriele Muccino
Li culoni mannàvanu spurtivi di tutti li sport a li jòchira chi èranu a Olimpia e Delfi ntâ Grecia.,sicilian,Magna Grecia
"Le costellazion pensade dai astrolog antig (tœte, miga noma qelle del zodiac) i enn stade definide con precision ind el 1930 da la Union Astronomega Internazionala, de manera qe ogni pont de la volta celest al fasse part de una (e noma una) costellazion.",lombard,Zodiac
"I so predi vannu dî pisci nzinu ê tapiri, cumprinnennu circa 85 speci di predi ca ponnu èssiri manciati di stu Felidae.",sicilian,Panthera onca
"Anteriormente era installato il motore, il cecoslovacco Walter Sagitta dodici cilindri a V invertita, sul quale era callettata un'elica bipala.",standard,VEF I-16
"El Kalevipoeg l'è on poema epegh in lengua estona, faa su in del XIX secol del scrittor Friedrich Reinhold Kreutzwald (e, prima de lu, del Friedrich Robert Fählmann), e publicaa in tra el 1857 e 'l 1861.",lombard,Kalevipoeg
"Influenzeranno diversi altri gruppi di questo genere musicale, tra tutti i Camel e i Mirage.",standard,Scena di Canterbury
"Vascular plants of the intermountain west, U.S.A. 5: 1–496.",lombard,Tanacetum balsamita
"El persegaro ła ze na àlbara orizenària de ła Cina, andove el ze stà considarà el sìnboło de ła imortałità, e che i so fiori i ze stai sełebrai da poeti, pituri, cantanti e diretori sinematogràfeghi.",venetian,Prunus persica
Alcune sue opere che raffiguravano la città di Amburgo apparvero in un numero speciale della rivista Das Plakat.,standard,H. A. Rey
"Łe foje łe ze lanseołae co ła ponta, alterne, i fiuri ermafrodii i ze portai inte na zona apegałe so łe rame pì zóvani, ma no inte i buti.",venetian,Prunus persica
"Questi dichiarò poi che la TNA non aveva l'obiettivo di sconfiggere la WWE in termini di ascolti, ma quello di guadagnare una significativa fetta di pubblico, aumentando così il numero di fan della TNA.",standard,New Monday Night War
"Fu constatato inoltre dagli stessi che ""le memorie precoci sembrano apparire normali, non ci furono alterazioni della personalità o deficit intellettivi generali"".",standard,H.M.
"L'è 'na detective, poeu promovuda capitana, de la squadra omicidi de la Polizia de New York e, da granda lettriss di sò romanz, la se troeuva a collaborà cont el Richard Castle dopo avè vist on omicidi compagn de vun d'on sò romanz.",lombard,Kate Beckett
"Al di d'incoeu, el govern taiwanes el reclama no effettivament el territori costituzionalment assegnaa.",lombard,Taiwan
"Nel giro di qualche giorno venivano avviate le procedure di rendezvous, che consistevano nell'avvicinamento alla Stazione spaziale internazionale con una serie di fasi tra punti di controllo e verifica in cui l'HTV veniva fatto fermare.",standard,H-II Transfer Vehicle
E' un dialettu di tipu sicilianu (famigghia linguìstica di l'Italurumanzu miridiunali estremu).,sicilian,Dialettu cilintanu miridiunali
Sodo (1995) Euroflesh 10: Rome After Dark (1995) Marco Polo: La storia mai raccontata (1995) COD Indigenas Anal Fever Night (2007) Bustin' Out My Best!,sicilian,Roccu Siffredi
"N'ato abbastanza ausato è chillo largo russo'’’e 1.524 mm o chilli ridotti 'e 1.067 mm (chiammato sudafricano), 1.000 mm (metreco), 1.676 (indiano), 1.668 (spagnuolo) e via via ati ancora.",neapolitan,Ferruvia
Porta IrDA e slot mezzanine rimosso.,standard,IMac
Questo ha portato a revisionare il ruolo del lobo temporale mediale rispetto ai processi di memoria.,standard,H.M.
"Bernabéu l’è nassüü a Almansa,  el s'è trasferiì a Madrid quand che l'era piscinen.",lombard,Santiago Bernabeu
La città poeu l'è cressuda e l'è vegnuda bella importanta: on bell poo de nobil hann faa sù i sò vill a Klagenfurt.,lombard,Klagenfurt am Wörthersee
Indriìoman el ga fato parte de alguni video muzegałi.,venetian,Gary Coleman
"San Giorgio a Cremano è nu comune 'e 47.244 crestiane d""a pruvincia 'e Napule.",neapolitan,San Giorgio a Cremano
"Quando scendi par l’ascensore e cadi insieme a Jumbo Josh, compare ła schermada final (Garten de Banban 2).",venetian,Garten of Banban
"La soa intenzion l'è quella de tornà a vedè, ancamò 'na voeulta, i montagn del sò viagg coi nan.",lombard,Bilbo Baggins
"Łe ge ze industrie kimege, sementifisi, industrie ełetrege, tesiłi, ałimentari, de el tabako, vererie, stanperie e industrie konsiarie.",venetian,Gauteng
"Il numero esatto dei feriti soccorsi ad Hacksaw Ridge non è certo, sarebbero 100 secondo l'esercito americano e 50 secondo lo stesso Desmond Doss, si è quindi deciso di fare la media per una stima di 75 feriti.",standard,Desmond Doss
"Te tiro na strejà, co i putini i da conbatare se dize sta frase.",venetian,Galzignan Terme
Sunnu chiossai di 400.000 l'iscritti e vèninu di 193 paisi di lu munnu.,sicilian,Austu 2005
"El sacramento, inte ła tradision e fede cristiana, el ze un rito, istituio da Cristo, che el spande ła gràsia de Dio.",venetian,Cristianèzemo
A sett’anni lu purtaru nò stessu Monasteriu e l’Abati ci dissi di custudiri lu Sapurcu di Santa Lucia.,sicilian,San Zosimu viscuvu
"'O 9 'e màrzo d’’o 1796 Napuliòne spusaje Giuseppina Tascher de la Pagerie, già mogliera 'e 'n'ufficiale ca fuje ghigliuttenato adoppo 'a rivuluzzione.",neapolitan,Napoleone Bonaparte
"Lu cilintanu miridiunali (nomu lucali: ""cilindanu"") veni parlatu nta arcuni zoni dâ parti miridiunali dû Cilentu: lu Vasciu Cilentu.",sicilian,Dialettu cilintanu miridiunali
Ste inovasion le xe vegneste da suito studiae da esperti eoropei e americani.,venetian,Agricultura
"Inte i ani setanta vien fondà ła sede par i ufisi comersiałi e marketing de Agrate Brianza, vien anca creada da Franco Giandonati, storego manager miłaneze cołaborador de Mario Galbusera, ła rede distributiva che porta i biscoti Galbusera fora da ła Valtellina.",venetian,Galbusera
Al DNA inativo del cromosoma X al ze presente sot forma de eterocromatina.,venetian,Sesso
"Quand che lee la va a resentàss lu el ved on sò messagg, che 'l fa insospettì in sul motiv de la separazion temporanea, e l'ha anca de facc danegiaa l'obietiv de la Beckett de fàgh savè no 'sta roba, cont la pagura che 'l moeur.",lombard,Kate Beckett
"PDS, un partii pulitegh tudesch, che de'l 2007 'l se ciama Die Linke.",lombard,Katja Kipping
"Henry Gustav Molaison, conosciuto anche come H.M. o Henry M. (Brooklyn, 26 febbraio 1926 – Hartford, 2 dicembre 2008), è stato un paziente affetto da gravi disturbi mnestici.",standard,H.M.
"La Ceza catòłega ła reconose sete sacramenti: batèzemo, penitensa o confesion, eucaristia o comunion, confermasion o crézema, órdene sacro, maridauro, unsion dei infermi.",venetian,Cristianèzemo
Si spense presso l'ospedale di Duncan il 1º dicembre 1988.,standard,Joseph Fall
"Nassud in tra el secol XV e XVI, per volé de la Familia Piola (De Piolis), che la gh'haveva el so Palazzi lì vesin.",lombard,Medija
'Int' 'e setture artiggianale: produzzione 'e arragame tipice e fierro abbattuto.,neapolitan,Baucina
"N'altra canson famoza ła ze Yuppies, satira so stereotipo ani 80 mentre Fiorella Mannoia ła  partesipa a ła canson Quartiere.",venetian,Luca Barbarossa
La battagghia di Gela appi locu lu 405 a.,sicilian,Battagghia di Gela (405 a.C.)
"Lo stesso anno, dopo aver sofferto per un lungo periodo di isteria e depressione, la madre di Lovecraft venne ricoverata al Butler Hospital, lo stesso ospedale dove il marito era morto qualche anno prima.",standard,H.P. Lovecraft
Sta àutu tra li 0 metri e li 106 metri.,sicilian,Lizzanu
"Le case le xe moderne e no se cata baracopoli, caso unico in Africa.",venetian,Gaborone
"Un'altra versione vuole diagnosticato il tumore a Lovecraft nel 1936, con lo scrittore che non informò gli amici e la zia della sua malattia per non amareggiarli; negli ultimi mesi tenne un diario di taglio scientifico (Diario di Morte) sulla propria salute per informare i medici delle sue condizioni.",standard,H.P. Lovecraft
"La citaa medema l'è staita fondada int el secol 19, un period ind el qual l'area l'era sota el domini Prussian, e Katowice l'ha gagnad ol status de citaa int el 1865.",lombard,Katowice
Novi tècnichi tradizziunali cumpòninu la pràtica di lu puggilatu birmanu.,sicilian,Puggilatu birmanu
"El dì dòpo, i soldaa roman eren impazient de combatt e donca hinn staa condòtt in de la pianura de Idistavis,che la se troeuva tra 'l Visurgi e di montisej.",lombard,Battaja de Idistavis
"Se pol fare anca rixi e spàraxi, supe, fortaje coi spàraxi o dopararli come verdura cota rente a pese o carne.",venetian,Asparagus officinalis
"Co se pol distinguer al genere de un individuo anca sensa vardarghe i carateri principai, se parla de dimorfismo sessual.",venetian,Sesso
"Inte el paleolitego, i omani i magnava co chelo che la tera ghe dava e caçando le bestie.",venetian,Agricultura
La prima edizione fu approvata nel Luglio del 1995 e pubblicata dall'ITU-T e dall'ISO/IEC nel 1996.,standard,H.262
"'E pizze addò se parla a siconno 'e sta crassifecazzione songo: Certi pizze int""e Marche e pure int'a ll'est-Umbria Ce sta p'esempio na nota piccerilla 'e crassefecazzione ncopp'a ll'Ethnologue, c""a chiamma Napulitano-Calavrese, e ca pigliasse comme na llengua unica tutto chello ca se parla int'â Campania, Calavria citra e parte 'e Baselecata, senza annummenà l'ati regione ca restano senza definizione (oppure cummigliate 'e ll'Italiano).",neapolitan,Spartenza dialettale d''e varietà lenguistiche tipo napulitano
"Come gas el g'ha gnè culùr, gnè udùr, gnè saùr.",lombard,Osìgeno
"Inte ła vesiłołozia convensionałe, na bandiera bianca ła ze ligada a ła rendesta, refarimento a ła descrision bìblega de ła no-viołensa de Jezù e a ła so rendesta a ła vołontà de Dio.",venetian,Cristianèzemo
Dopo la partecipazzion a Sanrem la cantanta l’è stata ciapada cont el tor de reclam Vivo sospesa... in tour.,lombard,Nathalie
"Si sarvaru 57 pirsuni, ntra di iddi tri taliani ca avìanu pigghiatu st'ariupranu; pari ca ntra li morti c'è puru un passaggeru talianu.",sicilian,Austu 2005
"Rimel; Finché tutti i mari... (Till A' the Seas..., 1935) - con Robert Hayward Barlow; Universi in sfacelo (Collapsing cosmoses, 1935) - con Robert Hayward Barlow; L'orrore di Salem (The Salem horror, 1937) - a firma di Henry Kuttner.",standard,H.P. Lovecraft
"In antropologia e in altre siense sociai, la parola la ol dir anca al insieme de le atività sessuai o de la sesuałità.",venetian,Sesso
"«Mama granda, ma che boca larga che te gh’heet!» la remarca lee.",lombard,La piscinina Capin ross
"I studios pensen che sien vegnuu de ona zòna tra Piemont e Liguria, probabilment de la Provincia de Savòna.",lombard,Gall-Italich de Basilicada
Autri aggenti di l'H1N1 sunu indemichi nta li puorci (infruenza suina) e 'nta l'aucieddi (infruenza aviaria).,sicilian,Nfluenza A suttatipu H1N1
"El xe nato a Guadalajara, Jalisco, e el xe sta protagonista de boni film mesegani tra cui Amores perros (2000), Y tu mamá también (2001) e El crimen del Padre Amaro (2002).",venetian,Gael García Bernal
"Santu Nicola vescuvu, Santa Teresa e Santu Gerardu Maiella.",sicilian,Nove te Galatina
Inte el I secoło el persegaro el ze rivà a Roma.,venetian,Prunus persica
"El kawaii l’è incoeu consideraa, anca de studi sociologegh, coma part integrant de la cultura popolara giapponesa: segond el Sōichi Masubuchi, l’estetega del kawaii l’è devegnuda pussee importanta e l’ha sostituii l’estetega “classega” del Giappon, fondada pussee in sul bell e raffinaa.",lombard,Kawaii
"A l'època partesipava solché 6 Stati, col nome de G6.",venetian,G7
"El ga na ekonomia desviłupada ke ła kontribuise a el 34% del PIL del Sudafrika, e a el 10% de PIL de tuto el kontinente.",venetian,Gauteng
"La fa l'esamm per deventà capitan de la Polizia, e l'è convocada pocch dopo del Comand General, che 'l ghe sbatt in fascia tucc i sò error, i sò violazion de la legg e 'l rapport cont el Castle, e che per lor la gh'avaria nanca de vess detective.",lombard,Kate Beckett
Ła viła ła xe conosua pal notevole cicło de afrischi de Giambattista Tiepolo (che ga dipinto ła viła inte el periodo del so maximo spłendor artistego) e del fiolo Giandomenico.,venetian,"Viła Valmarana ""Ai Nani"""
"14:1, 39-42 Giraffa G., Starter per formaggi freschi e molli: i batteri lattici termofili.",lombard,Talegg (formai)
El grupo de svilupo de l'Africa meridionale (Southern African Development Community – SADC) el ga i so ufici a Gaborone.,venetian,Gaborone
"A la fin de la terza stagion la Beckett la descovriss che 'l sò capo, Roy Montgomery, l'era coinvolt in del cas che l'ha portaa a l'omicidi de la sò mamma.",lombard,Kate Beckett
El xe stà uno dei pi grandi contribudori a la promosion in Serie B intel 2021 de la sosietà biancoscudata.,venetian,Andrea Cano
"Curcio, 1990; alla voce Barbarossa Luca, di Stefano Mannucci, pag.",venetian,Luca Barbarossa
"In del 2010 la deventa la procuradora general de la California, e inscì ancamò in del 2014.",lombard,Kamala Harris
"Il gruppo è apparso in numerose compilation, acquisendo un po' più di fama negli Stati Uniti dopo che la loro canzone ""Oh Hell Yeah"" è entrata a far parte della compilation WWF The Music, Vol. 4 per la World Wrestling Federation, ora World Wrestling Entertainment, e in un DVD del wrestler Steve Austin.",standard,H-Blockx
Giorgio a Cremano 'int'e prucissione d' 'a primma e siconna dummeneca 'e maggio venettero purtate statue 'e sante prelevate d' 'a parrocchia e d'ê case dd'â ggente.,neapolitan,San Giorgio a Cremano
"John Deacon e Roger Taylor pòrtanu stivali di funtana 'n plàstica (assai visìbbili nnô vidiu di We Will Rock You), mentri Brian May, nun usa la so Red Special, ma na rèplica dâ so chitarra, custruita pi iddu dû lituaiu John Birch.",sicilian,Spread Your Wings
"Addiventau pupulari a pàrtiri di lu XI sèculu sutta li Re Anawratha, cu cummattimenti ntirètnici senza nuddi règuli e di na viulenza senza misura cumuni.",sicilian,Puggilatu birmanu
"Elvira Casazza, su Discogs, Zink Media.",standard,Elvira Casazza
"I vettori all'epoca disponibili, se potenziati, avrebbero potuto portare solo 4500 kg in orbita bassa.",standard,H-1 (motore a razzo)
"L'è staita prima governada de la dinastia Polonesa dei Piaast fin a l'estinzion, per pœ passar int i domini dei Asburg.",lombard,Katowice
"Angoła – José Eduardo dos Santos, presidente.",venetian,G8 del 2009
Quand che la riva la Capa Gates i invita a basàss e la ammett de savè tuscoss in sul sò amor.,lombard,Kate Beckett
La maggior parte degli studenti della H.I.V.E. divennero membri della Confraternita del Male e finirono congelati da Más y Menos.,standard,H.I.V.E.
"Napuliòne Bonaparte nascette a Ajaccio, 'int'a Corseca, 'nu poco adoppo ca se facette 'o Trattato 'e Versailles d’’o 1768 addò 'a Repubblica 'e Genova lassaje mano libbera â Franza ch'accussì venette 'ncurpata ô regno d’’o rre Luigge XV.",neapolitan,Napoleone Bonaparte
"H.H.Scullard, Storia del mondo romano, Milano 1992.",lombard,Battaja de Idistavis
"Dionisiu purtau l'èsercitu e i citatini a Kamarina, unni urdinau a la pupulazzioni d'abbannunnari la citati.",sicilian,Battagghia di Gela (405 a.C.)
"La recev del Castle, in teoria in conferenza cont el Stephen King, on messagg de vegnì a on'adressa, ma a l'è ona trappola e lee a l'è indormetada e mettuda in d'ona class de scoeula cont ona telecamera.",lombard,Kate Beckett
In del 1943 l’è diventaà president del Real Madrid e l’ha mantegnüü la carica fin a quand l’è mort 2 de Giügn del 1978.,lombard,Santiago Bernabeu
HMS Pinafore (Original Cast Recording) [New Sadler's Wells Opera] - 1999 JAY.,standard,H.M.S. Pinafore
"Nunustanti la risistenza di Gela, i cartagginisi rinisceru a purtari i  muntuni contru li mura uccidintali e a d'aprìri brecci.",sicilian,Battagghia di Gela (405 a.C.)
"2) 1996 - Sotto lo stesso cielo (Sony Music) 1999 - Musica e parole (Sony Music, 5099749507425) 2003 - Fortuna (Sony Music) 2008 - Via delle storie infinite (Universo US236) 2001 - Viaggio di ritorno (Sony Music) 2011 - Barbarossa Social Club (Margutta 86) 1993 - Vivo (Columbia, 473719",venetian,Luca Barbarossa
"L'ursu pulari campa loncu li costi e dû Circulu Àrticu e dâ sò calotta, 'n particulari ntô Canadà, l'Alaska, la Groenlandia, la Nurveggia (Isuli Svalbard) e la Russia.",sicilian,Ursu pulari
Reazion contra chesta vista la tröva espression int al lavurà da Heinrich Ritter von Srbik.,lombard,Klemens von Metternich
La scena si svolge a bordo della nave da guerra inglese H.M.S.,standard,H.M.S. Pinafore
La sira prima de l'operazion de polizia troeuven 'na macchina brusada cont on corp.,lombard,Kate Beckett
"Al era assent a la cunferenza da pas in Altenburg, quand ca l’imperadur al signava ul Trataa da Schönbrunn, malgraa al füdess stai numinaa Außenminister ul 8 Otobru.",lombard,Klemens von Metternich
"Fu sulu câ Sècunna cruciata (1135), causata dâ caduta d’ Edissa, ca lu fini bèllicu divinni splicitu.",sicilian,Cruciati
"Gabonhls-dhs-dss.ch, Disionàrio stòrego de ła Svìsara.",venetian,Gabon
"Quand che la perita, ex ladra d'art anca lee, la vegn sospettada, el Castle el gh'ha de distràlla per permett a la Beckett de pequisì la sò camera, e quand che lee la voeur andàgh con lu per fàj sortì la basa innanz a lee, che inveci de scappà el ghe vosa dré.",lombard,Kate Beckett
"The Rise of the Terran Federation  (2017), raccolta di racconti, romanzi brevi e saggi, di Piper e autori vari, a cura di John F. Carr.",standard,H. Beam Piper
"Murette a Ravenna lo 13 settembre de lo 1321, avenno da poco fenuto la Divina Commedia.",neapolitan,Dante Alighieri
"A la fin del Medioevo el mes’ciar-s tra la cultura del mond islameg e qella antiga ocidentala, al g’ha fait fiorir anc’mò l'astrolojia, e ‘l repertore de le imajen zodiacai al g’ha recuperad complessitaa e finezza, e i g’han tacad a doprar-l miga noma su le costruzion relijose ma anca per la decorazion dei palaz civii, publeg e privads.",lombard,Zodiac
"Il personaggio venne inizialmente introdotto nella serie televisiva a cartoni animati I Fantastici Quattro (1978) allo scopo di supplire all'assenza della Torcia Umana, e fu poco dopo inserito all'interno della continuity fumettistica dell'Universo Marvel.",standard,H.E.R.B.I.E.
Lu chianu prividìa n'attaccu c'avìa a siguiri na vilucitati pricisa nni l'upirazzioni.,sicilian,Battagghia di Gela (405 a.C.)
"Annibali Maguni avìa purtatu cu iddu n'èsercitu di 60.000 òmini tra Cartaggini, Africa, Pinìsula ibbèrica e Italia, cu 120 tririmi.",sicilian,Battagghia di Gela (405 a.C.)
"Ruggeru II, vinni numinatu re di Sicilia nnâ cattidrali di Palermu duranti la notti di Natali dû 1130.",sicilian,Nurmanni
"Giorgio a Cremano, Centro studì G.",neapolitan,San Giorgio a Cremano
Tra le altre band della stessa epoca vanno citati gli Henry Cow di Fred Frith e gli Hatfield and the North di Richard Sinclair.,standard,Scena di Canterbury
"Rispetto alla versione precedente i prezzi sono leggermente aumentati: per il modello entry level da 21,5"" sono richiesti 1.199 €, mentre per il modello base da 27"" 1.699 €.",standard,IMac
"'E nummarose eruzziòne d' 'o Vesuvio, ca venettero una aropp'a n'ata a partì â chella d' 'o 79 e tuttavota primma, facettero addivintà 'o territorio 'e San Giorgio a Cremàno e d' 'e comune avvicine sustanzialmente disabbetato 'nfino a ll'inizio d' 'o sec. X.",neapolitan,San Giorgio a Cremano
Nta tali ària attruvau l'ambienti pedològgicu vucazziunali pi ccillenza pi sviluppàrisi e prudùciri.,sicilian,Santa Margarita (Girgenti)
"L’analisi di cromosòma la suggerìss che  l’Eufortunella del Swingle l’è ùnega specie vèra, inscambi  a s’è desquattàa i alter speci giontàa del Tanaka  a hinn di ibrid de la Fortunella con di alter Citrus, e donca vegnen ciamàa Citrofortunella.",lombard,Kumquàt
"Il fascismo: interpretazioni e giudizi, Volpe, Roma 1976; seconda edizione, Pellicani, Roma 1997; terza edizione, LoGisma, 2016.",standard,A. James Gregor
La rivista statunitense Rolling Stone nota che la sua voce sia «ricca e vellutata» associata a «brani che sembrano scritti su un diario».,standard,H.E.R.
"Ll'epesoddio è allicurdato pure 'a Niccolò Machiavelli ne 'e Discorse ncopp'â primma deca 'e Tito Livio: ""Era, comme llà ncoppa si è ditto, 'o Cunsulo e 'o esercito rummano asseggiato d’’e Sannite: 'e quale anno posto ê Rummane cundizione gnuminiosissime (comme era volerle mettere sotto 'o jugo, e sarmate rimannarle a Romma), e pe chisto stanno 'e Cunsule comme maravigliate, e tutto 'o esercito scunfertato."" 'E sannite, subbeto doppo 'a vittoria, nzurfano 'e ate ppopulazione taliche d’’o Centro e d’’o Sud Italia (Etrusche 'n primis) contro 'e Rummane, danno vita â Terza Uerra Sanniteca (298 a.",neapolitan,Beneviento
"Del dezember 2004 finn a l'avril 2008 la Katja Kipping l'è stada spokesperson del Netzwerk Grundeinkommen (Red per la paga minema), pö però l'ha desmetüü de fà chel mestee li inscí de crüzziass de la revista Prager Frühling.",lombard,Katja Kipping
"El ven coltivàa soratùtt ‘me ‘na pianta ornamentàl, ancabén la cressa spontani in del sud de la Cina.",lombard,Kumquàt
Determinato a servire la nazione entrò alla Montreal School of Flying che in realtà non funzionò mai.,standard,Joseph Fall
"Anche i Basidiomiceti sono sporigeni, ma in minor numero rispetto agli Ascomiceti; I primi a scoprire il lievito di birra furono gli antichi Egizi verso il 1500 a.",standard,Lievito
"Il 2 novembre 2018 viene pubblicato il secondo EP, I Used to Know Her: Part 2, promosso dal singolo Hard Place.",standard,H.E.R.
"Lu Melbourne Victory havi vinciutu puru la ""premiership"""" pâ staciuni 2006-07, finennu comu la capulista â fini dâ staciuni.",sicilian,Melbourne Victory
"La forza cummattiva di Imircuni era novamenti curpita di la pistilenza c'avìa cuntrattu duranti assèdiu di Girgenti, pi la dibulizza dî sò forzi prifirìu la paci.",sicilian,Battagghia di Gela (405 a.C.)
Avellino è nu cumune italiano 'e 57.068 abitante.,neapolitan,Avellino
Tutti i decodificatori conformi agli standard dell'MPEG-2 Video sono perfettamente capaci di riprodurre gli stream MPEG-1 Video.,standard,H.262
"Tanti vvote succede ca 'e lamantine s'agghiotteno  'o matiriale 'e pesca (ganci, pise, etc.) mentre stanno a mangià.",neapolitan,Lamantino
I territòri invaduu hinn minga tornaa a l'Imperi Roman.,lombard,Battaja de Idistavis
"Hogan (1939) La storia di Edith Cavell (Nurse Edith Cavell), regia di Herbert Wilcox (1939) La grande pioggia (The Rains Came), regia di Clarence Brown (1939) Mr.",standard,H.B. Warner
"La circunfirenza di nu cìrculu pò ssiri calculata di lu sò diàmitru usannu la fòrmula: O, sustituennu lu diàmmitru a lu raiu: {\displaystyle c=2\pi \cdot {r}=\pi \cdot {2r},\,\!",sicilian,Circunfirenza
"'A ferruvia è na struttura 'e traspuorto terrestre, composta da una o cchiù (genericamente doje) sbarre e metallo (quasi sempe acciaro inox) chiammate binari, adatte p'a circulazzione d'e trieni.",neapolitan,Ferruvia
El tren el colega el paexe co el Sudafrica.,venetian,Gaborone
Le dimension de ła bandiera no łe ze stae ufisalmente spesifegae.,venetian,Cristianèzemo
"Questo fenomeno della scomparsa della pronuncia della H /h/, insieme ad altri mutamenti del latino volgare, venne combattuta dai grammatici e linguisti romani, che però con la caduta dell'Impero Romano questa pratica scomparve.",standard,H
"I fiùr i è pesègn e de culùr zalt, reünìcc en capulì (de 5 o 6 milìmetri) e chèsti reünìcc endena 'nfiurescènsa a curìmp.",lombard,Tanacetum balsamita
"Mpurtanti suni a chisa di Maria Santissima da Nevi, detta anche ""a matrici"", a basilica da Madonna dû Mazzaru, a chisa du Signuri di maju, a chisa di San Duminicu, a chisa di Santa Maria di Gisù, a 'Mmaculata concezioni e u cummentu di li frati francescani.",sicilian,Mazzarinu
"""Hi ha més catalans encara"", fascicle de Dolça Catalunya.",neapolitan,Joan Fuster
Taiwan (nom ufizial: 中華民國 = Republega de Cina) a l'è ona republega.,lombard,Taiwan
"in J.J.Roemer & J.A.Schultes, Syst.",venetian,Asparagus officinalis
"Li picciriḋḋi ristunu câ matri pi circa dui anni, duranti li quali 'mparanu li tecnichi di supravvivenza.",sicilian,Ursu pulari
"De facto, tucc i olter governi i gh'han di relazion con Taiwan.",lombard,Taiwan
Restò sempre accanto alla moglie dopo la guerra fino alla morte di lei per un tumore al seno.,standard,Desmond Doss
"Grasie a'l suceso otenjùo par el fato de eser conosùo da tuti da ła serie inte'l 1982 el ze el protagonista de'l desenjo anemà The Gary Coleman Show (che'l se ga bazà so'l film L'angioletto senza ali), interpretà da'l steso Coleman.",venetian,Gary Coleman
"Quand che a la fin de l'indagin el Castle el ghe insubiss de fàgh on massagg lee, dopo che 'l miliardi el gh'ha faa pensà, el ghe domanda indova hinn dré ad andà, e lu el ghe respond ""in la stanza de lecc"".",lombard,Kate Beckett
"Nel 2023 debutta come attrice nel riadattamento diretto da Blitz Bazawule de Il colore viola, interpretando il ruolo di Squeak.",standard,H.E.R.
"I fogghi dâ zabbara su' bastanti granni, tutti puntuti, e crìscinu quasi dâ basa dâ chianta.",sicilian,Agave
"Vèrzo 'a fine d' 'o 1600,'o parroco Carlo Borrelli riuscette a se piglià â Romma , cu' granne insistenza d' 'e sangiorgese, 'a cuncessiòne ppe' sett'anne, rinnovabbele, 'e ll'indulgenza plenaria (forma 'e perdono d' 'e peccate) a chi visitasse 'a chiesà 'e S.",neapolitan,San Giorgio a Cremano
"La accetta poeu el lavorà a nivell federal e la va a viv a Washington DC, capital de la Federazion.",lombard,Kate Beckett
"Saturno, nascuso adint’â fessa dâ mamma, tagliaje ’o cazzo dô pate e lo jettaje int’ô mmare.",neapolitan,Saturno (dio)
"Vist che la parla russ, a l'è ciamada per fà ona mission indova la gh'ha de fà finta de vess ona spacciatora russa, ma la descovriss che in realtà a l'è ona sicaria, e la proeuva a inzigàss in l'organizzazion.",lombard,Kate Beckett
L'è anca la capital de la omonima provinça Gmina qe la se trœva ind el territori de la Rejon Lublin e la g'ha 2.811 abitants (ajornad a'l 2005).,lombard,Kurów
Chesto è duvuto d' 'a tendenza d' 'a lengua napulitana a trasfurmà 'a 'g' palatale in 'ie' (genero in iennero).,neapolitan,San Giorgio a Cremano
"Il duello] Il barbiere di Siviglia, ovvero La precauzione inutile (26.9.1782 St.",neapolitan,Giovanni Paisiello
"In del cors de la terza serada de la kermess, dedicada al 150º anniversari de l'Unità d'Italia, ha interpretad Il mio canto libero (El mè cantà liber) del Lucio Battisti (cover metuda dent in la compilescion celebrativa Nata per unire (Nassuda per trà insema), inveci in la quarta serada, concentrada sora i duet, l’è andada in sul palch con L'Aura.",lombard,Nathalie
"Lu Regnu nurmannu di Sicilia nta l'Italia miridiunali appi tèrmini ntô 1194 cu morti di Tancredi di Lecci) doppu cui vinni sutta lu cuntrollu dû svevu, Arricu VI di Hohenstaufen (mortu ntô 1197), a causa dû sò matrimoniu cu Custanza di Sicilia (la figghia di Ruggeru II, morta ntô 1198), juncennu la curuna mpiriali cu chidda dâ Sicilia.",sicilian,Nurmanni
"In sto programa ła cui anbientasion xe un locałe imaxenario indove se ciacòła, se xoga e se fa muxica, Barbarossa xe in conpagnìa de Virginia Raffaele ed Andrea Perroni.",venetian,Luca Barbarossa
Nel 1981 Orr è stata nominata Tesoriere dello Stato del Nebraska in seguito alle dimissioni a medio termine di Frank Marsh.,standard,Kay Orr
"El g'ha scriìt el ""Specimen Zoologiae Geographicae Quadrupedum""",lombard,Eberhard August Wilhelm von Zimmermann
"Suo štrétt (1,5–3 mm), lòngh 12–20 cm, ndaccate a luongh a luongh fin'a la ponda.",neapolitan,Uva e sèrpa
Marin (1936) È arrivata la felicità (Mr.,standard,H.B. Warner
"– Maguey primavera Agave sisalana Perrine – Maguey de Sisal, Sisal, Agave tequilana A. Weber – Mezcal azul tequilero, Tequila Agave, Agave toumeyana Trel.",sicilian,Agave
Ła query string ła xe na stringa de carateri che consente de pasar al server uno o pì parametri.,venetian,URL
Hans costruì due biciclette e lasciarono la città poche ore prima che cadesse in mano dei nemici.,standard,H. A. Rey
Gela e Kamarina nun putìanu riparari li mura da citati.,sicilian,Battagghia di Gela (405 a.C.)
"'mperativo negativo: comme p'ê llengue ibbereche rommanze, se forma ausanno a ""no"" cchiù 'o cunguntivo.",neapolitan,Lengua sarda
"El tentativ del Cariovald de sfondà i linei nemis per tornà vers i Roman l'è staa inutil: l'istess Cariovald l'è mòrt, insemma a on mugg de nòbil del sò pòpol.",lombard,Battaja de Idistavis
"Parte di questo successo è dovuto a MTV e alle loro ripetute messe in onda dei video ""Risin' High"" e ""Move"".",standard,H-Blockx
"Trascorse la sua gioventù in una relazione intima con Krishna, che considerava suo amico, giocava con le visioni di questo e si sentì benedetto nell'unione spirituale.",standard,H.W.L. Poonja
"Come il collega destinato al governo della provincia egiziana, anche il prefetto di Mesopotamia aveva un imperium militiae  delegato dall'imperatore, a cui solo rendeva conto.",standard,Praefectus Mesopotamiae
Fu ulteriormente migliorato nei progetti conosciuti come H.263v2 (conosciuto anche come H.263+ o H.263 1998) e H.263v3 (conosciuto anche come H.263++ o H.263 2000).,standard,H.263
"Intanto l'avventura Wilde Flowers nel 1968 volgeva al termine, e quattro dei suoi componenti lasciano la band per formare i Caravan, un gruppo che inaugura il troncone del rock melodico della scena di Canterbury, pur non disdegnando le contaminazioni della psichedelia e della fusion.",standard,Scena di Canterbury
"La tirata dâ corda (o tug of war ntâ lingua ngrisa), è nu sport (o nu jocu) chi si tratta di dui squatri chi si cunfrùntanu comu na mustra di forza.",sicilian,Tirata dâ corda
"Saturno (grieco antico Κρόνος, latino Saturnus) è nu dio int’â mitologgia rummana.",neapolitan,Saturno (dio)
"Le stelle de la fassa zodiacal i eren utilizade dai astronom mesopotameg tant’me dei riferiments per rejistrar la posizion del sol, de la luna e dei pianets.",lombard,Zodiac
"Doctorow dichiarò in alcune interviste di considerare von Kleist uno dei suoi maestri letterari, e di aver ricalcato il suo racconto su quello dell'autore teutonico come forma di omaggio.",standard,Ragtime (romanzo)
"Santiago Bernabèu de Yeste (Almansa, 8 de giugn 1895 – Madrid, 2 de giugn 1978) l’è staà un atacant del Real Madrid e vün di person pussee important del club, diventand anca el so resgiô.",lombard,Santiago Bernabeu
'O 10 'e majo 1796 distrugge l'urdema defesa austriaca 'ndâ battaglia 'o Ponte 'e Lodi e 'o 15 'e Majo d’’a stess'annata trase a Milano.,neapolitan,Napoleone Bonaparte
"Dionisiu dicisi di lassari la citati, e dumannau n'armistizziu pâ sipurtura dî morti.",sicilian,Battagghia di Gela (405 a.C.)
"A la fin, quand che la perita la va via la Beckett ghe dis che 'l Castle l'ha semper creduu in la soa innocenza, ma lee la bandona el Castle e 'l ghe dis che lee la roba no i ròbb di alter, in riferiment a la sò attività de ladra, pussee etica in del robà di oeuver sequestraa, per esempi.",lombard,Kate Beckett
"L'è poeu rapii de on sospettaa che 'l moeur in macchina cont lu, e per quest a l'è interogaa di federai.",lombard,Kate Beckett
"Quest'angolo sembrò essere minimizzato in favore del tema standard dell'""organizzazione criminale"".",standard,H.I.V.E.
"Altri sinbołi cristiani i ze el Chi Rho, ła cołonba (sinboło del Spìrito Santo), l'agneło sacrifegałe (sinboło del sacrifegà de Cristo), ła vide e i vin (sinboło de l'union dei cristiani col Cristo).",venetian,Cristianèzemo
"Chesta crassifecazzione però, nun lassa chiaro int'a quale reggiune se parla 'a stessa lengua e comme se chiammano 'e dialette, e se parla d""e dialette napulitane-calavrese comme fosse ca se stenneno int'a l'ati reggiune (comme basilecata).",neapolitan,Spartenza dialettale d''e varietà lenguistiche tipo napulitano
St'ùrtimi cô tempu s'avàvanu mparintatu chî duchi nurmanni.,sicilian,Nurmanni
"Inoltre nell'X-1 vennero rimossi interamente i serbatoi secondari per l'accensione, che vennero sostituiti con un piccolo motore a razzo a propellente solido che convogliava i fumi di scarico verso il generatore di gas per mettere in rotazione le turbopompe.",standard,H-1 (motore a razzo)
"Tutti questi motori erano basati su un concetto base simile, che includeva un ""iniettore a cascata"", dove molti piccoli iniettori venivano usati per spruzzare il carburante nella camera di combustione principale.",standard,H-1 (motore a razzo)
"La ghe fa: «Mama granda, ma che voson che te gh’heet incœu!» El lov el ghe respond: «A l’è per saludàt mej, s’cetina meja.» La tosa l’è minga trop convencia, e la ghe dis: «Dianzen, ma che œugg grand che te gh’heet!» «A l’è per vardàt mej, s’cetina meja» el rebeca el lov.",lombard,La piscinina Capin ross
"Par ezenpio , inte la tundra de la Alaska, i corf i otien su par dho metà de el só bezonc enerdhètego co la predathion de mamìferi de dimension picenine, e cheł'altra metà manjando caronje de caribù e lagomorfi.",venetian,Corvus corax
Si pò dìciri nzumma ca li Cruciati sunnu n’ idialtipu storiugràficu mudernu e nun currispònninu affattu â pircizzioni di cu tannu li campau.,sicilian,Cruciati
"La pellicola ebbe un discreto successo, guadagnando anche 8 nomination all'Oscar, ma non fu giudicata dai critici all'altezza del libro, opinione condivisa dallo stesso Doctorow, che si rifiutò di partecipare all'adattamento della sceneggiatura, giudicando a priori insufficiente la durata di un film per una trasposizione adeguata.",standard,Ragtime (romanzo)
Ora stannu aumintannu li cristiani.,sicilian,Lizzanu
"L'H.262 o MPEG-2 Parte 2 (formalmente noto come ISO/IEC 13818-2, noto anche come MPEG-2 Video) è uno standard di compressione e codifica dei video digitali sviluppato e mantenuto congiuntamente dal Video Coding Experts Group (VCEG) dell'ITU-T e dal Moving Picture Experts Group (MPEG) dell'ISO/IEC.",standard,H.262
Ntâ la cultura òmusissuali pratiucanu macari la riliggiuni prutistanti e buddista.,sicilian,ArciGay
"Prima de la colonizaxion, el Ghana l’è sta uno dei imperi piasè importanti de l’Africa.",venetian,Gana
"8. che contiene la storia del vicariato di Montebello, e delle ville al medesimo soggette Tom.",venetian,Gaetano Maccà
"Realizzato come spot pubblicitario per la linea di abbigliamento ""Come Together"" di H&M, ha come protagonista principale Adrien Brody.",standard,H&M: Come Together
"Dint'ô 1979, Comaneci vincette 'o tierzo titulo europeo 'e fila (addivintanno 'o primmo ginnasta, mascolo o femmena, a ce riuscì).",neapolitan,Nadia Comaneci
"I concession ch'al eva vadagnaa per l'Austria i era da pòch, però al eva restoraa la sò libertaa da muvement.",lombard,Klemens von Metternich
Pittantu significava un porta robbi.,sicilian,Bastasu
"La nuova rivendicazione getta nel panico le autorità e l'opinione pubblica, sconvolgendo anche la vita della famiglia che ancora ospita il figlio di quell'uomo diventato un criminale pericoloso.",standard,Ragtime (romanzo)
"I lieviti ad alta fermentazione (così chiamati perché galleggiano sulla superficie della birra) preferiscono temperature più alte, e danno alla birra un profilo aromatico complesso, con toni fruttati e speziati.",standard,Lievito
"N'altro brano che'l ga da èsar mensonà el ze La fin di un amore, una intrà łe canson d'amor pì pasionàe scrite da'l cantautor roman.",venetian,Luca Barbarossa
"Ntô mentri la culunna sittintriunali avìa attaccatu lu campu, a stu puntu Imircuni II cuntrattaccau pruvucannu la morti di 600 òmini nimici.",sicilian,Battagghia di Gela (405 a.C.)
'A Franza cadette donca dint'a na crisa ca sfuciaje 15 anne aroppo dint'a Rivuluzzione franzesa.,neapolitan,Luigge XV 'e Franza
El gà scrito ła prefasion del libro A est dell'Avana de Roberto Goracci.,venetian,Luca Barbarossa
Apple sottolinea anche il nuovo tipo di memoria RAM DDR3 da 1333 MHz presente nei nuovi iMac con dimensioni da 4 GB fino a 16 GB.,standard,IMac
"Ntô casu di na furma d'assuciazzioni, lu votu di scànciu pò ntô stissu modu aviri locu pi pigghiari finanziamenti o appalti pùbbrichi, siddu chisti favurìsciunu na cunvirgenza di ""massa"" pi li voti di li sò iscritti.",sicilian,Votu di scànciu
Nni l'ariupranu c'erinu 92 passaggeri e 8 membri di l'equipaggiu.,sicilian,Austu 2005
"Ła viła, seben ła xe abità da łafameja nobiłe dei Valmarana, ła xe verta al pubłego sie dì ała setimana, come ła visin Vila Capra ""La Rotonda"" del Paładio, de proprietà de nantro ramo de ła fameja Valmarna.",venetian,"Viła Valmarana ""Ai Nani"""
Padova) Le astuzie amorose (spr.1775,neapolitan,Giovanni Paisiello
"(1991), Le parlate lucane e la dialettologia italiana (Studi in memoria di Gerhard Rohlfs).",lombard,Gall-Italich de Basilicada
"Pò Bonaparte facette 'e licei e 'e politecnice, pe puté furmà na classa dirigente  priparata, ma tralasciaje l'istruzzìone elementare pecché vuleva ca 'o popolo rimanesse comunque nu poco 'ngnurante e quinne obbediente.",neapolitan,Napoleone Bonaparte
L'è metud foeura per el descaregament digital  a partì del 9 de setember adree.,lombard,Nathalie
"'A pace 'int’’a l'Italia se facette c’’o trattato 'e Lunéville, ca a finale era tale e quale 'o Trattato 'e Campoformio ca ll'austriace violajene.",neapolitan,Napoleone Bonaparte
Ô rione teneva nu mercato generale 'e frutta e vverdure ca fuje pe tant'anne 'o cchiù grusso e ll'Italia.,neapolitan,Puceriale
"L'arrangiamentu è basatu supra nu battitu rittimmatu di pedi e manu, lu riturnellu principali pò èssiri paragunatu a nu innu.",sicilian,We Will Rock You
"H.E.R. (2), su Discogs, Zink Media.",standard,H.E.R.
Avenu cchiu' tteorie su ll'origine de lu nome sou in italianu.,sicilian,Nove te Galatina
Llibres i problemes del Renaixement.,neapolitan,Joan Fuster
"Allo stesso modo, nonostante la mancanza di esplicite disposizioni di Piper, Omnilingue (Omnilingual, 1957) - che riguarda una spedizione scientifica del prossimo futuro su Marte sotto l'egida di un governo internazionale della Terra - potrebbe anche essere una storia del Paratempo.",standard,H. Beam Piper
"Musecista, autore 'e paricchie d' ' e cchiù belle e famose  canzone napulitane, musecate ncoppe 'e parole de' cchiù gruosse puete napulitane.",neapolitan,Giuseppe De Gregorio
"In del midemm period Castle el ghe confessa el sò amor e 'l facc de 'vègh tegnuu sconduu la pista perchè lu la ama, ma lee la se inversa per el facc e donca resien, e lu el ghe dis che l'è finida, perchè 'l voeur mia vidè la Kate trasà la soa vita per 'na causa.",lombard,Kate Beckett
Lu nomme scientifico è Ailanthus Altissima de la specia Ailanthus de genere Simaroubaceae.,neapolitan,Cazzipocchio
"Havi règuli ben difinuti pi l'ordini dî palori, 'n cunfurmità cu tanti lingui principali.",sicilian,Lingua franca nova
"H.N.I.C. Pt. 2 è il terzo album solista del rapper Prodigy dei Mobb Deep, uscito per Voxonic nel 2008.",standard,H.N.I.C. Pt. 2
"Ind el 1809 la diventa part del Ducad de Varsavia, e domá ind el 1815 la vegn incorporada ind el Regn de Polonia.",lombard,Kurów
"Andrea Cano (Roma, 18 de apriłe 1976) xe  un xugador de bałon itałian.",venetian,Andrea Cano
"In ogni caso Lovecraft ringraziò Barlow di averlo aiutato, e usò i fogli bianchi in coda al libretto per vergare un altro anno di appunti.",standard,H.P. Lovecraft
"I grupi banti pi importanti xe i myene, i bandjabi, i eshira, i bapounou e i okande.",venetian,Gabon
El fiume prinsipal el ze el Fiume Zało.,venetian,Gansu
"Se Banban el vien atacà dai mostri lavai el serveło, el schermo finałe (Garten of Banban",venetian,Garten of Banban
"Quand che tornen al distrett descovrissen, cont piesè, che i sò gent hinn deventaa amis.",lombard,Kate Beckett
Li sò forzi cummattivi (si penza 30.000/40.000) marciaru su Gela nnâ primavera dû 405 a.,sicilian,Battagghia di Gela (405 a.C.)
"Dû 1998 è prisidenti dâ ""Associazione Piera Cutino - guarire dalla talassemia"", assuciazzioni senza fini di guadagnu ca prumovi la ricerca contru la talassimìa.",sicilian,Rita Borsellinu
"L'ultimo nemico (Last Enemy, 1950), romanzo breve.",standard,H. Beam Piper
"El principal trasport püblich de la cità a l'è el servizi di curier, che l'è furmaa de püssee de 30 linii.",lombard,Tampere
"che contiene la prefazione, la storia di Lonigo e delle ville soggette Tom.",venetian,Gaetano Maccà
Fa pùre 'a cumparza soja 'o carro 'ncopp'o ca venevano mise guagliune vestute â angiolette ca cantavano 'e llodi ô santo accumpagnate d' 'o suono 'e cierte strumente musicale.,neapolitan,San Giorgio a Cremano
"I portoghexi xe rivà inte el XV secolo, suito dopo anca i olandexi i ga tacà a visitar le coste del Gabon.",venetian,Gabon
Ntô 1992 vincìu tri AVN e l'Hot d'or.,sicilian,Roccu Siffredi
"Proprio per simulare l'arrivo inaspettato di quest'ultima, il brano viene troncato sul finire.",standard,Pull Me Under
La gente la parla 79 lengoe difarenti.,venetian,Gana
"'O centro abbitato sta 'ngopp'e ruvine 'e Archora, uno d' 'e vilaggie d' 'e quale aveva tratto origgine 'a cità 'e Afravola.Ô 1484 Angiolo Como avette na cuncessione a Firdinanno II d'Aragonao terrieno d' 'e ruvine d' 'o villagio, su cui surgette nu novo abbitato.",neapolitan,Casalnuovo 'e Napule
"El catarismo, dal greco katharos, difondesto in Eoropa intrà el XII e el XIV secoło; i càtari i zera dizesti anca albizezi, da Albi.",venetian,Cristianèzemo
"Palmer, A., Metternich: Councillor of Europe.",lombard,Klemens von Metternich
"Dint'a l'assenza 'e Napuliòne 'mpegnato dint'a l'Egitto, 'e francise venetteno cchiù vote scunfitte dint’’a l'Italia e 'a Germania 'a ll'austriace (battaglie 'e Novi) a Cassano D'Adda 'ncopp’’o Reno.",neapolitan,Napoleone Bonaparte
"'E ccanzone 'int'â lengua siciliana songo: Nichi, Imaku, Talia, Luna a mmari, Nenti cchiú.",neapolitan,Agricantus
De qì el teritori del Kansai el se slargiss ind el Mar de Seto fin de Kobe e Himeji.,lombard,Kansai
"Da adulto visse una vita normale, era sposato, crebbe due figli ed era membro dell'esercito inglese, mentre il suo amore per Krishna e le visioni di colui continuarono.",standard,H.W.L. Poonja
"El xe sta portiere in scoadre come Narnese, Lazio, Frosinone e Lanciano.",venetian,Andrea Cano
Un studio rethente el sostiene che i corvi i pose anca reconoser la vothe de le persone e el cantar de varie spethie de ozełi,venetian,Corvus corax
"Quanno 'int'o 1200 'o casale 'e Sant'Aniello calaje 'e 'mpurtanza, 'o traggitto d' 'a prucissione se spannette e forze se pensaje pùre a na statua cchiù grossa.",neapolitan,San Giorgio a Cremano
"El ga scuminzià l'atività de prete a l'ospedałe de San Giacomo dei Incurabiłi e el se ga iscrito a ła Conpagnia de l'Oratorio del Divino Amore, 'n'asociasion de laici e preti nata dal movimento spirituałe e caritativo ai scuminsi del '500.",venetian,Gaetano de Thiene
"Segondo Bairoch, el xvilupo de l'agricultura in sto periodo, el ga contribuio a la rivolusion industriale, grasie a la domanda de novi versori e altri arnexi in metal.",venetian,Agricultura
"'O siconno elemento, mmece, ha subito trasfurmazziòni assaje 'mpurtante.Ê riggini 'o paese s'stenneva 'ngopp'a duje casali: Capitiniàno (parte aveta) e Sant'Anièllo a Cambrano (parte vascia).'Int'o 1334 chisti duje casali s'aunettero in S.",neapolitan,San Giorgio a Cremano
18 luglio 2001 – (Estate 2001).,standard,IMac
"sinnacati, ecc. Chiddu ca pirò fà addvintari l'attu non ligali e spriggèvuli eni l'abbusu di putiri nnirizzatu a  fari favuri a destra e a manca, a scànciu dû votu o macari cu l'òbbricu ô votu di cui havi, nun no na sèmprici nfruenza, ma nu putiri suciali ca cci pirmetti di faciri lu ricattu.",sicilian,Votu di scànciu
"Na vota, si putìa truvari dû sud dî Stati Uniti nzinu a l'Argintina.",sicilian,Panthera onca
Wikimedia Commons el detien imàjini o altri file so Galaxy Nexus el detien schemi gràfeghi so,venetian,Galaxy Nexus
"H.P. Lovecraft, su AllMusic, All Media Network.",standard,H.P. Lovecraft
"'O Baianese tene 'na cosa speziale rispetto ô resto d""a pruvincia 'e Avellino: si dint a ll'Avellinese 'e centre abitate songo luntane assaje une 'a ll'ate (a vvote 'a distanza nfra dduje paese vicine arriva pure a 10 km), 'e comune d""o Baianese songe aunite nfra 'e llore, furmanne accussì 'na specie 'e unneco comune ca cunta chiù o meno 25 mila abitante.",neapolitan,Baianese
(FR)  'O club de francombat 'int' Langonais (FR)  'A scola de autodifesa francese 'int' Gonesse (FR)  'A club de arte marziale 'int' Bordeaux,neapolitan,Francombat
"A volte la loro attività attira l'attenzione di esseri malevoli; altre volte, nello spirito di Frankenstein, vengono distrutti dai mostri che loro stessi hanno creato.",standard,H.P. Lovecraft
"Di regola preferì comunque affidarsi alla propria fervida immaginazione, anche per la vita di personaggi famosi.",standard,Ragtime (romanzo)
Nella lettera afferma tuttavia che: ribadendo nuovamente la necessità di una nuova regolamentazione che tenesse conto delle modifiche apportate dalla meccanizzazione al mondo del lavoro.,standard,H.P. Lovecraft
"El fin prinçipal de l'agricultura l'è otegnere prodoti da le piante, da doparare soratuto col fin de magnare.",venetian,Agricultura
A sse lúteme suó štate trevate riéšt schelètrece e gl òme de Neanderthal.,neapolitan,Zagros
Parte prima che contiene la storia della podesteria di Marostica Tom.,venetian,Gaetano Maccà
"P'ò gruosso traffeco 'e carre, se 'ncuminciattero 'a costruì assaje lucanne p""o ristorio d""e viannante e pure a cummercià.",neapolitan,San Giuseppe Vesuviano
Ntô 1993 vincìu n'àutru A.V.N. comu lu megghiu atturi e vincìu di novu l'Hot d'Or.,sicilian,Roccu Siffredi
Łe aferma de ver na lìnea de derivasion separada da łe altre.,venetian,Cristianèzemo
"Fue costruitu de la famija baronale de li De Noha, ca abitara qquai finu allu seculu XVIII.",sicilian,Nove te Galatina
"In del cercàll troeuven di motociclista armaa che 'l sò ""marii"" el ghe dev di danee per avè robaa on telefonin, el Castle el ghe da 500$ per calmài e suttà a cercàll.",lombard,Kate Beckett
"Grant, Michael, Gli imperatori romani, Roma 1984.",lombard,Battaja de Idistavis
"Nella fermentazione delle bevande alcoliche è utile la produzione dell'etanolo, mentre nella lievitazione del pane l'anidride carbonica gonfia la pasta, e l'alcol (etanolo) evapora durante la cottura.",standard,Lievito
"L'è nassuda a Oakland, tosa de ona dona de origin indiana (Chennai) e de on pader de origin giamaicana.",lombard,Kamala Harris
"La soluzione di Koelle per ridurre i tempi di sviluppo prevedeva l'installazione di un insieme di serbatoi per il propellente, presi dai missili Redston e Jupiter, su di una struttura alla cui base sarebbe poi stati installati i motori necessari.",standard,H-1 (motore a razzo)
Li quartieri ginirali dî maiuri partiti sunnu tutti a purtata di tiru dâ division bell e st'ària difinisci chiù o menu li lìmiti giogràfici di l’accussidditta Westminster Bubble.,sicilian,Division Bell
"Poi quannu l'àrbitru grida ""tirati!"" ogni squatra prova a tirari l'àutra squatra versu a sta linia cintrali quantu ca la marca suprâ corda cchiù abbicinu ê soi rivali traversa la linia cintrali, lassannu vinciri li cchiù forti.",sicilian,Tirata dâ corda
"Tutti Accipitriformes sunnu carnìvuri e màncianu mammìfiri, autri aceḍḍi, rèttili, pisci, nzetti e ntô casu dî vuturi, carogni.",sicilian,Accipitriformes
"C.) e sucesivamente i altri Optimates, tra cui Catone Uticense, in Africa e in Spagna.",venetian,Gaio Giulio Cesare
parte prima che contiene la storia del vicariato di Tiene e di alcune ville soggette al medesimo Tom.,venetian,Gaetano Maccà
"Lo spazio rimanente ospita aule, uffici e alloggi per il personale e un ristorante.",standard,H'ART Amsterdam
"John Cowell, su The Aerodrome.",standard,Joseph Fall
"C., 'o stato fuje cummannato 'a nu tutale 'e sette rre, fin""â cacciata 'e Tarquinio 'o Supierbo e ll'istituzzione d""a Repubbreca rumana.",neapolitan,Regno 'e Romma
Da cui nasciu lu circulu 'n tutta Italia.,sicilian,ArciGay
"9. che contiene la storia del vicariato di Montecchio Maggiore, e delle ville al medesimo soggette Vol.",venetian,Gaetano Maccà
I ebionii (derivasion del zudeo-cristianèzemo) i credeva che el Fioło el fuse subordenà al Pare esendo no pì de un uman speciałe.,venetian,Cristianèzemo
"Per la ferrovia lavorò anche come guardiano notturno e come detective, fino alla metà degli anni cinquanta.",standard,H. Beam Piper
"Ogni Uniform Resource Locator se conpone normalmente de sie parti, alcune de łe cuałi opsionałi: Descrive el protocoło, tipicamente de liveło aplicasion, da utiłixar par l'aceso al server.",venetian,URL
"Nacque così il Ciclo di Cthulhu, col suo pantheon di divinità extra-dimensionali la cui esistenza si può indovinare da antichissimi miti e leggende.",standard,H.P. Lovecraft
I inglexi resistea el cambiamento e i xe rivai a arestare i cai pułìteghi piasè famosi.,venetian,Gana
"Ła serada de Play Musica ła ze avenjesta in modo graduałe, inisiando da agosto co ła rèvoca de l'aceso al store par l'acuisto de mùzega par concludarse a disenbre 2020 co ła serada efinitiva del servision par tuti i  utenti.",venetian,Google Play Musica
"La forza a lu cummannu di Dionisiu ristau mpirugghiatu nnî vìi strissi dâ citati, nun trasennu mancu n'azzioni, la cavalliria nun fu mpignata e i cartagginisi ripurtaru i sicilioti dintra la citati.",sicilian,Battagghia di Gela (405 a.C.)
Prifirisci i furesti ma si po adattari macari vòscura spani e ê margi.,sicilian,Panthera onca
"Chesta mperò, essenno quase sulamente na rielabburazzione d'ô sardo logudurese ('o cchiù renumato), fuje scummattutta p'e pparlante d'ô sardo campidanese (chillo, nfra ll'ati cose, cchiù deffuso) e azzò fuje cagnata 'a LSA pe' addeventà, 'int'ô 2006, 'a Limba Sarda Comuna ausata ogge da ll'ente reggiunale.",neapolitan,Lengua sarda
El pàpo el g'ha 'na curunsìna solcàda en maniéra iregolàra.,lombard,Tanacetum vulgare
"È u terzu Felidae cchiù grossu, doppu dâ tigri e dû liuni, ma u cchiù granni di tuttu u cuntinenti miricanu.",sicilian,Panthera onca
"Donca fann ona cerimonia privada, domà cont el papà de la Beckett, l'offizial del Stat Civil, la mamma del Castle e la Alexis.",lombard,Kate Beckett
"Dei 200 componimenti attribuiti con certezza a Lovecraft, la maggior parte venne pubblicata su riviste dilettantistiche, mentre a livello professionale Weird Tales pubblicò quindici sue liriche mentre era in vita e ventitré dopo la morte.",standard,H.P. Lovecraft
Fuje memorabile 'o mumento addò isso puntaje 'a spata 'ncopp’’o cuollo 'e Napuliòne dicenno: «N'esitasse manco nu mumento 'a 'ccidere fratemo si sapesse ca sta tentanno 'e scatastà 'a libertà d’’a Franza».,neapolitan,Napoleone Bonaparte
"El Zordan el nase intel Monte Hermon (2700 m) in Israel al confin co el Libano e ła Siria, el ze longo 320 Km e sultio dopo ła sorjente el łasa el Libano par scorere verso el meridion e senjar el confin tra Israel e Cisgordanja, a ovest, e Siria e Zordània, a est.",venetian,Zordan (fiume)
"El film ga avùo recension negative da ła critica, economegamente ze stà un flop (5,1 milion de incaso da un budget de 22,4 milion) e saràe łe porte de łe produsion Usa a Muccino.",venetian,Gabriele Muccino
"Henry Chadwick, Martin E. Marty, Ernst Wilhelm Benz, Geoffrey Wainwright, William Richey Hogg, Sidney Spencer, Paul A. Crow, John Hick, Carter H. Lindberg, Bernard J. Mcginn, Jaroslav Jan Pelikan, Lawrence E. Sullivan, Linwood Fredericksen e Matt Stefon, ChristianityEnçiclopedia Britannica, Encyclopædia Britannica, Inc.",venetian,Cristianèzemo
– Centuspati Agave glomeruliflora (Engelm.) Berger – Centuspati Agave gracilipes Trel.,sicilian,Agave
"El papo el gh'è quàze mìa; adognimòdo, quan che 'l gh'è, l'è piümùs e a fùrma de curùna.",lombard,Tanacetum
"E donca scomincen a indagà per capì indova l'è finii l'omm che 'l voeur coppà lee e quell che, grazia al Montgomery, l'è dré a proteggéla.",lombard,Kate Beckett
"Per non dimenticare e per capire (2003), Rita Borsellino - Il sorriso di Paolo (2005).",sicilian,Rita Borsellinu
"La Ceza catòłega apostòłega romana ła deriva da ła Ceza latina, ła cuała autorità ła se estendea orìzenariamente da Roma so ła parte osidentałe de l'Inpero roman.",venetian,Cristianèzemo
"Lu scopu, garantutu di Diu (Deus lo vult, Diu lu voli) era l'agghicu/agghicata di na massa mai viduta prima di piddirini ntê lochi santi dâ Cristianitati.",sicilian,Cruciati
"È citata anche in Tre uomini in barca, quando Harris stabilisce di voler deliziare i presenti con una canzonetta comica con esiti disastrosi.",standard,H.M.S. Pinafore
"Grecia: Nautra svintura d'ariupranu, sta vota abbicinu Ateni dûn ariupranu chi vinìa dû Cipru.",sicilian,Austu 2005
"Nta ogni casu, stu mètudu lassa risìdua di lièvitu e nta na scala nnustriali, la carbunazzioni (lu prucessu pi rènniri a vìppita frizzanti) eni fatta siparatamenti.",sicilian,Alcool
"Doppu 38 jorna di battagghî, li forzi alliati agghìcunu a Missina, ma nun rinèscinu a mpediri l'evacuazzioni in Calabbria dî forzi di l'Assi.",sicilian,Opirazzioni Husky (1943)
Ła so orixine ła risałe ała cołonia de Corcira e Corinto: Epidamno.,venetian,Durazo
"Lovecraft sdegnò in modo pressoché sistematico ogni forma di ""lieto fine""; non a caso, nelle sue storie i protagonisti sono spesso antieroi che vanno incontro a una fine tragica o appaiono solo come spettatori di vicende terrificanti, il cui esito non sono assolutamente in grado di modificare.",standard,H.P. Lovecraft
"m., du mendagn de gl mund Marzecane.",neapolitan,Settefrate
"Cumprenne dduje dialette prencipale, 'o logudorese commune e 'o sardo nuorese; è 'a variante cchiù cunservativa.",neapolitan,Lengua sarda
"'E ccanzone 'int'â lengua siciliana songo: Li vuci di l'omini, e Carizzi r'amuri.",neapolitan,Agricantus
"Vinni disignata dunqui a sfidari lu prisidenti sicilianu niscenti, Totò Cuffaru, candidatu dâ Casa dî Libbirtà.",sicilian,Rita Borsellinu
Dop de vesser diventada una citaa privada la se trasforma in centr de comerci alimentar per tuts i territori vixin.,lombard,Kurów
"A la fin la va de 'sto senator per fà 'n accord de spantegà no i document in cambi de vess al segur, e 'l ghe fa on taj, che 'l lassarà on segn, per fàghel recordà.",lombard,Kate Beckett
"L’attrattivi principali sunnu lijati ô palazzu dû Gattupardu, ô maravigghiusu Parcu dû Gattupardu Cutò di Filangeri, cu li sò funtani e li sò rari essenzi di l’àrvuli, â Villa Cumunali cu nu belvìdiri pitturiscu, â Matrici o SS. Rusariu, rifatta ntô '700 e azzizzata cu stucchi dû Sesta e cu dipinti dû Meli.",sicilian,Santa Margarita (Girgenti)
"Tavula cumparativa d'ê llengue neulatine: Nota: Le parole con l’asterisco non sono patrimoniale, ma prestiti dal francese antico.",neapolitan,Lengua sarda
"2: 299 (1890) Asparagus fiori Sennen, Mem.",venetian,Asparagus officinalis
Kenny Wayne Shepherd e Adrian Legg i ga verzesto i conserti.,venetian,G3 (grupo muzicałe)
Ascoltò le informazioni del sadhu per poter trovare Ramana a Tiruvannamalai nell'India del Sud.,standard,H.W.L. Poonja
Lu dialettu di Lizzanu apparteni a la famigghia di la lingua siciliana: è lu dialettu salentinu.,sicilian,Lizzanu
Storia dâ Calabbria (èbbica nurmanna),sicilian,Nurmanni
"Dal volume, che raccoglie una molteplicità di contributi di diversi studiosi, si evince il ruolo di Gregor quale punto di riferimento per gli studi comparatistici sul fascismo e le varie tipologie di regimi nazional-populisti.",standard,A. James Gregor
Tanacetum tricholobum (Sosn. ex Manden.) Chandjian Tanacetum tridactylites Kerner & Huter ex Rigo Tanacetum uniflorum (Fisch. & C.A.Mey. ex DC.) Sch.,lombard,Tanacetum
"Ll'ucchiarone pe raie X e raie gamma hanno ate prublemme, prencepalmiente pruveniante d’’o fatto ca chisti raie ponno traversà 'o fierro e 'o vrito.",neapolitan,Ucchiarone
El tour el ga fato tapa anca in Itałia el 22 de łujo a Vigevano in ocazion de'l 10 Dì Suonati Festival.,venetian,G3 (grupo muzicałe)
"Ła baze de ła ekonomia ła ze ła estrasion de minerałi (in modo partikołar tere rare), petrołio e karbon.",venetian,Gansu
"So el fenìr de avrìl 2008 vien publicà Via delle storie infinite, che ciapa el titòło da l'omonemo brano trasmeso da alcune stasion radio.",venetian,Luca Barbarossa
"Autri fatturi di rischiu sunu l'inquinamentu e l'interazzioni cu l'attività umani, comu l'estrazzioni dê risorsi e lu traficu dê navi.",sicilian,Ursu pulari
Non tantu arassu di Demenna c'era lu munasteru di li Mònachi basiliani di Santu Bàrbaru di Demenna.,sicilian,Demenna
"Majo mojo, fen e ojo Da ła descrision araldega del stèma comùnal ze poe evincere i sinbołi de Galzignan: El roare e l'olivàro, i cuałi ze do albari tanto presenti inte el paèze; l'albaro presente al centro el voe metàre in risalto ła florida e ła presenza de viła Barbarigo; El smalto argentà el vołe ricordare l'abondanze de łe acue soratuto chełe termałi.",venetian,Galzignan Terme
"Fioło de Girolamo e de Maddalena Molini, da zovane el se na fransescan oservante.",venetian,Gaetano Maccà
"Segond la grandèzza, l’alber del kumquat l’è bon de prodù di centèn o anca di miàr de frut ògni ann.",lombard,Kumquàt
'a Annibale ca distruggette na parte.,neapolitan,Acerra
"Per calmàlla el Castle la fa partecipà a on cas de vun cont on problema a la ment che 'l pensa de viv in di agn 1970 e lee, attris, la gh'ha de trasformà el distrett in d'on distrett di agn 70.",lombard,Kate Beckett
"Tutt' 'e comune d""o Baianese, pur ca se trovene 'n pruvincia 'e Avellino, hanno tutte comme prefisso telefonico 081, 'o prefisso d""a pruvincia 'e Napule.",neapolitan,Baianese
"El 7 disenbre 2010 vien meso sul marcà l'atexo dvd+cd live de Attenti a quei due, mentre inte el febraro del 2011 el partesipa al Festival de Sanremo in cùbia co Raquel de Rosario, col brano Fino in fondo.",venetian,Luca Barbarossa
"Ła Ceza bosnìaga, ceza cristiana autocèfała, in sentor de erezia, defondesta inte ła Bòsnia e Erzegovina medievałe e estinguesta dopo de ła concuista otomana.",venetian,Cristianèzemo
"Il 3 agosto successivo viene pubblicato il terzo EP della cantautrice, intitolato I Used to Know Her: The Prelude, che esordisce alla ventesima posizione della Billboard 200 e prima della US R&B Albums, divenendo il più alto debutto della cantante nelle classifiche statunitensi.",standard,H.E.R.
"In effetti, in molte ""revisioni"" è possibile riconoscere non solo la prosa, ma anche le tematiche dell'autore di Providence; interessanti sono inoltre le citazioni e le apparizioni delle creature e delle divinità del Ciclo di Cthulhu, come in Dagli eoni, L'uomo di pietra e Il diario di Alonzo Typer.",standard,H.P. Lovecraft
"Buttman's European Vacation 2 (1992) Caldi istinti di una ninfomane di lusso (1992) Casa d'appuntamento... puttana dalla testa ai piedi (1992) Castello del piacere, Il (1992) Curse of the Catwoman (1992) A Pussy Called Wanda 2 (1992) Queen of Hearts 3 (1992) The Adventures of Mikki Finn (1991) American Buttman in London (1991)(V) Bagnate davanti e di dietro (1991) Bend Over Babes 2 (1991) Cheeks 5: Cop a Feel (1991) Donna chiamata cavallo, Una (1991) Massaia in calore, La (1991) As Dirty as She Wants to Be (1990) Buttman's Ultimate Workout (1990)....",sicilian,Roccu Siffredi
"""Pese"" in greco antigo se dize ἰχθύς (ichthys): łe létare de sta paroła łe rende un acrònemo, sinteze de ła dotrina cristiana, Ἰησοῦς Χριστός Θεοῦ Ὑιός Σωτήρ (Iēsoùs Christòs Theoù Yiòs Sōtèr), che signìfega paroła par paroła ""Jezù Cristo fioło de Dio salvator"", o sia ""Jezù Cristo salvator fioło de Dio"" cuało de frecuente el se ligava col zenitivo ζωντῶν= ""dei vivinti"".",venetian,Cristianèzemo
"Menter 'l Castle l'era dré a pubblicizzà i sò liber la Beckett la scomincia a indagà in su l'omm che l'eva tegnuda presonera, Vulcan Simmons.",lombard,Kate Beckett
È assai rubbustu e forti.,sicilian,Panthera onca
"Però lu per salvàlla di omen, i so vegg amis, che voeuren coppàlla el se sacrifega.",lombard,Kate Beckett
"I kumquat vegnen su minga ben a partì di somènz e donca vegnen  propagàa per via vegetativa cont el doprà ‘me portinèst di alter agrumm, oppùr per povànna, o per transc.",lombard,Kumquàt
Racconti: Temple Trouble; Operazione di polizia  (Police Operation); e secondo alcuni Genesis.,standard,H. Beam Piper
Inte i Mamiferi e inte serti Inseti se ga na copia de cromosomi diferensiada par i do sessi.,venetian,Sesso
Speramu ca ti piaci Elefen!,sicilian,Lingua franca nova
"Quando finisse ła perseguida dei demoni e scendi par l’ascensore insieme a’l puparo del uccelo Ophila, compare ła schermada final (Garten of Banban 4).",venetian,Garten of Banban
"'O Baianese è cumposto d'a seje comune: Baiano ('a 'ccà piglia 'o nomme), Avella, Mugnano d""o Cardinale, Quadrelle, Sirignano e Sperone.",neapolitan,Baianese
La H.I.V.E. incluse anche un enorme staff di insegnanti oscuri (con mantelli simili a quello di Raven) così come delle truppe armate.,standard,H.I.V.E.
"Nove, paru cu Cullimituca li cujuni mentano e Santa Barbara, ede 'na frazione de u comune de Galatina, de a pruvincia de Lecce.",sicilian,Nove te Galatina
Puru tutti l'autri lingui neulatini ànnu la stissa ràdica.,sicilian,Autunnu
"La se retira in del marz del 2020, e la ghe da sostegn al Joe Biden, che el dodes de agost la scerniss come candidada a la vizzi-presidenza, e l'è elegiuda in di elezzion.",lombard,Kamala Harris
È postu a 400 metri supra lu liveddu dû mari.,sicilian,Santa Margarita (Girgenti)
"R.Maxwell, Baltimore, 1978 Comprehensive Asian Fighting arts, D.F.Draeger and R.W.Smith, E. Kodansha, Tokyo, 1969 Traditional burmese boxing, Z.Rebac, Ed.",sicilian,Puggilatu birmanu
"'E ccanzone 'int'â siciliano so: Pinseri, Jusu e susu, e Ciavula Faiddi - 1999.",neapolitan,Agricantus
"'E rummane tentarono 'e movere uerra 'a Capua a Beneviento, ma na marcagegna furba furba sannita n'ascette a fermà addu Caudium'’’e surdate rummane.",neapolitan,Beneviento
"Donna de grand valor, l'entra in Polizia per descrovì la verità in su la mort de la mader, cas irresolt.",lombard,Kate Beckett
"Dopo il tour i membri trascorrono il loro tempo occupandosi dei loro progetti paralleli come produttori, cantanti o manager di artisti di diversi generi.",standard,H-Blockx
Cambrano addivirrà Clamano e poje 'int'o 1500 Cremano.,neapolitan,San Giorgio a Cremano
El món literari de sor Isabel de Villena.,neapolitan,Joan Fuster
"Altre informasion łe pol esare rintraciae inte łe opare de altri contemporanei, come inte łe łetare e inte łe orasion del so rival pułitego Cicerone, inte łe poexie de Catullo e inte i scriti storeghi de Sallustio.",venetian,Gaio Giulio Cesare
"La mùsica ca li Hantura prupòninu nta li sò spittàculi traccia essinziarmenti li tratti  di la cultura e di la mùsica pupulari calabbrisa, sprissioni di li sintimenti, di lu sfogu, di la ribbillioni, di l'onuri di l'omu di lu Sud ca s'artìcula nta la nterpritazzioni di ddi sònira ca richiàmanu e spièganu l'armi di lu Sud.",sicilian,Hantura
A Lovecraft è intitolato il cratere Lovecraft su Mercurio.,standard,H.P. Lovecraft
Santa Filumena 'e Romma è 'a santa patrona d’’e Figlie 'e Maria e d’’e cause impossibbile.,neapolitan,Santa Filumena
"Si chiamava accussì lu scarricaturi (cu è addettu a lu trasportu di càrrichi e bagagghi ntô portu) dû portu: ""bastasu 'i marina"" appuntu.",sicilian,Bastasu
"1917: Il processo Clemenceau 'e Edoardo Bencivenga 1927: La bellezza del mondo 'e Mario Almirante 1928: La compagnia dei matti 'e Mario Almirante 1931: La vecchia signora 'e Amleto Palermi 1932: Due cuori felici 'e Baldassarre Negroni 1932: Gli uomini, che mascalzoni...",neapolitan,Vittorio De Sica
"La se’è vesinada al mond de la musica in del cors de la prima sgioventù quand che l’ha tacad a studià cant e musica, a scriver canzon in italian, in ingles e in frances e a mostràss in di locai de la capital.",lombard,Nathalie
Cultura nacional i cultures regionals dins els Països Catalans.,neapolitan,Joan Fuster
"Dopo vérse svejà in un posto ceo e preméndo el murałe de Banban, Plumbo el se mostra, e el protagonista el se volta.",venetian,Garten of Banban
'O sardo è nommenata esse 'a lengua rommanza 'a cchiù cunservativa e sìmmele 'a lengua latina.,neapolitan,Lengua sarda
"A l'è 'l protagonista del liber El Hobbit, e 'l gh'ha on roeul important anca in del capplavor de l'autor ingles, El Scior di Anei.",lombard,Bilbo Baggins
La caratterizzazione di Piper era radicata nella nozione di uomo autosufficiente: un uomo in grado di prendersi cura di se stesso e allo stesso tempo disposto e in grado di affrontare qualsiasi situazione che potesse sorgere.,standard,H. Beam Piper
"D’oltri un sèculu l’ordi numadi turchi ca sciamannu di l'Asia cintrali s’avìanu stabbilutu ntô bacinu misuputàmicu e sirianu, avìanu scummurciutu la vita dî pupulazzioni lucali.",sicilian,Cruciati
"È na canzuna dî venaturi punk, ca antìcipa lu thrash metal e lu speed metal.",sicilian,Spread Your Wings
"Classificazione crimmatica: zona C, 1316 GG 'E testimonianze culturale cchiù viecchie asistente 'int'ô territorio 'e Beneviento e d’’a pruvincia suja arresagliono ô paleoliteco.",neapolitan,Beneviento
"La majoria (60%) de la gente xe catolega, quei che segue i riti tradisionali el 20%, i protestanti el 19% e i musulmani l'1%.",venetian,Gabon
"Lo scrittore ipotizza quindi per gli Stati Uniti (e per altri paesi occidentali), nell'ipotesi migliore, una terza via rispetto al comunismo di stampo sovietico e al ""fascismo"" (in senso lato, inteso come termine indicante una forma di governo autoritaria), basata su un'applicazione di un socialismo più moderato.",standard,H.P. Lovecraft
Bonvexin de la Riva (Milan): poemets; Petro da Barsegapé (Milan): Sermone del 1274; Uguçon da Laodho (Lod): Liber; Guido Fava (Bologna): Gemma purpurea e Parlamenta et epistole; Antonio da Ferrara: Prima che ‘l ferro arossi i bianchi pili; Nicolò de' Rossi (Trevis): Canzoniere; Anonem (Milan): Loment de Bernabò Vescont.,lombard,Koinè lombarda medieval
Dopo un altro colpo de stato el 1979 i militari ga proposto na nova Costitution e el ritorno a libare elezioni.,venetian,Gana
"Nta diversi èbbichi, li siciliani si stanziaru ntô Cilentu: Ntê sèculi XII e XIII, famigghi siciliani si trasfireru dâ Sicilia ô Cilentu, e àutri famigghi culunizzaru macari zoni vicini a Laurìa (Pruvincia di Putenza, Basilicata).",sicilian,Dialettu cilintanu miridiunali
El vòrtes destaccàa el pò originà ona gotta frèggia.,lombard,Tajà foeura
"Si è trasferita con la sua famiglia a Lincoln, Nebraska, nel 1963.",standard,Kay Orr
I treni Maglev songo 'a tutt'ogge 'e cchiù veluci d'o munno.,neapolitan,Ferruvia
La majoria del paexe xe ocupà da la pianura costiera.,venetian,Gabon
"Frequentò la Cowichan Public School e, successivamente, alla Quamichan Lake Private School che preparava i ragazzi per l'ingresso al Royal Military College of Canada.",standard,Joseph Fall
Onomatopee: per rappresentare il suono fricativo glottidale viene talvolta usata in alcune onomatopee: anche questo uso deriva perlopiù da lingue straniere nelle quali la lettera H assume regolarmente lo stesso valore fonologico.,standard,H
"France 3: 231 (1855) Asparagus littoralis Steven, Bull.",venetian,Asparagus officinalis
Napoli N) Le trame per amore (7.10.1770 Napoli N) Annibale in Torino (16.1.1771 Torino TR) La somiglianza de' nomi (spr.1771,neapolitan,Giovanni Paisiello
"'A paggena 'e Sedna d""â NASA 'A paggena 'e Sedna 'e Mike Brown Comunicato stampa ufficiale d""â NASA/JPL Astronomy Picture of the Day 04 July 2004 – Ricostruzzione immagginaria d'artista.",neapolitan,Sedna
"La gh'ha de indagà in su 'n omicidi ligaa a l'Accademia de Polizia, e lilinscìa troeuva 'na recluta cont ona storia arenta a la soa, e la ghe cunta su la soa storia e la ciappa 'me protetta.",lombard,Kate Beckett
"Se el nome del file nò'l vien spesifegà, el server el pol esar configurà par restituir el file predefinìo.",venetian,URL
"La maggior parte dei contenuti FLV (usati su siti come YouTube, Google Video, MySpace etc.) è codificata in questo formato, anche se alcuni siti usano adesso la compressione VP6, supportata da Flash a partire dalla versione 8.",standard,H.263
"Ô 1972 cu' 'o parroco don Pasquale Ascione addummase sulo chella d' 'a quarta dummeneca 'e maggio ditta ""d' 'a lavà"",ca mò se ferma 'int'a zona contrada Patacca.",neapolitan,San Giorgio a Cremano
25 (giugno 2006); Fantastic Four: A Death in the Family (luglio 2006); Franklin Richards: Super Summer Spectacular (settembre 2006); Franklin Richards: Happy Franksgiving!,standard,H.E.R.B.I.E.
"Rinto mese de Austo 2008 se Si' tenute tenenn l'olimpiadi a Pechino e sempe 'a RAI have fatto li stessi ccose cu l'europeje, ma ha accuminciato a mettere miezzo o' 16:9 pure 'ncopp o' satellite e, in streaming 'ncopp-a l'internett.",neapolitan,16:9
Sulu l'apparizzioni di nu ring uccidintali e di li divisioni sèmmira èssiri signu di mudirnitati.,sicilian,Puggilatu birmanu
"I scontri interni avegnui tra democrateghi e oligarcheghi drento ła polis, i ga portà a ł'exiłio dei secondi; questi, parò, i ga asedià ła polis tanto che i democrateghi i ga dovesto domandar socorso prima a Corcira, quindi a Corinto.",venetian,Durazo
Napoli N) Il credulo deluso (aut.1774,neapolitan,Giovanni Paisiello
De'l 2003 a l'è vizepresidenta de'l Linkspartei.,lombard,Katja Kipping
Sta famusa pràtica di scherma di li manu e di li pedi nudi acchianassi a lu sèculu III quannu li mònachi vulìanu ntrattinìrisi e difinnìrisi.,sicilian,Puggilatu birmanu
In quèj casi chì el procèss a l’è de tipo dinàmich.,lombard,Tajà foeura
"Nta li stati cu parramentu bicammarali, e ntô parramentu fidirali, dî luci vìridi e russi cullucati vicinu â division bell lampìanu pi nnicari quali càmmara veni chiamata.",sicilian,Division Bell
El xe presente el petrolio.,venetian,Gabon
I conserti i se dezvolze in Austrałia da'l 29 de novenbre a l'8 de desenbre.,venetian,G3 (grupo muzicałe)
"Sua madre lo convinse che con l'abbandono alle deità di Hindu e Krishna poteva riavere quest'esperienza totale, così divenne un devoto sincero di Krishna Bhakti.",standard,H.W.L. Poonja
"Al tœ 'l nom dal fiseg e injegner irlandes William Thomson, nominad baron col nom de Lord Kelvin.",lombard,Kelvin
Nelle registrazioni che seguono cominciano a suonare altri musicisti.,standard,Scena di Canterbury
Napuliòne scassaje 'a nova coalizzìona antifranzese accussì avette pure l'appoggio d’’o zar d’’a Russia Lisandro I.,neapolitan,Napoleone Bonaparte
"I soldaa del Germanich hann lodaa el Tiberi cont el nòmm de Imperator, e hann faa sù on tumul sora el qual hann mettuu i arm di vingiuu, come se fussen on trofeo, e on'iscrizion che la signava i nòmm di pòpol battuu (de segur gh'eren Cherusch, Fos e Dulgubin, ma fòrsi anca Longobard e alter nazion de la region).",lombard,Battaja de Idistavis
L'autore raccontò in varie interviste che il romanzo nacque in conseguenza alla difficoltà di trovare un nuovo soggetto dopo Il libro di Daniel.,standard,Ragtime (romanzo)
"Ne Il richiamo di Cthulhu (1926), Lovecraft scrive: Nei suoi scritti la ricerca della conoscenza proibita guida molti dei personaggi principali; tuttavia questa ricerca, sebbene eroica, si rivela spesso disperata.",standard,H.P. Lovecraft
"La Ceza ortodosa copta ła ze na ceza cristiana miafizia (inpropiamente ciamada monofizia, definision no acetada dai copti e gnanca dai etìopi).",venetian,Cristianèzemo
Participaru midemma a rassegni di mùsica ètnica quali lu Festival dello Stretto e nta lu 2009 a lu “Kaulonia Tarantella Festival” diriggiutu di Eugenio Bennato.,sicilian,Hantura
"Se pensa che la prima gesa de Trigint la sia nassuda in età longobarda (secol VI - VIII), dedegada al Sant Steven Protomartir in de la Piev de San Giulian.",lombard,Medija
"Su u simbul ru hitodama (人魂 o 人玉), dd'alme re quire ch'ène morte re recente.",neapolitan,Cucce-mannèdde
Roma - Lu Papa Binidittu XVI accuminza oi lu so primu viaggiu ntirnazziunali jennu a la XX Jurnata Munniali di la Giuvintù.,sicilian,Austu 2005
"'e Gennaro Righelli (pure suggetto e sceneggiatura) 1947: Lo sconosciuto di San Marino, 'e Michal Waszynski e Vittorio Cottafavi 1947: Cuore 'e Duilio Coletti (pure 'a produzzione e sceneggiatura) 1947: Natale al campo 119 'e Pietro Francisci (pure sceneggiatura e supervisione regìa, non accreditata) 1947: Sperduti nel buio 'e Camillo Mastrocinque 1949: Domani è troppo tardi 'e Léonide Moguy (pure consulenza tecnica 'a regìa, nun ricanusciuta) 1951: Buongiorno, elefante!",neapolitan,Vittorio De Sica
"Rivando al ascensore, i mostri lavai el serveło e el boss finałe, Dadadukyeong, i se mostra.",venetian,Garten of Banban
Chestu principi al guvernaress ul sistema pulítich Europé dapress la cagüda da Napoleon.,lombard,Klemens von Metternich
"El protestantèzemo el zera nasesto inte l'interno de ła Ceza catòłega dopo de ła reforma protestante inte el XVI secoło, separàndose dopo in vàrie rame.",venetian,Cristianèzemo
Chistu succedette pe' ll'eruzione d' 'o 1868 e d' 'o 1872.,neapolitan,San Giorgio a Cremano
"Anche giochi e videogiochi hanno tra le proprietà caratteristiche elementi che richiamano la filosofia e l'universo lovecraftiano; tra questi vi sono Alone in the Dark, Shadow of the comet, Prisoners of ice, Call of Cthulhu: Dark Corners of the Earth, Sherlock Holmes: il risveglio della divinità, Dark Project: L'ombra del ladro, Kirby, Il richiamo di Cthulhu, Delta Green, Amnesia: The Dark Descent, The Witcher, Silent Hill, Darkest Dungeon, Tales of Symphonia, Alan Wake, Bloodborne, Eternal Darkness: Sanity's Requiem, The Vanishing of Ethan Carter, Terraria, Conarium, World of Warcraft, The Sinking City, Darkness Within: Sulle tracce di Loath Nolder.",standard,H.P. Lovecraft
"Grazzî a sti linìi di parintatu lu re anglusassoni Eduardu lu Cunfissuri (figghiu di na nurmanna) avìa pututu scippari ntô 1042 la curuna dû figghiu di Canutu (Knut) lu Granni, raffurzannu la prisenza nurmanna ntâ Ngriterra; nfatti s'attruvàvanu assai nurmanni ntâ sò curti.",sicilian,Nurmanni
"Il 23 aprile abbatté un Albatros D.III e divenne asso dell'aviazione, con 5 vittorie al suo attivo.",standard,Joseph Fall
"Dopo tri mes senza ciamàll, la torna al Distrett, indova però gh'è ona capa assee severa, ma la sutta  a indagà per di vij travers, semper cont el jutt del Castle, tornaa in Polizia grazia a la sò amicizia cont el Sindegh.",lombard,Kate Beckett
"Castiello 'e Cisterna è nu comune 'e 6.734 crestiane d""a pruvincia 'e Napule.",neapolitan,Castiello 'e Cisterna
"D""o Baianese fanno pparte pure 'e Munte Avella, ca 'nturniane 'o territorio a nord e a est.",neapolitan,Baianese
"Sti territorie erano chiammate ""Foris Flubeum"", pe' 'nnica' ca erano spartute â Napule pe' ô ll'antico sciummo Sebbeto.",neapolitan,San Giorgio a Cremano
"Aroppo, però, na forta eruzziòne d' 'o 1631 coglie malamente San Giorgio, distruggenno 'o centro citadino, 'a chiesa 'e S.Maria d' 'o Principio e tutt’’e documiente storiche ca esse cunzervava.",neapolitan,San Giorgio a Cremano
"Cuasi tuti i afrischi i xe stà aspotà: pa serti xe sta doprà ła tecnica del strapo, invese i xe sta stacà dopo ła demołision del muro de drio in maniera de conservare tuto el spesore de ł'intonago che el xera dipinto.",venetian,"Viła Valmarana ""Ai Nani"""
"Una volta corretti gli errori e aver integrato la sua ""vecchia"" copia, Barlow riuscì a stampare il taccuino grazie all'interesse di due tipografi di Lakeport (California), e la prima edizione vide la luce nell'estate del 1938, non senza omissioni ed errori di vario genere.",standard,H.P. Lovecraft
"Lu  nomu putissi vèniri di la palora greca daimon ca havi pi significatu  ""dèmuni"" ntô sensu di ""divinità"".",sicilian,Demenna
"Beneviento surge 'int'â pparte meriddiunale d’’o Sannio, 'int'ô territorio nzerrato d’’e vvallate d’’e sciumme Ofanto, Calore e Sabato, accupata a ll'ebbroca d’’e Sannite irpine.",neapolitan,Beneviento
"H.P. Lovecraft, su AllMovie, All Media Network.",standard,H.P. Lovecraft
"La parola siciliana bastasu è usata pi n'omu sgarbatu, chi dici mali paroli, chi non canusci la bona crianza.",sicilian,Bastasu
La càmara principal la xe de drio de 5 megapíxel col flash LED co na rejistrasion de video in 1080p.,venetian,Galaxy Nexus
El gh'hà 'na scòrza spèssa e di frut pussée larg di alter kumquàt.,lombard,Kumquàt
"Rinta a lengua nnapulitana, 16:9 se dice Sirece Nove, o sinò Sirece-a-Nnove.",neapolitan,16:9
"Ea Calbarina ea ze na zona intesa quea de Galzignan no de Moseexe, vizin a Val Pianzio.",venetian,Galzignan Terme
"Collaboratore di Guglielmo Marconi, fu pioniere dell'uso della radio in aviazione: ideò e costruì gli impianti ricetrasmittenti dei dirigibili Norge e Italia per le spedizionei polari di Umberto Nobile e per la crociera transatlantica di Italo Balbo del 1933.",standard,Algeri Marino
Ma in del 1942 hinn tornaa i todesch.,lombard,Kerč
"Considerando invece la sua intera carriera militare, si stima un numero di circa 300 feriti salvati, compresi alcuni soldati nemici.",standard,Desmond Doss
"Le bràtee envolücràle i è lanceolàde-otüze e scariùze a l'òrlo, bèle tacàde giöna a l'ótra.",lombard,Tanacetum vulgare
"La Kerria la preferìss la posizión al sol in di clima frècc, a la mèzza ombrìa in di clima pussée bon.",lombard,Kerria japonica
'e Manuel De Sica (1983) Parlami d'amore Mariù.,neapolitan,Vittorio De Sica
Paper è una ragazza magra che poteva allungarsi come Plastic Man.,standard,H.I.V.E.
"""Geographische Geschichte des Menschen und der vierfüßigen Tiere"", Lipsia 1778-83 ""Über die Kompressibilität und Elastizität des Wassers"", Lipsia ""Frankreich und die Freistaaten von Nordamerika"", Berlino 1795 ""Allgemeine Übersicht Frankreichs von Franz I bis auf Ludwig XVI"", Berlino 1800 ""Taschenbuch der Reisen"", Lipsia 1802-13",lombard,Eberhard August Wilhelm von Zimmermann
"Dopo 'na dura resistenza, la città l'è stada ciappada di todesch in del november del 1941.",lombard,Kerč
"Foster (1949) Inferno di fuoco (Hellfire), regia di R.G.",standard,H.B. Warner
Poje 'int'a primma dummeneca 'e maggio 'a statua veneva purtata â parrocchia.,neapolitan,San Giorgio a Cremano
Lu sbarcu accuminzau ntê matinati ntî tutti li spiaggi dû sud dâ Sicilia dâ Licata  spiaggi di Mollarella e Poliscia nzinu a Portupalu e Marzamemi.,sicilian,Opirazzioni Husky (1943)
"I citatini di Gela e Kamarina, nun avennu cchìu fidi n Dionisiu, s'uneru a li citatini di Girgenti a Lintini.",sicilian,Battagghia di Gela (405 a.C.)
Sta virsioni cunteni i dui album ra sulista du cantanti e nu CD bonus.,sicilian,Freddie Mercury Solo Collection
"El xe spoxà co Ingrid Salvat, xe pare de tre fiòi, Valerio, Flavio e Margot.",venetian,Luca Barbarossa
"Stavota però fujeno 'e Rummane ad averla abbenta, scunfiggenno uno ad uno tutte 'e alleate d’’e Sannite e furzanno nzin' chiste a nu trattato 'e pace attuorno ô 290 a.",neapolitan,Beneviento
"Napuliòne cagnaje adoppo ca murette 'o pate, Carlo Maria Buonaparte, 'o cugnomme in Bonaparte pochi juorne primma 'e se spusà cu Giuseppina e partì p’’a campagna d'Italia.",neapolitan,Napoleone Bonaparte
"Di Grecia, l'arti, la littiratura e la filusufìa nfluinzaru la vita dî culoni.",sicilian,Magna Grecia
"Napuliòne Bonaparte (Napoleone Bonaparte - Ajaccio, 15 'e aùsto 1769 - Isola 'e Sant'Elena, 5 'e maggio 1821) fuje nu puliteco e militare francese ca facette 'o Primmo Impero francese.",neapolitan,Napoleone Bonaparte
"E poeu in del 1318 hinn rivaa i Genoves, che l'hann fada vegnì ona soa colonia col nomm de Cerco.",lombard,Kerč
Chistu carro veneva purtato â quatto cavalle e girava sia 'int'a dummeneca primma d' 'o 23 'e abbrile ppe' distribuì 'e premie (ex vote)a ll'abbitante d' 'e paise avvicine e sia 'o juorno d' 'o 23 'e abbrile p' 'e sangiorgese.,neapolitan,San Giorgio a Cremano
Venette pure garantito 'o divorzìo pure si fuje fatte addeventà cchiù difficile rispetto all'epoca rivuluzziunaria.,neapolitan,Napoleone Bonaparte
"El ghe sferla la panscia cont un folciot, e en sortiss fœura la Capin ross con la mama granda.",lombard,La piscinina Capin ross
"'E Sannite, nfra 'e primme popule autoctone a chiammarse ""Taliane"", erano na cunfederazione 'e ggente, descennente 'n granne parte d’’e Sabelle e  perze ncopp’’e nu territorio granne attesato nfra 'o Tirreno e ll'Adriatico.",neapolitan,Beneviento
"Quannu murìu l’Abati Faustu, li monaci jeru nò viscuvu Giuvanni pi l’elezioni dû novu abati; chiddu fici chiamari Zosimu e lu fici parrinu e abati.",sicilian,San Zosimu viscuvu
Uno dei suoi ruoli più celebri fu quello di Gesù ne Il re dei re (1927) di Cecil B. DeMille.,standard,H.B. Warner
"In serti casi, inte te el isteso  individuo, pol esserghe carateristiche tanto del mastcio fa de la femena: sto fenomeno al ze ciamà ermafrodismo e al se verifica de solito inte un serte piante, in tanti verm e inte serti moluschi.",venetian,Sesso
"Ła so portada de l'acua ła ze tanto całà inte i ani de deso, par colpa del sfrutamento de łe acue (sue e del Yarmuk).",venetian,Zordan (fiume)
L’inglexe xe la lingua oficial.,venetian,Gana
L'ha descovert anca i gius gastregh e l'eco-localizazzion di tegnoeule.,lombard,Lazzaro Spallanzani
"La sità la gavea alora el Parlamento, ufisi governativi, la posta el telefono, la sentrale eletrica, la stasion de polisia, e 1000 case par la zente.",venetian,Gaborone
"Si pò vìdiri, a arcuni di li sò vittori, àutri di li rapprisintazzioni di armali (àcula, cobbra, pantera, tigri, ecc.) simmulizzannu forza e curaggiu.",sicilian,Puggilatu birmanu
"Chisti vìnniru nummirati 1, 2 e 3.",sicilian,Division Bell
"Giorgio a Cremano, Centro studi La Pira, 1996 I Fatebenefratelli, ""Noi ragazzi sangiorgesi degli anni ’40"", 1996.",neapolitan,San Giorgio a Cremano
El 16 de novenbre 2011 Google ga łansà Google Music inte i USA co un proprio negosion virtuałevi ndove che jera posibiłe conprar mùzega e na integrasion del servisio co Google+.,venetian,Google Play Musica
"U primu nome sou, su documenti e mappe geografiche de lu passatu era Noe, ma avenu puru addhri documenti ndu la chiamanu Noia.",sicilian,Nove te Galatina
Al 1992 le lettere non erano ancora state pubblicate tutte.,standard,H.P. Lovecraft
"In chela citàa chì, gh'è nassüda l'atùra Anna Falchi.",lombard,Tampere
Ste contendesta ła zera finia inte el IV secoło co ła conversion de l'Inperator Costantino I el cuało el ghea orgsnizà el Conciłio de Nicea par far vegner fora na soła corente e descansełar tute chełe altre.,venetian,Cristianèzemo
"Editrice, 1983 Giuannii Alagi, ""San Giorgio a Cremano: vicende - luoghi"", cu' note biografiche e scritti inedite 'e Davide Palomba, a cura 'e Giovanni Coppola, San Giorgio a Cremano - Parrocchia Santa Maria d' 'o Principio, Napule 1984 Giacinto Fioretti, ""Comune di San Giorgio a Cremano: in ricordo di E.",neapolitan,San Giorgio a Cremano
El portamènt l'è bèl drit e i gamp i è ramùs e striàcc endèla part piö àlta.,lombard,Tanacetum
Chesta tecneca vene mo apprecata pure a ll'ucchiarone acchiarie.,neapolitan,Ucchiarone
"Quand che l'ost l'ha vedüü l'imperadur lecass i barbis e andà tüt in moga magoga, 'l gh'ha dii ""Obr des isch do lai a schmarrn"" (Ma chela pitansa chi l'è dumà un schmarrn) e l'Imperadur el gh'ha respundüü: ""Sicher, aber a Kaiserschmarrn"" (Segür, ma un schmarrn (dign d')imperadur"").",lombard,Kaiserschmarren
"Probaivlament, mia d’òman da stat I è staa aprezziaa e inzültaa compagn ul Metternich.",lombard,Klemens von Metternich
C. ze tròvane a ciért paise ca mo ze chiámane Anshan é Susa.,neapolitan,Zagros
Peterburg) Lo sposo burlato (24.7.1778 St.,neapolitan,Giovanni Paisiello
"El primo stabiłimento produtivo el zera stà costruìo inte’l 1950, ma soło co ła vertura de'l stabiłimento de Cosio Valtellino (SO) inte’l 1966 ła destribusion de i biscoti e de i altri prodoti, che ormai se estendeva par tuto el nord Itałia, ła pol èsar suportada.",venetian,Galbusera
Naturalistes Moscou 30(2): 92 (1857) Asparagus altilis (L.) Asch.,venetian,Asparagus officinalis
"H.P. Lovecraft, su The Encyclopedia of Science Fiction.",standard,H.P. Lovecraft
Napoli N) La frascatana (aut.1774,neapolitan,Giovanni Paisiello
Havi nu nzemi limitatu e cumplitamenti rigulari d'affissi pruduttivi pâ dirivazzioni di palori di rutina.,sicilian,Lingua franca nova
"La parola bastasa è usata pi na fimmina di mali crianzi, chi dici mali paroli.",sicilian,Bastasu
La GNU FDL la xe stà creà par distribuir la documentasion de software e material didatico.,venetian,GNU Free Documentation License
"Sposò la contessa ungherese Giuliana Batthyány von Németújvár (oggi Güssing), proveniente da una delle più importanti casate del regno danubiano, da cui ebbe: Albertina Leopoldina Guglielmina Giulia Maria di Montenuovo (1853-1895), sposata con il conte Sigismondo Wielopolski; Alfredo Adamo Guglielmo Giovanni Maria, II Principe di Montenuovo (1854-1927), sposato con Francesca Kinsky von Wchinitz und Tettau; Maria Sofia Guglielmina Giacinta di Montenuovo (1859-1911), sposata con il conte Antonio Apponyi de Nagy-Appony.",standard,Guglielmo Alberto di Montenuovo
"Proprio in seguito a questo atto contrae una grave malattia polmonare che lo conduce in poco tempo alla morte, all'età di 23 anni.",standard,Mario Fani
"Il 21 agosto hanno dichiarato che il nuovo cantante sarà Erik Grönwall e con lui hanno pubblicato il loro terzo album in studio ""Address The Nation"" uscito il 28 marzo 2012.",standard,H.E.A.T
Li currenti di lu Virus d'anfruenza A sunu catigurizzati a sicunnu di li dui prutiini truvati supra a supirfici di lu virus: emagglutinina (H) e neuraminiddasi (N).,sicilian,Nfluenza A suttatipu H1N1
Oji 'n Talia esistunu nummirusi circulu cumu Il Cassero a Bulogna ntâ 1986 a livellu nazziunali.,sicilian,ArciGay
"Ciutat de Mallorca, Moll, 1960.",neapolitan,Joan Fuster
Brian Mai dissi: “ Pi puru casu c'èranu dî tavuli unni riggistràvamu e pinzai ca era propriu chiddu lu sonu ca vulìa. Supra-ncidummu chiossai voti finu a uttèniri lu sonu di na massa di pirsuni ca battìa li pedi e li manu comu si fùssiru a nu granni spittàculu”.,sicilian,We Will Rock You
"Gli ascolti di Impact! continuarono a diminuire e dal 5 aprile 2010 iniziò a essere trasmesso un'ora prima di Raw, il che portò a un miglioramento degli ascolti.",standard,New Monday Night War
Contra Unamuno y los demás.,neapolitan,Joan Fuster
"Aggiustò lu tempiu dâ Biata Virgini, ca era la Catidrali e lu consacrò ntô 652.",sicilian,San Zosimu viscuvu
"Par sta motivasion łe ze dite anca ceze no calsedoniane o ceze pre-calsedoniane, o anca ceze monofizie, siben no che łe se vede èsar miafizie.",venetian,Cristianèzemo
"Caracas - Un Md-80 di la cumpagnia culummiana West Caribbean cadìu oi a Machiques, ntô Venezzuela; mureru tutti li 153 passaggeri e li 8 membri di l'equipaggiu.",sicilian,Austu 2005
Uli Jon Roth le ze stà sostituìo da Patrick Rondat inte łe date fransezi de'l G3.,venetian,G3 (grupo muzicałe)
"Poonjaji si stabilì a Lucknow, dove accolse visitatori di tutto il mondo.",standard,H.W.L. Poonja
"La Nathalie, pseudonim de Natalia Beatrice Giannitrapani (Roma, 16 de desember del 1979), l’è ona cantautris italiana.",lombard,Nathalie
"Lungh de ona sparatoria el Castle el ciappa 'na botta in testa, e 'l sogna on mond alternativ indova lu l'ha collaboraa cont on alter detective, e indova lee l'è la capitana de la polizia, e luu a l'è mezz fallii, per avè scritt no Nikki Heat ma on liber mezz romantich.",lombard,Kate Beckett
"Entrambi i tipi di propulsori erano prodotti da Aerojet, il modello R-4D era impiegato per i propulsori principali, patrimonio del programma Apollo e quelli secondari erano di tipo R-1E.",standard,H-II Transfer Vehicle
Lu càudu si nni va e accumìncianu li jurnati friddi.,sicilian,Autunnu
"Fuje a chillu periodo ca 'a cità addivintaje luogo 'e villeggiatura 'e famiglie nobbele napulitane, comme testimonieno 'e nummarose ville d' 'o '700.",neapolitan,San Giorgio a Cremano
"Aroppo, Saturno pigliaje pe mmuglièra ’a sora soja, Opi, cu ccue ha fatto seje criature, ttre fèmmene e ttre màscule.",neapolitan,Saturno (dio)
"La se troeuva poeu a gestì on cas insemma a la polizia newyorkesa, de 'n attor coppaa, e l'è assegnaa ai federai perchè l'era ona spia russa.",lombard,Kate Beckett
"Dopo aver ricevuto dalla rivista semiprofessionale Home Brew una commissione per scrivere alcuni racconti, Lovecraft nel 1922 cambiò radicalmente le abitudini quotidiane, leggendo i suoi racconti in pubblico, partecipando a conferenze, venendo nominato presidente dell'UAPA e facendo numerosi viaggi nel New England.",standard,H.P. Lovecraft
"Il disco contiene al suo interno anche gli estratti Slide e Damage e il brano promozionale Hold On, tutti messi in commercio tra il 2019 e il 2020.",standard,H.E.R.
"Parch naziunale d'Abbruzz, Lazie é Melise Alberiche da Settefrate, mònache nat'a Settefrate a gl 1100; Dénd a gl terretòrie chemunale ze predúcene vine Atina Cabbernè, Atina rusc é Atina Somigliò DOC.",neapolitan,Settefrate
Napoli SC) Il furbo malaccorto (win.1767,neapolitan,Giovanni Paisiello
Giorgio a Cambrano (cambrano vene d' 'o llatino cambre ca vô dicere cavolo).,neapolitan,San Giorgio a Cremano
"Inte’l 2014 l'azienda ła ga acuizìo da ła  Sammontana ła propietà de ła sosietà miłaneze Tre Marie Ricorrenze srl, antigo brand de ła produsion de panetoni.",venetian,Galbusera
"È nu pridaturi spicializzatu, la cui dieta è custituuta suprattuttu di fochi, spiciarmenti la foca aneddata (Pusa hispida).",sicilian,Ursu pulari
"Tuttavia, l'H.261 rimane un'importante pietra miliare nella storia dello sviluppo del campo della codifica video.",standard,H.261
Inte'l 1986 el ze stà ospite de ła trazmision Superflash prezentada da Mike Bongiorno so Canale 5.,venetian,Gary Coleman
"In del disch gh'è la participazion de Nek, di Area e de l'Eugenio Finardi.",lombard,L'Album Biango
"Appoi, cullàbburanu cu Kunsertu, Taberna Mylaensis, Re Niliu, ecc. Pi lu gruppu palirmitanu la mùsica è l'ùnicu menzu di sprissioni e miditazzioni.",sicilian,Nni' lusinghi
"UNIX el xe on sistema operatío no łibaro raquanto popołare, parché el xe basà inte na architetura che xe ga demostrà esare técnicamente stabiłe.",venetian,GNU
"Inte el 1947, i sioroti del Ghana ga fondà l’Union de la Costa de l’Oro (United Gold Coast Convention).",venetian,Gana
"I lieviti a seconda che producano o meno spore di origine asessuata si dividono in: Lieviti sporigeni, come gli Ascomiceti, dalla cui riproduzione sessuata si forma uno zigote che si trasforma in asco, cioè una struttura contenente le ascospore (il cui numero in genere è di 4, ma può variare in multipli di 4 oppure in numero inferiore).",standard,Lievito
"Rivada in semifinal, e a havégh per regolament de cimentàss cont on toch inedit, l’ha minga acetad de cantà on toch che l'era stad scrivud per lee del Pacifico (nonostant l'opinion al principi contraria de l’Elio e di alter musicista che ghe vegniven adree), e inveci l’ha volsud ascàss con ona sua canzon inedita, In punta di piedi (In ponta de pè), composta in del 2009.",lombard,Nathalie
"'A Sicilia è n'ìsula taliana, ll'isula cchiù gruossa d’’o Mar Mediterraneo.",neapolitan,Sicilia
"Il primo tratto, dalla stazione ferroviaria al centro cittadino, fu inaugurato il 2 novembre 2018.",standard,Tranvia di Milwaukee
"Avìa a èssiri la Title-Track di l'album, ma nun cc'era spazziu pi la canzuna, sparti a èssiri ancora 'n fasi di riggistrazzioni.",sicilian,Spread Your Wings
I grupi cristiani se divide par diferenti dotrine e pràteghe.,venetian,Cristianèzemo
"A la so ""Spatzenfest"", che la se tegn tücc i agn a Utuber, ghe vegn gent perfin de Kiel e de Lübeca.",lombard,Kastelruther Spatzen
"H. Beam Piper, su Discogs, Zink Media.",standard,H. Beam Piper
Li Hantura è nu gruppu musicali calabbrisi di mùsica ètnica.,sicilian,Hantura
"Cartaggini mantinìa lu chinu cuntrollu dî citati Elimi, Sicani e punichi dâ Sicilia.",sicilian,Battagghia di Gela (405 a.C.)
"'A sera 'e Cammere venettene sciuovete e fuje vutato 'o decreto ca deva 'o putere 'e tre console: Roger Ducos, Sieyès e Napoleone Bonaparte.",neapolitan,Napoleone Bonaparte
"16 furono presentati gli studenti dell'H.I.V.E. Rock, Paper e Scissors (come nel gioco d'infanzia, ""Sasso, Carta e Forbice"").",standard,H.I.V.E.
"D’’a parte 'e Bonaparte se mettetteno paricchie perzone 'e rilievo comme Roger Ducos, Emmanuel Joseph Sieyès e Paul Barras.",neapolitan,Napoleone Bonaparte
"Leonard (1938) Uno scozzese alla corte del Gran Kan (The Adventures of Marco Polo), regia di Archie Mayo e, non accreditato, John Cromwell (1938) Il vascello maledetto (Kidnapped), regia di Alfred L.",standard,H.B. Warner
"La FSF ła ga contratà anca programadori pa contribuir a GNU, anca si na porsion sostanciałe de el sviupo ła xe vegnesta fora (e ła continua èsare) prodota da vołontari.",venetian,GNU
El gà partesipà a do epizodi de ła serie mericana Buck Rogers.,venetian,Gary Coleman
"Infina, el tratt pussee ocitan (e quell pussee famos de quella parlada chì) l'è l'usagg de chié ([kje] <-EGO) inscambi de mì.",lombard,Kje
"El nome deriva dal fato che i eoropei i credea chel vegnese da ła Persia (atuałe Iran), da dove el ze stà ciapà da Sandro Magno.",venetian,Prunus persica
"Gabriel FallopiusEnçiclopedia Britannica, Encyclopædia Britannica, Inc.",venetian,Gabriele Falloppio
"'E riggine d""o nomme d""o paise nun è sicura: pô éssere ca vene d""a parola grieca Baukòs, ca significa ""allicatto"".",neapolitan,Baucina
"C., cu la citati c'arriniscìu a risistiri a lu primu attaccu.",sicilian,Battagghia di Gela (405 a.C.)
"'N sicilianu si usa u nomu giaguaru, pi via taliana, ma ca putissi èssiri fàcili u nomu ufficiali pi st'armalu.",sicilian,Panthera onca
Svèsia – (partesipando cofà presidente del Consejo d'Eoropa).,venetian,G8 del 2009
"Le responsabiłità del sovran e del goernatore zenerałe łe ze meramente serimoniałi, siben che tecnegamente i gàpia ""poderi de reserva"" traverso i cuałi i połe far decader el goerno e indir nove ełesion.",venetian,Parlamento del Cànada
Di alter vòlt inveci del procèss del tajà foeura a l’è nò compagnàa de ona variazion de la temperadura in quòta ma domà de la pression atmosferega.,lombard,Tajà foeura
E' lu monumentu cchiù rapprisintativu dû cumuni.,sicilian,Mazzarinu
"La scomincia poeu a giugà a Scarabee cont Castle, anca se lu a l'è on scrittor lee l'è pussee brava e 'l batt despess, e donca cambien gioeugh a favor del strip poker.",lombard,Kate Beckett
"In di sconter per el controll de la Penisola de Kerč, hinn mort 160.000 sovietigh.",lombard,Kerč
"Gabriella PessionBFI Film & TV Database, British Film Institute.",venetian,Gabriella Pession
Ispani (frazzioni San Cristòfuru) è situata ntâ zona custera dû Vasciu Cilentu.,sicilian,Dialettu cilintanu miridiunali
"In del fevrer del 2011 la rilassa on'intervista al Vanity Fair Italia indove tra l’alter la critega la scerna di vallete del Festivall e i trasmission de la Maria De Filippi (el talent show Amici (Amis) e ‘l reality show Uomini e donne (Omen e done) cont  el dì ciar e net che ""l’è la materializazzion d’ona bruta television che la gh’ha on’efet secondari a livell cultural (...) Uomini e donne a l’è ona sorta de cancher"", inveci Amici el ghe dariss di ""aspetative false"" ai cantant sgiovin, a spetacolarizà i persone e minga la soa musica.",lombard,Nathalie
Cu Libera cuntribbuìu 'n manera ditirminanti a l'appruvazzioni dâ liggi 109/96 supra l'usu suciali dê beni mmòbbili cunfiscati ê mafi e susteni attivamenti lu pruggettu Libera Terra.,sicilian,Rita Borsellinu
Nummirusi foru li sò nizziativi contru li attività mafiusi e l'emancipazzioni dê fìmmini.,sicilian,Rita Borsellinu
"L'attrizzatura è summaria, portu di li pantaluncini di puggilatu, mani bannati, nuci di coccu 'n modu di prutizzioni ginitali, curriggia di coriu ntra li denti.",sicilian,Puggilatu birmanu
"Tuttavia, con la pubblicazione di Get In The Ring nel 2002 per l'etichetta Supersonic Records in collaborazione con la BMG, ottengono un piccolo successo grazie alla loro cover di ""The Power"" in collaborazione con il rapper Turbo B (quest'ultimo ha eseguito anche il brano nella versione originale con gli Snap!).",standard,H-Blockx
"Tra chisti u brasilianu Antonio Carlos Jobim e lu francisi Charles Aznavour A ogni eventu annuali, oltri a nomina ri novi cumpusituri na l'Hall of Fame, vennu assignati vari premi a li prutagunisti di l'industria musicali.",sicilian,Songwriters Hall of Fame
"; Pandionidae, cu na sula speci (Pandion haliaetus) o forsi dui; spicializzati ntâ cattura dî pisci; Sagittariidae, cu na sula speci (Sagittarius serpentarius) ca si nùtrica di rèttili, suprattuttu scursuna, ca trova caminannu 'n terra; Cathartidae, i vuturi dû Novu Munnu.",sicilian,Accipitriformes
"siccomu a Liunforti c'è tanta acqua, allura ci ficiru tanti mulini ad acqua e sistemi pp'abbivirari l'ortu.",sicilian,Liunforti
"Intel 1979 ze sta fato on referendum par darghe a Galzignan la zontada de ""Terme"".",venetian,Galzignan Terme
"A Mazzarinu ci sunnu tanti festi, ma li cchiù beddi sunnu chiddi riliggiusi.",sicilian,Mazzarinu
Chissu renni a rispirazzioni difficili pi lu pazienti.,sicilian,Nfluenza A suttatipu H1N1
"El primo aprocio al mondo sinematogràfego riva cofà aiutorezista co'l film Come te nessuno mai (1999) de Gianluca Arcopinto, inte'l cuało  debuta anca cofà ator el fradeło Silvio.",venetian,Gabriele Muccino
"... (Salvatore Di Giacomo, 1893) 'A tazza 'e café (Alfonso Fiordelisi, 1894) Nun tuccammo stu tasto, duetto (Ludovico Vivenzio, 1894) 'O cavallo d' 'o colonnello (Alfonso Fiordelisi, 1894) 'O rubbinetto (Alfonso Fiordelisi, 1894) Uocchie ammennole (Pasquale Cinquegrana, 1894, interpretata per la prima volta da Gennaro Pasquariello) L'intervista, duetto (Ludovico Vivenzio, 1895) I' vurria, duetto (Raffaele Ferraro Correra, 1896, scritta per Nicola Maldacea e Amelia Faraone) Quanno chiove passe e fiche!, duetto (Alberto Ferrara, 1896) Nannì (Raffaele Ferraro Correra, 1896) Napule bello (Pasquale Cinquegrana, 1898) Santa Lucia a mmare!",neapolitan,Giuseppe De Gregorio
"È capaci ca a fini dâ stati, dû ritornu ô travagghiu e ô grapìrisi dî scoli.",sicilian,Autunnu
Pirò i difinsura rinisceru a risistìri a li attacchi ntô corsu dû jornu e a riparari li mura duranti la notti.,sicilian,Battagghia di Gela (405 a.C.)
"So mare Patricia Bernal, ła xe on'atrice e ła xe sta na modeła.",venetian,Gael García Bernal
"Lu ncontru cu musicisti di vari gènira cumpreta li Nni lusinghi di sunuritati urigginali, abbrazzannu chiddi àrabbu-siciliani, e chiddi pop-rock.",sicilian,Nni' lusinghi
"Subio dopo el protocoło, xe posibiłe spesifegare l'autenticasione (username e password) par l'aceso a ła risorsa.",venetian,URL
"Opi sarvaje solo all’ùrtemo masculo, Giove, ca luttaje càta ’o pate e llibberaje li frate suoje, Nettunno, Prutone, Junone, Cerere e Vesta.",neapolitan,Saturno (dio)
"Comu nu sport ufficiali fici parti dî Jòcura Olìmpici dû 1900 fina ô 1920, ma nun cci s'havi statu di ddu tempu.",sicilian,Tirata dâ corda
"Il primo iMac, riprendendo l'ispirazione del proprio capostipite, il Macintosh 128K del 1984, inglobava in un unico elemento il monitor, la CPU e il drive, ma questa volta il computer si distingueva per le linee curve e la scocca realizzata con plastiche trasparenti e colorate.",standard,IMac
Chèle piö bàse le g'ha 'l gambì e chèle piö 'n alt i è sèsii.,lombard,Tanacetum balsamita
Cu' 'e parroche don Donatello Buono e don Gabrièle de Luciàno 'a prucessione veneva probbabilmente 'a dummeneca aropp'o 23 'e abbrile.,neapolitan,San Giorgio a Cremano
"'Maglev:’’A ferruvia 'a levitazione magneteca è nu sistema muderno e sperimentale fin'a mmò ausàto in Giappone, Germania e Cina.",neapolitan,Ferruvia
"Ànnu statu misu, ntô passatu, puru nta l'òrdine Ciconiiformes.",sicilian,Accipitriformes
"I sò amis pensen che lee la voeur mazzà el senator, e donca la cerchen, per calmàss quand che capissen che l'è suceduu nagott de gramm.",lombard,Kate Beckett
"Fuje generale dint'a rivuluzzione franzesa e cummannaje 'a Franza d’’o 1799, fuje Primmo console d’’o nuvembre d’’o 1799 'o maggio 1804, fuje 'mperatore d’’e francise cu 'o nomme 'e Napoleone I, fuje pure presidiente d’’a Repubblica Taliana d’’o 1802 'o 1805 e fuje pure rre d'Italia d’’o 1805 'o 1814.",neapolitan,Napoleone Bonaparte
"Distribuìo anca inte i Stati Unìi durante l'istà sucesiva, el ze inserìo da ła çełebre rivista de sìnema Entertainment Weekly tra i diezi mejo titołi de l'ano.",venetian,Gabriele Muccino
'Ndô 1792 se rifiutaje 'e turnà a servì dint'a ll'armata 'e Franza accussì fuje creduto nu disertore.,neapolitan,Napoleone Bonaparte
I crimin de la forza de occupazion todesca hinn staa presentaa anca al Process de Norimberga.,lombard,Kerč
Ll'eviente custregnetteno Wang a arrennerse ma avesseno purtato 'nseguito â uerra civile cinese.,neapolitan,Kuomintang
"L'è verta dal 1951, quand che Volčansk a l'era nanca ona città, titol avuu in del 1956 dopo avè superaa i 36'000 abitant.",lombard,Tranvia de Volčansk
L'angulu cchiu' a nord de la mmasseria tene mura de ddo' metri: e' probabile ca prima de lu conventu ìa na torre de presidiu rumanu.,sicilian,Nove te Galatina
Incoeu Taiwan a l'è recugnussuu domà de 23 govern.,lombard,Taiwan
"La LAN in cui sono connessi i terminali H.323, può essere un semplice segmento o un anello, o segmenti multipli (è il caso di Internet) con una topologia complessa, cosa che può condizionare un rendimento maggiore o migliore.",standard,H.323
"La ciapa part al spetacol televisiv de Elio e le Storie Tese, Il Musichione in su Rai 2, e a la serata Una notte per Caruso - Premio Caruso 2014 (Ona not per el Caruso – premi Caruso 2014) in su Rai 1.",lombard,Nathalie
"Sta idea a se conoze in Inglexe come copyleft -'sanco de copia'- (in lanpra oposision a copyright -'dreto (e dirito) de copia'-), e ła stà contenúa inte ła Licensa General Piovega de GNU (GPL).",venetian,GNU
"I Gong si impongono con una musica pirotecnica, dove la sperimentazione e la psichedelia si fondono con spassosi testi anarchici e dissacranti, una specie di dadaismo musicale che non aveva simili in Europa.",standard,Scena di Canterbury
Ol Platichthys flesus cognusìt col nòm de sfòia o de sföia in cremunés l’è ü pès eürialì de la famèa Pleuronectide.,lombard,Platichthys flesus
"Cchiù grussiciello, furmaje nu cumplessine e pigliaje 'o nomme 'e Eduardino 'e Casanova, e accumminciaje pure a cantà.",neapolitan,Eduardo De Crescenzo
'Tram:’’O tram è uno d'e cchiù viecchi sistemi ferruviari d'o munno e uno d'e primmi a sperimentà l'elettrificazione.,neapolitan,Ferruvia
"Nelle sue lettere e nei racconti si ritrovano riferimenti al pericolo giallo, la paura che le persone asiatiche possano invadere l'Occidente e ottenere il dominio del mondo, ad esempio ne L'orrore a Red Hook (1927), dove ""immigrati dagli occhi a mandorla praticano riti innominabili in onore degli dei pagani alla luce della Luna"", e Lui (1925), dove al protagonista viene dato un assaggio del futuro: gli ""uomini gialli"" hanno conquistato il mondo, e ora ballano ai loro tamburi sulle rovine dell'uomo bianco.",standard,H.P. Lovecraft
"'A Carboneria, ca nascette poco aroppo, truvaje 'e primme iscritte pùre 'int'a 'sta cità ch'accussì dette 'o contribbuto suojo p' 'e mote d' 'o 1820.",neapolitan,San Giorgio a Cremano
U so muzzicuni è accussì putenti ca po rùmpiri chî denti a scorcia dî pisciacozzi.,sicilian,Panthera onca
"Troeuven poeu on'altra donna in pericol, che al principi la voeur no vess juttada ma poeu la accetta e la ciama la Beckett, che l'è però drogada e portada via del ver triplo omicida, intant che la dottora la scappa cont el sosia del distrett.",lombard,Kate Beckett
"A National Academy of Popular Music è l'organizzazzioni ca suvrintenni u prugettu SHOF e si dedica a promuoviri i novi talenti ntô campu di la prufissiuni ri cumpusituri ri canzuni, attraversu a promozzioni, l'organizzazioni ri corsi, ri gruppi ri travagghiu e seminari, l'erogazioni ri burzi ri studiu e l'assistenza e l'aiutu dintra l'industria discugrafica.",sicilian,Songwriters Hall of Fame
L'agricultura la se saria de conseguensa xvilupada sirca 10.000 anni fa traverso la domesticasion.,venetian,Agricultura
El corespondente àlbun el ze G3: Rockin' in the Free World.,venetian,G3 (grupo muzicałe)
Pe' dduje anne l'Europa avette finalmente 'a pace.,neapolitan,Napoleone Bonaparte
El blù el ze l'àcua del Batézemo cofà anca ła fedeltà de Jezù.,venetian,Cristianèzemo
"In quell cas chì, i segn varen inscì: Š: [ʃ] denanz a consonant.",lombard,Kje
In del fevrer del 2011 la cantanta l’ha ricevud anca ona candidadura ai TRL Awards 2011 in la categoria Best Talent Show Artist.,lombard,Nathalie
"A la fin però la Alexis la resta a cà, e la Kate la riva dal Castle, che la invita a mangià cont lor e la basa spassionatament innanz de la sò mama e de la sò fioeula.",lombard,Kate Beckett
"Duranti la secunna guerra munniali, lu 10 di giugnettu 1943 li forzi anglu-miricani sbàrcuno ntê costi dâ Sicilia.",sicilian,Opirazzioni Husky (1943)
"Restano la forma, lo spessore e tutti gli optional del modello precedente; anche questo è venduto in due versioni, con schermo da 17 e 20 pollici e con processori rispettivamente da 1,83 e 2,0 GHz, entrambi con FSB da 667 MHz.",standard,IMac
"So el palco de l'Ariston el se ezibise prezentando ła canson L'amore rubato, un toco che'l parla sensa remore so l'atuałe tema de ła viołensa sesuałe e che'l ghe fa ciapar el terso posto.",venetian,Luca Barbarossa
"Tiempo fa veneva cacciato pe ll'uoglie e p'â carne, ma ogge è prutietto.",neapolitan,Lamantino
Di recent analisi filogenetich suggerìssen però che l’è mèj a mèttej denter de noeuv ind el gener Citrus.,lombard,Kumquàt
"Dixendo in manjiera ciara che doparando na laorasion agricola intensiva masa spenxua, la xe na roba negativa e che ghe xe na continua cresita dei fabixogni de magnar mondiali, la neçesità de tegner basi costi del magnar, le tere coltivàbiłi che le vien senpre manco e l'exijensa de coltivar anca inte le xone andove saria mejo no farlo (a volte anca incuinae) e de dover otegnere prodoti de alta cualità nutrisional, ste situasion le mete i operadori davanti a na sfida granda.",venetian,Agricultura
"Carr e Wolfgang Diehr Time Crime, di H.",standard,H. Beam Piper
– Maguey Centuspati di Palmer Agave parryi Engelm.,sicilian,Agave
"Per eliminare il gruppo provarono ad assoldare il mercenario Deathstroke, che però rifiutò l'offerta.",standard,H.I.V.E.
che pian pian le divegneva senpre pì grandi e che col tenpo le ga scumisià a struturarse faxendo vilaji e çità.,venetian,Agricultura
"'E dialette 'e na lengua, comme 'a lengua napulitana, nun se ponno nzignà cu precisione pecché ce sta sempe na lenza 'e transiziona cchiù o meno grossa (eccetto int'a chilli dialetti 'e ll'isule, giustamente).",neapolitan,Spartenza dialettale d''e varietà lenguistiche tipo napulitano
"'O tiempo  medio d’’o mese cchiù cavero (Luglio) è 'e 24,7 C°.",neapolitan,Beneviento
Anca la gesa de Sant Steven a Trigint la saria stada fada su de lor.,lombard,Medija
"Arcuni vìnniru diriggiuti contra àutri Cristiani, comu la quarta cruciata contra Custantinòpuli e la cruciata albiggisa contra li Catari dâ Francia Miridiunali. ‘N senzu cchiù anchiu, lu tèrmini ""cruciata"" pò èssiri usatu pi ndicari na quarsiasi guerra dichiarata pi mutivi riliggiusi (vidi guerra santa), o videmma p’arcuni campagni riliggiusi, idiulòggichi o suciali (p’asempiu, ""cruciata contra l'abbortu"", ""cruciata contra lu fumu"").",sicilian,Cruciati
"Inte'l fratenpo Muccino cura ła rezia de alcuni famozi spot publicitari par Aperol, San Benedetto, Vodafone, Nescafé, Pagine Gialle, Telecom, Granarolo, Pepsi, TIM, Wind, Findus, Intimissimi, FIAT e Lancia, un curtometrajo ispirà a La dolce vita dal titoło She Was Here e un altro par Peroni Nastro Azzurro UK, dal titoło Senza Tempo.",venetian,Gabriele Muccino
"Lu votu di scànciu si pò fari macari nta na manera menu gravi, attraversu gruppi ca hannu na qualsiasi nfruenza, comu p'asèmpiu cìrculi pô jocu, e culturali, mpriditura, assuciazziuni, enti riliggiusi.",sicilian,Votu di scànciu
A Napuliòne nun ô putevano vedé né 'e giacubbine né 'e realiste ca 'o consideravano 'n'usurpatore d’’o rre Luigge XVIII.,neapolitan,Napoleone Bonaparte
El viałe de entrada ała viła se dirama prorio da ła strada par ła Rotonda distante puchi sentenari de metri.,venetian,"Viła Valmarana ""Ai Nani"""
"Donca la comincia a ciciarà cont el Castle in sui primm contatt, i primm resiaa, i primm contatt fisegh e l'amor, e a la fin la se preoccupa cont el sperà che 'l vaga tutt ben.",lombard,Kate Beckett
"I DVD cumprennìnu nu video collection runni vennu ripurtati tutti i videoclip ra sulista ri Freddie e u documentariu Freddie Mercury, the Untold Story, runni attraversu a vuci ri parenti, amici e culleghi veni vissuta a vita ri Mercuy.",sicilian,Freddie Mercury Solo Collection
"'A morte 'e Numma Pumpilejo, ca abbenette pe' cavesa naturale, purtaje 'o Senato rumano a annummena' a Tullo Ustilejo.",neapolitan,Regno 'e Romma
"Nel marzo 2010, la federazione di wrestling Total Nonstop Action Wrestling spostò il suo programma televisivo settimanale, Impact!, dalla messa in onda il giovedì alla messa in onda del lunedì sera.",standard,New Monday Night War
"Il romanzo Uller Uprising ne è l'esempio più chiaro, essendo basato sulla rivolta dei Sepoy.",standard,H. Beam Piper
"Li ncursioni dû ginirali sarausanu n esiliu, Armocrati, nnî tirritori punichi ntornu Mozzia e Panormus, causaru lu nterventu di Cartaggini n Sicilia ri Annibali Maguni.",sicilian,Battagghia di Gela (405 a.C.)
"In natura, l’alber el tend a vèss piscinìn e nàn, inscì de vèss adàtt de vèss coltivàa in vas e di vòlt anca per la coltivazión 'me 'nbonsaiModell:Cn.",lombard,Kumquàt
"Wooley, torna sul tema del razzismo, sostenendo apertamente la tesi per cui le uniche differenze che portano l'essere umano ad appoggiare idee razziste sono culturali, portando come esempio ipotetico il caso di un neonato giapponese che, operato per assumere lineamenti occidentali e allevato in una famiglia americana, secondo lo scrittore arrivato all'età adulta sarebbe pressoché indistinguibile, dal punto di vista del comportamento e degli istinti, dagli altri giovani statunitensi ""di pura razza nordica"".",standard,H.P. Lovecraft
Milanu - Murìu stanotti lu famusu spluraturi Ambrogio Fogar; avìa 64 anni e di lu 1992 vivìa paralizzatu pi un incidenti di màchina ca ci avìa succidutu nnû disertu di lu Turkmenistan duranti lu raid Pariggi-Mosca-Pechinu.,sicilian,Austu 2005
"Tutavia, l'autenticasion in URL xe estremamente riscìoxa in quanto łe credensiałi de aceso łe vien inviàe al server in cìaro.",venetian,URL
Semper in del 1469 l'è testimoni de 'n at del Galeazz Maria Sforza indova che 'l stabiliva la sucession ereditaria con la mier.,lombard,Giovann Antoni Cotta
"'E ccanzone 'int'â lengua siciliana songo: Pinseri, Jusu e susu, e Ciavula.",neapolitan,Agricantus
"Inscì el Bilbo, anca se 'l gh'ha minga tanta voeuja de fàll, el partiss con la compagnia.",lombard,Bilbo Baggins
Un'appendice della Scena di Canterbury è costituita dalla nascita del gruppo anglo-francese dei Gong nel 1969.,standard,Scena di Canterbury
"Tanacetum balsamita l'è 'na piànta erbàcea perène de la famìa botànica de le Asteraceae, cunusìda apò a col nòm popolàr de èrba amàra o èrba cazonsèla.",lombard,Tanacetum balsamita
"La se esibìss in su diversi palch de la scena romana, e la ten anca on concert in la cort de la sezzion feminil de la preson de Rebibbia.",lombard,Nathalie
"Nel primo e doppio episodio della serie Dr. House - Medical Division dal titolo Piegato, della sesta stagione, si può sentire Gregory House cantare la prima strofa di He is an Englishman durante la falsificazione di un test delle urine atto a dimostrare che prendesse gli psicofarmaci prescritti durante la sua permanenza nell'ospedale psichiatrico.",standard,H.M.S. Pinafore
Fujene assaje 'e battaglie fatte cu ll'austriace e cu 'e piemuntese.,neapolitan,Napoleone Bonaparte
Solo n'capo a Puglia se reggistrano valori medi assaje chiù bassi 'e circa 500 mm.,neapolitan,Avellino
"'O centro cittadino addumase però 'a parte aveta, addo' pe'tramente 'a chiesa 'e San Giorgio viecchio pigliava a forma 'e mò a tre navate a stile gotico.",neapolitan,San Giorgio a Cremano
"Lo si ricorda come il colonnello James A. Nielsen in Bulldog Drummond in Africa (1938), il farmacista Gower de La vita è meravigliosa (1946) di Frank Capra, nonché per la rapida apparizione, nella parte di se stesso, in Viale del tramonto (1950) di Billy Wilder, nella scena della partita a carte con Gloria Swanson, Buster Keaton e Anna Q. Nilsson.",standard,H.B. Warner
"Ditongazion descendenta de Ē tonega: MENSE -> [mɒjz] (cf. pms. mèis, [mɛjz]).",lombard,Kje
'E chiopette appassano 'e 800mm ll'anno e se manifestano specialmente dint'ê staggiune autunnale e viernale.,neapolitan,Beneviento
"Nel 1930 Lovecraft intrattenne per la prima volta rapporti epistolari con Robert Ervin Howard e Henry S. Whitehead, diede luce al romanzo breve Colui che sussurrava nelle tenebre e conobbe, sempre per via epistolare, gli scrittori J. Vernon Shea e Seabury Quinn.",standard,H.P. Lovecraft
"Nadia Elena Comaneci ('e rìggene Comăneci) (nata 'o 12 'e nuvembre, 1961) era 'na ginnasta d'â Rumania, che vencette cinche medaglie d'ê Juoche olimpiche d'o 1976 e n'ate ddoje dint'ô 1980 (cinche mmidaglie d'oro in tutale).",neapolitan,Nadia Comaneci
Gl mund Zagros (perziane : رشته كوه زاگرس ; curd : Çîyayên Zagrosê) suó la cchiù ròssa caténa e gl Iraq é la secunna cchiù ròssa e gl Iran.,neapolitan,Zagros
"Invece o' schermo panuramico o' vero rint'o cinema se chiamma Cinemascope e tène nu formato-'e-ll'aspetto 2.66:1 (Ddoje e sissantaseje pe' Uno); po' scennette a 2.55:1 (Ddoje e cinquantacinco pe' Uno) c'a pellicula 55mm invece r'a pellicula nurmale 35 mm, 'nfin a arrivà a ogge ca' nce sta' o' furmato 2.35:1 (Ddoje e trentacinc pe' Uno) E' ttelevisioni c'ô schermo nurmale (nu poco cchiu' quadrato), teneno o' furmato 4:3 (cioè Quatte-Tierze), ca rint'o cinema 'e vvote vène signato comme 1.33:1 (Uno e tretatré pe' Uno).",neapolitan,16:9
"Co la scusa de fermar el marcà dei sciavi, la Francia l'ha trasformà la costa in on protetorato.",venetian,Gabon
"H.E.R., su AllMusic, All Media Network.",standard,H.E.R.
"Da l'oriente el persegaro el ze rivà in Pèrsia, andove dopo el ze rivà in Eoropa.",venetian,Prunus persica
"Diciannove minuti dopo, i passeggeri del treno si recano nella cabina ristorante per il brunch; l'ultimo di loro è un ragazzo che viaggia da solo.",standard,H&M: Come Together
Certi simplari ponnu èssiri tutti nìvuri (milanìsimu) unni i macchi si vìdinu 'n contraluci.,sicilian,Panthera onca
La grandesa de la popolasion la favoriva el xvilupo de l' orticultura e della fruticultura.,venetian,Agricultura
"La cosiddetta ""scena di Canterbury"" (in inglese Canterbury scene, o Canterbury sound) fu una corrente del rock progressivo sviluppata da alcuni gruppi musicali dei tardi anni sessanta e dei primi settanta legati alla città inglese di Canterbury, nel Kent.",standard,Scena di Canterbury
"Anca se existe exenpi de insediamenti stansali prima che se scumisiase a coltivar, xe sta proprio col scumisiar de l'agricultura che xe sta dal via al xvilupo de comunità che stava ferme so on posto.",venetian,Agricultura
"'O lamantino (d'â famiglia Trichechidae, genio  Trichechus ) è nu mammifero acquatico  assaje gruosse , 'a vvote chiammate pure ""vacca d' 'o mare"". 'E trichieche songhe divierze d'e duguonghe p'â forma d' 'o cranio e d'â cora.",neapolitan,Lamantino
Gli schermi sono a retroilluminazione LED con le medesime risoluzioni dei modelli precedenti.,standard,IMac
"Istituito cu regio decreto 25 'e fevvraio 1929, ppe scorporo d' 'o cumune 'e Afravola situato a ridosso d' o capoluogo 'e Napule, e cui anticamente costituita nu casale.",neapolitan,Casalnuovo 'e Napule
"I Sicilioti putìanu turnari a Silinunti, Girgenti, Kamarina e Gela.",sicilian,Battagghia di Gela (405 a.C.)
"Dream Theater, Scorpions, Alcatrazz e Racer X xe i úneghi grupi ad aver avùo contenporaneamente do dei so menbri inte i tour dei G3: John Petrucci a ła chitara e Mike Portnoy a ła bateria (2001, 2002, 2005, 2006 e 2007), John Petrucci a ła chitara e Mike Mangini a ła bateria (2012), Michael Schenker e Ulrich Roth entranbi a łe chitare (1998) e Paul Gilbert e Bruce Bouillet entranbi a łe chitare (2007).",venetian,G3 (grupo muzicałe)
"Àutri furmi cchiù gravi, quantu assai capaci, di ""votu di scànciu"" sunnu chiddi pi cui veni sfruttata, nta lu corsu di li cunzultazzioni elitturali, la nfruenza ca gruppi mafiusi fannu supra na granni parti di la pupulazzioni pi fari jiri li voti agghiri a nu ditirminatu partitu, ca favurìu, cu leggi o cu la cuncissioni di appalti pâ custruzzioni di òpiri pùbbrichi, lu sviluppu di l'attivitati mprindituriali dâ mafia.",sicilian,Votu di scànciu
"El 12 de masg 2023 la fa vegnì foeura Una canzone per noi / A Song for Us (Ona canzon per nun), scrivuda in del cors de lochdaon per el COVID-19 del 2020, che l’antecipa l'album Freemotion (Moviment liber) vegnud foeura el 10 de sgenar del 2024.",lombard,Nathalie
"Storia & cultura, nº 6, dicembre 2009, pp. 2–17.",venetian,Gaetano Maccà
"Secondo lo studioso Giuseppe Lippi, l'attività di Lovecraft come ghostwriter, se da una parte lo portò in quelle opere a una minore cura stilistica e a una maggiore ripetitività nella struttura, dall'altra gli permise di scrivere più liberamente di quanto non facesse nei suoi lavori ufficiali, superando il suo perfezionismo sotto certi aspetti paralizzante e la continua insoddisfazione che provava nei confronti delle proprie opere, e permettendogli di ""esplorare"" in modo più sereno la mitologia da lui creata, in alcuni casi addirittura autoparodiandosi.",standard,H.P. Lovecraft
"Nel 1946 venne riformato dall'esercito a causa di una tubercolosi, che gli causò l'asportazione di un polmone nonché perdita dell'udito per effetto collaterale degli antibiotici.",standard,Desmond Doss
"Nel frattempo, dal 1916, cominciò a prendere forma la sua vasta rete di corrispondenti.",standard,H.P. Lovecraft
Napoli N) Lucinda e Armidoro (aut.1777,neapolitan,Giovanni Paisiello
Studiaje a Ciorenza e appe a ca facere cu le masseme esponiente de la cetate soja.,neapolitan,Dante Alighieri
"La musica de la Nathalie l’è isparada a di artista italian ’me ‘l Francesco De Gregori, l’Elisa, la Cristina Donà e ‘l Fabrizio De André, e internazionai come la Fiona Apple, la  Tori Amos,el  Jeff Buckley, i Radiohead, el PJ Harvey, l’Alanis Morissette, Kate Bush e ‘l Serge Reggiani, con di son principalment pop rock, in particolar alternativ e indie rock con di ballad piano-rock in di prim dischi, e in seguit anca soul, blues-rock, eletrorock e in di dischi pussee recent, anca pop indipendent influenzad sossenn de l'acustich e dal caontri-pop.",lombard,Nathalie
"L'11 aprile, mentre scortava dei bombardieri su Cambrai, abbatté due Albatros D.II e ne danneggiò un terzo.",standard,Joseph Fall
Inte'l 2008 el ze stà ospite inte'l programa de Rai Uno I migliori anni prezentà da Carlo Conti.,venetian,Gary Coleman
"In italiano la lettera h non ha alcun vero valore fonologico, ma rappresenta un vero e proprio grafema diacritico.",standard,H
El Gabon ga otegnù l'indipendenza aministrativa inte el 1946 e quela pułìtega inte el 1960.,venetian,Gabon
"Adolfi (1929) Rosa tigrata (Tiger Rose), regia di George Fitzmaurice (1929) La fiamma occulta (Weddings Rings), regia di William Beaudine (1929) La dea verde (The Green Goddess), regia di Alfred E.",standard,H.B. Warner
"Lu prucessu forti di rinnuvamentu, cuncritizzzatu câ lucalizzazzioni nta àrii di prudussioni dû vinu particularmenti vucati, lu canciamentu dî nchianti, dî tècnichi di pruduzzioni e di trasfurmazzioni e lu rispettu dû Disciprinari DOC ""S. Margherita di Belice"", ditirminau na susuta dâ qualitati dî pruduzzioni enològgichi.",sicilian,Santa Margarita (Girgenti)
"Quand che però ona accusada de omicidi la domanda al Castle de jutàll, cont el ciappà di ostagg, anca lee la jutta a resoeulv el cas.",lombard,Kate Beckett
"Quand che 'l descovrissen se preoccupen de bon, anca perchè lu el se regorda no se 'l biliett l'era nominal.",lombard,Kate Beckett
"La canzuna di Queen, sparti, è prisenti comu culonna sunora nnô filmatu ntraducimentu dû  jocu caucìsticu Pro Evolution Soccer 2.",sicilian,We Will Rock You
El testo presielto e indrioman insidesto el ze stà Onda Controvento scrito da Paolo Audino.,venetian,Luca Barbarossa
"Uno ede dedicatu a San Michele, l'addhu alla Maddonna 'mmaculata. Avenu puru addhre opere d'arte, comu le tele de l'Immaculata, de la Madonna de lu Rosariu (primu decenniu de lu '600), de la Madonna de Custantinopuli e de Santu Vitu (1721).",sicilian,Nove te Galatina
"Inte el partegołare, el ga on roło ativo inte el sbasamento dei cazi de eczema.",venetian,Asparagus officinalis
"Cartaggini mpiau lu tempu a sacchiari li campagni e raccugghiennu pruvvisti prima di nizziari li upirazzioni d'assèdiu, li citatini Gilisi avìannu prupostu di trasfiriri fimmini e picciriddi a Sarausa, ma li fimmini nsisteru pi ristari n citati, a la fini vinni dicisu di nun custringiri nuddu a lassari la citati.",sicilian,Battagghia di Gela (405 a.C.)
"Esprime inoltre il suo rapporto tra la chitarra con il genere R&B «Penso che la chitarra sia uno strumento così bello; ho trovato il modo di fare suoni nella chitarra che corrispondono a quello che volevo fare. Credo che ci sia un po' di R&B in tutto, non lo inscatolerei».",standard,H.E.R.
Li sò testi spàzzianu dû miditativu a lu ribbelli cchiù assulutu rifiutannu ogni mpusizzioni dû sistema.,sicilian,Nni' lusinghi
Ha na denzità 'e pupulazzione 'e 198 abetante pp'ogne km².,neapolitan,Sicilia
"Gradualment, infin a'l 1660, la plupart dei abitants la se convertiss a'l Arianesim.",lombard,Kurów
Inte el córar del XVIII secoło na parte de sta cuà ła se ga portà in comunion col Papa de Roma.,venetian,Cristianèzemo
"Dô 1949 è attevo a Ttaiwan, ca have cuvernato nninterruttamente nzi 'e primme anne 2000, quanno è nniziata n'alternanza cu 'o Partito Prucressista Demucrateco.",neapolitan,Kuomintang
"In qualche racconto questa lotta si manifesta a livello individuale; molti dei suoi protagonisti sono uomini acculturati, di istruzione elevata, che vengono progressivamente corrotti da influenze malvagie.",standard,H.P. Lovecraft
"El primo xvilupo l'è de çirca 11.500ani fa, indipendentemente inte la mexa luna fertile e al Chogha Golan (inte el chel che onco se ciama Iran), andove se inpiantava el orxo selvadego, gran e lenteje e dove le forme domestiche del gran le xe vegnue fora sirca inte el 9800 aC.",venetian,Agricultura
"'A parola ""Cisterna"", 'mmece, se ppò capì cu 'e pantane d""a zzona, ca venivano a crearse doppo a na chioggia.",neapolitan,Castiello 'e Cisterna
"Reste umane fuje scummigliate 'o 24 'e màrzo, 1802 'int'â catacomba 'e Santa Priscilla â Via Salaria a Romma.",neapolitan,Santa Filumena
"Nel 1897 i suoi genitori si recarono a Dawson per intraprendere un nuovo lavoro, e lui fu mandato a stare con i parenti a San Francisco, in California, raggiungendo i suoi genitori più tardi.",standard,Joseph Fall
"Howard Phillips Lovecraft / H. P. Lovecraft / H.P. Lovecraft (personaggio), su Goodreads.",standard,H.P. Lovecraft
"Inte te la femena dei Mamiferi, a i stadi inisiai del svilupo un dei do cromosomi al se inativa (par caso) par er i stessi livei fisiologici dei geni espressi inte el cromosoma X del mastcio (efeto Lyon).",venetian,Sesso
"La cavallirìa cartagginisi s'attruvava nnû latu versu la terra, mentri i mircinari eranu versu lu mari, cu l'africani nnâ parti cintrali dû campu.",sicilian,Battagghia di Gela (405 a.C.)
"El tour de'l G3 inte'l 2006 el ze tenjesto da John Petrucci, Eric Johnson e Joe Satriani.",venetian,G3 (grupo muzicałe)
"L'agricultura moderna la se baxa senpre pì so l'imision de enerxia esterna al sistema soto forma de fitofarmaghi, mecanixasion, fertilixanti, inxegneria xenedega, tecnoloxia, se parla de conseguensa de agricultura intensiva el contrario de l'agricultura estensiva.",venetian,Agricultura
"Student de filosofia e retorega cont i gesuita a Resg, el va a studià dirit a l'Università de Bologna ma el molla per andà a fà, in la midema università, e biologia, indova che 'l se specializarà.",lombard,Lazzaro Spallanzani
"Dint'e penziere 'e Sieyès, 'o Consolato avesse avuto essere nu governo d’’e notabbile ca assicurasse 'a democrazzìa cu nu difficile equilibbrìo 'e putere.",neapolitan,Napoleone Bonaparte
La sò virsioni spurtiva è macari chiamata di l'anni 1960: bando kick-boxing.,sicilian,Puggilatu birmanu
"Dint""a tutta la litteratura esistente, Sedna è cunziderato comme n'astiroide atipico, o comme nu corpo 'e na categuria nova.",neapolitan,Sedna
Nel 1996 il riconoscimento fu esteso a due emendamenti della Preetham per includere la Registrazione degli Identificatori dei Diritti d'autore e il Profilo 4:2:2.,standard,H.262
"Sun Yat-sen jette 'n essilio, turnanno dint""o 1917 e rrefunnanno 'o Kuomintang.",neapolitan,Kuomintang
"El taca ła manéta uzando el palcosènego cofà fuse na strada, sonando el repertorio folk merican e i clàseghi dei cantaudori itałiani.",venetian,Luca Barbarossa
"Tutti li 121 passaggeri sunnu morti, tanti eranu carusi.",sicilian,Austu 2005
"Observationes anatomicae, Venezia 1561, poi Colonia 1562 (on line) e Parìxe 1562 (on line) Secreti difarenti  et miracolosi ne' quali si mostra la via facile di risanare le infirmità del corpo humano, Venezia 1563 (on line) De medicatis aquis atque de fossilibus, Venezia 1569 (on line) De morbo gallico, Venezia 1574 (on line) De ulceribus, Venezia 1577 (on line) Opera omnia (1584; 1600; 1606).",venetian,Gabriele Falloppio
"Na squatra si pò pèrdiri la partita puru siddu si fallinu (p'asempiu, siddu nu membru dâ squatra s'assetta o casca pi terra).",sicilian,Tirata dâ corda
Galzignan (nome ufisałe in italiàn Galzignano Terme) el ze on comun de 4363 àneme de ła provincia de Pàdova.,venetian,Galzignan Terme
"Primma d'addeventà na cità rumana, fuje na cità sannita.",neapolitan,Avellino
Nta stu pirìudu cadi macari la Festa dî Morti ca porta autru lammicu.,sicilian,Autunnu
Giulio Cesare el xe nato el 12 o el 13 de lujo del 100 a.,venetian,Gaio Giulio Cesare
"Epidamno ła gera na cołonia fondada co ła partecipasion de Corinto e de Corcira intel VII secoło AC sul łogo de ł'atual Durazo (anca sto nome el xe sta dà dai greci e el vien da Durraki, par via de łe do cołine che łe sovrasta ła sità).",venetian,Durazo
"All'inizio di ottobre 2016, il chitarrista Eric Rivers, ha annunciato la sua partenza dalla band e quasi 2 settimane dopo è stato annunciato che l'ex chitarrista Dave Dalone lo avrebbe sostituito tornando nella band dopo la sua dipartita nel 2013.",standard,H.E.A.T
Ma ntô uttùviru Gugliermu attravirsau la Manica pi fari valiri li soi propî diritti.,sicilian,Nurmanni
"Metternich al turnava in pressa a Vienna ul 10 d'Otobru, giüst in temp ferm fermà l'azion del partii pro-Rüssia a conclud una lianza e per convenz l'emperadur a sigüutà cun la sò polítiga d'abstension armada.",lombard,Klemens von Metternich
Nà Passioni di San Felicianu è scrittu ca u stissu viscuvu ordinò Valintinu viscuvu di Terni no 197 cu pirmissu du Papa.,sicilian,San Valintinu
"26 dicèmmiru, Festa 'rî Santu Stefanu, fisteggiamenti citàdini.",sicilian,Liunforti
"La Kate Beckett (17 de november del 1979) l'è vun di personagg principai de la serie TV Castle, interpetaa da la Stana Katic.",lombard,Kate Beckett
Accussì s'arapurette 'a strada pe ll'Impero Napoleonico.,neapolitan,Napoleone Bonaparte
"L'ursu pulari è classificatu comu vulniràbbili di l'UICN, a causa dâ riduzzioni prugrissiva dû ghiacciu marinu causata dû mutamentu climàticu.",sicilian,Ursu pulari
"Agave è un gèniri di chianti ca apparteni â famigghia Agavaceae, ca pigghia 'n sicilianu un nomu di zabbara o zammara.",sicilian,Agave
"Lee la se inversa debon e la respond a ton, e i comandant ghe disen che in realtà a l'era on test del caratter e che, oltra che capitan, voeuren anca candidàlla al Senad di Stat Unii.",lombard,Kate Beckett
16 austu a Matri o Carminu.,sicilian,Liunforti
"Nicola Canonico, attore, nativo 'e Avella; Emanuele D'Anna, calciatore d""o Pisa, nativo 'e Baiano; Francesco Dell'Anno, ex-calciatore, nativo 'e Baiano; Felice Prevete, calciatore d""o Empoli F.C., nativo 'e Battipaglia e rigginario 'e Baiano.",neapolitan,Baianese
Giuliano da Maiano dint'ô 1487.,neapolitan,Puceriale
"De mèdia el porta a ła foce del Mar Morto manco de 30 metri cubi al secondo, co inpienade che, oncora, łe pol superar i 300 metri cubi al secondo.",venetian,Zordan (fiume)
"Inte'l 1993 vien publegà Vivo (titoło ispirà a l'omònema canson de'l 1988), un àlbun live che'l ze na ranucra dei só tochi pì famozi, dove el regała na anteprima de l'atmosfera ch'A se respira cuando Luca el taca ezibirse so'l palco.",venetian,Luca Barbarossa
"Scoville riuscì a localizzare l'origine dei suoi attacchi epilettiformi nel lobo temporale mediale, suggerendo l'ablazione chirurgica dello stesso come terapia.",standard,H.M.
"Chèsta piànta la crès dré ai fòs, endèi teré mìa cultiàcc, sö le spónde dei fiöm, endèle praterìe, e suradetöt endèi teré àcit e 'ndei mucc enfìna a 1.600 méter sùra el leèl del mar.",lombard,Tanacetum vulgare
David Godman si trasferì a Lucknow nel 1992 e rimase con lui fino al 1997.,standard,H.W.L. Poonja
Sarà commercializzato a partire da maggio dello stesso anno nei tagli da 8 o 16 GB di memoria RAM e 256 o 512 GB di archiviazione interna SSD (espandibile fino a 2 TB) e una videocamera FaceTime HD 1080p.,standard,IMac
"Pridaturi sulitariu, addifenni viulentu u so tirritoriu di caccia.",sicilian,Panthera onca
"La lengua lumbarda la dupera diferent leter, a segunda del'urtugrafia ütilizada.",lombard,Abecee
"Nti stu sensu, n giomitrìa havi la stissa funzioni dû pirìmitru pî pulìguna.",sicilian,Circunfirenza
L'assimbrea sarausana dicisi d'alluntanarili e di eliggìri Dionisiu lu vecchiu novu ginirali.,sicilian,Battagghia di Gela (405 a.C.)
"Chuck Davis, Latvia's Little Hawk, in Air Enthusiast, Bromley, Air Enthusiast PO, December 1992-February 1993,  pp. 58–64., ISSN 0143-5450.",standard,VEF I-16
"El confina cola Guinea Equatorial a nordovest, el Camerun a nord e la Republica del Congo a sudest.",venetian,Gabon
"Ezito – Hosni Mubarak, presidente.",venetian,G8 del 2009
"Diventano in breve una ""cult band"" della scena psichedelica londinese e Gomelsky finanzia la tournée estiva francese che ottiene un successo clamoroso.",standard,Scena di Canterbury
"La pudenza ch'al sumejava al trà a sí a l'era la Franza, l'ültima nemisa de l'Austria, sciben che al füdess determinaa a mia perd la sò libertaa da muvement fasent di grand concession.",lombard,Klemens von Metternich
"Meet De Sica 'e Charles De Reisner, p' 'a  tv mericana (1958) The four just men 'e Sidney Cole, serie 'e seie telefilm p' ' a tv mericana (1959) Vittorio De Sica racconta...",neapolitan,Vittorio De Sica
"– Maguey sbari, Agave portoricensis Trel.",sicilian,Agave
"Nò 1630 i Riliquii ( parti da crozza, a mascidda cu picca denti e cinniri) foru cullucati dintra na caxia cu na statua curcata rivistuta d’argentu.",sicilian,San Valintinu
"Alcuni biografi attribuiscono il suo atto estremo a problemi finanziari, altri a problemi familiari; Pournelle scrisse che Piper si sentiva gravato dalle difficoltà finanziarie sulla scia di un divorzio e dall'errata percezione che la sua carriera stesse andando a rotoli (il suo agente era morto senza avvisarlo delle maggiori vendite).",standard,H. Beam Piper
Palermu:  Cc'è statu na svintura dûn ariupranu abbicinu la costa dâ Sicilia e armenu 14 pirsuni sunnu morti.,sicilian,Austu 2005
"'O regno 'e Ruommolo duraje 40 anne, 'nfí a quanno, siconno 'â leggenda, 'o rre fuje pigliato 'ncielo 'nt'a na tempesta e fuje, siconno 'â vuluntà soja, devinezzato cu'o nomme 'e Quirino.",neapolitan,Regno 'e Romma
"La riproduzione asessuata può avvenire per: gemmazione (prevalentemente), in cui la cellula madre del lievito subisce una mitosi e si forma una protuberanza laterale in cui migra uno dei nuclei, mentre si accresce questa protuberanza si separa dalla cellula madre; scissione (meno frequente) realizzata solo da alcuni lieviti, tra cui Schizosaccharomyces pombe.",standard,Lievito
"Sutta la suvranitati àrabba dî primi sèculi, mmeci, nun s’avìanu virificati ncidenti di sorta, a parti sutta lu suvranu fatimida d'Eggittu al-Hakim (nizziu sèculu XI).",sicilian,Cruciati
"Lingua Franca Nova (""Elefen"") è na lingua pruggittata pi èssiri particularmenti sìmprici, cunzistenti e fàcili d'amparari pê cumunicazzioni ntirnazziunali.",sicilian,Lingua franca nova
Il periodo dopo il ritorno a Providence (gli ultimi undici anni della sua vita) fu il più prolifico dal punto di vista letterario.,standard,H.P. Lovecraft
"La loro sede di vendita al dettaglio si trova in Svezia, dove 21 fornitori e fabbriche producono i prodotti di abbigliamento e gli accessori di H&M.",standard,H&M
"È di questo periodo l'avvio di contatti con August Derleth e la stesura dell'importante Il richiamo di Cthulhu e del saggio Supernatural Horror in Literature, nonché, nel 1927, dei suoi primi due romanzi: La ricerca onirica dello sconosciuto Kadath e Il caso di Charles Dexter Ward, che tuttavia verranno pubblicati postumi perché non ritenuti ben fatti dallo stesso Lovecraft.",standard,H.P. Lovecraft
Accussì Vènere è nata â scumma dô mmare.,neapolitan,Saturno (dio)
"Le laorasion tradisionali doparae prima de la rivolusion verde, le ghea el difeto de no esar in grado de dar prodoti de granda cuantità e economeghi e no i jera in linea co i stàndar de cualità de sicuresa inposti da la leje e de conseguensa par leje no se pole vendarli a livel industrial.",venetian,Agricultura
In del 2019 l’è voeuna di cent sgiurad de la prima edizzion del programa de la television All Together Now - La musica è cambiata (Adess tucc insema - La musica l’è mudada) in su Canale 5.,lombard,Nathalie
è stata doppiata da: Letizia Scifoni ne Il colore viola Wikiquote contiene citazioni di o su H.E.R.,standard,H.E.R.
"Licignano, occupa 'e campagne orientali e 'e divide in ddoje gruosse zzone, mentre Tavernanova e casarea se trovano a ssud, ô cunfine cu 'a metropoli 'e napule.",neapolitan,Casalnuovo 'e Napule
Dint’’o dialetto irpino se diceno 'e vvocali â fine e na parola; int’’o napulitano nun se fa accusì.,neapolitan,Avellino
L'ITU-T pubblicò questi emendamenti nel 1996 e nell'ISO nel 1997.,standard,H.262
Saturno se magnava ’e criature sùbbeto quanno nascèvano.,neapolitan,Saturno (dio)
"Nta st’ària assulicchiata, dâ natura assai bedda, unni scurri lu ciumi Bèlici, la cultivazzioni dû ficudinnia è na tradizzioni siculari.",sicilian,Santa Margarita (Girgenti)
Boschi 'e faggio e di castagno so' predominanti 'ncopp atre forme vegetali.,neapolitan,Avellino
"Cristianèzemo, in Catholic Encyclopedia, Robert Appleton Company.",venetian,Cristianèzemo
"Ntâ nu sistema di rifirmentu cartisianu, siddu lu centru havi coordinati , l'equazzioni algèbbrica chi rapprisenta na circunfirenza è: La parola circunfirenza si rifirisci a nu circulu o a n'ellissi eggh'eni la lunchizza dâ curva chiusa chi lu rapprisenta.",sicilian,Circunfirenza
Roma A) Dal finto il vero (spr.1776,neapolitan,Giovanni Paisiello
Gaza - Stamatina si cumplitò la nisciuta di li culoni ebbrei di Neve' Dekalim.,sicilian,Austu 2005
"Sta 'int' a ll'entroterra nord orientale 'e Napule e sta a 14 km d""o centro d""a cità.",neapolitan,Castiello 'e Cisterna
A est e a ovest ghe i altipiani.,venetian,Gabon
"'e Mario Camerini 1932: La segretaria per tutti 'e Amleto Palermi 1933: Un cattivo soggetto 'e Carlo Ludovico Bragaglia 1933: La canzone del sole 'e Max Neufeld (nterpreta pure l'edizzione tedesca, Das lied der sonne) 1933: Il signore desidera?",neapolitan,Vittorio De Sica
'A struttura familiare ca 'o codece purtaje fuje 'e tipo paternalistico.,neapolitan,Napoleone Bonaparte
Abe Olman Publisher Award: pi l'editori ca annu avutu nu saccu ri canzuni famusi.,sicilian,Songwriters Hall of Fame
"E inscì l'è staa, anca se i German s'hinn retiraa dòpo pòcch, con l'avè savuu che i Roman i spettaven.",lombard,Battaja de Idistavis
"Dopo de la visita del San Carl Borromee a Trigint in del sgiugn del 1573, la gesa la vegn cambiada e slargada.",lombard,Medija
Di sta canzuna stòrica sunnu stati rializzati na dicina di cover.,sicilian,We Will Rock You
"N'assurtimento 'e vase, pure uno ca se dice cunteneva 'o sanghe, fujeno scuperte int' 'o sebburco pure.",neapolitan,Santa Filumena
"Come in tutte le opere di Gilbert e Sullivan, sorprese e cambiamenti si susseguono pirotecnicamente fino alla fine dello spettacolo.",standard,H.M.S. Pinafore
"Li carattirìstichi tècnichi di lu lethwei tèninu tri cumpunenti principali, l'armi utilizzati, li scopi mirati e li distanzi di cummattimentu.",sicilian,Puggilatu birmanu
Castellabate vinni occupata dû re Jàcumu di Sicilia (ntô 1286) ca la visitau tri anni doppu.,sicilian,Dialettu cilintanu miridiunali
"Garten of Banban xe ‘na serie de videozughi de teror rilasciadi el 6 de zenàr 2023 episodici co’ mascote, creà dai Euphoric Brothers, formài dai studenti universitàri Faris e Ghepo.",venetian,Garten of Banban
A la fini di la missa lu Papa annunziau ca la pròssima Jurnata Munniali di la Giuvintù si teni a Sydney (Australia) nnû 2008.,sicilian,Austu 2005
"Stu cinsimentu, accabbatu ntô 1086 pâ lingua latina ricca di tèrmni anglusassuni, è unu dî ducumenti cchiù mpurtanti ô liveddu stòricu, suciali, ecunòmicu e pulìticu.",sicilian,Nurmanni
"Vun di dì, quand che lee e el sò protett s'eren squasi basaa, on cecchin el sbara e lee 'l butta giò, ma poeu el confessa subit al Castle che 'l capiss che 'l gh'ha no de preocupàss.",lombard,Kate Beckett
"L'è bagnaa del Lagh de Wörth, e per quella reson chì di voeult l'è ciamaa in todesch anca Klagenfurt am Wörthersee.",lombard,Klagenfurt am Wörthersee
L'Infruenza a virus A(H1N1) eni nu suttatipu di li virus d'anfruenza A e jeni a maggiuri causa d'infruenza nta l'essiri umani.,sicilian,Nfluenza A suttatipu H1N1
"Dionisiu lu vecchiu riniscìu a urganizzari n'èsercitu ca cuntava armenu 30.000 upliti, 4.000 cavaleri e 50 tririmi e marciau a picca a picca versu Gela.",sicilian,Battagghia di Gela (405 a.C.)
"Dop de la spartizion de la Polonia, ind el 1795, la vegn conquistada de l'Austria.",lombard,Kurów
"L'Abecee, ciamaa anca alfabett, a l'è l'insema urdinaa di segn grafich che i se duperen per rapresentà i funemi de 'na lengua.",lombard,Abecee
"H.E.R., su Last.fm, CBS Interactive.",standard,H.E.R.
Il titolo della raccolta Greatest Hit (...and 21 Other Pretty Cool Songs) (2008) è un riferimento scherzoso a questo avvenimento; per la stessa motivazione il brano è evidenziato in giallo sul retro della raccolta.,standard,Pull Me Under
"In del Liber notitiae Sanctorum Mediolani del Gofred de Busser, se parla de ""loco triginti ecclesia sancti stephani"" e de ""Huius sancti florentii est ecclesia in loco trizinti"".",lombard,Medija
Iddu agghiunciu lu Ducatu di Nàpuli ntô 1137 e li Assisi di Arianu ntô 1140.,sicilian,Nurmanni
"Inte el 1996 el firma co ła Sony Music e al Festival de Sanremo se exibise col brano Il ragazzao co la chitarra, canson dal saor country.",venetian,Luca Barbarossa
"Come Sri Ramana, Poonja insegnò l'autoindagine, che include il trovare dell'Io personale, l'investigare diretto dell'Io ed il concentrarsi su questo.",standard,H.W.L. Poonja
"'O scartamiento d'e biniarie prencepalmente ausato ind'e ferruvie è chillo chiammato normale, alias 'e 1.435 mm fra 'na rutaia 'e ll'ata.",neapolitan,Ferruvia
A la fin l'era no nominal e donca el ciappa domà ona sgidada per el biliett.,lombard,Kate Beckett
Spesse vote ce stanno pure temporali estivi durante ll'ore cchiù cavre d’’a jurnata.,neapolitan,Avellino
"Intel 1985, Stallman el ga creà ła Free Software Foundation (FSF o Fondasion pa el Software Libaro) pa prevedare suporti łojísteghi, łegałi e finansiari al projeto GNU.",venetian,GNU
"Santa Margarita rapprisenta ntô munnu tumasianu la Sicilia dû fèudu: lijatu pirò ô ricordu filici dâ nfanzia e dâ matri assai amata, Biatrici Tasca Filangeri di Cutò, ca la famigghia appartinìa l'enormi palazzu ntô quali Giuseppi trascurrìa l'estati e supra lu quali ricalcau n granni parti la casa di Donnafugata dû Gattupardu.",sicilian,Santa Margarita (Girgenti)
"Sistema Operadivo: Android 4.0 (Ice Cream Sandwich), ajornabile a Android 4.2.1 (Jelly Bean).",venetian,Galaxy Nexus
"Duranne ll'eruzzione d' 'o 1 e 6 'e maggio 1855, tanno ce steva comme parroco don Domenico Baldari, 'a lava se fermaje ô confine 'e San Giorgio a Cremano 'int'e juorne 12 o 13 'e maggio.",neapolitan,San Giorgio a Cremano
"In questi racconti la ""maledizione"" è spesso ereditaria, sia a causa di ibridazioni con creature non-umane (La verità sul defunto Arthur Germyn e la sua famiglia del 1920, L'ombra su Innsmouth del 1931), sia attraverso un'influenza magica diretta (Il caso di Charles Dexter Ward del 1927).",standard,H.P. Lovecraft
"Il 1906 è l'anno in cui Lovecraft appare per la prima volta nella stampa, più precisamente il 3 giugno nel Providence Sunday Journal con una lettera ridicolizzante l'astrologia, mentre lo stesso anno scrisse un'altra lettera, poi pubblicata il 25 agosto, allo Scientific American dove dava credito alle prove circa l'esistenza di un pianeta oltre Nettuno (Plutone, declassato a pianeta nano nel 2006, fu scoperto solo nel 1930).",standard,H.P. Lovecraft
URL consultato il 3 agosto 2011 (archiviato dall'url originale il 14 ottobre 2013).,standard,H-II Transfer Vehicle
"Sir Joseph capisce lo scambio, chiama il capitano e Ralph (che si scambiano i vestiti) e ufficialmente rinuncia al matrimonio con Josephine (dice: «love levels all ranks... to a considerable extent, but it does not level them as much as that», «l'amore appiana le differenze sociali in modo considerevole... ma non così tanto»).",standard,H.M.S. Pinafore
"Formalmente, el ze fazesto dal Senato e da ła Càmara dei Comuni.",venetian,Parlamento del Cànada
"'O francombat è pratecato partecularmente int´´o sud d´´a Francia. Suno 'e scole de francombat, nfra ll'atro, a Parigi, Bordeaux e Montpellier. Chesta arte marziale si basa ncopp'â strategia e ncopp'â canuscenza d´´o curpo umano.",neapolitan,Francombat
"Chisto utemo metudo era giustificato in passato cu ll'introduzzione r'a massa atomeca relaitva che,essenno nu raporto tra a' massa ssoluta re' ll'atomo o ro'o' cumposto abbascio esame e ll'unità 'e massa atomeca, doveva essere na quantità adimensionale.",neapolitan,Unità e' massa atomeca
"Ntô 2000, li Queen (senza John Deacon) riggistraru arreri na virsioni dâ canzuna 'n stili rap cu la boy band dî 5ive, arrivannu ô 1° postu nnî classìfichi di vinnuta ngrisi.",sicilian,We Will Rock You
"Nu jornu, pruvànnula 'n studiu, Roger Taylor si misi a cantari battennu li manu, accussi niscìu fora sta sorta di innu.",sicilian,We Will Rock You
"Secunnu libbra scritti n latinu dî scrittura lucani, li siciliani dû Cilentu funnaru citati comu Sicilì (oi frazzioni di Murgerati) ntô XVI allatu dû ciumi Bussentu.",sicilian,Dialettu cilintanu miridiunali
"D’un custaa, al era riverii in tant che oracul da l’ispirazzion diplumàtega; da l’olt, al era desprezziaa compagn la vera incarnazion da l’oscürantism e opression.",lombard,Klemens von Metternich
"È canosciuto pure c'o nomme e ""arbero d'ò Paraviso"".",neapolitan,Cazzipocchio
"Nel 1908 abbandonò definitivamente gli studi e nel 1909, a causa dei frequenti esaurimenti nervosi, fece altrettanto con un corso di chimica, iniziando al contrario lunghe passeggiate in bicicletta con gli amici alla scoperta della regione natale.",standard,H.P. Lovecraft
"I Chiefs svincolarono Simmons nel 1998 dopo una sconfitta per 30-7 per Monday Night Football contro i loro arci-rivali, i Denver Broncos, in cui a lui e al compagno linebacker Derrick Thomas furono fischiati un totale di cinque falli nell'azione del touchdown finale dei Broncos.",standard,Wayne Simmons
"Condizional present: chié e sřia, ti 't sřis, chiel o sřia, nosgècc sřio, vosgecc sřii, chiei i sřio.",lombard,Kje
Probbabilmente avrà na data fissa e sarrà celebrata 'int'a terza dummeneca 'e maggio.,neapolitan,San Giorgio a Cremano
"So pare José Ángel García, el xe on ator e on regista.",venetian,Gael García Bernal
"Intant passen on para de mes, e 'l Castle a l'è trovaa viv in su 'na barca de la Guardia Costiera, e 'na voeulta analizaa de la dottora legala Lanie Parish che la troeuva che 'l gh'ha avuu la Fever Dengue, malattia tropicala, e on proiettil in la s'cenna, el proeuva a descovrì cossa l'è success, vist che l'ha perduu la memoria.",lombard,Kate Beckett
Giorgio (Maggiore) e ca chesta chiesa teneva assaje pussedimiente 'int'a zona vesuviana e 'ncopp'o territorio ca poje dette origgine ô paese.,neapolitan,San Giorgio a Cremano
"'A nova coalizzìone antifrazese 'rruvacaje 'a Repubblica Napulitana d’’o 1799 funnata d’’e francise, chella Romana e chella Cisalpina.",neapolitan,Napoleone Bonaparte
"Mazzarinu cunfina ccu Barrafranca, Vutera, Caltaggiruni, Nissa, Gela, Niscemi, Chiazza (Enna), Petrapirzia, Rivinusa, Riesi, Santu Conu, San Micheli di Ganzarìa e Summatinu.",sicilian,Mazzarinu
El 27 de setenbre de el 1983 a se ga nunsià piovégamente el projeto pa ła prima olta intel grupo de notisie net.unix-wizards.,venetian,GNU
"Elvira Casazza, nata Elvira Mari (Ferrara, 16 novembre 1884 – Milano, 24 gennaio 1965), è stata un mezzosoprano italiano.",standard,Elvira Casazza
"El discorso de esare conpatìbiłe co la architetura de UNIX ìnplica che GNU el xe conposto de tochi picenini individuałi de software, on mucio de questi xa łi gera disponíbiłi, come el sistema de edision de testi TeX e el sistema gràfico X Window, che i ga podesto esare adatai e reutiłisai; altri invese a xe ga dovesto rescrivarli tuti.",venetian,GNU
"C., Cesare par sotołineare ła so disendensa da ła dea el ga dedicà a Venere Genitrice on tenpio intel novo Foro da łu fato tirar su.",venetian,Gaio Giulio Cesare
"Nel 1896 Lovecraft perse la nonna materna che lo aveva introdotto all'astronomia, Rhobinia Alzada Phillips, fatto che provocò in lui i primi incubi, che lo perseguitarono per anni, costituiti da demoni da lui stesso definiti ""Magri notturni"" (Night-Gaunts).",standard,H.P. Lovecraft
"Ciò era dovuto principalmente all'apporto intellettuale e culturale, tra le altre, oltreché dello stesso Benito Mussolini, di personalità quali Giovanni Gentile, Sergio Panunzio, Robert Michels, Giuseppe Bottai, Angelo Oliviero Olivetti, Alfredo Rocco e Carlo Costamagna.",standard,A. James Gregor
"La storia si snoda attorno ad una ragazza della classe media, figlia di un capitano della marina britannica, che si innamora di un marinaio e quindi appartenente ad una classe sociale inferiore, nonostante sia fidanzata al Primo Lord dell'Ammiragliato, ovvero al comandante in capo della Royal Navy.",standard,H.M.S. Pinafore
"Ind el V secol A.C., col perfezionar-s dei struments de oservazion, i babilones i g’han preferid dividir el zodiac in dodex partizion de 30 grads, e i g’han catad fœra per ognuna el nom de una costellazion.",lombard,Zodiac
"Quand che descovrissen che el magazzin di proeuv l'ha perduu di proeuv important in sul triplo omicida, l'omm che temp prima l'eva provaa a fà condanà el Castle per omicidi, pensen per via del modus operandi che 'l sia staa lu, che però in teoria a l'è mort, e donca resten citto per fà no dagn al dipartiment.",lombard,Kate Beckett
Galzignan el ga su pa zo 1510 famejie.,venetian,Galzignan Terme
Abans que el sol no creme.,neapolitan,Joan Fuster
"Ind la stòria a hinn stàa classificàa in del gener Citrus, ma el Sistèma di classificazion del Swingle per la tassonomia di agrumm je hà miss denter in del gener  Fortunella.",lombard,Kumquàt
"Luca Giordano (1635 – 1705), insìgne pittore barocco, ca a San Giorgio teneva nu casale e na cappella Bernàrdo Tanucci (1698 – 1783), politeco e statista d' 'o Regno d""e Ddoje Sicilie E.",neapolitan,San Giorgio a Cremano
"Allo scopo la NAA creò internamente la ""Propulsion Division"", che più tardi prese il nome di Rocketdyne.",standard,H-1 (motore a razzo)
Napoli N) La finta maga per vendetta (aut?,neapolitan,Giovanni Paisiello
"I Kastelruther Spatzen töen el so nom de'l so paes nativ, ciuè Castelrut (Kastelruth in tudesch).",lombard,Kastelruther Spatzen
"Sono inoltre frequenti anche nelle opere di narrativa di Lovecraft, a testimonianza della sua vasta cultura e dei suoi molteplici interessi, riferimenti a vari autori, nonché incisi su argomenti quali l'architettura, l'antropologia, la chimica, la geologia e l'astronomia (antica passione di Lovecraft).",standard,H.P. Lovecraft
"C., tra li forzi cartagginisi cummannati da Imircuni II e i Sicilioti cummannati da Dionisiu lu vecchiu.",sicilian,Battagghia di Gela (405 a.C.)
"'O treno Maglev se trova suspeso ngoppa 'a nu binario particulare, cumposto 'a 'na specie 'e striscia magneteca cuntrapposta 'a chella d'o treno stesso.",neapolitan,Ferruvia
"'O 22 'e settembre 1784 l'ispettore Reynaud des Monts 'o facette ammette 'a Reggia Scola Militare 'e Parigi, funnata 'a Luigge XV, addò arrivaje 'a sera d’’o 21 'e ottovre.",neapolitan,Napoleone Bonaparte
"L'idèa de'l G3 ła ze cueła de unir i ""tre pì grandi ghitaristi de'l mondo"" par reałizar na serie de conserti-avenjimento.",venetian,G3 (grupo muzicałe)
"A napule se usa già stu' furmato 16:9, a livello nazziunale ce sta 'a Televisione-Diggitale-Terrestre. E po' 'ncopp'o satellite ce sta o' SKY o sinò pure TivùSat, ca' teneno, 'nzieme 'e canale a 16:9 standard, Ati canali ca' trasmetteno già cu l'Avta-definizzione.",neapolitan,16:9
"El controło de l’azienda el ze oncora de ła fameja inte łe persone de i conponenti de ła tersa zenerasion: Paolo, Lorenzo e Guido Galbusera che, co Nicoletta Zamboni, i ga el 25% a testa afidando parò la zestion a'l manager esterno Alessandro Pittaluga.",venetian,Galbusera
"Nassuu el 22 de settember, a l'è 'l fioeu de Bungo Baggins e Belladonna Tuc.",lombard,Bilbo Baggins
L'è deventà famozo par el roło de Arnold Jackson inte'l tełefilm Il mio amico Arnold.,venetian,Gary Coleman
L'edizione del 1691 del Vocabolario degli Accademici della Crusca stabilisce in modo pressoché definitivo che la lettera acca va mantenuta solo nelle quattro forme del verbo «avere» per distinguerle dalle omofone.,standard,H
"Per le sue azioni sull'isola di Okinawa fu decorato l'11 Novembre 1945 dal Presidente Truman con la Medal of Honor: si distinse per aver soccorso numerosi uomini alla scarpata di Maeda, soprannominata Hacksaw Ridge, restando sul campo di battaglia durante la ritirata del suo reggimento e rischiando la propria vita per presenza del nemico senza aver ricevuto nessun ordine.",standard,Desmond Doss
"'O Baianese è state nu mannamento (cu capoluoco a Baiano) d""a Pruvincia 'e Terra 'e Lavoro d""o 1715 ô 1861, data 'e ll'Aunità d'Italia e, 'a chill'anne nfìn ô 1923 (data 'e ll'abolemiento d""o mannamento comme suddivisione ammenestrativa) d""a pruvincia 'e Avellino.",neapolitan,Baianese
'O Cazzipocchio (arbero) è na pianta ca se trova pè tutte lo meridione d'Italia.,neapolitan,Cazzipocchio
"124, Monografia n° 10 de la colàna Pianura, editùr Pruìnsa de Cremùna, stampadùr Monotipia Cremonese Cremùna.",lombard,Platichthys flesus
L’è cunsideraa la persona che l’ha faà diventaà el Real Madrid la squadra püsseè prestigiusa del mund.,lombard,Santiago Bernabeu
É ppure overo ca 'a chiesa 'e Furcèlla San Severo 'int'o IX seculo veneva tuttavota chiammata 'e S.,neapolitan,San Giorgio a Cremano
"Al dì d'incoeu, a hinn popolà assee anca in Europa e in di Staa Unii.",lombard,Kebab
'A Seconna Uerra Sanniteca (327 a.,neapolitan,Beneviento
'O Lamantino 'e ll'Indie occidentale è na specie c' ' o pericule 'e scumparì pe' sempe.,neapolitan,Lamantino
"Gh'è anca 'na calada GS-4, doperada no perchè vandalizzada, ona KTM-1, cobbiada cont ona carrozza passeggee per i lavorà in su la linia e 'n tram MTV-82 a l'è doperaa 'me magazzin.",lombard,Tranvia de Volčansk
"Hinn ciamaa inscì perchè gh'hann di caratteristich che ja dividen di alter dialett de la zòna e che regòrden quei de la famiglia di lengov gal-italich, in del nòrd Italia.",lombard,Gall-Italich de Basilicada
"N'àutra cosa mpurtanti, ma picca sfruttata è la Stazzioni di Sufiana (Stazzioni di Philosophiana), chi nun è àutru chi na stazzioni di èpuca rumanu-bizzantina chi viniva usata comu stazzioni di sirvizziu ppi cù viaggiava.",sicilian,Mazzarinu
"C., apena du ani dopo el suo asasìn, el Senado ło ga deificà ufisialmente ełevandoło a divinità. Ł'eredità riformatrice e storega de Cesare ła xe sta quindi sunà su da Ottaviano Augusto, so neodo e fioło adotivo. Łe canpagne miłitari e łe asion pułiteghe de Cesare łe xe sta cuntàe in detajo inte i Commentarii scriti proprio da łu: Commentarii de Bello Gallico' e Commentarii de Bello Civili.",venetian,Gaio Giulio Cesare
Viene preparato con carne e grasso di maiali provenienti da Emilia-Romagna e Lombardia e lavorato nella sola provincia di Piacenza.,standard,Salame piacentino
El Gabon xe no Stato de l'Africa Centrale.,venetian,Gabon
"futuro semprece: se forma cu' ll'auseliare avé cchiù 'a prepusezzione ""a"" e 'o nfinito, comme p'ô napulitano (attuale) e 'o siciliano.",neapolitan,Lengua sarda
"Bonchî cunnividissiru la fidi musurmana di tanti autuctoni, li Turchi cuvirnavanu nta l'assulutu arbitriu e nun s’avìanu funnutu câ pupulazzioni stanziali.",sicilian,Cruciati
"Pussee de precis, l'haveva vist che a fà buj di infus e a sarrài ghe cresseven minga i bateri.",lombard,Lazzaro Spallanzani
Cchiù ô spissu si tratta di favuri menu fàcili d'arricanùsciri.,sicilian,Votu di scànciu
"La Magna Grecia (""Magna Graecia"" n latinu, ""Megalê Hellas / Μεγάλη Ελλάς"" n grecu) è lu nomu di la zona di Talia di lu Sud chi fu anticamenti culunizzata di li Greci a cuminciari di lu sèculu VIII a.",sicilian,Magna Grecia
Nta l'Italia lu votu di scànciu pulìticu-mafiusu eni nu riàtu e eni punìbbili a li senzi di l'artìculu 416-ter di lu còdici pinali talianu.,sicilian,Votu di scànciu
È canosciuta pecché nce sta 'o carcere e apperzì 'o campusanto.,neapolitan,Puceriale
I vit de la Beckett e del Senator se inconten anmò quand che dopo de 'n omicidi troeuven on pian per mazzàl e on fusil de cecchin.,lombard,Kate Beckett
"H&M: Come Together, o semplicemente Come Together, è un cortometraggio comico a tema natalizio del 2016, scritto e diretto da Wes Anderson.",standard,H&M: Come Together
"Il Padrone dell'H.I.V.E. fu successivamente ucciso e rimpiazzato dalla Padrona dell'H.I.V.E., che mise Deathstroke tra i ranghi per farsi aiutare.",standard,H.I.V.E.
"I video H.263 possono essere decodificati con la libreria libavcodec (con licenza LGPL e parte del progetto FFmpeg) che è usata da programmi come ffdshow, VLC media player e MPlayer.",standard,H.263
"La band ha firmato un contratto con l'etichetta discografica StormVox di Peter Stormares e nel 2008 è stato pubblicato l'album di debutto ""H.E.A.T.""",standard,H.E.A.T
"'Nce se trovane nu zeffunno de ditte de vennita a dittaglie e 'ngrosse de tessute de tutte li tipe, vestite pè uommene e femmene.",neapolitan,San Giuseppe Vesuviano
"Adoppo na 'mportante vittoria dint’’a Battaglia d’’e Piramidi, Napuliòne trasette 'o Cairo e addeventaje 'o patrone 'e ll'Egitto.",neapolitan,Napoleone Bonaparte
"La prizzintazzioni si effèttua di l'artu 'n vasciu, nizziarmenti cu li pugna e li gùviti, appoi li ginocchia e nfini di pedi.",sicilian,Puggilatu birmanu
"Da notar che łe ceze ortodose, da na banda, e cueła catòłega da l'altra, łe ze intrà lore sismateghe; ła ceza catòłega no ła consìdera łe ceze ortodose erèteghe, difarentemente da cheło che sucede par ezénpio par łe ceze protestanti, mentre che łe ceze ortodose, siben no ghe sìpia sta na proclamasion conciliare esplegada, łe sospeta de erezia ła ceza catòłega, sora-de-tuto in rełasion a ła dotrina del Filioque.",venetian,Cristianèzemo
244 (luglio 1982); Fantastic Four (terza serie) n.,standard,H.E.R.B.I.E.
"URL consultato il May 13, 2016.",standard,Salame piacentino
"Stu finominu appi a accuminciari â fini di l'anni cinquanta, quannu la mafia si traspurmau nta na grossa azzienna multinazziunali e misi li ràdichi nta lu sitturi di li custruzzioni e di la finanza ntirnazziunali.",sicilian,Votu di scànciu
"L’espertu Paul Atterbury, cu l'aiutu dâ barunissa Betty Boothroyd, Speaker dâ Càmmara, addimustrau l'autinticitati di l'apparecchiu.",sicilian,Division Bell
"I prim document scrit che parlen de questa gesa, però, inn del 1254 e del 1256: el Marco Ferrario, prevet di do gese de Sant Steven e Sant Fiorenz de Trigint, el vend di territori al Monaster del Bochet a Milan.",lombard,Medija
"Il protocollo H.323 definisce severe specifiche a livello di computer, equipaggiamento e servizi nonché tutti gli aspetti della trasmissione della chiamata, dal suo stabilimento fino alle capacità di commutazione e disponibilità delle risorse di rete.",standard,H.323
"Howard Phillips Lovecraft, su The Visual Novel Database.",standard,H.P. Lovecraft
La peḍḍi suttastanti è niura pi tratteniri lu caluri sulari.,sicilian,Ursu pulari
"Lu chianu dipinneva da na cuurdinazzioni pricisa tra i culunni di l'èsercitu, o puru s'arrizzicava na scunfitta cu la distruzzioni unu pi unu di li culunni.",sicilian,Battagghia di Gela (405 a.C.)
"Le altre raccomandazioni specificano i servizi di comunicazione multimediale attraverso altri mezzi: Per la conferenza di dati si basa sulla norma T.120, e per questo, anche tutto insieme supporta le applicazioni multimediali.",standard,H.323
"I ze de cołor roza, ma ghe ze na granda difarensa intrà łe varietà: i pètałi i połe èsar picenini e streti o grandi e larghi; se i ga l'interior dei pètałi de cołor pì scuro-naranson, se garà fruta de polpa zała, se l'interior dei pètałi, anca se senpre roza, i ze sfumai de ciaro, i fruti i garà ła polpa bianca.",venetian,Prunus persica
"Donca, la ferma e el ghe fa un para de domande per descovrì indova l’è che l’è adree a indà.",lombard,La piscinina Capin ross
"Pi unni era misa, la cità fu assai mpurtanti 'n èbbica di lu Mpèriu bizzantinu e di idda pigghiò lu nomu  la Val Dèmona.",sicilian,Demenna
"Jera spisso cundizionato 'e ll'amasie soje, 'a cchiù putente d""e quale jera 'a marchesa 'e Pompadour.",neapolitan,Luigge XV 'e Franza
"Â fini li prifirenzi pâ candidata Borsellinu arrisùrtanu supiriuri â summa dê prifirenzi pê partiti dâ sò lista, ô cuntrariu di l'avvirsariu.",sicilian,Rita Borsellinu
Bartolomeo Chiarello da Brendola inte el dì auspicatissimo del suo ingresso novello parroco di S. Paolo apostolo a Novale ...,venetian,Gaetano Maccà
"La Katja Kipping, finn del prenzipi del so stüdi üniversitari l'è stada part de l'inscí ciamaa Protestbüro (Büro de Prutesta) de l'Üniversidaa Technega de Dresda e l'è un member del PDS del 1998.",lombard,Katja Kipping
"El pont gamma l’è considerad anc’mò adess el principi del zodiac e l’è anca ciamad el ""prim pont de l’Ariet"", perqè qesto nom qé l’era stait catad fœra quand l'equinoze de primavera al coincidiva con l'entrada del Sol ind la costellazion de l'Ariet (Bar/Beron).",lombard,Zodiac
"L'amore per la storia e la cultura inglese è un tema ricorrente nell'opera di Lovecraft (il personaggio del re Kuranes nel romanzo La ricerca fantastica dell'ignoto Kadath, ad esempio, esprime nostalgia per l'Inghilterra).",standard,H.P. Lovecraft
Intel 1833 la region la gavea 419 abitanti.,venetian,Passo Fundo
"El Germanich, dòpo avè traversaa el Visurgi, l'ha savuu de on disertor indove l'era el loeugh scernii de l'Armini per combatt e l'ha savuu anca che i German avarien taccaa el camp roman duranta la nòtt.",lombard,Battaja de Idistavis
"Inte el 1720, ła proprietà vien cedù ai fradei Valmarana: oncora deso xe sata fameja parona del conpłeso e a abitarghe.",venetian,"Viła Valmarana ""Ai Nani"""
Li pùggili cummàttinu duranti li partiti tantu longhi.,sicilian,Puggilatu birmanu
"Poeu, on di che la gh'è 'na troupe televisiva al distrett a hinn ciamaa in del offizi de la capitana e pensen de vess staa beccaa, ma in realtà hinn staa domà sgridaa per avèlla scherzada quand che l'era dré a parlà ai telecamer.",lombard,Kate Beckett
"Fonti 'ncora cchiu' antiche usanu puru u nome de Noia, forsi de la parola medioevale ""novia"", ca significa zone palustri.",sicilian,Nove te Galatina
I Alcatrazz ga avùo anca altri do menbri dei G3: Yngwie Malmsteen e Steve Vai.,venetian,G3 (grupo muzicałe)
Al gh'ha ona superfiss de 35.980 km² e una popolazion de pressapoch 23 milion d'abitant.,lombard,Taiwan
In del 576 l'ha resistii a on noeuv assedi di Unn.,lombard,Kerč
L'è uriginària de l'Azia ma la s'è fàda natüràla en töta l'Europa meridiunàla e centràla.,lombard,Tanacetum balsamita
"Anpò, ła formasion ła canbia de tour in tour; inazonta, i tre artisti sełesionài da Satriani come ""i tre grandi"" i sona  gran parte de'l conserto indipendentemente (paromo co'l só grupo).",venetian,G3 (grupo muzicałe)
"Lu nùmmuru di pianeti extrasolari aumenta rigularmenti, e li strummenta di ossirvazzioni pirmettunu oi di ndividuari pianeti sempri cchiù luntani e sempri cchiù nichi.",sicilian,Pianeta
"Za Tertulian (160-220) el reporta che i cristiani i costumava farse insima ła fronte el segno de ła croze: El crozefiso, invese, no el ze sta doparà cofà sìnboło prima del V sècoło.",venetian,Cristianèzemo
"La candidatura di Rita Borsellinu fu sustinuta, 'n urìggini, suprattuttu dê partiti ""minuri"" dû centru-manca (SDI, Rifunnazzioni Cumunista, Fidirazzioni dê Virdi, Partitu dê Cumunisti Taliani, Italia dê Valuri e àutri), a chisti prestu si juncieru macari li Dimucràtici di Manca.",sicilian,Rita Borsellinu
Il personaggio appare in seguito: Fantastic Four (prima serie) n.,standard,H.E.R.B.I.E.
"Ntô sistema australianu, â fini dû campiunatu li primi quattru squatri ci ncòntranu nta nu playoff chi si cùlmina cu na finalissima.",sicilian,Melbourne Victory
El Galaxy nexus  (Samsung GT-I9250)' el xe el cuart telefono de Android dixegnà da Samsung par Google.,venetian,Galaxy Nexus
"Tra el 1520 e el '23 el xe sta a Venesia, dove el ga fondà l'Ospedałe dei Incurabiłi a ła Giudeca.",venetian,Gaetano de Thiene
"Maria d' 'o Principio fuje cuperta d' 'a lava, ppe'tramente 'a chiesà 'e San Giorgio viecchio nun subette nisciuno ammacco, 'a prucissione prevedeva pùre na sosta breve avvicino a chella chiesa ppe' poje turnà n' ata vota areto.",neapolitan,San Giorgio a Cremano
I conserti i se ga dezvolzesto da'l 16 a'l 29 de otobre in America Łatina.,venetian,G3 (grupo muzicałe)
"Dint'a ll'urdema, 'a Uerra d""e Sett'anne (1756-63), 'a Franza, azzoppata p""a corruzione e p""a mala gestione, perdette 'a maggior parte d""e terretore d'otrammare 'n favore d""e ngrese.",neapolitan,Luigge XV 'e Franza
"La Nathalie l’è rivada in final e poeu l’ha vinciud el talent e l’ha firmad on contrat discografich de 300.000 euri con la Sony Music; dessorapù in final l’ha cantad in duet coi Skunk Anansie con l’interpretà You'll Follow Me Down, e l’ha ricevud el premi de la critega de la sala stampa e d’ona quai emitent radiofonica.",lombard,Nathalie
"Oltre scale de temperadura i è: Newton (ca. 1700), Rømer (1701), Fahrenheit (1724), Réaumur (1732), Delisle o de Lisle (1738), Celsius (1742), Rankine (1859) e Leyden (circa 1894?).",lombard,Kelvin
"Come nel tema dell'inevitabilità del destino determinato dalla stirpe, la fuga, ed eventualmente la morte, non garantiscono alcuna salvezza (La cosa sulla soglia, L'estraneo, Il caso di Charles Dexter Ward, e altri).",standard,H.P. Lovecraft
"Chì, el legaa imperial Germanich l'è riessii a batt el re di Cherusch Armini, per poeu sconfigel definitivament in de la battaja del Vall di Angrivari.",lombard,Battaja de Idistavis
"D""o 1626 Baucina addiventette prencepato d""a famiglia Migliaccio, marchise 'e Montemaggiore.",neapolitan,Baucina
"Inte te el zigote ghe sarà na copia cromosomica XX se al nassituro al sarà na femena, o na copia XY se el sarà an mastcio.",venetian,Sesso
sig. conte Arnaldo Arnaldi 1.,venetian,Gaetano Maccà
Gh'è però di ótre manére per spiegà come l'è nsìt ol Kaiserschmarren.,lombard,Kaiserschmarren
"Pe chistu mutive, ciert politice lucale 'ncàsane pe ll'adesione d""o territorio â penzata pruvincia 'e Nola, dato ca c'è pure 'a piena approvazione d""e politice nolane.",neapolitan,Baianese
Noc vòmmëchë: 'A specie Ailanthus altissima scritta a la manera lazziale-cuminese.,neapolitan,Cazzipocchio
"Nasùo come film TV e despò destinà al sìnema, drìoman el projeto vien abandonà par mancansa de fondi.",venetian,Gabriele Muccino
Le donne nell'opera di Lovecraft sono piuttosto rare e non ricoprono quasi mai ruoli positivi.,standard,H.P. Lovecraft
La parola abecee etimulogicament la vee dai primm trii leter de l'abecee latin A - Be - Ce.,lombard,Abecee
Sta festa è tantu sintuta pirchì si dici chi lu Signuri di maju sarvò lu paisi di Mazzarinu quannu ci fu nu granni terrimotu.,sicilian,Mazzarinu
"Numma Pumpilejo arregnaje pe' 43 anne senza 'e fa' nisciuna uerra, organizzaje 'a cità spartennola a distritte, arrefurmaje 'o calannario facennolo 'e 12 mise siconno chillo solare e facette nummeruse cagnamiente 'ncopp""â religgione: facette fraveca' nu gruosso nummero 'e tiempie, comme a chillo 'e Jano o 'e Vesta, e criaje 'e gionte saciarduotale d""e Flaminije, d""e Puntifece, d""e Vestale e d""e Salii.",neapolitan,Regno 'e Romma
"Ausano in gennere d’’e specche a forma 'e aniello, messe quase parallele ô fascio 'e lummera ncidente, ca vene speculesse 'e poche grade.",neapolitan,Ucchiarone
"Fatta 'o 11 Aùsto 1799, 'a commissìone 'ncarecata 'e fà 'o codice civile fuje presieduta spisso propeto 'a Napuliòne ca leggeva 'e bozze mente se facevano 'e campagne militare e 'nviava a Parigge ll'idee soje d""o proggetto.",neapolitan,Napoleone Bonaparte
"In del desember del 2010 l’è diventad oficial che la Nathalie, l’ann adree, l’havariss fad part del Festivall de Sanrem 2011 in la categoria Artista.",lombard,Nathalie
"La santa patruna di Mazzarinu è la Madonna dû Mazzaru e si fisteggia a terza dumìnica di sittèmmiru, ppi sta festa si conza na fera chi dura tri jorna (Sàbbatu, Dumìnica e Luni), e vèninu tanti genti di li paisa vicini.",sicilian,Mazzarinu
"Detto questo, lo scrittore si definisce vicino alla posizione del fabianesimo, preferendo l'introduzione graduale di idee e progetti progressisti nei programmi di governo.",standard,H.P. Lovecraft
La Wikipedia la xe la racolta de documentasion piesè granda che dòpara sto tipo de licensa.,venetian,GNU Free Documentation License
"Vecin'a gl sanduarie, attèrr'a Mèlfa, a gl 1958 fúrene schepiért gl riéšt de ne tèmbie de la déa Méfete, che menéte é èx vote de cuocc de gl III sècule p.",neapolitan,Settefrate
"Nunustanti Sarausa fussi mpignata ntâ Guerra dû Pilupunnìsu, lu sò cuvernu dumannau aiutu nnâ Magna Grecia, e na vota ca i cartagginisi sbarcaru n Sicilia anchi ntâ Grecia stissa.",sicilian,Battagghia di Gela (405 a.C.)
"Al 2009 le edizioni totali in cui è stato pubblicato il taccuino degli appunti di Lovecraft sono quattro: 1938, 1943, 1973 (diffusione privata) e 1987.",standard,H.P. Lovecraft
"Aisistunu 16 suttatipi H e 9 suttatipi N canusciuti comu ""aucieddi"", ma sulu l'H 1, l'H2 e l'H 3, e lu N 1 e N 2 sunu cumunimenti truvati 'nta l'umani.",sicilian,Nfluenza A suttatipu H1N1
"La koinè la s'è desvilupada a partir del secol XIII ind el ambet de qell qe l'era ol cœr del vegg Regn Lombard, deventad Regn Italeg a l'intern del Sacr Roman Imper.",lombard,Koinè lombarda medieval
"Durando cheła manifestasion el prezenta el brano Sarà l'età e donca el firma un contrato co un discografego, el primo par łu, co ła Fonit-Cetra.",venetian,Luca Barbarossa
Canzone ca se sentono pe' radio e p' ' a televisione.,neapolitan,Giuseppe De Gregorio
"Lu dirittu LGBT è chidda di iniuni civili ntô lu munnu prisinti ntû Spagna, Stati Uniti siulu 'n 10 Stati, Francia e Nglaterra.",sicilian,ArciGay
L'H.264 fa parte della famiglia H.26x ed è stato sviluppato da ITU-T Video Coding Experts Group (VCEG) insieme a ISO/IEC JTC1 Moving Picture Experts Group (MPEG).,standard,H.264
"Quand che vann de vun di testimoni, descovrissen che l'era in testimon fals, e donca i polee ciappen de noeuv fiducia in luu, dopo avè pensaa che la fuss 'na scusa per sposàlla no.",lombard,Kate Beckett
"El Kreutzwald l'ha regolt i testimonianz de la tradizion oral e j'ha mettuu tucc insemma in d'on gran corpus de legend (anca se on quai tocch l'è staa giontaa proppi de l'autor, per impienì on quai boeugg narativ).",lombard,Kalevipoeg
"La palora ""autunnu"" veni dritta dû latinu ""autumnus"", varianti di ""auctumnus"", ca veni dû verbu ""augere"", ca voli dìciri ""aumintari, ngranari"" picchì sta staggiuna porta assai prudutti pî cuntadini e pî viḍḍani ca càmpanu cu chiḍḍu ca dugna la terra.",sicilian,Autunnu
"Dopo avere giocato a football al college a Clemson, Simmons fu scelto come 15º assoluto nel Draft NFL 1993 dai Green Bay Packers.",standard,Wayne Simmons
"Ul curs di evenement al le furzava a consentí la restorazion di Burbon, perõ al ga riessiva da sigürà la creazion d'una cunfederazion Tudesca.",lombard,Klemens von Metternich
"littoralis Sennen ex O.Bolòs & Vigo, Fl.",venetian,Asparagus officinalis
"Lee la vegn proppi gelosa, tant de provà a ostacolà la collaborazion in tra la perita e la Polizia voruda de la sò capa.",lombard,Kate Beckett
"Pi stu mutivu, lu Cuvernu talianu, prisidutu di lu premier Rumanu Prodi, stabbilìu pi dicretu liggi di lu 1º aprili 2008 rèuli siveri e peni asimplari nzinu a l'arrestu pi cui và a vutari purtànnusi na fotucàmmira o cillulari ca ponnu fari fotucrafìi.",sicilian,Votu di scànciu
"Li Nurmanni rapprisèntanu nu pòpulu nòrdicu chi discinneru dî Vichinghi cu nturnu vineru dî paisi dû nord comu Svezzia, Norveggia e Danimarca.",sicilian,Nurmanni
"Per vesser plussee precis, lejii i effemerid.",lombard,Zodiac
Alicante y la Costa Blanca.,neapolitan,Joan Fuster
"Le prime comunità cristiane, parò, par identifegare ła so rełijon no i doparava ła croze, considarà èsar in chel tenpo ignominiozo strumento de morte, ma el pese.",venetian,Cristianèzemo
A partir dal 6  de marso 2012 Google Music el ze stà conpletamente integrà in Google Play e el ze stà renomenà Google Play Music (che in Itałia ze deventà Google Play Musica).,venetian,Google Play Musica
La parola circunfirenza è puru ntisa comu la lunchizza dâ curva chiusa chi idda rapprisenta.,sicilian,Circunfirenza
"La se adatta a quajsevoeur tipo de terrén basta che ‘l sia ben drenàa. La potadura la gh’hà de vèss fada de primavera subit adrée a la fiorida, al fin de favorìnn la formazion di gèmm de l’estàa che menarànn i fior l’ann adrèe. L’ingrassadura la ven fada con de l’ingrass orgànich madùr de bon.",lombard,Kerria japonica
Ła ze 'na area konprendesta intra el Altopian de el Tibet a sudovest e el Altopian de Huaṅtu (o de el loess) a nordest.,venetian,Gansu
"L'io narrante di Aria fredda mostra disprezzo per gli ispanici di modesta estrazione sociale che compongono il suo vicinato, ma tratta con rispetto il ricco e aristocratico dottor Muñoz, di origine celtico-iberica, che descrive come un ""uomo di buoni natali, colto e acuto"".",standard,H.P. Lovecraft
"A partì del 20 de sginer del 2021 l'è vizzi-presidenta di Stat Unid in del ticket del Joe Biden, dopo vesser stada senatora per la California e ancamò prima procurator general del Stat.",lombard,Kamala Harris
When in the Course— (1981) The Worlds of H.,standard,H. Beam Piper
"Anca se i eren contrare a l'astrolojia, l'ebraisem e ‘l cristianesem i s’enn impossessads del repertore de figure e imajen  fornide dal zodiac, e ie han conservade e utilizade soratœt in funzion de calendare, per illustrar el cambiament stajonal e guidar el lavorar ind i camp.",lombard,Zodiac
"Lu Melbourne Victory FC è na squatra di palluni di Melbourne, 'n Australia.",sicilian,Melbourne Victory
"Le piasè importanti xe l’akan, el mole-dagomba, e l’ewe.",venetian,Gana
Napoli F) [rev. Le 'mbroglie de la Bajasse] Don Chisciotte della Mancia (sum.1769,neapolitan,Giovanni Paisiello
Łe reunion łe ze ospitae a turno dai sete Stati apartegnenti del G7.,venetian,G7
Jarmo é Shanidar suó ddu zéta archeològgeche de la zzòna.,neapolitan,Zagros
"Diferente da cheło che pasa in Ocidente, par cuanto ła ceza grega ła gavese na rełevansa particułare, sta cuà no ła zera sta mai in grado de inponer ła so supremasia so łe ceze ""sorełe"", che i zera restai autocèfałe.",venetian,Cristianèzemo
"Dato lo stato in cui versava il taccuino (segnato da cancellature, strappi, sostituzioni e aggiunte di pagine), Lovecraft nel 1934 decise di affidarlo a Robert H. Barlow in cambio di una copia scritta a macchina, che venne poi riconsegnata a Lovecraft il quale permise all'amico di tenersi l'originale, oltre a due copie in carta carbone.",standard,H.P. Lovecraft
U paisi è ajicatu ntê timpi di na muntagnedda ca je auta de 600 metri (nti lu centru storicu) e 750  metri (nta zona nova).,sicilian,Liunforti
"Molti sono gli scrittori che hanno collaborato con Lovecraft, come Clark Ashton Smith, Robert Ervin Howard e Fritz Leiber, attingendo a loro volta alle sue opere.",standard,H.P. Lovecraft
Donca la quarta stagion la finiss cont on basin spassionaa.,lombard,Kate Beckett
"Il museo si trova nell'ex-Amstelhof, un edificio in stile stile classico del 1681.",standard,H'ART Amsterdam
"Al sesso de un organismo al pol esser determinà dal patrimonio cromosomico dei organismi genitori o da aleli autosomici, o sia par ereditarietà; inte serti animai invece pol esserghe la influensa de serte condision anbientai.",venetian,Sesso
": 295 (1866) Asparagus hedecarpus Andrews ex Baker, J. Linn.",venetian,Asparagus officinalis
"El piasè importante governator inglexe fu Frederick Gordon Gussiberg che, dal 1919 al 1927, se ocupò del svilupo de la colonia e de darghe na voce ai africani che no podea dir niente su i afari del loro paexe.",venetian,Gana
"Casalnuovo se truovo in piena chianura campana, tanto vicino 'e appennnini quanto 'a mare.",neapolitan,Casalnuovo 'e Napule
"L'ha proponid per prim qesta definizion ind el 1868, col partir da la considerazion  termodinamega qe la g'è una temperadura minema assoluta, ol zero assolut.",lombard,Kelvin
"Sucesivamente, durante ła pontada de na trazmision tełeviziva ""The insider"", co'l fin de reabiłitarlo davanti a'l pùblego, el ga dà in scandesénsa co i zornałisti e i prezentadori zbandonando ezabruto ła sena co ła maravegia de tuti.",venetian,Gary Coleman
"'A Sicilia si cumpone 'e 9 pruvincie e ha nu tutale 'e 390 commune d""e quale 199, 'o 51%, hanno meno 'e 5.000 abetante.",neapolitan,Sicilia
Ła xe stà par diversi ani so' moroxa de l'atore Sergio Assisi.,venetian,Gabriella Pession
"Palermu - Stamatina lu traghettu ""Emilia"" ca vinìa di Cagliari, duranti li manovri d'attraccu nni lu portu di Palermu, urtau cu viulenza la banchina; 31 firiti levi.",sicilian,Austu 2005
"Isse teneno 'a differenza re puté avé tracciati cchiù luonghi, nunn'abbesognano d'a fune e certi vote pure certi ferruvie nurmale, pe' certi tratti 'e muntagna, aùsano 'a cremagliera 'mmiezzo 'e rutaie.",neapolitan,Ferruvia
"Indicativ present: chié e monto, ti 't mont, chiel o monta, nosgècc montoma, vosgècc monté, chiei i monto.",lombard,Kje
"L'MPEG-2 Video è simile all'MPEG-1, ma fornisce anche il supporto per i video interlacciati (il formato usato dai sistemi televisivi analogici).",standard,H.262
"I conceti fondamentałi łe ze: Trinità (par ła ceza catòłega e protestante) Jezù Cristo, fioło de Dio e salvatore de l'umanità Amore par Dio e par el pròsimo Par i testi neotestamentari e ła teołozia cristiana, Jezù de Nazareth el ze sta crozefizesto, el zera morto e el zera sta sepełesto, e el ze dopo resorzesto dal regno dei morti verzendo łe porte del Paradizo a chi che crede in eło par ła remision dei so pecai (salvesa).",venetian,Cristianèzemo
"Parti integranti du box set è puru nu libbru fotugraficu c'ammustra immaggini, inediti e nun, di lu cantanti ne divìersi fasi ra so carriera.",sicilian,Freddie Mercury Solo Collection
"Indicativ imperfett: chié e piasgiäva, ti 't piasgiäv, chiel o piasgiäva, nosgècc piasgiävo, vosgècc piasgiävi, chiei piasgiävo.",lombard,Kje
"'O binario se cumpone 'e doje sbarre parallele r'acciaro chiammate rotaie; e isse songo aunite pe'bbia d'e traversine, 'e ligname o 'e giumento.",neapolitan,Ferruvia
"Mentri Dionisiu era mpignatu a sèquiri la sò via a lu putiri, l'èsercitu cartagginisi avìa lassatu Girgenti e marciau longu la costa di Gela, e s'accampau a uccidenti dâ citati furtificannu lu campu cu na trincea e na palizzata.",sicilian,Battagghia di Gela (405 a.C.)
"Pi tardi, el nome originale el xe stà ristabilio.",venetian,Gaborone
"H.B. Warner, pseudonimo di Henry Byron Lickfold (Londra, 26 ottobre 1876 – Los Angeles, 21 dicembre 1958), è stato un attore britannico.",standard,H.B. Warner
Stephen King e Neil Gaiman sono tra gli autori moderni più influenzati dai racconti lovecraftiani.,standard,H.P. Lovecraft
"'E cummentatore latine Servio e Donato 'int'e cummiente 'e ll'Eneide precisano ca è Batulo ca Rufrae erano Castella Campaniae a Samnitibus condita, ca vvò dicere ""furtezze d""a Campania funnate d""e sannite"".",neapolitan,Castiello 'e Cisterna
A se sà anca che i tien de ocio cheł'altri corvidi onde che i sconth el manjar e i se met d'acordo par robarlo.,venetian,Corvus corax
Inte'l 1989 A vien fora Al di là del muro àlbun che'l ga el singoło omònemo el cui titoło profetico el ga antisipà de pochi mezi ła cascada de'l muro de Berlìn anca se ła canson ła se riferiva a łe bariere mentałi.,venetian,Luca Barbarossa
H.E.R.B.I.E. apparirà anche nel trentasettesimo film del Marvel Cinematic Universe I Fantastici Quattro - Gli inizi (2025).,standard,H.E.R.B.I.E.
"Il 1º aprile 1918 transitò in servizio nella neocostituita Royal Air Force, e il 1º gennaio 1919 fu insignito dell'Air Force Cross.",standard,Joseph Fall
Poi eło depredaea de tuto e lo sopeiva soto na grande mandorła che sorgeva la visìn.,venetian,Galzignan Terme
"Toponimi relativi a località italiane: Chorio, Dho, Hano, Mathi, Noha, Proh, Rho, Roghudi, Santhià, Tharros, Thiene, Thiesi, Thurio, Vho; in questi casi può derivare da sistemi di grafie della lingua o del dialetto locale (anche per riprodurre suoni non propri dell'italiano sovrarregionale), da grafie arcaiche o tradizioni scrittorie locali, dall'opportunità di evitare confusioni tra il toponimo e vocaboli omofoni: in generale non va quindi pronunciata e va ignorata, ma in qualche caso potrebbe suggerire una qualche particolare pronuncia chiaribile solo localmente.",standard,H
Kijŏng-dong a l'è vun di duu vilagg che a hinn restaa denter la zona demelitarizzada larga 4 chilometer pientada-sù in del 1953 a la fin de la guerra de Corea.,lombard,Kijŏng-dong
"La B-side dû sìngulu è Sheer Heart Attack, puru idda misa nnni l'album News of the World.",sicilian,Spread Your Wings
"Quand che la frequentazion la devegn pussee seria i sò gent se incontren, e resien per via de la differenza social: la mamma del Castle teatrista e 'l papà de la Beckett avocaa, e i dò de descoraggen, per poeu retrovàss dopo che la Becket l'ha pinsaa che 'l Castle el fuss mort in d'on assalt a 'na macchina che l'era su.",lombard,Kate Beckett
"Giorgio viecchio e il Cimitero comunale"", S.",neapolitan,San Giorgio a Cremano
"Chesto è favezo,pecchè nun è documentato â nisciuna parte l'esistènza 'e chistu campò, e nemmanco putimmo fà arresagliere 'e rriggini d' 'o paese ô tiempo d' 'e rumane.",neapolitan,San Giorgio a Cremano
El Gabon l'è un paexe equatorial.,venetian,Gabon
"Aret'â Ferrovia, se fravecaje int'â ll'anni 1990 'o novo Centro direzionale 'e Napule â zona 'e llevante d'ô rione, cu rascacieli ch'erano na nuvità p'â cità e servizi p'ô prubbeco, comm'ô palazzo d’’a Regione Campania e 'o Palazzo 'e Giustizia.",neapolitan,Puceriale
", regia de Giorgio Capitani (2011) Cesare Mori: Il prefetto di ferro, regia de Gianni Lepre (2012) Crossing Lines - serie TV (2013) La porta rossa - serie TV (2017) Oltre la soglia - serie TV (2019) La verità vi prego sull'amore, regia de Francesco Apolloni (1998) Storia d'amore e d'anarchia, regia de Lina Wertmüller (2002/2003) Wikimedia Commons el detien imàjini o altri file so Gabriella Pession el detien schemi gràfeghi so Gabriella PessionCineDataBase, Rivista del cinematografo.",venetian,Gabriella Pession
"'E ccanzone 'int'â lengua siciliana songo: Ummiri, Com'u ventu, Carizzi r'amuri, Disiu, Caruvana 'i sali, e U coni coni.",neapolitan,Agricantus
"Generale del genio aeronautico, fu direttore delle ricerche del Ministero dell'aeronautica e promosse l'istituzione dei laboratori dell'aeronautica militare di Guidonia.",standard,Algeri Marino
Imircuni II canciau li sorti dâ battagghia ricupirannu lu cunvogghiu navali di pruvvisti ca Sarausa vulìa purtari a Girgenti.,sicilian,Battagghia di Gela (405 a.C.)
Tutti li 297 passiggeri e li 12 membri di l'equipaggiu si sarvunu pi miraculu.,sicilian,Austu 2005
"Google Play Musica el ze stà un negosio de mùzega dizitałe, in concorensa ad altri come iTunes Store e Amazon Music.",venetian,Google Play Musica
"Programmazione teatrale di H.M.S. Pinafore, su Internet Broadway Database, The Broadway League.",standard,H.M.S. Pinafore
"Intel 1991, Linus Torvalds a ga scumisià scrivar el nucleo Linux e el ga dexidesto distribuir-lo baso ła GPL.",venetian,GNU
"'O lamantino d' 'a Florida è cunziderato 'a ciertune 'na specie  a parte, ma ITIS 'o cunzidera comme 'na sottospecie 'e T. manatus, e cchesta è 'a pusizzione cchiù accettata ogge.",neapolitan,Lamantino
"L'abbitani c'avìanu aristatu, nzemi a chiddi di Krastos, alleggiu alleggiu, si nni ieru  a Turianu (l'attuali Alcara li Fusi) e accussì chista , pâ fusioni chê tirritori e chî pupulazzioni di tri burgati, addivintò na cità abbastanza mpurtanti.",sicilian,Demenna
"Ani dopo, inte la fin del siglo, so teritòrio el xe stà lógo de na dele pi insangonà batàje dea Rivolusion Federalista: La Bataja del Pulador.",venetian,Passo Fundo
"A la fin de la batalia però a l'è bon de fà la pas con Thorin, prima che 'l re di Nan el moeura per i ferid.",lombard,Bilbo Baggins
Raprexenta l'indiriso fixico del server su cui risiede ła risorsa.,venetian,URL
"In tutta la storia futura Terro-umana, quel conflitto e la distruzione operata attraverso le nazioni del Primo e del Secondo Mondo sono pervasive come spiegazione del modo preciso in cui la cultura del pianeta natale (attraverso il Sud America, l'Australia e il Sudafrica in particolare) arriva ad influenzare i pianeti della Federazione e dell'Impero di Piper.",standard,H. Beam Piper
In de l’autunn del 2012 la fa part d’on episodi de la serie televisiva I Cesaroni.,lombard,Nathalie
"Muccino sbarca a Hollywood par dirizer La ricerca della felicità (2006) e Sette anime (2008), entranbi co Will Smith protagonista, che'l ze anca produtor dei do film e'l ga parsonalmente sernìo Muccino, dopo aver vedesto i so film presedenti.",venetian,Gabriele Muccino
"Duranti la notti lassau cu tuttu l'èsercitu e citatini la citati lassannu sinza sipurtura i morti, mentri nu gruppu di 2.000 òmini ristau n'arreri, e addumau lu focu pi fari crìriri a li cartagginisi ca eranu nnû campu, di prima matina puru iddi lassaru Gela.",sicilian,Battagghia di Gela (405 a.C.)
Â fini dû sèculu XIX tri trasmittitura dâ division bell vìnniru fabbricati dû General Post Office supra dumanna dû guvernu.,sicilian,Division Bell
Dopo diversi anni l’ha did de havé ricevud ostracismo de l’ambient musical per quei dichiarazzion là.,lombard,Nathalie
C. firmau nu trattatu di paci.,sicilian,Battagghia di Gela (405 a.C.)
"Ma quella azzion chì la fa domà inrabbì el Thorin, che le scascia via de la Montagna.",lombard,Bilbo Baggins
La distanza custanti dû centru a nu puntu dâ circunfirenza si chiama ràiu.,sicilian,Circunfirenza
"L'editore George H. Scithers, che conosceva Piper in società, ha affermato che Piper voleva fare un dispetto all'ex moglie che disprezzava: uccidendosi, Piper annullò la sua polizza di assicurazione sulla vita, impedendole di riscuoterla.",standard,H. Beam Piper
"Viła Valmarana ""Ai Nani"" ła xe na vila vèneta situà a łe porte de Vicensa, dove che nase el còl San Bastian, propaxene del visin Monte Berego.",venetian,"Viła Valmarana ""Ai Nani"""
"Soło ke łe vałi łe vien koltivae; vien su koton, łin (desfrutà par farghe ojo), granturko, mełoni, mejo e gran.",venetian,Gansu
"Intrà le solusion tecnoloxeghe, se ga vuo on mejoramento dei conposti chimighi (manco toseghi e duraduri).",venetian,Agricultura
La division bell è na campana ca ntô Parramentu ngrisi nzinga lu nizziu di na vutazzioni (ditta division) e ca richiama li mèmmira di l'assimbrea affinchì ci pìgghianu parti.,sicilian,Division Bell
"Sessant'agn dopo i event cuntaa su in del primm liber, el Bilbo ormai el gh'ha quasi 110 agn.",lombard,Bilbo Baggins
"Liunforti nascìu ntô 1610 e lu nomu cci lu detti Niculò Plàcido Branciforte, conti di Raccugghia.",sicilian,Liunforti
"I ani dopo xe sta afiancà ała strutura na barchesa, na foresteria, na stała e atri edifiçi tipeghi de łe viłe venete; comincue ła cołocasion cołinare e i iteresi dei paruni i fa che sta viła ła se caraterixa pì pa abitasion che pa sentro de produsion agricoła.",venetian,"Viła Valmarana ""Ai Nani"""
"Lu sò vucabbulariu si basa principarmenti supra li lingui rumanzi, zoè lu francisi, lu talianu, lu portughisi, lu spagnolu e lu catalanu.",sicilian,Lingua franca nova
"Coleman, nato co na małatìa conzenita ai reni, el ga senpre tribołà de nefrite.",venetian,Gary Coleman
"In particolare, l'insuccesso di Alle montagne della follia – scritto nel 1931 ma pubblicato solo nel 1936 e in forma rimaneggiata – fece considerare a Lovecraft (che era, per natura, critico nei confronti dei propri lavori) l'idea di abbandonare la professione di scrittore: Uno dei temi principali della maggior parte delle opere di Lovecraft è quello della conoscenza proibita.",standard,H.P. Lovecraft
"'O Baianese è fortemente 'nfruenzate d""a cultura partenopea: nfatte 'o dialetto parlato d""a ggente soja è chiù vicine 'o napulitano ca 'a ll'avellinese, cu d""e differenze piccerille dint 'a conjugazione 'e quacche vierbo.",neapolitan,Baianese
"L'H.263v2 specificava un set di modalità raccomandate in un'appendice informativa (Appendice II, deprecata da allora): La definizione dell'H.263v3 (conosciuto anche come H.263++ o come la versione 2000 dell'H.263) consisteva nell'aggiunta di tre estensioni.",standard,H.263
"Ô 1570 'a vita religiosa d' 'o Casale se move 'int'a parte vascia, cu' l'aedificaziòne d' 'a chiesa 'e Santa Maria d' 'o Principio, attuorno a chesta sciorisce 'o nuovo centro cittadino.",neapolitan,San Giorgio a Cremano
"'e Giorgio Pàstina 1951: Altri tempi, episodio Il processo di Frine, 'e Alessandro Blasetti 1953: Il matrimonio, episodio L'orso, 'e Antonio Petrucci 1953: Villa Borghese, episodio Incidente a Villa Borghese, 'e Gianni Franciolini 1953: Gran varietà, episodio Il fine dicitore, 'e Domenico Paolella 1953: Cento anni d'amore, episodio Pendolin, 'e Lionello De Felice 1953: I gioielli di Madame de...",neapolitan,Vittorio De Sica
"'O codece levaje tutte ll'use 'e l'ancient régime, d’’o feudalesimo, 'e l'assolutismo e creaje na società borghese e liberale cu na vena laica, ccà venetteno cunsacrate 'e diritte 'e l'eguaglianza, d’’a sicurezza e proprietà.",neapolitan,Napoleone Bonaparte
Crammòlla érta che 12-20 sciuore de chelore viòla é mbrefemate.,neapolitan,Uva e sèrpa
"'Ind'o mese 'e marzo d' 'o 1944,ô tiempo d' 'o parroco don Giorgio, s' avette na nova eruzzione e 'o 22 'e marzo 1944 fujono purtate 'e duje statue addo' 'a lava se fermaje (zona via Amendola).",neapolitan,San Giorgio a Cremano
"el kumquat L’è stàa mettùu denter in Euròpa in del 1948 del Robert Fortune, collezionista de la London Horticultural Society, e on poo de temp pussée tard a hinn stàa portà in America del Nòrd.",lombard,Kumquàt
La performance positiva al riconoscimento di foto può essere dovuta al fatto che l'operazione ha risparmiato parte della sua corteccia peririnale ventrale.,standard,H.M.
"In quella de la Guerra de difesa Polonesa, quand qe l'eva apena s'ciopada la Segonda Guerra Mondiala, ind el 9 de setembr 1939 el paes a l'eva stait bombardad de la Luftwaffe Todesca.",lombard,Kurów
C. come ditatore perpetuo. Łe so conquiste miłitari in Gallia Transalpina łe ga estexo el dominio romàn fin a ł'Oçeano Atlantego e al Reno.,venetian,Gaio Giulio Cesare
"Allo stesso modo, H.M., non poteva più consolidare nuovi ricordi, ma poteva accedere a tracce che esistevano prima dell'operazione chirurgica: ciò suggeriva che la codifica e il recupero di informazioni nella memoria a lungo termine fosse mediata da sistemi differenti.",standard,H.M.
"Na tarantella cu Malta fuje na scusa p’’a Ngreterra pe nce dichiarà guerra 'a Franza, accussì puteva da' ajuto 'e rre francise ca stevano contr'a Napuliòne.",neapolitan,Napoleone Bonaparte
"La palora spagnola cruzada acchiana â mitati dû XIII sèculu, quannu l'èbbica di chiddi c’òi chiamamu Cruciati era praticamenti cunchiuduta.",sicilian,Cruciati
Ciarament Castle l'era sorpres per l'affermazion de la Beckett.,lombard,Kate Beckett
Santa Margarita è un cumuni di 6.474 abbitanti dâ pruvincia di Girgenti.,sicilian,Santa Margarita (Girgenti)
"L'algoritmo di codifica usa un ibrido di predizione inter-fotogramma compensata per il movimento e di codificazione di trasformata spaziale con quantizzazione scalare, scansione a zig-zag e codificazione entropica.",standard,H.261
Ona quaj volta el pollaster putost che 'l pess a hinn doperaa per ona quaj stilaa.,lombard,Kebab
"Àutra cultura tìpica dâ zona, è chidda di l'alivu.",sicilian,Santa Margarita (Girgenti)
Purtale Romma antica Purtale Storia,neapolitan,Regno 'e Romma
"Ganahls-dhs-dss.ch, Disionàrio stòrego de ła Svìsara.",venetian,Gana
La virsioni urigginali fu proposta dû gruppu nni performance live spiciarmenti comu apirtura nnî spittàculi finu ô 1982.,sicilian,We Will Rock You
I grupi pigmei oncora presenti xe i bagielli e i baka.,venetian,Gabon
"Durante questo turno di servizio in Medio Oriente contrasse la poliomielite, riuscendo a riprendersi.",standard,Joseph Fall
"Dal 13 de novenbre 2012 el servisio el ze stà disponibiłe anca in Fransa, Spanja, Italia, Renjo Unìo e Zermània.",venetian,Google Play Musica
"Col fin sentifego e xuridego, tute e do le materie le xe comunemente unie soto la granda açesion de agricultura, che la inbrasa difarenti laori come la coltivasion de piante (arboree, erbasee), l'arlevamento de le bestie e el disfrutamento de le foreste.",venetian,Agricultura
"In del 1514 l'è staa traa giò del foeugh e l'imperador (Massimilian I), che 'l gh'eva nò i danee per tiràlla sù anmò, el ghe l'ha regalada a l'Assemblea Regional.",lombard,Klagenfurt am Wörthersee
"Hinn segutaa duu agn de battaj (10-11), sòtta el comand del Tiberi, per evità ona possibel invasion germaniga e di ribellion in di provincc gallich de confin.",lombard,Battaja de Idistavis
'A populazzione rezidente 'inta ste commune cu meno 'e 5.000 abetante rappresenta 'o 10% 'e tutt’’a pupulazione d’’a reggione.,neapolitan,Sicilia
"Inte ła Ceza copta el tìtoło de ""Papa"" el ghe speta al Patriarca de Alesàndria.",venetian,Cristianèzemo
"Le 'nfiurescènse i è dei capulì a sò ólta reünìcc en curìmp, bèi empacàcc che vé sö ensìma ai gamp.",lombard,Tanacetum vulgare
"Flora of North America Editorial Committee, e.",lombard,Tanacetum balsamita
El Gabon l'è un paexe de mèdia richeza.,venetian,Gabon
Il racconto The Edge of the Knife (raccolta in Empire) si svolge poco prima della guerra e coinvolge un uomo che vede lampi di futuro.,standard,H. Beam Piper
"Isso è nu sistema 'e traspuorto urbano ca se trova quase sempe ngopp' a strada e tene nu' sistema 'e numerazione e variabilità d'e linie abbastanza uguale 'a chillo 'e ll'autobus e d'e filobus. 'E tram extraurbane so vere e propete linie ferruviarie, abbastanza corte, ca stanno spisso 'a o fianco 'e na' strada e se chiammano ferruvia tranviaria.",neapolitan,Ferruvia
"C Autri citati 'mpurtanti fonu Rhegion (Reggiu), Sybaris (Sibari), Taras (Tarantu) e Kroton (Crotoni).",sicilian,Magna Grecia
All'età di otto anni fece un'esperienza profonda ed insolita della consapevolezza pura.,standard,H.W.L. Poonja
"A l'è ona donna debon forta, despess minga emozionala per via del colp de la mort de la mader.",lombard,Kate Beckett
"'O 1795 nu' ngengnere ngrese, Benjamin Outram, inauguraj 'na primma linia 'e tram a cavallo cu binari 'e fierro e carrelli 'a servizio minerario.",neapolitan,Ferruvia
I dò version pussee cognossude inn quelle del Charles Perrault e di fradei Grimm.,lombard,La piscinina Capin ross
El abuelo y yo (serie tełevixiva) (1992) Y tu mamá también (2001) El ojo in la nuca (2001) Nessuna notizia da Dio (Sin noticias de dios) (2001) Il crimine di Padre Amaro (El crimen del Padre Amaro) (2002) I diari della motocicletta (Diarios de motocicleta) (2004) L'arte del sogno (La science des rêves) (2006) Il passato (El pasado) (2007) Wikimedia Commons el detien imàjini o altri file so Gael García Bernal el detien schemi gràfeghi so,venetian,Gael García Bernal
"Città piccidda, divintò na piccidda capitali pulìticu-curturali grazzi alli prìncipi di Vutera (li Branciforti e li Carafa).",sicilian,Mazzarinu
Nkrumah  el fu liberà par diventar el primo Presidente del Ghana.,venetian,Gana
"I prezzi, anche questa volta, pur non essendo popolari, hanno subito una flessione e per il modello entry level il prezzo di listino è 1.102 €.",standard,IMac
"El Gana o Ghana, ufisialmente Republica del Gana xe no Stato de l'Africa oxidental.",venetian,Gana
"La determinasion del sesso la ze al processo biologico tramite al qual se definiss al sesso de un organismo, o sia quela funsion par la qual al novo nassest al ciapa le carateristiche de un dei do sessi.",venetian,Sesso
Arcuni aggenti di l'H1N1 sunu indemichi nta l'umani e causanu na frazzioni nica di tutti l'infruenzi umani e na frazziuni ranni di tutti l'anfruenzi stacciunali.,sicilian,Nfluenza A suttatipu H1N1
"Napuliòne n'apprufittaje pe mette fora legge 'e giacubbine, paricchie 'e loro venetteno esiliate dint'a Guyana, e sperdere 'e monarchice.",neapolitan,Napoleone Bonaparte
"Sua madre era la sorella di Swami Rama Tirtha, uno dei più conosciuti saggi indiani.",standard,H.W.L. Poonja
"Lo stesso titolo del lavoro risulta umoristico, opponendo il nome di un capo di vestiario da ragazzina, pinafore (grembiule o scamiciato), a una nave da guerra di sua maestà britannica.",standard,H.M.S. Pinafore
"Poco dopo che questi piani furono stabiliti, nel luglio 1958 l'ARPA visitò l'ABMA e comunicò a Von Braun che avevano ancora a disposizione 10 milioni di dollari da spendere prima del suo trasferimento, e gli chiese se ci fosse un modo per impiegare in maniera efficace questo denaro.",standard,H-1 (motore a razzo)
"'E tre patrone provvisorie d’’a Franza 'nzieme a ddoje commissione, preparajene na nova costituzzìone ca legittimava 'o colpo 'e stato.",neapolitan,Napoleone Bonaparte
"Opere di H.P. Lovecraft, su MLOL, Horizons Unlimited.",standard,H.P. Lovecraft
Ô 1996 vencettero 'o premio Tenco.,neapolitan,Agricantus
Se pò nanca esclud che l'area di dialett gal-italich lucan la fuss pussee vasta e che col temp vari parlad se sien adattaa al contest dialettal local.,lombard,Gall-Italich de Basilicada
"Plane Facts:Latvian lightweight, in Air International, vol. 16, n.",standard,VEF I-16
URL consultato il 31 luglio 2016.,standard,Desmond Doss
"Nel gennaio 2010 YouTube (Google) ha eseguito dei test con il codec H.264 per uno dei formati video nella versione ""HTML5 beta"" del suo sito internet, in modo che non sia più necessario usare il plugin Adobe Flash per la visualizzazione dei video; a gennaio 2011 Google ha annunciato la cessazione del supporto di H.264 dal browser Chromium a favore del formato WebM sviluppato da Google stessa, che fa uso del codec video VP8.",standard,H.264
"Funnato, siconno 'a tradizzione, 'a Ruommolo (ca sempe siconno 'a stessa fuje pure 'o funnatore d""a cità 'e Romma) 'o 21 'e abbrile d""o 753 a.",neapolitan,Regno 'e Romma
"Accussì, quannu Giuseppi Piazzi scupriu nu corpu cilesti chi si muvia ntô cielu, la sira dû capudannu dô 1801, a primu acchittu si pinsò a nu pianeta novu.",sicilian,Pianeta
Napoli N) Socrate immaginario (aut.1775,neapolitan,Giovanni Paisiello
"Nacque a Hillbank, sull'isola Vancouver, nella Columbia Britannica, il 17 novembre 1895, all'interno di una famiglia di contadini, figlio di Harry e Lallie Fall.",standard,Joseph Fall
"La passione per l'astronomia continuò da luglio a dicembre sul settimanale Pawtuxet Valley Gleaner e, dall'agosto 1906 al 1908, con il Providence Morning Tribune e il Providence Evening Tribune.",standard,H.P. Lovecraft
"La capiss subit donca che in realtà el capo de l'organizzazion a l'è el Senator, che lee l'aveva salvaa e che ora l'ha salvaa lee, e che ora che l'è pu in debit l'è assee a ris'c.",lombard,Kate Beckett
"Poeu el Castle a l'è reintegraa in la Polizia, dopo 'n quaj mes de lontananza per avè collaboraa cont di mafios.",lombard,Kate Beckett
"Insieme a centinaia di altre società globali, H&M ha annunciato il 2 marzo 2022 la fine delle operazioni di vendita al dettaglio dei suoi oltre 150 negozi in Russia a seguito dell'invasione russa dell'Ucraina.",standard,H&M
Ha subito inoltre la rimozione di parte della corteccia temporale anterolaterale.,standard,H.M.
"40 difarenti  grupi etnici vive in Gabon, tuti co le so lengoe e tradisioni.",venetian,Gabon
"Panthera onca (Linnaeus, 1758) è un Felidae dû gèniri Panthera diffusu ê Mèrichi.",sicilian,Panthera onca
Culonia - Si cunchiudìu cu la Santa Missa la XX Jurnata Munniali di la Giuvintù: chiossai di 800.000 picciotti di tuttu lu munnu assisteru a la cilibbrazzioni eucarìstica (1.000.000 sicunnu l'organizzatura).,sicilian,Austu 2005
"'A situazione migliuraje nu poco dint'a ll'anne Sissanta d""o XVIII seculo, quanno nu novo menisto, 'o duca de Choiseul, ripurtaje nu poco d'urdeno ô guvierno e cercaje d'arrepezzà 'e dammagge p""a Uerra d""e Sett'anne.",neapolitan,Luigge XV 'e Franza
"De norma, ła query string gà sto formato: [...]?",venetian,URL
El stadi del Real Madrid el porta el sò nom.,lombard,Santiago Bernabeu
"Danza guerriera asiquita a lu nizziu di cummattimentu, pi addimustrari abbilitati e curaggiu.",sicilian,Puggilatu birmanu
"In punta di piedi l’è stad metud foeura come singol in sui piataforme digitai el 24 de november del 2010, dì adree a la semifinal de l’ X Factor.",lombard,Nathalie
Inte l'Itałia del XVI sècoło Falloppio scrive ła prima descrision incontestàbiłe de l'uso del goldón.,venetian,Gabriele Falloppio
"Ulteriore obiettivo è quello di fornire una flessibilità sufficiente da consentirne l'uso in una vasta gamma di applicazioni e su un'ampia varietà di reti e sistemi, inclusi sistemi ad alto e basso bit rate, video a bassa e alta risoluzione, broadcast, archiviazione su DVD, reti per comunicazione in tempo reale (RTP) e sistemi di telefonia multimediale su specifiche ITU-T.",standard,H.264
"Sito ufficiale del Comune di Galatina Sito della Parrocchia S.Michele Arcangelo di Noha Noha.it Il Portale con la ""H""",sicilian,Nove te Galatina
"Roma - Scossa di tirrimotu nni la capitali taliana: a li 14,02 di oi la terra trimau pi un sisma di magnitudu 4,5.",sicilian,Austu 2005
1) prima stansa a sinistra: Torquato Tasso (Jerusałeme łiberà: storia de Rinaldo e Armida),venetian,"Viła Valmarana ""Ai Nani"""
"Tra dui ginirazzioni, sti vichinghi addivintaru christiani e vinneru latinazzati (criannu nu dialettu dû francisi chiamatu lu francisi nurmannu.",sicilian,Nurmanni
Sta roba se deve a che raquanti dei programi scriti pal projeto GNU i ga demostrà èsare de pi alta cuałità che łe so version conpagne de UNIX.,venetian,GNU
"Se el protocoło nò'l vien spesificà, xeneralmènte el brausér utiłixa ""HTTP://"" come predefinìo.",venetian,URL
El descrèdit de la realitat.,neapolitan,Joan Fuster
"Ecesionałe setor, el xe stà autor de mirabiłi scoverte anatomiche, co contributi fondamentałi in osteołoxia, miołoxia, splancnołoxia.",venetian,Gabriele Falloppio
"La Pira, 2000 Aristide Casucci, ""San Giorgio a Cremano.",neapolitan,San Giorgio a Cremano
A majurìa di Accipitriformes sunnu munògami.,sicilian,Accipitriformes
"La fa ingelosì fiss el Castle quand che la se troeuva a studià el cas de on tentaa omicidi che l'ha coppaa la persona sbajada cont obietiv on donnaroeu miliardari e lee a l'è mettuda 'me scorta per lu, soratutt perchè primma l'eva on poo risiaa cont lu perchè l'ha preferii giugà ad on sbaratutt che ""giugà"" con lee, biotta.",lombard,Kate Beckett
"Dopo Anima di vento la taja el contrat con la Sony per diversità artistiche e personai, desgià che la major la voleva on spostament del rock alternativ e di ballad vers on son pussee compagn del pop meinstrim.",lombard,Nathalie
"Dall'inizio della carriera ha venduto oltre 25 milioni di copie certificate tra singoli e album negli Stati Uniti, collaborando con esponenti del panorama R&B/Hip-hop, tra cui Mary J. Blige, Toni Braxton, Robert Glasper, Bryson Tiller, Chris Brown, Jazmine Sullivan, Khalid, Daniel Caesar, pop, tra cui Ed Sheeran, Jess Glynne e Maroon 5, e musica country, duettando con Chris Stapleton.",standard,H.E.R.
Lu cuvernu ufficiali italianu passa dû latu dî forzi alliati.,sicilian,Opirazzioni Husky (1943)
"Nun so' cunsiderate variante d'ô sardo 'e ddialette d'â sub-reggione d'â Gallura, ca songo 'nfatte dialette d'â lengua corsa, assaje cchiù abbecina 'a o tuscano ch'ô sardo.",neapolitan,Lengua sarda
"El moeur a cà soa, in del palazz Ghislieri Aizaghi Malaspina, e l'è mitud sota al Cimiteri monumental de Pavia.",lombard,Lazzaro Spallanzani
"Rimase sorpreso quando il sadhu gli rispose che c'era una persona che gli poteva mostrare Dio, Ramana Maharshi.",standard,H.W.L. Poonja
"Addivinìu, 'n sècutu a la morti di sò frati, tistimoni dâ lotta â dilinquenza urganizzata.",sicilian,Rita Borsellinu
"Napoli F) [La scuffiara amante, o sia Il maestro di scuola napolitano; La scuffiara raggiratrice] Giunone e Lucina (8.9.1787 Napoli SC) L'amor contrastato (carn.1789",neapolitan,Giovanni Paisiello
"Space Viking Legacy: The Tanith Gambit (2013), di Dietmar Wehr (un seguito de I vichinghi dello spazio, ebook).",standard,H. Beam Piper
La sò madre a l’era la Contessa Maria Beatrice Aloisia von Kageneck.,lombard,Klemens von Metternich
L'art de la strategie (Francombat.,neapolitan,Francombat
1996 - Discover My Soul (promo) 1998 - Take Me Home 1999 - Time Of My Life (EP) 2000 - Ring Of Fire (con Dr. Ring-Ding) 2002 - The Power (con Turbo B.) 2002 - Get In The Ring (con Dr. Ring-Ding) 2002 - Little Girl (live) (promo) 2004 - Leave Me Alone!,standard,H-Blockx
L'obbiettivu cchiù mpurtanti pi la National Academy of Popular Music è la realizzazioni ri nu museo permanenti a New York runni arrìcuogghìri materiali e testimunianzi ncapu a storia di la mùsica pupulari e lìggera mèricana e su li auturi e cumpusituri 'n particulari.,sicilian,Songwriters Hall of Fame
"El xe considerà dai storeghi so contemporanei el primo inperador de Roma, e el xe sta determinante inte el pasajo da ła Republica Romana a queła inperiałe.",venetian,Gaio Giulio Cesare
"E se ne gè tutta chiangennu 'nanci a lu re e desse: ""Signore miu, jè non sò menù qui 'n faccia a tti pè vendecarme l'affesa ca m'è stata fatta; ma sibbè, 'mmece pè paharme la spesa, te prehu ca tu me 'mparasse comme fai a supportà quell'affese ca sentu dì ca te fannu; azzò ca ju, 'mparannu da tti, pudesse cu pacienza tenerme lu travagliu miu ca jè, Diu lu sa, si non te vurrìa realà, se se pudesse, pecchè accuscì si' bonu a suppurtarli"".",lombard,Gall-Italich de Basilicada
"L'è staa poeu descovert che 'l poliziott a l'è 'n agent del FSB, e per capì mej la ciama la matrigna del Castle, anca lee spia, e 'l ghe dis de questa persona anca al Castle, che 'l ghe domanda on poo de robb in sul popà.",lombard,Kate Beckett
"Nel 2012 è stato aperto un nuovo negozio a tema, The World's Only Curious George, che nel 2019 si è trasferito a Central Square.",standard,H. A. Rey
"A gh'è on moment de crisi quand che la ex miee del Castle la va a cà soa per curà la Alexis, malada de mononucleosi, però poeu se cognossen mej, cenen insemma e la sortiss che 'l Castle el ghe pias pussee.",lombard,Kate Beckett
Quanno trasette 'a cantante Rosie Wiederkehr 'o gruppo sagliette assaje 'int'a ll'Italia e ll'Europa cu ll'album Tuareg.,neapolitan,Agricantus
"Durazo (in łéngua albanexe Durrës) ła xe na sità (220 000 abitanti) de ł'Albania, ła piasé vecia del Paexe e, dopo ła cavedal Tirana, ła pì inportante.",venetian,Durazo
"1985 - Alan Jay Lerner 1990 - Jerry Bock & Sheldon Harnick 1991 - Betty Comden e Adolph Gree 1996 - Burt Bacharach e Hal David 1997 - Alan Bergman e Marilyn Bergman 2000 - Jerry Leiber e Mike Stoller 2011 - Barry Mann e Cynthia Weil 2013 - Elton John e Bernie Taupin 2014 - Kenny Gamble e Leon Huff & Taylor Swift 1992 – Nat King Cole 1995 – Steve Lawrence & Eydie Gormé 2001 – Gloria & Emilio Estefan 2006 – Peter, Paul & Mary Nancy Magarill & H.",sicilian,Songwriters Hall of Fame
"Giovanni Paisiello (Taranto, 9 'e maggio 1740 - Napule, 5 'e giùgno 1816) fuje nu cumponetóre taliano 'e l'epuca classica.",neapolitan,Giovanni Paisiello
In primavera la ten di concert a Parigi e Bruxelles e de noeuv a Roma al Circol di Artista.,lombard,Nathalie
"Stein (1932) Cross-Examination, regia di Richard Thorpe (1932) Unholy Love, regia di Albert Ray (1932) Il figlio del disertore (Tom Brown of Culver), regia di William Wyler (1932) The Crusader, regia di Frank R.",standard,H.B. Warner
"Ntra lu 1284 e lu 1299, li villaggi cilintani dâ fascia custera foru assai danniggiati dî cummattimenti ntra l'armata angioina e truppi sìculu-aragunisi (ch'èranu alliati câ guirrigghia di l'Almugàveri a la quali s'avìanu junciutu àutri siciliani).",sicilian,Dialettu cilintanu miridiunali
"Lu casu fu fattu a Giarri, 'n Pruvincia di Catania, ù li umicidi di dui juvani gay Giammona Giorgiu e Galatola Antoniu, li 31 uttùviru 1980.",sicilian,ArciGay
"Sònanu li campani a l’accuminzagghia di na siggiuta, pirchì un mèmmiru mpugnau na vutazzioni (chiamata division), o pirchì nun ci sunnu abbastanti mèmmira ntâ càmmara pi jùnciri lu quorum.",sicilian,Division Bell
"Inte el zogo, el zugador el ga el ruolo de un pare o una mare senza nome che cerca el so fio sparìo in un posto fictizio ciamao Kindergarten de Banban.",venetian,Garten of Banban
"Senza femmene, 'e Rumane affuffajeno chelle d""o populo vicino d""e Sabbine, causanno na uerra 'nfra 'e duje puopole, ca se risulvette cu' na pace e 'o regno junto 'e Ruommolo e 'e Titu Tazzio, ca era appunto 'o rre d""e Sabbine.",neapolitan,Regno 'e Romma
"Soło inte ła parte finałe de'l conserto i tre grandi i sona insenbre inte na ""G3 jam"" che ła conprende in zènare cover de brani rock stòreghi (par ezenpio de Jimi Hendrix, Deep Purple, e cusì via).",venetian,G3 (grupo muzicałe)
"Tanti studiusi dìciunu ca Demenna era na cuntrata ca era misa a nord-est di Alcara Li Fusi, a quarchi tri chilòmetri di distanza, ntî la cuntrata ca macari ora è chiamata Dèmina o Lémina, ntî la parti sittintriunali di l'ex fèudu San Giorgiu; secunnu àutri, mmeci, lu centru anticu currispunni cu San Marcu d'Alunziu.",sicilian,Demenna
"H. P. Lovecraft, su Last.fm, CBS Interactive.",standard,H.P. Lovecraft
El so musee l'era inscì important che l'era stad visitad anca de l'imperador Isep II d'Asborgh-Lorena.,lombard,Lazzaro Spallanzani
"Nò stissu annu fu fattu un artaru novu ( versu u populu ) e sutta ci fu misa a statua - riliquariu, chiusa chi cristalli e ca‘scrizioni : “ Santu Valintinu, Patrunu di l’amuri “.",sicilian,San Valintinu
Venezia SM) I bagni d'Abano (spr.1765,neapolitan,Giovanni Paisiello
"La sò inflüenza in la pulitega Europeana la cresseva rapidament, e lüü al s’ingrazziava dapartütt a la Curt Francesa e in societaa.",lombard,Klemens von Metternich
"L'è inscì ben vist del Duca che el 20 de marz 1470 l'è infeudad de la Valcuvia insema ai fradei, ma poeu s'hann puu notizzi de luu fina a la mort del Duca, e se pensa donca che la soa carera la gh'habia havud un ralentament.",lombard,Giovann Antoni Cotta
Chesa unità 'e misura è particularmente cunveiente ppechè n'atomo 'e idroggeno ha na' massa circa pari a' 1 u e cchiu in generale n'atomo o na mulecola che cuntengono n protoni e neutroni hanno na massa approsimamente ugale a n u.,neapolitan,Unità e' massa atomeca
'E cchiù mpurtante monumiente song  'a cattedrale e 'o castiello d' 'e Conti 'e Acerra.,neapolitan,Acerra
Dal 2005 al 2012 el ga xugà al Padova.,venetian,Andrea Cano
La cultura dâ vigna rapprisenta lu sitturi pruduttivu trainanti pi l'econumìa margaritisa.,sicilian,Santa Margarita (Girgenti)
"Il 20 ottobre 2017 viene pubblicata la raccolta H.E.R., contenente le tracce dei progetti precedenti, riscuotendo successo nelle classifiche statunitensi e canadesi, debuttando alla posizione 23 della Billboard 200 e alla prima posizione della US R&B Albums.",standard,H.E.R.
Fu promotore e coordinò la realizzazione della rete italiana di ponti radiotelefonici a banda larga.,standard,Algeri Marino
La sua creazione fu indotta dalla crescita della comunicazione multimediale su reti a commutazione di pacchetto.,standard,H.323
Nel finale della quarta stagione Oliver uccide Damien e con l'aiuto dei suoi amici e dei cittadini di Star City sconfigge definitivamente l'H.I.V.E. La H.I.V.E. comparve in Teen Titans Go!,standard,H.I.V.E.
Quannu lu papa Urbanu II ndicìu nu piddirinaggiu armatu ô cunciliu di Clermont (1095) nuddu prununciau la palora cruciata.,sicilian,Cruciati
"La telecamera quindi torna su Ralph, che contatta un capostazione più vicino di nome Fred, per discutere delle forniture per il brunch di Natale.",standard,H&M: Come Together
"A l'inizzio 'e l'ottuciento vari ngegneri ngresi pruarono a sperimentazione d'e primme locomotive a vapore ma chillo c'a perfeziunaj fuj George Stephenson, ca custruette 'a Rocket (razzo), 'a primma locomotiva d'o munno, ind'o 1825, inauguranno 'a primma linia ferroviaria d'o munno fra Stockton e Darlington, ind'a Ngreterra.",neapolitan,Ferruvia
"El teritorio che ancò forma el Gabon l'è stà conquistà da la Francia inte el 1885, ma no ghe fu na aministrasion govenativa fin al 1903.",venetian,Gabon
"18:4, 436-444 Wikimedia Commons el gh'ha dent imagin o alter archivi su Talegg",lombard,Talegg (formai)
"La requesta de Napoleon per la man de Maria Luisa, Duchessa de Parma la nava ben cui pian dal Metternich, e lü al cumpagnava la prenzessa a Paris ul 13 da Marz, 1810.",lombard,Klemens von Metternich
"Despö avè ciapaa la matüra in de'l 1996 a'l Ginasi Annen de Dresda, a l'ha faa per un an 'l mestee de vuluntaria suziala in Rüssia.",lombard,Katja Kipping
"The Return (1954) (con John J. McGuire) The Return (1960) (con John J. McGuire, versione espansa dell'originale) A Slave is a Slave (1962) Traffici nel tempio (Temple Trouble, 1951); come La disavventura del tempio, traduzione di Lella Moruzzi, in [Viaggiatori dell'infinito], Nova SF* a.",standard,H. Beam Piper
"Inte i ani novanta l'azienda ła consentra ła produsion so’l setor sałutistego coniando el bomò ""Ła sałute prima de tuto"" insieme a ła nàsita de ła łinea de prodoti Speciali Salute.",venetian,Galbusera
"Torontu - N'aeriu dâ cumpagnia AirFrance si schianta ntâ fasi d'attirraggiu a Torontu, ntô Canada, si spezza a puzzuddi e pigghia focu.",sicilian,Austu 2005
"Chèle bazài le g'ha 'l gambì, chèle dré al gamp le pöl véser sèsii (sènsa gambì) o piciolàde (col gambì).",lombard,Tanacetum
"Tra li Filangeri di Santa Margarita si cùntanu macari tri Vicirè di Sicilia: Lisciànniru I, Lisciànniru II e Niculò I ca tra lu 1811 e lu 1812 uspitau ntô Palazzu di Santa Margarita, pi circa tri misi, lu Rè Firdinannu IV, la riggina Marìa Carulina (la ""Donnafugata"") e lu prìncipi Liupoldu di Burboni.",sicilian,Santa Margarita (Girgenti)
"Li Blind Guardian sunaru na cover di sta canzuna, ma 'n virsioni heavy metal rispettu a l'urigginali.",sicilian,Spread Your Wings
"El successo del film induze a un remake hollywoodian, The Last Kiss, direto da Tony Goldwyn, del cuało Muccino ze tra i produtori, considarà univarsalmente inferior a l'orizinałe italian.",venetian,Gabriele Muccino
"L'è ona regolta in 19.000 vers, spartii foeura in 20 cant, e 'l cunta su i aventur del fioeu de Kalev (in eston Kalevipoeg).",lombard,Kalevipoeg
"Nel 1900 cadde preda dei primi esaurimenti nervosi, forse provocati dall'atteggiamento iperprotettivo della madre (che arriverà al punto di vietare a Lovecraft di uscire per via - a detta della donna - dell'eccessiva bruttezza del bambino), che comunque non gli impediranno nei due anni successivi di aumentare la produzione di poesie e racconti realistici.",standard,H.P. Lovecraft
"Prizzintazzioni di l'armi utilizzati duranti lu cummattimentu di lethwei, di lu pùggili stissu.",sicilian,Puggilatu birmanu
"Molti mesi più tardi, dopo che Sullivan eseguì alcune delle musiche in un Promenade Concert (""concerto passeggiata"") al Covent Garden, H.M.S. Pinafore divenne un grande successo.",standard,H.M.S. Pinafore
A gh'è'n vari sistèma che classìfichen i divèrsi tipi de kumquat in di speci divèrsi.,lombard,Kumquàt
"Una vota 'int' trappula, 'e surdate rummane fujeno furzate a passà sotto 'e Fuorche Caudine, nu arco fatto d’’e lanze nemmiche 'int' mannera tale 'a furzà ogne surdato a chiejà 'a rine pe poté passà. Durante 'o passo, 'e rummane fujeno furzate a patì ogne tipo 'e 'ntraggio, pure fiseco e, nfine, a lascià 'int' ostaggio tutt’’a cavalleria lloro.",neapolitan,Beneviento
"Songo a vote custruite cu na gratiglia 'e file cunduttore, 'e ca ssegne songo cchiù peccerille d’’a luonghezza 'e ll'onna asservata.",neapolitan,Ucchiarone
"In 'sta ocazion el ga respolvarà el vecio tormentón ""Che cavolo stai dicendo Willis"" modifegandoło in ""Che cavolo stai dicendo Willy"" revolto a Will Smith, cuesta ła ze stada l'ùltema aparision de'l parsonazo de Arnold.",venetian,Gary Coleman
Ausverkauf der Politik – Für einen demokratischen Aufbruch.,lombard,Katja Kipping
"Comuni xona D.O.P.: Basan, Cartijan, Poe del Grapa, Roman d'Esełin, Rosan , Tese sol Brenta, Roxà, Noe, Casoła, Marostega.",venetian,Asparagus officinalis
La rivolusion industrial la ga portà da le canpagne tanti laoradori che i se spostava verso altri continenti e/o grande çità.,venetian,Agricultura
