sentence,label,source
"Verba volant, scripta manent.",other,tatoeba:lat
"Acta, non verba.",other,tatoeba:lat
Ars gratia artis.,other,tatoeba:lat
De gustibus non est disputandum.,other,tatoeba:lat
Bonum est fugienda aspicere in alieno malo.,other,tatoeba:lat
"Qui tacet, consentire videtur.",other,tatoeba:lat
Nihil novi sub sole.,other,tatoeba:lat
Barba non facit philosophum.,other,tatoeba:lat
Epistula non erubescit.,other,tatoeba:lat
O dulce nomen libertatis!,other,tatoeba:lat
Alea iacta est.,other,tatoeba:lat
"Laudamus veteres, sed nostris utimur annis.",other,tatoeba:lat
Finis coronat opus.,other,tatoeba:lat
"Non vitae, sed scholae discimus.",other,tatoeba:lat
"Non scholae, sed vitae discimus.",other,tatoeba:lat
Omnes homines aequales sunt.,other,tatoeba:lat
Scio me nihil scire.,other,tatoeba:lat
In dubio pro reo.,other,tatoeba:lat
"Quod licet Iovi, non licet bovi.",other,tatoeba:lat
"Si vis amari, ama!",other,tatoeba:lat
"Veni, vidi, vici.",other,tatoeba:lat
"Ars longa, vita brevis.",other,tatoeba:lat
Audaces fortuna iuvat.,other,tatoeba:lat
Consuetudinis vis magna est.,other,tatoeba:lat
"Dum spiro, spero.",other,tatoeba:lat
Memento quia pulvis es.,other,tatoeba:lat
"Qualis pater, talis filius.",other,tatoeba:lat
Heus! Quid novi?,other,tatoeba:lat
Pecunia non olet.,other,tatoeba:lat
Ora et labora.,other,tatoeba:lat
Mihi cura futuri.,other,tatoeba:lat
Manus manum lavat.,other,tatoeba:lat
Post mortem nihil est.,other,tatoeba:lat
Homines quod volunt credunt.,other,tatoeba:lat
Audiatur et altera pars.,other,tatoeba:lat
Vanitas vanitatum et omnia vanitas.,other,tatoeba:lat
Historia vitae magistra.,other,tatoeba:lat
Homo homini lupus est.,other,tatoeba:lat
Dulce et decorum est pro patria mori.,other,tatoeba:lat
"Amicus Plato, sed magis amica veritas.",other,tatoeba:lat
"Duo cum faciunt idem, non est idem.",other,tatoeba:lat
"Cogito, ergo sum.",other,tatoeba:lat
Piscēs in aquā vīvunt.,other,tatoeba:lat
Dimidium facti qui coepit habet.,other,tatoeba:lat
"Quod cibus est aliis, aliis est venenum.",other,tatoeba:lat
"Arbor mala, māla mala.",other,tatoeba:lat
Argumentati sunt eum mentitum esse.,other,tatoeba:lat
Quod erat demonstrandum.,other,tatoeba:lat
Parva scintilla saepe magnam flammam excitat.,other,tatoeba:lat
"Justitia est constans et perpetua voluntas jus suum cuique tribuens. Jurisprudentia est divinarum atque humanarum rerum notitia, justi atque injusti scientia.",other,tatoeba:lat
"Veni Carthaginem, et circumstrepebat me undique sartago flagitiosorum amorum.",other,tatoeba:lat
Lupus in fabula.,other,tatoeba:lat
"Ama me, ama canem meum.",other,tatoeba:lat
«Habesne pennam?» — «Habeo».,other,tatoeba:lat
"Pecunia mihi non est, sed opiniones sunt.",other,tatoeba:lat
"Aes non habeo, sed somnia habeo.",other,tatoeba:lat
Nec Caesar suprā grammaticōs.,other,tatoeba:lat
Caesar nōn suprā grammaticōs.,other,tatoeba:lat
Nōn Caesar suprā grammaticōs.,other,tatoeba:lat
Leopolin ire volo...,other,tatoeba:lat
Homo proponit sed Deus disponit.,other,tatoeba:lat
"""Is heri epistulam scripsitne?"" ""Scripsit.""",other,tatoeba:lat
Ubi est latrina?,other,tatoeba:lat
Japonia plaga industrialis est.,other,tatoeba:lat
Japonia civitas industrialis est.,other,tatoeba:lat
Aliquando bonus dormitat Homerus.,other,tatoeba:lat
Africa Australis submota est.,other,tatoeba:lat
"Dum ferrum candet, tundito.",other,tatoeba:lat
"Nihil est, quod deus efficere non possit.",other,tatoeba:lat
"Gutta cavat lapidem non vi, sed saepe cadendo.",other,tatoeba:lat
Amicus certus in re incerta cernitur.,other,tatoeba:lat
Una hirundo non efficit ver.,other,tatoeba:lat
"Homo ornat locum, non locus hominem.",other,tatoeba:lat
"Dum fervet olla, vivit amicitia.",other,tatoeba:lat
Est modus in rebus.,other,tatoeba:lat
"Homines, qui putant linguam Latinam pulcherrimam non esse, nihil intellegunt.",other,tatoeba:lat
Dura lex sed lex.,other,tatoeba:lat
Alea jacta est.,other,tatoeba:lat
"Qui gladio ferit, gladio perit.",other,tatoeba:lat
Sic transit gloria mundi.,other,tatoeba:lat
Per aspera ad astra.,other,tatoeba:lat
De gustibus non disputandum est.,other,tatoeba:lat
Tu quoque mi fili.,other,tatoeba:lat
Errare humanum est.,other,tatoeba:lat
Morituri te salutant.,other,tatoeba:lat
Vae victis !,other,tatoeba:lat
"Citius, Altius, Fortius.",other,tatoeba:lat
Vade retro Satana.,other,tatoeba:lat
"O tempora, o mores!",other,tatoeba:lat
Vox populi vox dei.,other,tatoeba:lat
Fluctuat nec mergitur.,other,tatoeba:lat
Mens sana in corpore sano.,other,tatoeba:lat
Labor omnia vincit.,other,tatoeba:lat
In vino veritas.,other,tatoeba:lat
Panem et circenses.,other,tatoeba:lat
Pacta sunt servanda.,other,tatoeba:lat
"Si vis pacem, para bellum.",other,tatoeba:lat
Senatus Populusque Romanus.,other,tatoeba:lat
"Etiam si omnes, ego non.",other,tatoeba:lat
Sic semper tyrannis.,other,tatoeba:lat
Sine ira et studio.,other,tatoeba:lat
Civis Romanus sum.,other,tatoeba:lat
Caffeum mihi non placet.,other,tatoeba:lat
"An nescis, mi fili, quantilla sapientia mundus regatur?",other,tatoeba:lat
"Unus pro omnibus, omnes pro uno.",other,tatoeba:lat
"Caedite eos, novit enim Dominus qui sunt eius.",other,tatoeba:lat
Lupus non mordet lupum.,other,tatoeba:lat
Aurum purum estne?,other,tatoeba:lat
"Cornu bos capitur, voce ligatur homo.",other,tatoeba:lat
Repetitio mater memoriae.,other,tatoeba:lat
Otium post negotium.,other,tatoeba:lat
Opium post negotium.,other,tatoeba:lat
Ubi est Britney Spears?,other,tatoeba:lat
"Et tu, Brute?",other,tatoeba:lat
"Quae nocent, docent.",other,tatoeba:lat
Scio vitam esse brevem.,other,tatoeba:lat
Amīcus verus – rara avis.,other,tatoeba:lat
"Unus, duo, tres, quattuor, quinque, sex, septem, octo, novem, decem.",other,tatoeba:lat
Non omne quod nitet aurum est.,other,tatoeba:lat
Aut Caesar aut nihil.,other,tatoeba:lat
"Animae duae, animus unus.",other,tatoeba:lat
Non est deus praeter Deum et Machometus est nuntius Dei.,other,tatoeba:lat
Quo is ?,other,tatoeba:lat
"Pater noster, qui es in caelis, sanctificetur nomen tuum, adveniat regnum tuum, fiat voluntas tua, sicut in caelo, et in terra. Panem nostrum supersubstantialem da nobis hodie; et dimitte nobis debita nostra, sicut et nos dimittimus debitoribus nostris; et ne inducas nos in tentationem, sed libera nos a malo.",other,tatoeba:lat
"Omnes homines dignitate et iure liberi et pares nascuntur, rationis et conscientiae participes sunt, quibus inter se concordiae studio est agendum.",other,tatoeba:lat
Ceterum censeo Carthaginem esse delendam.,other,tatoeba:lat
"Quintili Vare, legiones redde!",other,tatoeba:lat
Romani ite domum!,other,tatoeba:lat
Non multa sed multum.,other,tatoeba:lat
Noli me tangere.,other,tatoeba:lat
Aurora musis amica.,other,tatoeba:lat
Mater semper certa est.,other,tatoeba:lat
Homērus cæcus fuisse dicitur.,other,tatoeba:lat
Homo sum ; humani nihil a me alienum puto.,other,tatoeba:lat
"Bella gerant alii, tu felix Austria nube.",other,tatoeba:lat
"Eram quod es, eris quod sum.",other,tatoeba:lat
In principio creavit Deus cælum et terram.,other,tatoeba:lat
Nomen est omen.,other,tatoeba:lat
Cum hoc non est propter hoc.,other,tatoeba:lat
"Reddite quae sunt Caesaris, Caesari et, quae sunt Dei, Deo.",other,tatoeba:lat
"Parturient montes, nascetur ridiculus mus.",other,tatoeba:lat
Arbor ex fructu cognoscitur.,other,tatoeba:lat
A fructibus cognoscitur arbor.,other,tatoeba:lat
Mors omni aetati communis est.,other,tatoeba:lat
"Suae quisque mercedis, nullo discrimine, cum pari opera convenientis potestatem habet.",other,tatoeba:lat
"Universi, sine discrimine, aequo praemio aequo labore jus habent.",other,tatoeba:lat
"Ut sementem fecĕris, ita metes.",other,tatoeba:lat
"Amicus verus, rara avis.",other,tatoeba:lat
"Amor cogit ad nuptias, litem capit, atque dolorem.",other,tatoeba:lat
Veritas tempori filia est.,other,tatoeba:lat
Quod erat faciendum.,other,tatoeba:lat
Difficile est longum subito deponere amorem.,other,tatoeba:lat
Opus laudat artificem.,other,tatoeba:lat
Dixitque Deus: Fiat lux. Et facta est lux.,other,tatoeba:lat
Veritas odium parit.,other,tatoeba:lat
Hic et nunc.,other,tatoeba:lat
Caecus non judicat de colore.,other,tatoeba:lat
Ex nihilo nihil.,other,tatoeba:lat
Beati pauperes spiritu,other,tatoeba:lat
"Ubi tu Gaius, ibi Gaia.",other,tatoeba:lat
Qui bene amat bene castigat.,other,tatoeba:lat
Corsica insula est. Corsica et Sicilia insulae sunt.,other,tatoeba:lat
In Graecia multae insulae sunt.,other,tatoeba:lat
Cuius filia est Iulia?,other,tatoeba:lat
Iulia multas rosas et multa lilia in horto suo habet.,other,tatoeba:lat
"Navigare necesse est, vivere non est necesse.",other,tatoeba:lat
Nulla dies sine linea.,other,tatoeba:lat
Qui desiderat pacem præparet bellum.,other,tatoeba:lat
Inter arma enim silent leges.,other,tatoeba:lat
"Decem, viginti, triginta, quadraginta, quinquaginta, sexaginta, septuaginta, octoginta, nonaginta, centum.",other,tatoeba:lat
Dum vīvīs spērāre decēt.,other,tatoeba:lat
Mors tua vita mea.,other,tatoeba:lat
"Non ut edam vivo, sed ut vivam edo.",other,tatoeba:lat
"Suspice caelum, et numera stellas si potes.",other,tatoeba:lat
Lupo ovem commisisti.,other,tatoeba:lat
"Debitoris mei debitor, non est meus debitor.",other,tatoeba:lat
"Qui timide rogat, docet negare.",other,tatoeba:lat
Iulia filiae suae osculum dat.,other,tatoeba:lat
Veni Aemilia! Pater tuus te exspectat.,other,tatoeba:lat
"Equus, leo, canis et ovis bestiae sunt.",other,tatoeba:lat
De te cogito.,other,tatoeba:lat
"Luna suam lucem non habet, lux lunae a sole venit.",other,tatoeba:lat
"Pastor oves numerat: “Una, duae, tres, quattuor, quinque... centum“.",other,tatoeba:lat
Oves in campo herbam edunt.,other,tatoeba:lat
In Africa sunt multi leones.,other,tatoeba:lat
Pueri ludunt post murum.,other,tatoeba:lat
Autumno folia decidunt.,other,tatoeba:lat
Sonus minus est velox quam lux.,other,tatoeba:lat
Video amicos atque eos saluto.,other,tatoeba:lat
"Polyphemus, Neptuni filius, unum oculum in fronte habebat.",other,tatoeba:lat
Magna cum voluptate Aesopi fabulas legimus.,other,tatoeba:lat
Sero venientibus ossa.,other,tatoeba:lat
Tarde venientibus ossa.,other,tatoeba:lat
"Serva me, servabo te.",other,tatoeba:lat
Cervus magis velox est quam fortis.,other,tatoeba:lat
Cervus velocior est quam fortior.,other,tatoeba:lat
Melius est tacere quam errare.,other,tatoeba:lat
Pacta et promissa fideliter servavimus.,other,tatoeba:lat
"Hi flores, quos vides, rosae sunt.",other,tatoeba:lat
"Has rosas, quarum odor est suavis, tibi dono.",other,tatoeba:lat
"Diu vivitur, si bene vivitur.",other,tatoeba:lat
Credo me verba tua bene intellexisse.,other,tatoeba:lat
Mors similis est somno.,other,tatoeba:lat
Aer levior est quam aqua.,other,tatoeba:lat
Volo te meliorem esse.,other,tatoeba:lat
Habeo minus librorum quam tu.,other,tatoeba:lat
"Iuvenis, qui loquitur, frater meus est.",other,tatoeba:lat
"Iuvenis, quem vidisti, frater meus est.",other,tatoeba:lat
Frater tuus auxilium rogat.,other,tatoeba:lat
Hoc minor fratrum dixit.,other,tatoeba:lat
Hic murus altior est quam ille.,other,tatoeba:lat
Nemo potest omnia scire.,other,tatoeba:lat
December unum et triginta dies habet.,other,tatoeba:lat
Ducentos annos vivere nemo potest.,other,tatoeba:lat
Homines ferro propter aurum pugnant.,other,tatoeba:lat
"Quicumque veniet, me videbit.",other,tatoeba:lat
"Quodcumque dices, tibi non credam.",other,tatoeba:lat
Quis veniet nobiscum?,other,tatoeba:lat
Quota hora est?,other,tatoeba:lat
Cui epistulam scripsisti?,other,tatoeba:lat
Uter vestrum mecum veniet?,other,tatoeba:lat
Utrum fratrem vidisti?,other,tatoeba:lat
Uter oculus tibi dolet?,other,tatoeba:lat
"Intrare non potui, quia porta clausa erat.",other,tatoeba:lat
Quis amicorum tuorum veniet?,other,tatoeba:lat
Cura ut venias.,other,tatoeba:lat
Nemo omnia scire potest.,other,tatoeba:lat
Frāter meus Tokii habitat.,other,tatoeba:lat
Is venire statuit.,other,tatoeba:lat
"Arbor tam procera erat, ut murum horti superaret.",other,tatoeba:lat
Multae arbores mali in horto sunt.,other,tatoeba:lat
Ut desint vires tamen est laudanda voluntas.,other,tatoeba:lat
Ferrum utilius est quam aurum.,other,tatoeba:lat
Ferrum est magis utile quam pulchrum.,other,tatoeba:lat
"Ex centum militibus decem incolumes redierunt, reliqui mortui sunt.",other,tatoeba:lat
Arma civīs non occidunt. Civēs civīs occidunt.,other,tatoeba:lat
Tempus nobis deest.,other,tatoeba:lat
Si quis non vult operari nec manducet.,other,tatoeba:lat
Nihil enim opertum quod non revelabitur.,other,tatoeba:lat
Omnes qui acceperint gladium gladio peribunt.,other,tatoeba:lat
Sunt multi loci visitandi Kiotii.,other,tatoeba:lat
Feci quod potui.,other,tatoeba:lat
"Esse oportet, ut vivas, non vivere, ut edas.",other,tatoeba:lat
Spina etiam grata est si spectatur rosa.,other,tatoeba:lat
"Si finis bonus est, totum bonum erit.",other,tatoeba:lat
"Ave Caesar, morituri te salutant.",other,tatoeba:lat
Quis custodiet ipsos custodes?,other,tatoeba:lat
"Pone seram, cohibe, sed quis custodiet ipsos custodes?",other,tatoeba:lat
Cauta est et ab illis incipit uxor.,other,tatoeba:lat
A communi observantia non est recedendum.,other,tatoeba:lat
"Ad proximum antecedens fiat relatio, nisi impediatur sententia.",other,tatoeba:lat
Adducere inconveniens non est solvere argumentum.,other,tatoeba:lat
Affinitas in coniuge superstite non deletur.,other,tatoeba:lat
Aequam memento servare mentem.,other,tatoeba:lat
"Aegroto dum anima est, spes est.",other,tatoeba:lat
Ex oriente lux.,other,tatoeba:lat
Luna splendet in caelo.,other,tatoeba:lat
Rex Darius profligatus est ab Alexandro Magno.,other,tatoeba:lat
Rosae mei horti sunt pulchrae.,other,tatoeba:lat
Urbs Roma est clara.,other,tatoeba:lat
Te expecto domi meae.,other,tatoeba:lat
Deambulabam cum fratre meo.,other,tatoeba:lat
Pluit multos dies.,other,tatoeba:lat
Dies longiores sunt noctibus.,other,tatoeba:lat
Canis est fidissimus ex animalibus.,other,tatoeba:lat
Haec insula caret aqua.,other,tatoeba:lat
Difficile munus accepi invitus obtrectatoribus.,other,tatoeba:lat
Ludebam cum fratre meo.,other,tatoeba:lat
"Liberi nostri canem amant, sed ego felem amo.",other,tatoeba:lat
Ego venio ab horto.,other,tatoeba:lat
"Puer, quem vides, est filius meus.",other,tatoeba:lat
Cornix cornici numquam oculos effodit.,other,tatoeba:lat
Brevis erat gaudium.,other,tatoeba:lat
"Cuiusvis hominis est errare, nullius nisi insipientis in errore perseverare.",other,tatoeba:lat
Cultus magnificus addit hominibus auctoritatem.,other,tatoeba:lat
Delirant isti Romani!,other,tatoeba:lat
"Felix, qui potuit rerum cognoscere causas.",other,tatoeba:lat
Plenus venter non studet libenter.,other,tatoeba:lat
Dona nobis pacem!,other,tatoeba:lat
Requiescat in pace.,other,tatoeba:lat
"Ab alio expectes, alteri quod feceris.",other,tatoeba:lat
Ab asinis ad boves.,other,tatoeba:lat
A bove maiori discit arare minor.,other,tatoeba:lat
Dictum sapienti sat est.,other,tatoeba:lat
Putat mihi impossibilem esse ut solus in montem ascenderem.,other,tatoeba:lat
Quare tam multo mane surrectus es?,other,tatoeba:lat
Duo infantes habemus.,other,tatoeba:lat
"Ibis redibis, nunquam per bella peribis.",other,tatoeba:lat
"Ibis redibis nunquam, per bella peribis.",other,tatoeba:lat
Graecia capta ferum victorem cepit.,other,tatoeba:lat
Post decem dies Romam ibo.,other,tatoeba:lat
Catilina initio non amplius duo milia militum habebat.,other,tatoeba:lat
"Pompeii filius maior occisus est, minor fugit.",other,tatoeba:lat
"Vos manetis, ego abeo.",other,tatoeba:lat
Concordia cum veritate.,other,tatoeba:lat
Scisne linguam Latinam?,other,tatoeba:lat
Incoloratae virides cogitationes dormiunt saeviter.,other,tatoeba:lat
Marcus meum librum habet.,other,tatoeba:lat
Imber est aqua quae de nubibus cadit.,other,tatoeba:lat
Ubi est frater tuus?,other,tatoeba:lat
Magis te quam oculos amo meos.,other,tatoeba:lat
Nemo hoc faciat.,other,tatoeba:lat
Mihi videris esse probus.,other,tatoeba:lat
Vestrane culpa an nostra est?,other,tatoeba:lat
Scipio vicit Hannibalem.,other,tatoeba:lat
Librum lecturus sum.,other,tatoeba:lat
Scio eum heri advenisse.,other,tatoeba:lat
In Germania hiemes frigidiores sunt quam in Italia.,other,tatoeba:lat
"Medice, cura te ipsum.",other,tatoeba:lat
Primum non nocere.,other,tatoeba:lat
Salus rei publicae suprema lex esto.,other,tatoeba:lat
In silva magnae arbores sunt.,other,tatoeba:lat
Studendi causa huc veni.,other,tatoeba:lat
Mater filiae anulum donavit.,other,tatoeba:lat
Leo fortior quam lupus est.,other,tatoeba:lat
Leo fortior lupo est.,other,tatoeba:lat
Dux milites suos ducit.,other,tatoeba:lat
Marius altior est quam Marcus.,other,tatoeba:lat
Marius altior est Marco.,other,tatoeba:lat
Marius est altissimus omnium.,other,tatoeba:lat
Marcus minus est altus quam Marius.,other,tatoeba:lat
Quot annos habes?,other,tatoeba:lat
Quod est munus tuum?,other,tatoeba:lat
Nobiscum visne venire?,other,tatoeba:lat
Utrum verum dicant an simulent nescio.,other,tatoeba:lat
Liberamus nos metu mortis.,other,tatoeba:lat
Cur hoc facis?,other,tatoeba:lat
Arbor augeri desiit.,other,tatoeba:lat
Oportet te studere.,other,tatoeba:lat
Credo te scire quid Marcus faciat.,other,tatoeba:lat
Fieri potest ut errem.,other,tatoeba:lat
"Si hoc facis, erras.",other,tatoeba:lat
"Dico te errare, si hoc facias.",other,tatoeba:lat
"Dico te erravisse, si hoc feceris.",other,tatoeba:lat
"Dico te erraturum esse, si hoc facias.",other,tatoeba:lat
Dicunt vos erravisse.,other,tatoeba:lat
Scio Marcum aegrotum esse.,other,tatoeba:lat
Scio Marcum aegrotum fuisse.,other,tatoeba:lat
Scio quid faciam.,other,tatoeba:lat
Scio quid fecerim.,other,tatoeba:lat
Scio quid facturus sim.,other,tatoeba:lat
"Mors certa, hora incerta.",other,tatoeba:lat
Stultorum infinitus est numerus.,other,tatoeba:lat
Praeterita mutare non possumus.,other,tatoeba:lat
Domum Marci vidi.,other,tatoeba:lat
"Si hoc dicis, erras.",other,tatoeba:lat
Dico te bonum esse.,other,tatoeba:lat
Dixi te bonum esse.,other,tatoeba:lat
Marius dicit: “Romulus est conditor Romae“.,other,tatoeba:lat
Marius dicit Romulum esse conditorem Romae.,other,tatoeba:lat
Ego volo esse probus.,other,tatoeba:lat
Ego volo te esse probum.,other,tatoeba:lat
Pater meus domi est.,other,tatoeba:lat
Cupio melior esse.,other,tatoeba:lat
Cupio me meliorem esse.,other,tatoeba:lat
Dono tibi librum.,other,tatoeba:lat
Omnes ei invident.,other,tatoeba:lat
Lego ut discam.,other,tatoeba:lat
Post paucos dies veniam.,other,tatoeba:lat
Vidisne patrem meum?,other,tatoeba:lat
Malo mori quam cedere.,other,tatoeba:lat
Nos parati sumus ad defendendam patriam.,other,tatoeba:lat
Nescio quid facturus sim.,other,tatoeba:lat
Nondum legi librum de quo loqueris.,other,tatoeba:lat
Mater filio suo malum dat.,other,tatoeba:lat
Nemo nostrum te vocavit.,other,tatoeba:lat
"Ego meos libros lego, tu tuos libros legis, Marcus suos libros legit.",other,tatoeba:lat
Marcus doctissimus est meorum amicorum.,other,tatoeba:lat
Paulus robustior est quam Marcus.,other,tatoeba:lat
Paulus robustior est Marco.,other,tatoeba:lat
Equites et pedites sine metu pugnaverunt.,other,tatoeba:lat
Cur nix alba est?,other,tatoeba:lat
"Tam bonus es, ut omnes te laudent.",other,tatoeba:lat
"Cum Marcus venit, ego quiescebam.",other,tatoeba:lat
Nemo nostrum immortalis est.,other,tatoeba:lat
Circa urbem amnis fluit.,other,tatoeba:lat
In meo horto pulcherrimae rosae sunt.,other,tatoeba:lat
Multi ob pecuniam amicos produnt.,other,tatoeba:lat
Dignus fiducia tua sum.,other,tatoeba:lat
Non surdus sum.,other,tatoeba:lat
Cato esse quam videri bonus malebat.,other,tatoeba:lat
Germania terra frigida est.,other,tatoeba:lat
Roma caput mundi est.,other,tatoeba:lat
Fallitur augurio spes bona saepe suo.,other,tatoeba:lat
Liber legendus est.,other,tatoeba:lat
Nomen nominandum est.,other,tatoeba:lat
Nomina sunt odiosa.,other,tatoeba:lat
Frigus nocet rosis.,other,tatoeba:lat
Penna mea nova est.,other,tatoeba:lat
Saepe ridentes veritatem dicimus.,other,tatoeba:lat
Quando tramen adveniet?,other,tatoeba:lat
Estne illud tramen rapidum?,other,tatoeba:lat
Estne illa aqua potabilis?,other,tatoeba:lat
"Ave Caesar, morituri te salutant!",other,tatoeba:lat
Tum erimus profecto liberi ab hoc periculo brevi tempore.,other,tatoeba:lat
"Non exiguum temporis habemus, sed multum perdidimus.",other,tatoeba:lat
Nihil a te posco.,other,tatoeba:lat
Filiam tuam mihi uxorem posco.,other,tatoeba:lat
Pax et concordia etiam victis utilia sunt.,other,tatoeba:lat
"Publius Decius Mus verba amicorum neglexit, qui eum monebant ut cautior esset.",other,tatoeba:lat
Ex duobus malis minus est eligendum.,other,tatoeba:lat
Marcus agit audacius quam sapientius.,other,tatoeba:lat
Marcus agit magis audacter quam sapienter.,other,tatoeba:lat
Amicus meus in hac domo habitat.,other,tatoeba:lat
Nihil mihi opus est.,other,tatoeba:lat
"Quidquid agis, prudenter agas et respice finem.",other,tatoeba:lat
Frater meus Romae duos dies mansit.,other,tatoeba:lat
Spero te venturum esse.,other,tatoeba:lat
Exempla bonorum nos bonos reddunt.,other,tatoeba:lat
Ciceronis gloria coepit augeri.,other,tatoeba:lat
Vivat Ūnio Rērumpūblicārum Soviēticārum Sociālisticārum!,other,tatoeba:lat
"Audi, vide, tace, si vis vivere in pace.",other,tatoeba:lat
"Ubi bene, ibi patria.",other,tatoeba:lat
Caesar milites Labieni cum militibus Crassi iunxit.,other,tatoeba:lat
Sine ulla spe milites in oppidum redierunt.,other,tatoeba:lat
Hic Rhodus hic salta.,other,tatoeba:lat
Hic Rhodus hic salta!,other,tatoeba:lat
"Valeant cives mei, sint incolumes, sit beata eorum vita.",other,tatoeba:lat
"Quattuor pastores in prato quiescebant, iuxta lacum.",other,tatoeba:lat
Dies Lunæ hodie est.,other,tatoeba:lat
Consul cum duabus legionibus profectus est.,other,tatoeba:lat
In legionibus Romanis multi milites Germani natione erant.,other,tatoeba:lat
Hic larvae sunt.,other,tatoeba:lat
Ea cochlear lambebat.,other,tatoeba:lat
Quis est ille vir? Agnoscine eum?,other,tatoeba:lat
Mihi videtur te paenitere.,other,tatoeba:lat
"Caesar militibus, qui strenui fuerant, praemia dedit.",other,tatoeba:lat
Caesar litus classis romanae.,other,tatoeba:lat
Deposuit potentes de sede et exaltavit humiles.,other,tatoeba:lat
"Marcus, cuius animus pavidus erat, cum periculum timeret, se abdiderat.",other,tatoeba:lat
In Aegyptum nos abdemus.,other,tatoeba:lat
Bibe totum extra ut nihil maneat intra.,other,tatoeba:lat
O fortuna velut luna statu variabilis semper crescis aut decrescis.,other,tatoeba:lat
Ab aeterno ordinata sum et ex antiquis antequam terra fieret.,other,tatoeba:lat
"Iusta est gloria, qui est fructus virtutis.",other,tatoeba:lat
"Illum eum esse puto, qui esse debet.",other,tatoeba:lat
Ludere me putas?,other,tatoeba:lat
Pater meus senex factus est.,other,tatoeba:lat
Quid melius est amicitia?,other,tatoeba:lat
Tarquinius cum uxore et liberis suis fugit.,other,tatoeba:lat
"Omnes, qui se incolumes cupiant, auctoritati consulis pareant.",other,tatoeba:lat
Pacemne huc fertis an arma?,other,tatoeba:lat
Vestrum auxilium ferte civibus eorumque coniugibus atque liberis.,other,tatoeba:lat
Cogito ergo deus est.,other,tatoeba:lat
"Utrum magis laudas, Paulum an Marcum?",other,tatoeba:lat
Marcus clarus orator factus est.,other,tatoeba:lat
Marcum paenitet erroris sui.,other,tatoeba:lat
Senatus decrevit ut consul novum delectum haberet et patriam ab hostibus liberaret.,other,tatoeba:lat
Pulchra omnibus placent.,other,tatoeba:lat
"Regem veneno occidam, si mihi praemium dederis.",other,tatoeba:lat
Lingua qualibet scribere potes. Linguæ omnes in Tatoeba æquæ sunt.,other,tatoeba:lat
Elizabetha matrem eius necavit.,other,tatoeba:lat
Numquam dixit verbum Betty.,other,tatoeba:lat
custos fortis fuerit.,other,tatoeba:lat
Horatius Saēbi magnōpere placet.,other,tatoeba:lat
Subito nubes caelum obscuraverunt.,other,tatoeba:lat
Ite missa est.,other,tatoeba:lat
Pyrrhus cum ingenti exercitu multisque elephantis in Italiam venit.,other,tatoeba:lat
Homo est animal bipes sine pennis.,other,tatoeba:lat
Te rogo quid agas et quid acturus sis.,other,tatoeba:lat
Disco legendo libros.,other,tatoeba:lat
Piscator hamo et retibus utitur.,other,tatoeba:lat
Quot milites pugnaverunt?,other,tatoeba:lat
Marcus dicit se taedere.,other,tatoeba:lat
Non te celavi nomen meum.,other,tatoeba:lat
Dico quid Marcus faciat.,other,tatoeba:lat
Dico quid Marcus fecerit.,other,tatoeba:lat
Dico quid Marcus facturus sit.,other,tatoeba:lat
Non te celabo consilia mea.,other,tatoeba:lat
incarnatus est de spiritu sanctu ex maria virgine et homo factus est.,other,tatoeba:lat
Spero te magna virtute acturum esse.,other,tatoeba:lat
Non potest arbor bona malos fructus facere.,other,tatoeba:lat
Tu solus venisti amicorum meorum.,other,tatoeba:lat
Estote prudentes sicut serpentes et simplices sicut columbae.,other,tatoeba:lat
Nonne melius erit tibi exsilium quam odium civium?,other,tatoeba:lat
"Bos magna est, proinde ejus cornua magna sunt; ovis parva est, proinde ejus cornua brevia sunt.",other,tatoeba:lat
Equus cornua non habet; bos ovisque cornua habent.,other,tatoeba:lat
Avis volare potest.,other,tatoeba:lat
Piscis nare potest.,other,tatoeba:lat
Cives statim omnia ad urbem defendendam parant.,other,tatoeba:lat
Mihi videor videre multas naves.,other,tatoeba:lat
Videor neglegens fuisse.,other,tatoeba:lat
Divitiae homines sapientiores non efficiunt.,other,tatoeba:lat
Paulus id fecit ad pugnam vitandam.,other,tatoeba:lat
"Marcus et Paulus amici mei sunt: hic medicus, ille sutor est.",other,tatoeba:lat
Rex eum interrogavit: “Nonne hic exercitus tibi invictus videtur?“,other,tatoeba:lat
Quaero utrum facile an difficile hoc sit.,other,tatoeba:lat
"Ignoscito semper alteri, numquam tibi.",other,tatoeba:lat
Me non paenitet meorum factorum.,other,tatoeba:lat
Philosophum non decet ira.,other,tatoeba:lat
Diceris esse beatus.,other,tatoeba:lat
Id te decet.,other,tatoeba:lat
Me a lectione avertit.,other,tatoeba:lat
Dico librum lectum iri a Paulo.,other,tatoeba:lat
Promitto me hunc librum lecturum esse.,other,tatoeba:lat
Dico eum esse consulem.,other,tatoeba:lat
"Si Deus pro nobis, quis contra nos?",other,tatoeba:lat
Pater semper incertus est.,other,tatoeba:lat
Novus ordo seclorum.,other,tatoeba:lat
Nunc est bibendum.,other,tatoeba:lat
"Unu, doi, trei, patru, cinci, șase, șapte, opt, nouă, zece.",other,tatoeba:ron
Toate ființele umane se nasc libere și egale în demnitate și în drepturi. Ele sunt înzestrate cu rațiune și conștiință și trebuie să se comporte unele față de altele în spiritul fraternității.,other,tatoeba:ron
Bine ați venit!,other,tatoeba:ron
Bine ai venit!,other,tatoeba:ron
„Mulțumesc.” — „Cu plăcere.”,other,tatoeba:ron
Bună dimineața la toată lumea.,other,tatoeba:ron
"Noapte bună, mamă.",other,tatoeba:ron
Mulțumesc foarte mult!,other,tatoeba:ron
"Bună seara, ce faci?",other,tatoeba:ron
"Bună seara, ce mai faceți?",other,tatoeba:ron
"Bună, ce faci?",other,tatoeba:ron
Domnul Spencer lucrează la magazin.,other,tatoeba:ron
Zăpada a acoperit tot orașul peste noapte.,other,tatoeba:ron
Biroul domnului Popescu este la etajul zece.,other,tatoeba:ron
Nori negri treceau deasupra orașului.,other,tatoeba:ron
"Transmite-i, te rog, salutări doamnei Andreescu!",other,tatoeba:ron
"Sâmbătă am fost la film, apoi la restaurant.",other,tatoeba:ron
Am trecut pe la librărie și mi-am cumpărat o carte interesantă.,other,tatoeba:ron
L-am văzut pe Ion la bibliotecă.,other,tatoeba:ron
"Vino aici, fetițo, stai jos!",other,tatoeba:ron
"Poftiți, doamnă, serviți-vă!",other,tatoeba:ron
"Doamnă Ionescu, aș vrea să vă întreb ceva.",other,tatoeba:ron
"Domnule, vă rog completați acest formular.",other,tatoeba:ron
"Sora mea mai mică este profesoară, cea mai mare, doctoriță.",other,tatoeba:ron
Clădirea ONU este foarte impunătoare.,other,tatoeba:ron
Tatăl meu și-a oferit serviciile unei companii de comerț bine cunoscută.,other,tatoeba:ron
În ultima vreme s-a discutat mult despre arhitectura noii școli.,other,tatoeba:ron
Astăzi vremea e frumoasă.,other,tatoeba:ron
Copacii erau foarte rari.,other,tatoeba:ron
O ploaie rece a căzut peste oraș.,other,tatoeba:ron
Este frumos astăzi.,other,tatoeba:ron
Românii din Transilvania vorbesc foarte lent.,other,tatoeba:ron
Domnul Anton le-a vorbit rece.,other,tatoeba:ron
Îmi place baclavaua.,other,tatoeba:ron
Îmi face plăcere să merg pe jos.,other,tatoeba:ron
Îți plăcea să mergi la expoziții în România?,other,tatoeba:ron
Îi voi da cartea mâine.,other,tatoeba:ron
"La început vă displăcuse ideea, dar acum păreți mulțumiți.",other,tatoeba:ron
Daniela mi-a telefonat acasă.,other,tatoeba:ron
Ți-aș oferi o cafea dacă ai timp.,other,tatoeba:ron
"Ni s-a spus că, din cauza zăpezii, putem pleca acasă.",other,tatoeba:ron
"O întâlnesc pe Mihaela în fiecare dimineață, la metrou.",other,tatoeba:ron
Am întâlnit-o pe Mihaela la stația de metrou.,other,tatoeba:ron
"Când o întâlnisem în București, Anca era studentă.",other,tatoeba:ron
"Dacă aș vedea-o pe Anca, probabil că nu aș recunoaște-o.",other,tatoeba:ron
Cum te numești?,other,tatoeba:ron
Cum vă numiți?,other,tatoeba:ron
"Mie îmi place foarte mult primăvara, nu mi-a plăcut niciodată vara.",other,tatoeba:ron
"Dacă ne aduceți câteva cărți, timpul ni se va părea mai scurt.",other,tatoeba:ron
Ar fi bine să ne telefonați sâmbătă.,other,tatoeba:ron
Ți-am spus să vii oricând îți convine.,other,tatoeba:ron
V-am trimis o scrisoare săptămână trecută și vă trimit încă una azi.,other,tatoeba:ron
"Dacă așa vi s-a spus, probabil că e corect.",other,tatoeba:ron
"Lui Dan i-am cumpărat o cravată, Elenei îi cumpăr un fular.",other,tatoeba:ron
"Când îi vedeți pe Popești, transmiteți-le, vă rog, salutări de la noi.",other,tatoeba:ron
"Dacă le întâlniți pe surorile Orleanu, invitați-le la ziua Ruxandrei. Să nu-l uitați nici pe fratele lor.",other,tatoeba:ron
Prima dată i-am văzut pe fotbaliștii români la Madrid.,other,tatoeba:ron
"Imediat ce îi contactați pe prietenii dumneavoastră, spuneți-le că se apropie o avalanșă.",other,tatoeba:ron
"Mașina mea e Ford, ca și a dumneavoastră.",other,tatoeba:ron
"Numele meu este românesc, al lui e american.",other,tatoeba:ron
"Copiii noștri sunt la școală, unde sunt ai dumneavoastră?",other,tatoeba:ron
"Cărțile mele sunt în limba română, ale ei sunt în engleză.",other,tatoeba:ron
"Care este mai completă, prima ediție sau a doua?",other,tatoeba:ron
Profesoara care a luat cuvântul este de la Universitatea București.,other,tatoeba:ron
Colega al cărei soț este francez a plecat la Paris.,other,tatoeba:ron
Au venit la petrecere toți prietenii cărora le-am trimis invitații.,other,tatoeba:ron
Nu mă pot hotărî pe care rochie să o cumpăr.,other,tatoeba:ron
Pentru cine bat clopotele?,other,tatoeba:ron
Nu sunt sigură cui să-i dau acest cadou: fetei sau băiatului?,other,tatoeba:ron
"Am găsit un bilet pe birou, dar nu știu al cui este.",other,tatoeba:ron
Ce crezi că are de gând Dana?,other,tatoeba:ron
Nu știu ce să mai cred.,other,tatoeba:ron
Nu sunt sigur cât trebuie să așteptăm.,other,tatoeba:ron
Câtă miere folosiți la prăjitura asta?,other,tatoeba:ron
Câtor studenți le-ați dat nota maximă?,other,tatoeba:ron
Să vedem care pe care!,other,tatoeba:ron
Studentul acesta este american.,other,tatoeba:ron
Acest student este american.,other,tatoeba:ron
Am discutat deja cu acest student.,other,tatoeba:ron
Am discutat deja cu studentul acesta.,other,tatoeba:ron
Cărțile studentului acestuia sunt noi.,other,tatoeba:ron
Cărțile acestui student sunt noi.,other,tatoeba:ron
I-am dat cărțile acestui student.,other,tatoeba:ron
I-am dat cărțile studentului acestuia.,other,tatoeba:ron
"Avem aceleași intenții, dar nu același mod de operare.",other,tatoeba:ron
Anul acesta oferim același curs de limbă ca și anul trecut.,other,tatoeba:ron
Ce să fac?!,other,tatoeba:ron
Vara aceasta nu s-au mai acordat burse acelorași studenți ca anul trecut.,other,tatoeba:ron
Am cumpărat o singură carte pe care i-am dat-o unui student.,other,tatoeba:ron
"Cât despre studenți, unul a plecat deja la București și una e pe drum.",other,tatoeba:ron
Am fost la masă cu doi americani și două nemțoaice.,other,tatoeba:ron
"În primul rând, vreau să vă mulțumesc pentru ospitalitate.",other,tatoeba:ron
Aceasta a fost a cincea carte a Rodicăi.,other,tatoeba:ron
Prietenul nostru a terminat cursa al doilea.,other,tatoeba:ron
"I-ați invitat și pe prietenii dumneavoastră, nu-i așa?",other,tatoeba:ron
"Sunteți germani, nu-i așa?",other,tatoeba:ron
"Vreți să vedeți un film francez, nu-i așa?",other,tatoeba:ron
"Când lucram la o școală publică, aveam cincisprezece elevi în clasă.",other,tatoeba:ron
În Franța ați lucrat la ambasadă sau la consulat?,other,tatoeba:ron
"Când veți merge în România, o să vizitați Castelul lui Dracula.",other,tatoeba:ron
Vreți să mergeți la film sau la teatru?,other,tatoeba:ron
V-ar interesa un proiect la care ați lucra cu plăcere?,other,tatoeba:ron
V-am văzut lucrând și nu v-am deranjat.,other,tatoeba:ron
Mâine duc cărțile la bibliotecă.,other,tatoeba:ron
Vara mă duc la piscină în fiecare zi.,other,tatoeba:ron
Îmi duc hainele la curățat de două ori pe lună.,other,tatoeba:ron
Nu plâng ușor.,other,tatoeba:ron
Cunosc istoria Europei foarte bine.,other,tatoeba:ron
"Imediat ce mă scol, pregătesc cafeaua.",other,tatoeba:ron
Îmi spăl mașina în fața casei fără probleme.,other,tatoeba:ron
Am adus câteva cărți românești pentru studenți.,other,tatoeba:ron
Mi-am adus câteva cărți de citit.,other,tatoeba:ron
În fiecare zi orele încep la nouă.,other,tatoeba:ron
"Când era studentă, mergea des la discotecă.",other,tatoeba:ron
"Când era studentă, a mers la discotecă numai o dată.",other,tatoeba:ron
"Când veți merge în România, o să vedeți mai multe.",other,tatoeba:ron
Vă trimisesem deja scrisoarea când mi-ați dat telefon.,other,tatoeba:ron
Răzvan tocmai plecă.,other,tatoeba:ron
Să vedem ce se va întâmpla.,other,tatoeba:ron
Aș vrea să beau o cafea.,other,tatoeba:ron
Mi-ar fi plăcut să fi văzut 'Casablanca' când s-a discutat acest film.,other,tatoeba:ron
Aș merge la film dacă aș avea timp.,other,tatoeba:ron
Merg la film dacă am timp.,other,tatoeba:ron
Mergeam la film dacă aveam timp.,other,tatoeba:ron
Aș fi mers la film dacă aș fi avut timp.,other,tatoeba:ron
"Dați-mi, vă rog, un bilet pentru spectacolul de la ora șapte.",other,tatoeba:ron
"Nu vă deranjați, mă descurc singur.",other,tatoeba:ron
Nu pot înțelege ce s-a întâmplat.,other,tatoeba:ron
"Când am văzut că plouă, mi-am luat umbrela.",other,tatoeba:ron
În weekend am mult de spălat.,other,tatoeba:ron
Am dus hainele la curățat.,other,tatoeba:ron
Curând trebuie să merg la tuns.,other,tatoeba:ron
Am văzut-o pe Andreea plecând de acasă.,other,tatoeba:ron
Plecam la munte dacă aveam bani.,other,tatoeba:ron
Aș fi plecat la munte dacă aș fi avut bani.,other,tatoeba:ron
Vara aceasta vom merge la munte și la mare.,other,tatoeba:ron
Vara aceasta mergem la munte și la mare.,other,tatoeba:ron
Bogdan a spus că va fi acolo mâine.,other,tatoeba:ron
Merg la serviciu în fiecare zi.,other,tatoeba:ron
Am vizitat România acum câțiva ani.,other,tatoeba:ron
L-am vizitat pe Dan.,other,tatoeba:ron
Îl văd pe Dan.,other,tatoeba:ron
O văd pe Dana.,other,tatoeba:ron
Îi văd pe Dan și Andrei.,other,tatoeba:ron
Le văd pe Dana și Corina.,other,tatoeba:ron
Am văzut-o pe Dana.,other,tatoeba:ron
Nici măcar nu încerci să mă ajuți.,other,tatoeba:ron
"Nu sunt misogin; și dacă aș fi, pentru tine aș face o excepție.",other,tatoeba:ron
Ai perfectă dreptate.,other,tatoeba:ron
Mi-a dat niște cărți.,other,tatoeba:ron
La dracu’ cu tine!,other,tatoeba:ron
Respectul este temelia vieții.,other,tatoeba:ron
Credeam că mi-amintesc de tine zicând asta.,other,tatoeba:ron
Ai grijă de tine.,other,tatoeba:ron
Are părul scurt.,other,tatoeba:ron
Nu vorbesc japoneza.,other,tatoeba:ron
Capitala Italiei este Roma.,other,tatoeba:ron
Ce mai faci?,other,tatoeba:ron
Lipsește o furculiță.,other,tatoeba:ron
Vă rog să nu vorbiți atât de repede.,other,tatoeba:ron
Lipsește un cuțit.,other,tatoeba:ron
Cum este vremea acolo?,other,tatoeba:ron
"Scuzați, m-am rătăcit.",other,tatoeba:ron
Windows este sistemul de operare cel mai folosit.,other,tatoeba:ron
Te rugăm să fii politicos.,other,tatoeba:ron
Eu nu știu.,other,tatoeba:ron
Petrecerea s-a terminat la nouă.,other,tatoeba:ron
Eu am făcut duș înainte să iau micul dejun.,other,tatoeba:ron
Camera mea este foarte mică.,other,tatoeba:ron
Să ne gândim la ce poate fi mai rău.,other,tatoeba:ron
Eu mănânc tăiței.,other,tatoeba:ron
Este un cuvânt pentru care aș vrea sa găsesc un înlocuitor.,other,tatoeba:ron
Noi vom continua studiul acest cărții până la sfârșitul anului.,other,tatoeba:ron
Noi am trăit în Osaka timp de zece ani înainte de a ne muta in Tokyo.,other,tatoeba:ron
Am ratat ceva?,other,tatoeba:ron
El i-a pus o întrebare doamnei care stătea lângă el.,other,tatoeba:ron
Am accentuat ideea.,other,tatoeba:ron
"Să decidem ce avem de decis, apoi să ne împărțim in două echipe, OK?",other,tatoeba:ron
Să nu așteptați atât de mult de la el.,other,tatoeba:ron
Ei îi place foarte mult școala sa.,other,tatoeba:ron
Acesta este un hotel de trei stele; trei sute de dolari pe noapte.,other,tatoeba:ron
De ce a cumpărat o trambulină proprietarul de șaizeci de ani al locuinței unde stau?,other,tatoeba:ron
Nimeni nu trăiește in această casă.,other,tatoeba:ron
Străzile noastre se inundă când plouă.,other,tatoeba:ron
Eu știu numele său.,other,tatoeba:ron
Puțini studenți știu să citească în latină.,other,tatoeba:ron
Înțelepciunea nu vine în mod automat cu vârsta.,other,tatoeba:ron
El a fost convins să fie mai rezonabil.,other,tatoeba:ron
Pisica este adorabilă.,other,tatoeba:ron
Nu îmi place genul acesta de casă.,other,tatoeba:ron
Eu sunt satisfăcut de acești pantofi.,other,tatoeba:ron
Eram în căutarea unei locuințe de închiriat.,other,tatoeba:ron
Ea va strânge vesela de pe masă.,other,tatoeba:ron
Noi adesea dăm peste turiștii japonezi în această zonă.,other,tatoeba:ron
Există librării puține în această zonă.,other,tatoeba:ron
Femeia mănâncă o portocală.,other,tatoeba:ron
Ea a încremenit în picioare ca și cum ar fi văzut o fantomă.,other,tatoeba:ron
"După cum scrie in Biblie, omul nu este întotdeauna perfect.",other,tatoeba:ron
Voi veni și eu mai târziu.,other,tatoeba:ron
Nu se poate în ambele moduri.,other,tatoeba:ron
Către cei care vor să distrugă lumea: vă vom înfrânge.,other,tatoeba:ron
Nu veți întâmpina probleme.,other,tatoeba:ron
El mă tratează ca și cum aș fi un străin.,other,tatoeba:ron
Vă mulțumim pentru a ne fi înștiințat că imprimanta Model 600-J nu va fi disponibilă până pe 4 Mai 1997.,other,tatoeba:ron
"Drumul este drept, dar panta este abruptă.",other,tatoeba:ron
Autorul a dedicat cartea surorii sale.,other,tatoeba:ron
Vă rugam să așteptați treizeci de minute.,other,tatoeba:ron
Această cameră nu este potrivită pentru dormit.,other,tatoeba:ron
Autobuzele vor ajunge în stație după cinsprezece minute.,other,tatoeba:ron
Nu toate browserele de internet sunt sigure.,other,tatoeba:ron
Bogdan Tanjevic demisionează din cauza unui cancer la colon.,other,tatoeba:ron
Guus Hiddink este olandez.,other,tatoeba:ron
Persoanele sub 18 ani nu se pot căsători.,other,tatoeba:ron
Cred că limba germană este cea mai bună limbă din lume.,other,tatoeba:ron
Yumi Ishiyama este cel mai vechi membru al Team Lyoko.,other,tatoeba:ron
Prietena sa este japoneză.,other,tatoeba:ron
Vă rugăm să fiți politicos.,other,tatoeba:ron
Lisa Lillien este măritată cu Dan Schneider.,other,tatoeba:ron
Matematica este o materie bună.,other,tatoeba:ron
Cât este ceasul?,other,tatoeba:ron
Sumatra este o insulă.,other,tatoeba:ron
Pakistan este o țară musulmană.,other,tatoeba:ron
Să nu faceți zgomot.,other,tatoeba:ron
"Cel care, mai ieri, socotea că îndrumă, conduce — se pomenește dintr-o dată întins țeapăn într-o cutie de lemn, iar cei din jur, dându-și seama că nu mai e bun de nimic, îl ard într-un cuptor.",other,tatoeba:ron
”Mulțumesc.” ”Cu plăcere.”,other,tatoeba:ron
Aș vrea un dicționar bun.,other,tatoeba:ron
La mulți ani!,other,tatoeba:ron
"Dacă pui un pisoi între două balene, o să-i fie cald.",other,tatoeba:ron
Unde dai și unde crapă.,other,tatoeba:ron
"Dacă cineva ridică din sprânceană, poate însemna ""Vreau să fac sex cu tine"", dar și ""Ceea ce tocmai ai spus mi se pare o mare prostie.""",other,tatoeba:ron
"Există oameni atât de flămânzi în lume, încât Dumnezeu nu le poate apărea decât sub formă de pâine.",other,tatoeba:ron
Vinul e poezie turnată într-o sticlă.,other,tatoeba:ron
"Matematicienii sunt ca francezii: orice le-ați spune, ei îl traduc pe limba lor și îl transformă în cu totul altceva.",other,tatoeba:ron
"Tânăr e, dar trebuie să întrețină o familie numeroasă.",other,tatoeba:ron
Ea a reacționat spontan.,other,tatoeba:ron
Voiam să devin filozof.,other,tatoeba:ron
"Democrația este cea mai proastă formă de guvernământ, cu excepția tuturor celorlalte care au fost încercate.",other,tatoeba:ron
Muiriel a împlinit 20 de ani acum.,other,tatoeba:ron
E puțină apă în găleată.,other,tatoeba:ron
Fiul tău a devenit bărbat.,other,tatoeba:ron
În fiecare duminică după-amiaza merg la târg.,other,tatoeba:ron
Tom a ajuns ultimul.,other,tatoeba:ron
Tom s-a căsătorit cu o femeie mai în vârsta.,other,tatoeba:ron
Nu-mi place nisipul. E aspru și zgrunțuros și iritant plus că se lipește peste tot.,other,tatoeba:ron
Motivul principal pentru care prietenii își părăsesc prietenii pe Facebook e din cauza prea multor postări inutile.,other,tatoeba:ron
A fost cât pe ce să-mi uit umbrela în tren.,other,tatoeba:ron
Mă țin întotdeauna de promisiune.,other,tatoeba:ron
Sunt un vegetarian care mănâncă tone de carne.,other,tatoeba:ron
Am o durere de cap teribilă.,other,tatoeba:ron
El e licențiat în drept.,other,tatoeba:ron
"Orice ai spune, răspunsul e ""nu"".",other,tatoeba:ron
Nici în ruptul capului!,other,tatoeba:ron
Câți băieți sunt în clasa ta?,other,tatoeba:ron
Expoziția este deschisă încă o lună.,other,tatoeba:ron
Ea și prietenii ei sunt înnebuniți după muzica.,other,tatoeba:ron
Mi-am pierdut codul pin!,other,tatoeba:ron
Nu vreau să fiu văzut în compania lui.,other,tatoeba:ron
O să-mi vizitez prietenul la spital o dată la două zile.,other,tatoeba:ron
Algoritmul meu are o rată de succes de 99%.,other,tatoeba:ron
"Să gândim ceea ce nu simțim înseamnă sa ne mințim pe noi înșine, în același mod în care ii mințim pe ceilalți când nu spunem ceea ce gândim.",other,tatoeba:ron
Nu mă fraieri!,other,tatoeba:ron
Nu a fost deloc recunoscător fostului său profesor.,other,tatoeba:ron
Ea nu are permis de conducere.,other,tatoeba:ron
"O traducere e ca o femeie. Dacă e frumoasă, nu e fidelă. Dacă e fidelă, nu este cu siguranţă frumoasă.",other,tatoeba:ron
"Într-un articol recent despre activități care să-ți antreneze mintea, se menționează Esperanto precum și Sudoku, ceea ce denotă ca Esperanto devine parte a culturii de masă.",other,tatoeba:ron
"Dacă putem compara o limba maternă cu un copac, care s-a dezvoltat de-a lungul timpului, Esperanto poate fi comparată cu un copac artificial, care a fost creat artificial.",other,tatoeba:ron
Mor de foame!,other,tatoeba:ron
Acel tip e dus cu pluta!,other,tatoeba:ron
Acest cuvânt e de origine greacă.,other,tatoeba:ron
"Bună ziua, cum vă pot fi de folos?",other,tatoeba:ron
Nu lăsa pe mâine ce poţi face poimâine.,other,tatoeba:ron
Mi-e o foame de lup.,other,tatoeba:ron
Ei sunt colegii mei.,other,tatoeba:ron
Ea îşi dă aere cât de frumoasă e.,other,tatoeba:ron
Se pare că am făcut o greșeală.,other,tatoeba:ron
Ați putea da volumul mai încet?,other,tatoeba:ron
Tu din nou?,other,tatoeba:ron
Nu sunt o persoană matinală.,other,tatoeba:ron
Mă doare în gât şi îmi curge nasul.,other,tatoeba:ron
Sunt și pisici pe Marte.,other,tatoeba:ron
"Caii nu pasc flori galbene, acestea rămân pur şi simplu pe pajişte.",other,tatoeba:ron
Așteaptă-mă. Ajung acolo în maxim zece minute.,other,tatoeba:ron
"Dacă te plictisești, poți să contribui pe Tatoeba.",other,tatoeba:ron
"Nu, nu poate fi adevărat.",other,tatoeba:ron
Seara el iese în oraș să bea ceva.,other,tatoeba:ron
Avem o bibliotecă minunată în incinta școlii.,other,tatoeba:ron
Mă dor picioarele.,other,tatoeba:ron
"Vorbiți mai rar, vă rog.",other,tatoeba:ron
Fata își spălă părul.,other,tatoeba:ron
"Este cald astăzi, deci ai putea înota în mare.",other,tatoeba:ron
A decis în cele din urmă să se căsătorească.,other,tatoeba:ron
Vreau sa-ți povestesc ceva ciudat.,other,tatoeba:ron
El a picat din nou?,other,tatoeba:ron
Am fost foarte fericit când am auzit acea veste.,other,tatoeba:ron
"Bineînțeles, el are dreptate.",other,tatoeba:ron
Mobilierul din acest birou este foarte modern.,other,tatoeba:ron
"Când era tânără, era foarte renumită.",other,tatoeba:ron
"Când a fost tânăr, a muncit cu sârguinţă.",other,tatoeba:ron
Casa sa este foarte modernă.,other,tatoeba:ron
Nu sunt interesat de arta contemporană.,other,tatoeba:ron
Nu mai am nimic important de spus.,other,tatoeba:ron
Ce limba se vorbeşte în țara ta?,other,tatoeba:ron
Greaca nu e o limbă uşoară.,other,tatoeba:ron
Jorge vorbește patru limbi.,other,tatoeba:ron
"Sadako voia să mai spună ceva, dar gura parcă îi înțepenise.",other,tatoeba:ron
"Sadako voia sa mai spună ceva, dar buzele îi înțepeniseră.",other,tatoeba:ron
Majoritatea elvețienilor vorbesc două sau trei limbi.,other,tatoeba:ron
"Nu locuim în ţări, locuim în limbile noastre. Aceea e casa ta, acolo şi nicăieri altundeva.",other,tatoeba:ron
El munceşte pentru ea.,other,tatoeba:ron
El lăsă totul la voia întâmplării.,other,tatoeba:ron
Copiii îşi spală picioarele.,other,tatoeba:ron
George e sărac dar fericit întotdeauna.,other,tatoeba:ron
Asta e cheia pe care o cauţi?,other,tatoeba:ron
Aceea e maşina ta?,other,tatoeba:ron
Dorința e pentru cei care cred în îndeplinirea ei.,other,tatoeba:ron
"""Înţeleg perfect italiana,"" se lăudă ea în timp ce alegea meniul, dar când i-a fost servită mâncarea, nu era nicidecum ce aşteptase.",other,tatoeba:ron
Nu-ți fie teamă să vorbești în fața unui public.,other,tatoeba:ron
M-am uitat împrejur şi am observat că maşina mea era singura pe sosea.,other,tatoeba:ron
Preţul acestei cărţi a fost redus la jumătate.,other,tatoeba:ron
Numele tău se află în capul listei.,other,tatoeba:ron
Știi cine e blonda înaltă îmbrăcata în verde?,other,tatoeba:ron
Datorită acestui accident s-au pierdut multe vieți.,other,tatoeba:ron
Sunt împotriva oricărui fel de război.,other,tatoeba:ron
Este pentru prima dată când el locuieşte în propria lui casă.,other,tatoeba:ron
Există conexiune la internet în acest sat?,other,tatoeba:ron
"După unii, gimnastica matinală poate fi dăunătoare.",other,tatoeba:ron
Lucrezi acum cu jumătate de normă sau cu normă întreagă?,other,tatoeba:ron
După nașterea copilului trebuie să lucrezi jumătate de normă.,other,tatoeba:ron
Fac întotdeauna exerciţii fizice după trezire şi înainte de culcare.,other,tatoeba:ron
Mă surprinzi mereu cu sosirile tale neașteptate.,other,tatoeba:ron
"Muzica clasică mă linişteşte, pe când cea modernă îmi creează efectul opus.",other,tatoeba:ron
Din când în când o meditaţie de câteva minute peste zi îmi dă o stare de bine.,other,tatoeba:ron
La începutul fiecărui sfârşit de săptămână sunt în acelaşi timp obosit şi bucuros.,other,tatoeba:ron
El continuă să citească din carte.,other,tatoeba:ron
Vorbiți puțin mai tare vă rog.,other,tatoeba:ron
Acest suc are gust acru.,other,tatoeba:ron
Ea lucrează zi și noapte.,other,tatoeba:ron
Ea a cumpărat două perechi de şosete.,other,tatoeba:ron
Tatăl meu nu este acasă.,other,tatoeba:ron
"Dacă plouă diseară, nu plec de acasă.",other,tatoeba:ron
Îmi face plăcere să vă cunosc!,other,tatoeba:ron
Această brânza este făcută din lapte de oaie.,other,tatoeba:ron
Lui Tom nu-i place brânza.,other,tatoeba:ron
Brânza nu se digeră repede.,other,tatoeba:ron
Mama ne-a pregătit sandvișuri cu brânză pentru prânz.,other,tatoeba:ron
Îmi dai brânza cremă te rog?,other,tatoeba:ron
Se afla o moară de apă sub baraj.,other,tatoeba:ron
Micul dejun este gata.,other,tatoeba:ron
Am sărit peste micul dejun.,other,tatoeba:ron
Ai luat deja prânzul?,other,tatoeba:ron
După prânz ne-am uitat la televizor.,other,tatoeba:ron
Mama e ocupată cu gătitul cinei.,other,tatoeba:ron
"Cine nu vrea să lucreze, nici să nu mănânce.",other,tatoeba:ron
"Toți cei ce scot sabia, de sabie vor pieri.",other,tatoeba:ron
Ce se va întâmpla cu ea?,other,tatoeba:ron
Vederea slabă este un handicap pentru un atlet.,other,tatoeba:ron
Pe ce linie pentru Boston?,other,tatoeba:ron
"Daca nu m-ar fi ajutat ea, nu aş mai fi viu acum.",other,tatoeba:ron
A renunţat la visul de a fi pilot.,other,tatoeba:ron
A abandonat visul de a fi pilot.,other,tatoeba:ron
"Probabil, dar el vrea ca să renunţ dintr-odată.",other,tatoeba:ron
Dragostea e cea care conduce lumea.,other,tatoeba:ron
Iubirea este cea care conduce lumea.,other,tatoeba:ron
"La hotelul Hilton, vă rog!",other,tatoeba:ron
Nu pot să ţin pasul cu schimbările astea în modă.,other,tatoeba:ron
Naivul bărbat era extrem de stânjenit în prezenţa ei.,other,tatoeba:ron
Studenţilor care sosesc târziu nu le va fi permisă intrarea în cămin.,other,tatoeba:ron
Studenţilor întârziaţi nu le va fi permisă intrarea în cămin.,other,tatoeba:ron
Cel mult patruzeci la sută dintre studenţi continuă universitatea.,other,tatoeba:ron
"Când aduni trei cu patru, obţii şapte.",other,tatoeba:ron
"Numele şi numărul zborului dumneavoastră, vă rog!",other,tatoeba:ron
Poţi să-l alegi pe care îl vrei.,other,tatoeba:ron
Poţi s-o alegi pe care o vrei.,other,tatoeba:ron
El a decis o nouă politică.,other,tatoeba:ron
Ți-aș da orice însă nu și ăsta.,other,tatoeba:ron
Nu îşi ascultă întotdeauna părinţii.,other,tatoeba:ron
Poți alege orice carte vrei.,other,tatoeba:ron
Poţi alege orice.,other,tatoeba:ron
"E ieftin, nu-i aşa?",other,tatoeba:ron
Nu bea decât la ocazii speciale.,other,tatoeba:ron
Nu am văzut niciodată un apus de soare atât de frumos.,other,tatoeba:ron
Cred că acest pește este un pește de apă dulce.,other,tatoeba:ron
"Nu îmi place peștele făcut pe grătar, cu atât mai puțin peștele crud.",other,tatoeba:ron
"Casa păsărilor este în pădure, casa peștilor este în râu, casa albinelor este în flori, iar casa copiilor mici este în China. Ne iubim patria de când suntem mici, precum păsările iubesc pădurea, peștii iubesc râul și albinele iubesc florile.",other,tatoeba:ron
Aerul este pentru oameni ceea ce apa este pentru pești.,other,tatoeba:ron
Ei îi place să pescuiască.,other,tatoeba:ron
Lui îi place să pescuiască.,other,tatoeba:ron
Nu are nimic a face cu mine.,other,tatoeba:ron
Îți place floarea aceasta?,other,tatoeba:ron
Acest fapt îi dovedește nevinovăția.,other,tatoeba:ron
La ce oră te-ai obișnuit să te duci la culcare?,other,tatoeba:ron
"Cu ce vă pot fi de folos astăzi, domnule?",other,tatoeba:ron
A fost cu adevărat interesant.,other,tatoeba:ron
Acest roman mă plictisește.,other,tatoeba:ron
Cum se numește acest râu?,other,tatoeba:ron
Deschide-ți cartea la pagina zece.,other,tatoeba:ron
Ea a promovat examenul de engleză.,other,tatoeba:ron
De ce mă iubești?,other,tatoeba:ron
Acela este tatăl nostru.,other,tatoeba:ron
Aceasta este mama mea.,other,tatoeba:ron
Am 2 frați.,other,tatoeba:ron
Am vrut să cumpăr cartea.,other,tatoeba:ron
"Dacă un triunghi are două unghiuri drepte, atunci este un pătrat căruia îi lipsește o latură.",other,tatoeba:ron
Acesta este cuvântul pe care l-am găsit in dicționar.,other,tatoeba:ron
Cine este autorul acestei cărți?,other,tatoeba:ron
Fusese in Kyoto de două ori.,other,tatoeba:ron
Lui Einstein îi plăcea sa cânte la vioară.,other,tatoeba:ron
Tu crezi că așa ceva este posibil?,other,tatoeba:ron
Unde te duci?,other,tatoeba:ron
Mâine mă duc la Paris.,other,tatoeba:ron
Ea este Li Ying.,other,tatoeba:ron
Viața este scurtă.,other,tatoeba:ron
Am două cărți.,other,tatoeba:ron
Cartea este mare.,other,tatoeba:ron
Cartea este albă.,other,tatoeba:ron
Ea nu are foarte multe cărți.,other,tatoeba:ron
Am 18 ani.,other,tatoeba:ron
Am văzut câinele.,other,tatoeba:ron
Nu suntem niciodată atât de fericiţi sau de nefericiţi pe cât credem.,other,tatoeba:ron
Ieri am mâncat un măr.,other,tatoeba:ron
Voi rămâne acasă astăzi.,other,tatoeba:ron
Nu se poate respira aici.,other,tatoeba:ron
Poți rezolva această problemă?,other,tatoeba:ron
Nu sunt atât de idiot încât sa te cred.,other,tatoeba:ron
Drapelul roșu indică prezența unui pericol.,other,tatoeba:ron
Mi-e dor de tine.,other,tatoeba:ron
Toți străinii care vizitează Japonia spun că prețurile aici sunt prea mari.,other,tatoeba:ron
El a ținut un jurnal în timpul călătoriei.,other,tatoeba:ron
Călătoria lor a fost amânată din cauza ploii.,other,tatoeba:ron
"În lipsa partenerului meu de călătorie, am fost singur în câteva excursii.",other,tatoeba:ron
Agenția de voiaj ne-a furnizat toate detaliile turului.,other,tatoeba:ron
A călători cu vaporul durează mai mult decât a călători cu mașina.,other,tatoeba:ron
Îmi place să călătoresc.,other,tatoeba:ron
Lucrez la o agenție de voiaj.,other,tatoeba:ron
Agentul de voiaj ne-a sugerat să luăm cu noi câteva cecuri de călătorie.,other,tatoeba:ron
Studiul făcut de ei arată că americanii nu sunt interesați de Japonia.,other,tatoeba:ron
A fost uimit de prostia sa.,other,tatoeba:ron
Vreau să mă fac reporter sportiv.,other,tatoeba:ron
L-am pierdut pe fiul meu acum aproape un deceniu.,other,tatoeba:ron
Acest pește miroase urât.,other,tatoeba:ron
Copiii încep să ne scape de sub control.,other,tatoeba:ron
"Acum că sunt adult, gândesc altfel.",other,tatoeba:ron
Am mâncat până mi s-a făcut rău.,other,tatoeba:ron
Betty nu poate deosebi binele de rău.,other,tatoeba:ron
Primul Ministru a semnat un acord comercial între cele două țări.,other,tatoeba:ron
N-am puteam să tolerez lipsa lui de politețe.,other,tatoeba:ron
Nu sunt obișnuit să mă scol atât de devreme.,other,tatoeba:ron
Este o fotografie recentă?,other,tatoeba:ron
Modestul lor venit nu le permite multe luxuri.,other,tatoeba:ron
Bogăţia lui nu l-a făcut fericit.,other,tatoeba:ron
Ieri Betty a fost la mare.,other,tatoeba:ron
Se va despărți de prietenul ei.,other,tatoeba:ron
Pot citi cu ușurință în spaniolă.,other,tatoeba:ron
În zilele de azi nu este neobișnuit pentru o femeie sa călătorească singură.,other,tatoeba:ron
Toată lumea admiră picturile sale.,other,tatoeba:ron
Înveţi ceva nou in fiecare zi.,other,tatoeba:ron
Urmărești dezbaterile parlamentare?,other,tatoeba:ron
Am cerut să li se permită sa plece.,other,tatoeba:ron
"Domnul Suzuki nu este dentist, ci medic.",other,tatoeba:ron
"Din curiozitate, am deschis cutia.",other,tatoeba:ron
Acest subiect ar trebui discutat in detaliu.,other,tatoeba:ron
L-am pus pe fiul meu să ude peluza.,other,tatoeba:ron
Acest puzzle are 500 de piese.,other,tatoeba:ron
Te las pe tine să cumperi biletele.,other,tatoeba:ron
Mă doare brațul rău.,other,tatoeba:ron
Nu sunt ocupat acum.,other,tatoeba:ron
El mănâncă mult.,other,tatoeba:ron
"Din câte știu, el nu a făcut niciodată așa o greșeală.",other,tatoeba:ron
Mary s-a ataşat foarte tare de fetiţa aceea.,other,tatoeba:ron
El a jucat un rol foarte important în afacere.,other,tatoeba:ron
Am fost foarte impresionat de discursul său.,other,tatoeba:ron
Mama mea a plecat ieri la cumpărături în centru.,other,tatoeba:ron
Înțeleg că el este mulțumit.,other,tatoeba:ron
Ai vrea să mergi cu mine la cumpărături?,other,tatoeba:ron
Elefanții sunt cele mai mari animale terestre care trăiesc în ziua de astăzi.,other,tatoeba:ron
Ea nu știe cum să conducă o mașină.,other,tatoeba:ron
Toţi oamenii sunt egali în drepturi.,other,tatoeba:ron
Ai avut un weekend plăcut?,other,tatoeba:ron
Ai avut un sfârșit de săptămână plăcut?,other,tatoeba:ron
"Ascultându-l pe Mahler, Lyusya se gândea mereu la moarte și la viața eternă.",other,tatoeba:ron
"Dacă este adevărat că grecii le interziceau femeilor să meargă la teatru, atunci procedau corect; pentru că așa cu siguranța ar fi putut să audă ceva.",other,tatoeba:ron
Formează câte o propoziție cu fiecare dintre aceste cuvinte.,other,tatoeba:ron
Tu nu-ți amintești; eu nu voi uita niciodata.,other,tatoeba:ron
Pune-te în locul ei.,other,tatoeba:ron
Închipuie-ți că ești in locul ei.,other,tatoeba:ron
Prețurile sunt mari.,other,tatoeba:ron
"El și-a terminat treaba, nu-i așa?",other,tatoeba:ron
Credeam că era drăguță.,other,tatoeba:ron
Mama încercă să se înțeleagă cu fiul său.,other,tatoeba:ron
"Dacă înveți din greu, vei deveni un student bun.",other,tatoeba:ron
Nu-l pedepsi pentru că a spart geamul. Nu este vina lui.,other,tatoeba:ron
Nu există niciun motiv pentru care să nu o fac.,other,tatoeba:ron
Tu ești prietenul meu.,other,tatoeba:ron
Mama își trezește fiica.,other,tatoeba:ron
Mătușa lui are grijă de câinele lui în timpul zilei.,other,tatoeba:ron
A nins timp de două zile.,other,tatoeba:ron
Acest roman este destul de interesant.,other,tatoeba:ron
Jane are multe haine de spălat.,other,tatoeba:ron
Care echipă a câștigat meciul?,other,tatoeba:ron
Când ar trebui să aduc mașina înapoi?,other,tatoeba:ron
No passa una setmana que no li escrigui a la seva mare.,other,tatoeba:cat
Quina hora és?,other,tatoeba:cat
"Hola, com va?",other,tatoeba:cat
Li presento el meu pare.,other,tatoeba:cat
Que es diverteixi força!,other,tatoeba:cat
Estic tip que em sermonegi constantment.,other,tatoeba:cat
Estic tip dels seus sermons constants.,other,tatoeba:cat
Això és bufar i fer ampolles.,other,tatoeba:cat
Li vas dir que havies enllestit la feina feia tres dies.,other,tatoeba:cat
Està amoïnada perquè fa mesos que no té notícia del seu fill.,other,tatoeba:cat
He fet un vestit nou per a mon fill.,other,tatoeba:cat
Per a mi aquesta màquina és massa difícil de fer funcionar.,other,tatoeba:cat
Ha d'anar a Anglaterra aquest estiu.,other,tatoeba:cat
Estudio el teatre dels EUA.,other,tatoeba:cat
Es va anul·lar el pícnic per la pluja.,other,tatoeba:cat
"Em sap greu, però no trobo el llibre que em vas deixar.",other,tatoeba:cat
La trencadissa ens va sobresaltar.,other,tatoeba:cat
Aquesta nit tenim gent.,other,tatoeba:cat
Em sap greu no haver pogut veure-la.,other,tatoeba:cat
La immundícia causa malalties.,other,tatoeba:cat
La seva fortuna em va arribar com un regal inesperat.,other,tatoeba:cat
Compra el que vol sense fixar-se en el que val.,other,tatoeba:cat
"Sempre es poden dir coses dels errors, però se'n digui el que se'n digui, el més important que se'n pot dir és que són erronis.",other,tatoeba:cat
Cinc! -va dir l'Àlex.,other,tatoeba:cat
Val més no parlar-li d'ella a ell.,other,tatoeba:cat
"Fins a un cert punt, el rumor és cert.",other,tatoeba:cat
Aquesta torre ofereix una vista de tota la ciutat.,other,tatoeba:cat
El sindicat va negociar amb la directiva.,other,tatoeba:cat
"Hi ha animals, com els lleons, que mengen carn.",other,tatoeba:cat
No hem de malbaratar els nostres recursos energètics.,other,tatoeba:cat
Va fer saber als seus amics que no es pensava presentar a les eleccions.,other,tatoeba:cat
La innocència és preciosa.,other,tatoeba:cat
"Quan sigui gran, vull ser algú.",other,tatoeba:cat
Estarà enllestida la feina per a demà?,other,tatoeba:cat
Vols jugar a tennis amb nosaltres?,other,tatoeba:cat
No em tinguis aquí tot el dia esperant.,other,tatoeba:cat
Va aparcar el cotxe en una plaça buida.,other,tatoeba:cat
Vam escollir el senyor Jordan de president.,other,tatoeba:cat
Sol·licito a la presidència del Comitè d'Ensenyament que aprovi la moció.,other,tatoeba:cat
Ningú no li fa ombra.,other,tatoeba:cat
Ningú no li és rival.,other,tatoeba:cat
He agafat l'A58.,other,tatoeba:cat
"Encercleu la resposta correcta, sisplau.",other,tatoeba:cat
Virtut i vici.,other,tatoeba:cat
Al principi no vaig entendre què deia.,other,tatoeba:cat
Tinc un amic el pare del qual és un pianista famós.,other,tatoeba:cat
"Un cop anul·lades les restriccions, s'han constituït milers de noves empreses.",other,tatoeba:cat
Acaba de trucar.,other,tatoeba:cat
A tothom li fa cosa la novetat.,other,tatoeba:cat
Que voldràs te?,other,tatoeba:cat
Van passar al tema a l'instant.,other,tatoeba:cat
Vam sentir que es tancava la porta.,other,tatoeba:cat
Va lluitar contra la discriminació racial.,other,tatoeba:cat
No acabo d'entendre el que diu.,other,tatoeba:cat
La història va acabar bé.,other,tatoeba:cat
El paràgraf no admet cap altra lectura.,other,tatoeba:cat
Em va preguntar quants idiomes parlava.,other,tatoeba:cat
El meu amic ha treballat a tres llocs diferents en un any; res no li dura gaire.,other,tatoeba:cat
No l'he vist des d'aleshores.,other,tatoeba:cat
"Quan llegeixo revistes en anglès, sempre tinc a mà un diccionari dels grans.",other,tatoeba:cat
Compara aquesta joia autèntica amb aquella imitació.,other,tatoeba:cat
El nen va allargar el braç per agafar un altre bocí del pastís.,other,tatoeba:cat
"Faci el que faci, ella sempre em diu que puc millorar.",other,tatoeba:cat
L'edifici es va esfondrar fa tres anys.,other,tatoeba:cat
"Escriu-me de tant en tant, sí?",other,tatoeba:cat
A aquest llibre li falten dues pàgines.,other,tatoeba:cat
Que has de dormir nou hores! Ets un cap de son.,other,tatoeba:cat
El seu germà era un mala peça amb mi.,other,tatoeba:cat
Va aprovar l'examen malgrat haver de renunciar a la seva vida social.,other,tatoeba:cat
Expressem el que pensem per mitjà del llenguatge.,other,tatoeba:cat
El diccionari recull vora mig milió de paraules.,other,tatoeba:cat
Ha cantat una cançó.,other,tatoeba:cat
L'avió aterrarà d'aquí a 15 minuts.,other,tatoeba:cat
"Cada mes quantes vegades li escrius, a ta mare?",other,tatoeba:cat
Tinc un cotxe.,other,tatoeba:cat
"Treballa ràpid i és molt eloqüent, però la seva manca de sinceritat és el seu principal defecte.",other,tatoeba:cat
La mare va parar la taula per sopar.,other,tatoeba:cat
Aquí fa fresca i s'hi està bé.,other,tatoeba:cat
Va explicar el significat literal de la frase.,other,tatoeba:cat
Tinc ganes de tornar-los a veure.,other,tatoeba:cat
Escriu el nom per si se t'oblida.,other,tatoeba:cat
"Escriu el nom, no fos cas que se t'oblidi.",other,tatoeba:cat
Vaig cometre una negligència.,other,tatoeba:cat
Repiquen les campanes.,other,tatoeba:cat
Quin és el proper poble on para l'autocar?,other,tatoeba:cat
Calla i escolta!,other,tatoeba:cat
França és a l'Europa Occidental.,other,tatoeba:cat
Que vols més pastís?,other,tatoeba:cat
Anem a córrer?,other,tatoeba:cat
Té números de sortir-se'n?,other,tatoeba:cat
L'home proposa i Déu disposa.,other,tatoeba:cat
El clima canvia.,other,tatoeba:cat
M'estimo més els centres comercials: tenen preus més barats.,other,tatoeba:cat
M'he deixat la raqueta de tennis al tren.,other,tatoeba:cat
A classe no hi ha ningú que el superi corrent.,other,tatoeba:cat
No et facis mala sang.,other,tatoeba:cat
Quant costaria arreglar aquesta cadira?,other,tatoeba:cat
T'estranya que ningú hi confiï?,other,tatoeba:cat
"Ei! No m'esperava trobar-te aquí! El món és petit de debò, oi?",other,tatoeba:cat
5 són menys que 8.,other,tatoeba:cat
Em vaig comprar la tele d'una tacada.,other,tatoeba:cat
Em vaig quedar un dia més al llit per si de cas.,other,tatoeba:cat
No puc suportar més el dolor.,other,tatoeba:cat
He optat pel verd per a les cortines.,other,tatoeba:cat
"Que parla anglès, ell?",other,tatoeba:cat
El meu avi no pot caminar sense gaiata.,other,tatoeba:cat
Deixa'm veure això.,other,tatoeba:cat
Em pot dir com s'arriba al centre?,other,tatoeba:cat
Tinc por que plogui.,other,tatoeba:cat
Em sembla que la Mary vol ser professora.,other,tatoeba:cat
Li vaig fer moltes preguntes sobre ecologia.,other,tatoeba:cat
No va badar boca.,other,tatoeba:cat
"Hem d'acceptar la vida, per a bé o per a mal.",other,tatoeba:cat
Aquí fa el mateix temps que a França.,other,tatoeba:cat
Vés passant. D'aquí a 10 minuts vinc.,other,tatoeba:cat
No sabia que eres així.,other,tatoeba:cat
Viu aquí prop.,other,tatoeba:cat
Em va dir que parés més compte.,other,tatoeba:cat
Em sembla que he agafat un constipat.,other,tatoeba:cat
"Si comences ara, hi arribaràs a temps.",other,tatoeba:cat
Vol un rellotge com el teu.,other,tatoeba:cat
"Quan era petit, em passava hores llegint sol a la meva habitació.",other,tatoeba:cat
Hi ha algú que sàpiga pronunciar aquesta paraula?,other,tatoeba:cat
Vostè ho necessita.,other,tatoeba:cat
M'he de rentar les dents.,other,tatoeba:cat
Avui hi ha pocs clients.,other,tatoeba:cat
La major part de la gent que ha mort a causa del tabac no eren grans fumadors.,other,tatoeba:cat
He visitat el Canadà fa molt de temps.,other,tatoeba:cat
Vas trucar el teu amic a Canadà?,other,tatoeba:cat
Hauré visitat el Canadà dos cops si hi torno.,other,tatoeba:cat
Estic content d'estar convidat a sopar.,other,tatoeba:cat
"Al Canadà, està prohibit beure alcohol fins als vint anys.",other,tatoeba:cat
Al Canadà s'hi parla l'anglès i el francès.,other,tatoeba:cat
Es parla el francès al Canadà?,other,tatoeba:cat
Quines llengües es parlen al Canadà?,other,tatoeba:cat
Intentà d'ampliar la seva esfera d'influència.,other,tatoeba:cat
Insisteixen en el fet que hauria d'anar-se'n.,other,tatoeba:cat
Hi ha algun músic conegut a l'escena?,other,tatoeba:cat
Tots s'han rigut del seu error.,other,tatoeba:cat
Sembla que rigui tota sola.,other,tatoeba:cat
Avui s'han rigut de mi a l'escola.,other,tatoeba:cat
El noranta-nou sempre em fa riure.,other,tatoeba:cat
El gos sembla tenir gana.,other,tatoeba:cat
Estudio l'anglès perquè tinc la intenció d'anar a Amèrica.,other,tatoeba:cat
La botiga tanca a les 7.,other,tatoeba:cat
Penso en tu.,other,tatoeba:cat
He visitat Nova York per primer cop.,other,tatoeba:cat
Centenars de persones treballen en aquesta cuina.,other,tatoeba:cat
Què vas a fer?,other,tatoeba:cat
M'agrada el tenis.,other,tatoeba:cat
Fa moltes coses per a les persones pobres.,other,tatoeba:cat
No sap el que és ser pobre.,other,tatoeba:cat
No li agradava ser pobre.,other,tatoeba:cat
Culpa la mala sort de la seva pobresa.,other,tatoeba:cat
Es pensava que havia estat mort durant la Segona Guerra Mundial.,other,tatoeba:cat
Va agafar el llibre del prestatge.,other,tatoeba:cat
S'ha fet un cop de cap amb el prestatge.,other,tatoeba:cat
Va entafonar els llibres als prestatges.,other,tatoeba:cat
És un científic respectat per tothom.,other,tatoeba:cat
M'ha promès que no ho diria a ningú.,other,tatoeba:cat
Va anar-se'n de l'oficina sense dir-ne res a ningú.,other,tatoeba:cat
No ha vist a ningú.,other,tatoeba:cat
En aquesta habitació no hi ha prou llum per poder cosir.,other,tatoeba:cat
Els treballadors es van queixar quan els van augmentar el nombre d'hores de treball.,other,tatoeba:cat
Crec que aquesta taula ocupa massa espai.,other,tatoeba:cat
La Karen està enfadada amb mi.,other,tatoeba:cat
Quan vas tornar de Londres?,other,tatoeba:cat
Pots fer servir la meva màquina d'escriure en qualsevol moment.,other,tatoeba:cat
L'exèrcit d'en Napoleó ha avançat fins a Moscou.,other,tatoeba:cat
Et trobaràs la casa buida.,other,tatoeba:cat
Els diners permeten de comprar qualsevol cosa.,other,tatoeba:cat
L'accident va tenir lloc a l'autopista.,other,tatoeba:cat
Em vaig cansar d'estar tot el dia estirat al llit.,other,tatoeba:cat
No sabia que fossis tan bon cuiner.,other,tatoeba:cat
"Hola, hi és el senyor Freeman?",other,tatoeba:cat
Cal assegurar-se d'haver apagat el foc abans de marxar.,other,tatoeba:cat
M'has trobat a faltar?,other,tatoeba:cat
Espero que vingui.,other,tatoeba:cat
Tenim una visita aquesta tarda.,other,tatoeba:cat
Ho podria fer.,other,tatoeba:cat
Vas participar ahir a les discussions?,other,tatoeba:cat
A vegades pot ser un noi estrany.,other,tatoeba:cat
On és l'estació de ferrocarrils?,other,tatoeba:cat
Passejo cada dia menys quan plou.,other,tatoeba:cat
"Perdoni, necessito arribar a Barcelona. Encara hi ha vols avui?",other,tatoeba:cat
Tot just ara acaba de començar a nevar.,other,tatoeba:cat
Giri a la dreta.,other,tatoeba:cat
La Mary va explicar el secret al John.,other,tatoeba:cat
Hi ha poques botigues i el cinema és terrible.,other,tatoeba:cat
Estic embarassada de quatre mesos.,other,tatoeba:cat
"Com que he viscut a Tòquio, conec bastant bé la ciutat.",other,tatoeba:cat
"Ell diu que és innocent, però el van tancar a la presó.",other,tatoeba:cat
Voldria un to més clar.,other,tatoeba:cat
Què? Encara no saps conduir?,other,tatoeba:cat
"I amb mi, ja en som un més.",other,tatoeba:cat
Ja duus barba?,other,tatoeba:cat
La llibertat no és gratuïta.,other,tatoeba:cat
Els nostres fills volen bicicletes com les dels fills del veí.,other,tatoeba:cat
Faré els deures després de veure la televisió.,other,tatoeba:cat
"Per la nostra època, hi havia molts estudiants que aprovaven l'examen de graduació sense estudiar.",other,tatoeba:cat
"No gràcies, només miro.",other,tatoeba:cat
"Tots els éssers humans neixen lliures i iguals en dignitat i en drets. Són dotats de raó i de consciència, i han de comportar-se fraternalment els uns amb els altres.",other,tatoeba:cat
Ell parla realment bé.,other,tatoeba:cat
Et presentaré als meus pares.,other,tatoeba:cat
El meu cap ha estat forçat a dimitir.,other,tatoeba:cat
Et desitjo èxit en el teu treball.,other,tatoeba:cat
Dubto que sigui advocat.,other,tatoeba:cat
Dubt que sigui misser.,other,tatoeba:cat
No dubtis a demanar consell.,other,tatoeba:cat
"Taro, el sopar està llest!",other,tatoeba:cat
Els he vist entrar al banc.,other,tatoeba:cat
Pots comptar amb ell. No t'abandonarà mai.,other,tatoeba:cat
El vi regalima pel coll de l'ampolla,other,tatoeba:cat
Tu en saps d'entrar a les dones.,other,tatoeba:cat
Un nadó és incapaç de prendre cura d'ell mateix.,other,tatoeba:cat
Un no s'ha de fiar de les seves dades. Aquestes són lluny de ser la veritat.,other,tatoeba:cat
És impossible acampar aquí on no hi ha aigua.,other,tatoeba:cat
És més alt que un Sant Pau,other,tatoeba:cat
Ser i estar no són el mateix verb.,other,tatoeba:cat
Sóc prim però estic gras,other,tatoeba:cat
"Menja menjar ràpid, mor ràpid.",other,tatoeba:cat
‎Pots comptar amb ell. Mai no et deixarà a l'estacada.,other,tatoeba:cat
"La decadència del santuari és deguda, en part, a la pluja àcida.",other,tatoeba:cat
La pluja àcida no és un fenomen natural.,other,tatoeba:cat
He visto de 100 a ser més o menys,other,tatoeba:cat
"No sóc el que faig, sóc el que puc fer !",other,tatoeba:cat
Escac i mat!,other,tatoeba:cat
Campi qui pugui!,other,tatoeba:cat
Una tempesta en un got d'aigua.,other,tatoeba:cat
"Sóc una persona prima, però ara he engreixat.",other,tatoeba:cat
Idees verdes incolores dormen furiosament.,other,tatoeba:cat
No totes les pomes vermelles tenen el mateix gust.,other,tatoeba:cat
Ell beu un got d'aigua tots els dies pel matí.,other,tatoeba:cat
Encara no he acabat d'esmorzar.,other,tatoeba:cat
Sóc un fanàtic del golf.,other,tatoeba:cat
Deixa que vagi a comprar.,other,tatoeba:cat
On és la seva casa?,other,tatoeba:cat
On està el banc més proper?,other,tatoeba:cat
No tinc diners.,other,tatoeba:cat
"No només no vens amb mi a menjar, sinó que a més vas amb una altra noia.",other,tatoeba:cat
Menges a casa o surts a menjar fora?,other,tatoeba:cat
"Encara que el menjar que fan en aquell restaurant fós boníssim, no hi aniria a menjar.",other,tatoeba:cat
Normalment em dutxo per la nit.,other,tatoeba:cat
Hi ha gent que es dutxen tots el dies i n'hi ha que no.,other,tatoeba:cat
Nosaltres ens dutxem tots els dies.,other,tatoeba:cat
"Em desconnecto, em vaig a dutxar.",other,tatoeba:cat
"Em deconnecto per dutxar-me i sopar, en uns 40 minuts torno.",other,tatoeba:cat
Ella cada dia pel matí es dutxa.,other,tatoeba:cat
La meva germana gran cada dia es dutxa.,other,tatoeba:cat
"Quan ell va arribar, m'estava dutxant.",other,tatoeba:cat
M'acabo de dutxar.,other,tatoeba:cat
Em puc dutxar pel matí?,other,tatoeba:cat
Em dutxo cada nit.,other,tatoeba:cat
Em dutxo tots els dies.,other,tatoeba:cat
M'haig de dutxar.,other,tatoeba:cat
Quantes vegades et dutxes per setmana?,other,tatoeba:cat
Juguem a tenis cada dissabte al matí.,other,tatoeba:cat
No vull beure aquesta nit.,other,tatoeba:cat
No m'agrada nedar en piscines.,other,tatoeba:cat
"Sinó tens res a fer, perquè no véns amb mi a pescar aquest cap de setmana?",other,tatoeba:cat
No estic cap diumenge a casa.,other,tatoeba:cat
No sabràs pas on viu ella?,other,tatoeba:cat
"No tinc cap problema amb una casa desordenada, tanmateix no podria acceptar que fós bruta.",other,tatoeba:cat
Quan temps vas tardar en traduir aquest llibre?,other,tatoeba:cat
Aquesta qüestió és massa complicada perquè un estudiant de primària la pugui resoldre.,other,tatoeba:cat
Pots dinar en aquesta sala.,other,tatoeba:cat
No esteu cansats?,other,tatoeba:cat
Què li ha passat a l'autobús?,other,tatoeba:cat
L'estació de metro que està a la vora té un banc?,other,tatoeba:cat
Estava mirant la televisió quan va sonar el telèfon.,other,tatoeba:cat
Això és més petit que Tòquio.,other,tatoeba:cat
A en Mike li encanten els animals.,other,tatoeba:cat
"Tot i que ja té 40 anys, encara sembla una noia de 18 anys.",other,tatoeba:cat
Jo havia estat a Canadà.,other,tatoeba:cat
Em preocupa la seva salut.,other,tatoeba:cat
Estic massa ocupat per poder-hi anar.,other,tatoeba:cat
No t'oblidis d'agafar el paraigües quan surtis.,other,tatoeba:cat
Nosaltres vam anar a la muntanya a esquiar.,other,tatoeba:cat
Ara mateix no tenim monyos coguts al vapor.,other,tatoeba:cat
Els nens pel matí van a l'escola.,other,tatoeba:cat
Aquest llibre està escrit en un anglès tan senzill que fins i tot els principiants poden entendre'l.,other,tatoeba:cat
On està l'àrea de les aus?,other,tatoeba:cat
El soroll m'està tornant boig.,other,tatoeba:cat
És un piano vell.,other,tatoeba:cat
Travessar el mercat.,other,tatoeba:cat
Conta'ns la història de principi a fi.,other,tatoeba:cat
Aquí està prohibit malgastar l'aigua.,other,tatoeba:cat
Li vaig comprar una revista a ell.,other,tatoeba:cat
Vostè quan beu cafè?,other,tatoeba:cat
Les aparences de les persones enganyen.,other,tatoeba:cat
No us preocupeu per mi.,other,tatoeba:cat
Ell primer va anar a la fruiteria.,other,tatoeba:cat
"Sobretot, cuido la meva salut.",other,tatoeba:cat
"Mamà, per què no tinc cap oncle que tingui barba?",other,tatoeba:cat
Ells van parar de parlar.,other,tatoeba:cat
Tenim menjar suficient.,other,tatoeba:cat
Et portes bé amb el teu cap?,other,tatoeba:cat
La prova ens va convèncer de la seva innocència.,other,tatoeba:cat
"Sí, aquest està molt bé. Quant val?",other,tatoeba:cat
No pots nedar aquí.,other,tatoeba:cat
Ella el considerava estúpid.,other,tatoeba:cat
Vaig vendre un llibre.,other,tatoeba:cat
T'importaria tancar la porta?,other,tatoeba:cat
Ells ja estan aquí.,other,tatoeba:cat
Ell és un somia truites.,other,tatoeba:cat
No vull que sigui descurat.,other,tatoeba:cat
Vaig baixar en l'estació equivocada.,other,tatoeba:cat
Simplement vagant arreu pot ser una bona manera de viatjar.,other,tatoeba:cat
No té cap sentit intentar solucionar aquest problema.,other,tatoeba:cat
El programa nuclear iranià ha estat atacat recentment per programari maliciós.,other,tatoeba:cat
Va fer un gran badall.,other,tatoeba:cat
El que va dir en quan a Anglaterra és veritat.,other,tatoeba:cat
Ell va ser un pioner en el seu camp d'estudi.,other,tatoeba:cat
Ho refregues sovint?,other,tatoeba:cat
Va ser negligent per la seva part deixar la porta sense tancar amb clau quan ella va sortir.,other,tatoeba:cat
Puc parlar de qualsevol cosa amb el meu amic.,other,tatoeba:cat
Estem investigant la causa de l'accident.,other,tatoeba:cat
Aquí està la meva bicicleta.,other,tatoeba:cat
El noi més jove és va quedar enrere dels altres excursionistes.,other,tatoeba:cat
"És tranquil, oi?",other,tatoeba:cat
Li vam fer veure l'error en el seu raonament.,other,tatoeba:cat
"Un cop esclata una guerra, les dues parts estan equivocades.",other,tatoeba:cat
"""Hola, qui és?""",other,tatoeba:cat
Una de les meves aficions és la música clàssica.,other,tatoeba:cat
Aquest hotel té allotjament per a 1000 clients.,other,tatoeba:cat
No podia respondre cap pregunta de la prova.,other,tatoeba:cat
Se li va denegar un tractament mèdic.,other,tatoeba:cat
"No és el què llegeixes, el què importa és com ho llegeixes.",other,tatoeba:cat
Espero poder-te veure per nadal.,other,tatoeba:cat
El Japó necessitava establir relacions amb els països d'occident.,other,tatoeba:cat
La bassa es va assecar en temps calorós.,other,tatoeba:cat
Vaig veure l'home atropellat per un cotxe.,other,tatoeba:cat
Quin era el resultat en la mitja part?,other,tatoeba:cat
Els caràcters xinesos són molt bonics.,other,tatoeba:cat
La meva bicicleta no té res a veure amb la teva.,other,tatoeba:cat
No m'hauria preocupat per allò.,other,tatoeba:cat
Què vas fer amb aquell cotxe?,other,tatoeba:cat
És tan alt com jo.,other,tatoeba:cat
Ahir va arribar tard a l'escola.,other,tatoeba:cat
No em ve de gust passejar aquest matí.,other,tatoeba:cat
Qui li ha ensenyat a parlar anglès?,other,tatoeba:cat
En el fons ho entenc.,other,tatoeba:cat
Em va retreure que jo sigui mandrós.,other,tatoeba:cat
Ja estic acostumat a que se'n riguin de mi.,other,tatoeba:cat
Ets molt valent.,other,tatoeba:cat
Molts joves japonesos prenen pa per a esmorzar.,other,tatoeba:cat
Clar i català.,other,tatoeba:cat
Dir les coses pel seu nom.,other,tatoeba:cat
Ell va morir ahir.,other,tatoeba:cat
Café y té Pu-Erh son elixires de vida.,other,tatoeba:cat
"Mentre hi ha vida, hi ha esperança.",other,tatoeba:cat
"Si te'n vas als Estats Units, val més que posis al dia l'anglès.",other,tatoeba:cat
No hi faltava cap estudiant.,other,tatoeba:cat
Van agafar el gos que va mossegar l'infant poc després.,other,tatoeba:cat
Al capdamunt de la muntanya hi havia un castell.,other,tatoeba:cat
Va morir de càncer.,other,tatoeba:cat
No és tan nena com et penses.,other,tatoeba:cat
L'estimo encara més per les seves mancances.,other,tatoeba:cat
Em fa l'efecte que hi ha alguna cosa que no funciona.,other,tatoeba:cat
Sempre que ve ens porta regals.,other,tatoeba:cat
Em va dir que no expliqués mentides.,other,tatoeba:cat
Van marxar de casa a l'instant.,other,tatoeba:cat
"Vinga, nois, que això és una festa. Afluixeu i relaxeu-vos!",other,tatoeba:cat
"Tant en la música com en l'oratòria, s'acostuma a fer servir la pausa per causar un efecte dramàtic.",other,tatoeba:cat
Em pot agafar avui el dentista?,other,tatoeba:cat
El castell és a l'altra banda de riu.,other,tatoeba:cat
Va marxar de viatge als Estats Units.,other,tatoeba:cat
La multa per escopir és de 5 lliures.,other,tatoeba:cat
On és l'agència de viatges més propera?,other,tatoeba:cat
"Li surt fum del cervell, amb tantes idees.",other,tatoeba:cat
Aquella camisa s'ha de planxar.,other,tatoeba:cat
Aquesta història és molt més interessant que aquella.,other,tatoeba:cat
Casa seva és lluny de l'estació.,other,tatoeba:cat
Encara no se li ha curat la cama que es va trencar.,other,tatoeba:cat
No puc fer el que em va dir que fes.,other,tatoeba:cat
És un enamorat del tennis.,other,tatoeba:cat
El gos va beure aigua i se'n va anar.,other,tatoeba:cat
En Tom ha viscut a Nova York des de menut.,other,tatoeba:cat
"Com més s'enriquia, més en volia.",other,tatoeba:cat
Es va acabar el festival.,other,tatoeba:cat
No es pot permetre casar-se.,other,tatoeba:cat
Es porta bé amb el senyor Brown.,other,tatoeba:cat
Convé entendre que cada país té la seva cultura.,other,tatoeba:cat
Va al despatx amb cotxe.,other,tatoeba:cat
Et faig el sopar?,other,tatoeba:cat
"Sobre aquest tema, no puc estar d'acord amb tu.",other,tatoeba:cat
La Nancy va anar tant a Londres com a París.,other,tatoeba:cat
Em sembla que és perillós escalar aquella muntanya sol.,other,tatoeba:cat
En Hanako li va descobrir el bluf / la catxa.,other,tatoeba:cat
El diumenge és l'últim dia de la setmana.,other,tatoeba:cat
Hauria hagut de morir per inanició per manca d'aliments.,other,tatoeba:cat
Tenia un deix de ràbia a la veu.,other,tatoeba:cat
M'estimo més el cafè.,other,tatoeba:cat
Com es diu aquesta verdura en anglès?,other,tatoeba:cat
"Com es pot esperar d'un expert, està versat en la matèria.",other,tatoeba:cat
No parlava gairebé gens d'anglès.,other,tatoeba:cat
No és bona navegant.,other,tatoeba:cat
El guant té un forat al polze.,other,tatoeba:cat
Sembla que ja no és un cercle perfecte.,other,tatoeba:cat
Vam parar tota l'atenció.,other,tatoeba:cat
El Japó importa una gran quantitat de petroli.,other,tatoeba:cat
Es va curar del refredat ràpidament.,other,tatoeba:cat
Quin rodatge té aquest cotxe?,other,tatoeba:cat
Em va decebre la seva vida privada.,other,tatoeba:cat
Aquesta platja és un paradís per als surfistes.,other,tatoeba:cat
És un corredor veloç.,other,tatoeba:cat
Ja em diràs quan arriba.,other,tatoeba:cat
Moltes gràcies per la invitació.,other,tatoeba:cat
Me'l vaig trobar de casualitat a Tòquio.,other,tatoeba:cat
Té una flor a la mà.,other,tatoeba:cat
"Era una nit fosca, sense lluna.",other,tatoeba:cat
D'aquí a l'estació triguem mitja hora a peu.,other,tatoeba:cat
No em comparis amb una estrella de cinema.,other,tatoeba:cat
La fotografia em transporta a la meva infantesa.,other,tatoeba:cat
No recordo com es diu.,other,tatoeba:cat
Molt soroll per no res.,other,tatoeba:cat
Ella em va parlar en anglès només per presumir.,other,tatoeba:cat
Japó és molt diferent de com era 50 anys enrere.,other,tatoeba:cat
Avui fa molt fred,other,tatoeba:cat
Ella no fuma.,other,tatoeba:cat
Ell no fuma.,other,tatoeba:cat
Obre els ulls sisplau,other,tatoeba:cat
Ja no puc parlar anglès.,other,tatoeba:cat
John viu a Nova York,other,tatoeba:cat
Ella es la seva amiga,other,tatoeba:cat
Estudiaré anglés aquesta vesprada.,other,tatoeba:cat
"Sempre canviarem, sempre aprendrem.",other,tatoeba:cat
Voldria dibuixar un arbre,other,tatoeba:cat
El vostre pastís està deliciós.,other,tatoeba:cat
"Vam trucar a la porta durant cinc minuts, però va ser en va.",other,tatoeba:cat
La meva afició és col·leccionar joguines antigues.,other,tatoeba:cat
Et deixaré decidir,other,tatoeba:cat
Quina mena de llocs t'agradaria vore?,other,tatoeba:cat
Et trobarem a faltar quan marxis.,other,tatoeba:cat
El meu pare va morir fa quatre anys.,other,tatoeba:cat
Té vosté un mapa?,other,tatoeba:cat
"Com s'escriu ""pretty""?",other,tatoeba:cat
Estic convençut de la seva inocència.,other,tatoeba:cat
La pastanaga és un mos saludable.,other,tatoeba:cat
Ell no necessita treballar.,other,tatoeba:cat
Aquests llibres són molt vells.,other,tatoeba:cat
Aquest cotxe és un trasto.,other,tatoeba:cat
quin trasto !,other,tatoeba:cat
Aquest ganivet està molt afilat.,other,tatoeba:cat
"Si us plau, perdona'm per no haver-te escrit en tant de temps.",other,tatoeba:cat
Quin és el teu propòsit real?,other,tatoeba:cat
Aquesta guitarra és tan cara que no la puc comprar.,other,tatoeba:cat
La mantega fa bona olor.,other,tatoeba:cat
Jo prefereixo la natació a l'esquí.,other,tatoeba:cat
El rellotge es va aturar.,other,tatoeba:cat
En València es parla valencià i espanyol.,other,tatoeba:cat
El seu avió es va estavellar a les muntanyes,other,tatoeba:cat
Vaig pagar el doble d'aquesta suma,other,tatoeba:cat
Es va quedar allí tot el temps,other,tatoeba:cat
Tot passa per una raó,other,tatoeba:cat
Dorm com un bebè,other,tatoeba:cat
M'han robat el passaport.,other,tatoeba:cat
"Sortim d'aquí, els polis vénen",other,tatoeba:cat
Això seria una cosa que caldria programar,other,tatoeba:cat
Ella no té més de quinze dòlars,other,tatoeba:cat
Em va semblar difícil d'usar la màquina,other,tatoeba:cat
El partit de beisbol va ser cancel·lat a causa de la pluja,other,tatoeba:cat
Estic esperant el tren.,other,tatoeba:cat
Un idioma mai és suficient.,other,tatoeba:cat
"Disculpi, quina hora és?",other,tatoeba:cat
El termo de te es va omplir fins a la vora.,other,tatoeba:cat
Ella ho va atendre,other,tatoeba:cat
Salta tan alt com puguis,other,tatoeba:cat
"I, jo sóc el seu entrenador.",other,tatoeba:cat
Ells són molt savis,other,tatoeba:cat
"Per molt estrany que sembli, ell no sabia la notícia",other,tatoeba:cat
Jo he ferit els seus sentiments a propòsit,other,tatoeba:cat
El seu germà és un treballador molt diligent,other,tatoeba:cat
Estic considerant anar-me amb ells.,other,tatoeba:cat
Vaig tirar sal en la ferida,other,tatoeba:cat
El que tracta de dir és ben senzill de comprendre.,other,tatoeba:cat
No tinc raons per disculparme,other,tatoeba:cat
Ella va sortir sense dir ni una paraula,other,tatoeba:cat
Em demano cuant li va costar a Darby el seu nou aument de pitera,other,tatoeba:cat
En fare setze en septembre,other,tatoeba:cat
Tu ets mes alt que ella.,other,tatoeba:cat
Aquesta es la meva resposta a la teva pregunta.,other,tatoeba:cat
hi ha una flor sobre la taula.,other,tatoeba:cat
Es fa fer ric gracies als terrenys.,other,tatoeba:cat
No tenim mes remei que anar-hi,other,tatoeba:cat
Vull que en diguis la veritat.,other,tatoeba:cat
Esta comprobat que ella es una tafanera.,other,tatoeba:cat
Ya has lletgit el diari d'avui,other,tatoeba:cat
Ara son les cuatre i deu.,other,tatoeba:cat
Puc donar fe de la seva inocencia.,other,tatoeba:cat
Ho fare pero amb una condicio.,other,tatoeba:cat
El cotxe va rozar la tanca i es va ratllar.,other,tatoeba:cat
Te que treballar inclus el diumenge,other,tatoeba:cat
No parlis malament d'ell en public.,other,tatoeba:cat
La familia Smith viu al meu barri.,other,tatoeba:cat
Quina edad te el teu pare?,other,tatoeba:cat
El ca s'esta morint.,other,tatoeba:cat
A voste l'hi agrada la chocolata blanca,other,tatoeba:cat
Aixo depen del contexte,other,tatoeba:cat
Ell es molt influent en el seu pais.,other,tatoeba:cat
Tengo que irme a dormir.,other,tatoeba:spa
¿Qué estás haciendo?,other,tatoeba:spa
¿Qué es eso?,other,tatoeba:spa
¡Hoy es 18 de junio y es el cumpleaños de Muiriel!,other,tatoeba:spa
"¡Feliz cumpleaños, Muiriel!",other,tatoeba:spa
"Ahora, Muiriel tiene 20 años.",other,tatoeba:spa
"La contraseña es ""Muiriel"".",other,tatoeba:spa
No tengo palabras.,other,tatoeba:spa
Esto no acabará nunca.,other,tatoeba:spa
Simplemente no sé qué decir...,other,tatoeba:spa
Era un conejo malo.,other,tatoeba:spa
Yo estaba en las montañas.,other,tatoeba:spa
¿Es una foto reciente?,other,tatoeba:spa
No sé si tengo tiempo.,other,tatoeba:spa
"Por alguna razón, el micrófono no había funcionado hasta entonces.",other,tatoeba:spa
Todo el mundo debe aprender por sí mismo al final.,other,tatoeba:spa
La educación en este mundo me decepciona.,other,tatoeba:spa
"El aprendizaje no debe ser forzado, sino estimulado.",other,tatoeba:spa
"Es una tarea difícil elegir qué está ""bien"" o ""mal"", pero has de hacerlo.",other,tatoeba:spa
Eso no va a cambiar nada.,other,tatoeba:spa
Eso va a costar 30 €.,other,tatoeba:spa
Gano 100 € al día.,other,tatoeba:spa
Quizás me dé pronto por vencido y en lugar de eso me eche una siesta.,other,tatoeba:spa
Eso es porque no quieres estar solo.,other,tatoeba:spa
Eso no va a pasar.,other,tatoeba:spa
A veces él puede ser un chico raro.,other,tatoeba:spa
Me voy a esforzar por no molestarte en tus estudios.,other,tatoeba:spa
Sólo puedo preguntarme si acaso es lo mismo para todos los demás.,other,tatoeba:spa
Supongo que es diferente cuando lo consideras a largo plazo.,other,tatoeba:spa
No te preocupes.,other,tatoeba:spa
Los llamaré cuando regrese mañana.,other,tatoeba:spa
Siempre me gustaron más los personajes misteriosos.,other,tatoeba:spa
Les dije que me mandaran otro boleto.,other,tatoeba:spa
Eres tan impaciente conmigo.,other,tatoeba:spa
No puedo vivir así.,other,tatoeba:spa
Una vez quise ser astrofísico.,other,tatoeba:spa
Nunca me gustó la biología.,other,tatoeba:spa
La última persona a la que le conté mi idea pensó que yo estaba loco.,other,tatoeba:spa
"Si el mundo no fuera como es, yo podría confiar en cualquiera.",other,tatoeba:spa
Desafortunadamente es verdad.,other,tatoeba:spa
"Están muy ocupados peleándose entre ellos, como para preocuparse por los ideales comunes.",other,tatoeba:spa
La mayoría de la gente cree que estoy loco.,other,tatoeba:spa
"¡No, no lo soy! ¡Lo eres tú!",other,tatoeba:spa
¡Esa es mi frase!,other,tatoeba:spa
¡¡Él está pateándome!!,other,tatoeba:spa
Entonces tenemos un problema...,other,tatoeba:spa
"¡Ah, allí hay una mariposa!",other,tatoeba:spa
No me sorprende.,other,tatoeba:spa
Si yo pudiera ser así...,other,tatoeba:spa
"Por alguna razón, me siento más vivo por la noche.",other,tatoeba:spa
Eso depende del contexto.,other,tatoeba:spa
¡¿Acaso te quieres burlar de mí?!,other,tatoeba:spa
Es la cosa más estúpida que he dicho nunca.,other,tatoeba:spa
"¡¡No quiero ser patético, quiero ser guay!!",other,tatoeba:spa
"Cuando crezca, quiero ser un rey.",other,tatoeba:spa
"América es un lugar encantador para vivir, si estás aquí para ganar dinero.",other,tatoeba:spa
Estoy tan gordo.,other,tatoeba:spa
Voy a pegarle un tiro.,other,tatoeba:spa
"No soy un pez de verdad, sólo soy un peluche.",other,tatoeba:spa
¡Yo sólo lo digo!,other,tatoeba:spa
Eso fue probablemente lo que influenció su decisión.,other,tatoeba:spa
Siempre me he preguntado cómo será tener hermanos.,other,tatoeba:spa
Esto es lo que yo habría dicho.,other,tatoeba:spa
Me tomaría una eternidad explicarte todo.,other,tatoeba:spa
Eso es porque eres una chica.,other,tatoeba:spa
Algunas veces no puedo evitar mostrar mis sentimientos.,other,tatoeba:spa
Es una palabra para la que me gustaría encontrar una sustituta.,other,tatoeba:spa
Eso sería algo que habría que programar.,other,tatoeba:spa
No tengo la intención de ser egoísta.,other,tatoeba:spa
Pensemos en lo peor que podría pasar.,other,tatoeba:spa
¿Cuántos amigos íntimos tienes?,other,tatoeba:spa
"Yo puedo ser antisocial, pero eso no significa que no hable con la gente.",other,tatoeba:spa
Así ha sido siempre.,other,tatoeba:spa
Creo que lo mejor es no ser maleducado.,other,tatoeba:spa
Uno siempre puede encontrar tiempo.,other,tatoeba:spa
"Yo seré infeliz, pero no me suicidaría.",other,tatoeba:spa
Cuando yo estaba en el instituto me levantaba a las 6 todas las mañanas.,other,tatoeba:spa
Cuando me desperté estaba triste.,other,tatoeba:spa
Por fin está más o menos explicado.,other,tatoeba:spa
Yo pensaba que te gustaba aprender cosas nuevas.,other,tatoeba:spa
La mayoría de la gente escribe sobre su vida cotidiana.,other,tatoeba:spa
"Si pudiera enviarte un malvavisco, Trang, lo haría.",other,tatoeba:spa
"Para hacer eso, tienes que arriesgarte.",other,tatoeba:spa
"Todas las personas que están solas, están solas porque tienen miedo de los demás.",other,tatoeba:spa
¿Por qué lo preguntas?,other,tatoeba:spa
No soy un artista. Nunca tuve mente para ello.,other,tatoeba:spa
No puedo decírselo ahora. Ya no es tan simple.,other,tatoeba:spa
"Soy una persona que tiene muchos defectos, pero esos defectos pueden ser corregidos fácilmente.",other,tatoeba:spa
"Cada vez que encuentro algo que me gusta, es demasiado caro.",other,tatoeba:spa
¿Cuánto tiempo estuviste?,other,tatoeba:spa
Quizás sea lo mismo para él.,other,tatoeba:spa
La inocencia es una cosa hermosa.,other,tatoeba:spa
Los humanos nunca fueron hechos para vivir eternamente.,other,tatoeba:spa
"No quiero perder mis ideas, aunque algunas de ellas sean un poco extremas.",other,tatoeba:spa
Creo que tengo una teoría sobre eso.,other,tatoeba:spa
Eso es intrigante.,other,tatoeba:spa
¿Quieres decir que ocultas intencionalmente tu belleza?,other,tatoeba:spa
Yo no tengo una cuenta en estos foros.,other,tatoeba:spa
"Si alguien fuera a preguntar cuál es el objetivo de la historia, realmente no lo sé.",other,tatoeba:spa
No sabía de dónde venía eso.,other,tatoeba:spa
Creo que nuestra convivencia ha influenciado tu forma de vida.,other,tatoeba:spa
No es importante.,other,tatoeba:spa
No me gustaba.,other,tatoeba:spa
Ella pregunta cómo es posible eso.,other,tatoeba:spa
Tú simplemente huyes de los problemas de la vida.,other,tatoeba:spa
"Si buscas las letras, realmente no significan mucho.",other,tatoeba:spa
Hay un problema que no ves.,other,tatoeba:spa
A mi profesor de física no le importa si me salto las clases.,other,tatoeba:spa
Deseo poder ir a Japón.,other,tatoeba:spa
Odio cuando hay mucha gente.,other,tatoeba:spa
Me tengo que ir a la cama.,other,tatoeba:spa
"Después de eso, me voy, pero entonces me doy cuenta de que olvidé mi mochila.",other,tatoeba:spa
No te preguntaré más por hoy.,other,tatoeba:spa
Puede que hiele la próxima semana.,other,tatoeba:spa
"Aunque él se disculpó, aún estoy enojada.",other,tatoeba:spa
La policía te hará encontrar las balas.,other,tatoeba:spa
Gracias por explicarme por fin por qué la gente me toma por un idiota.,other,tatoeba:spa
No era mi intención.,other,tatoeba:spa
Gracias por tu explicación.,other,tatoeba:spa
"En teoría, estoy haciendo matemática.",other,tatoeba:spa
Casi me asustó el no verte conectado por un día entero.,other,tatoeba:spa
No sé qué quieres decir.,other,tatoeba:spa
Mi ordenador tiene que ser útil para algo.,other,tatoeba:spa
¿Querías hablarme de libertad?,other,tatoeba:spa
"Oh, ahora es realmente extraño...",other,tatoeba:spa
"Si yo quisiera asustarte, te contaría qué fue lo que soñé hace un par de semanas.",other,tatoeba:spa
Uno no puede esperarse todo de los colegios.,other,tatoeba:spa
Hay muchas palabras que no entiendo.,other,tatoeba:spa
No me gusta cuando matemáticos que saben mucho más que yo no pueden expresarse con claridad.,other,tatoeba:spa
Realmente no eres tonto.,other,tatoeba:spa
Necesito hacerte una pregunta tonta.,other,tatoeba:spa
"¡No sé cómo demostrarlo, ya que es tan evidente!",other,tatoeba:spa
"Nunca hubiera pensado que algún día buscaría ""viagra"" en Wikipedia.",other,tatoeba:spa
¿Se puede expresar de otra manera?,other,tatoeba:spa
"Encontré una solución, pero la encontré tan rápido que no puede ser la correcta.",other,tatoeba:spa
¡Me parece interesante!,other,tatoeba:spa
Salvo que aquí no es tan simple.,other,tatoeba:spa
Me gusta la luz de las velas.,other,tatoeba:spa
¿Qué has respondido?,other,tatoeba:spa
"No, no es mi nuevo novio.",other,tatoeba:spa
Es una lástima que yo no tenga que adelgazar.,other,tatoeba:spa
¡¿Nunca tienes clases o qué?!,other,tatoeba:spa
Entonces voy a hacer un sudoku en vez de seguir molestándote.,other,tatoeba:spa
¿Dónde está el problema?,other,tatoeba:spa
Sólo puedo esperar.,other,tatoeba:spa
"Eso no es ninguna gran sorpresa, ¿o sí?",other,tatoeba:spa
Ya no te quiero.,other,tatoeba:spa
No quiero esperar tanto tiempo.,other,tatoeba:spa
¿Por qué no vienes a visitarnos?,other,tatoeba:spa
Pero la posibilidad es improbable.,other,tatoeba:spa
Por una vez en mi vida hago una buena acción... y no sirve de nada.,other,tatoeba:spa
No debí desconectarme del sitio.,other,tatoeba:spa
Ya no sé qué hacer.,other,tatoeba:spa
"Es inevitable que yo vaya a Francia algún día, sólo que no sé cuándo.",other,tatoeba:spa
Detesto la química.,other,tatoeba:spa
Yo no quería que pasase esto.,other,tatoeba:spa
Aunque probablemente adivines qué está pasando.,other,tatoeba:spa
"Antes de que te des cuenta, saldrás en los periódicos.",other,tatoeba:spa
¿Qué otras opciones tengo?,other,tatoeba:spa
No tengo mucho de viajero.,other,tatoeba:spa
No tengo nada mejor que hacer.,other,tatoeba:spa
Tampoco lo puedo explicar.,other,tatoeba:spa
Todo el mundo tiene fortalezas y debilidades.,other,tatoeba:spa
"Pero en serio, el episodio 21 casi me hizo llorar de risa.",other,tatoeba:spa
Eso sólo muestra que no eres un robot.,other,tatoeba:spa
¿Cómo podría ser yo un robot? Si los robots no sueñan.,other,tatoeba:spa
"""Yo nunca pensé en eso"", dijo el hombre mayor. ""¿Qué deberíamos hacer?""",other,tatoeba:spa
No es algo que pueda hacer cualquiera.,other,tatoeba:spa
No sé si todavía lo tengo.,other,tatoeba:spa
¿Qué piensas que estaba haciendo?,other,tatoeba:spa
No subestimes mi poder.,other,tatoeba:spa
Mi mamá no habla muy bien inglés.,other,tatoeba:spa
¡No hablo francés lo suficientemente bien!,other,tatoeba:spa
Me estaba preguntando si vendrías hoy.,other,tatoeba:spa
Ahí radica el problema.,other,tatoeba:spa
¿Cómo encuentras comida en el espacio?,other,tatoeba:spa
Todos quieren conocerte. ¡Eres famoso!,other,tatoeba:spa
¿Por qué lamentas algo que no has hecho?,other,tatoeba:spa
¡Aborrezco profundamente la escritura formal!,other,tatoeba:spa
La gente extranjera me intriga.,other,tatoeba:spa
"Cualquier cosa que hago, ella dice que puedo hacerlo mejor.",other,tatoeba:spa
¿Qué te mantiene despierto hasta tan tarde?,other,tatoeba:spa
Te sorprendería lo que puedes aprender en una semana.,other,tatoeba:spa
No tengo a nadie que viaje conmigo.,other,tatoeba:spa
"La vida es dura, pero yo soy más duro.",other,tatoeba:spa
Soportar puede ser insoportable.,other,tatoeba:spa
¡Para ya! ¡La estás haciendo sentir incómoda!,other,tatoeba:spa
Sólo la verdad es bella.,other,tatoeba:spa
No hablo japonés.,other,tatoeba:spa
Es un juego de palabras.,other,tatoeba:spa
Nadie me entiende.,other,tatoeba:spa
Aprendí a vivir sin ella.,other,tatoeba:spa
No servirá de nada seguir pensando.,other,tatoeba:spa
Tengo demasiadas cosas en la cabeza estos días.,other,tatoeba:spa
Yo sólo quería revisar mis correos electrónicos.,other,tatoeba:spa
¿Realmente necesitas preguntar para saber la respuesta?,other,tatoeba:spa
¡No puedes esperar de mí que yo siempre piense en todo!,other,tatoeba:spa
"Supongo que detrás de cada cosa que tenemos que hacer, hay algo que queremos hacer...",other,tatoeba:spa
Realmente no tienes las prioridades correctas.,other,tatoeba:spa
¡No esperes que los demás piensen por ti!,other,tatoeba:spa
¡Nunca tienes tiempo para las cosas importantes!,other,tatoeba:spa
¡No vale la pena que hagas como que me haces creer que creo cosas que tú no crees!,other,tatoeba:spa
Me llevaría demasiado tiempo explicarte por qué no va a funcionar.,other,tatoeba:spa
Soy tan tonto... estoy intentando explicarte cosas que no entiendo ni yo.,other,tatoeba:spa
"¡Deja de mirarme como una persona ""normal""!",other,tatoeba:spa
"Podrías al menos tratar de ser más cortés, aunque no sea tu naturaleza.",other,tatoeba:spa
"Siempre habrá cosas que nunca aprenderé, ¡no tengo toda la eternidad ante mí!",other,tatoeba:spa
¡No puede ser!,other,tatoeba:spa
¿Te gustaría beber algo?,other,tatoeba:spa
"""¿Quién es?"" ""Es tu madre.""",other,tatoeba:spa
"""¿Cuándo volverás?"" ""Todo depende del clima.""",other,tatoeba:spa
—¿Qué pasa? —preguntó el pequeño conejo blanco.,other,tatoeba:spa
"""¿Qué habrá en la cueva? Tengo curiosidad."" ""No tengo ni idea.""",other,tatoeba:spa
—¿Cuál es tu deseo? —preguntó el pequeño conejo blanco.,other,tatoeba:spa
"""A decir verdad, tengo vértigo."" ""¡Eres un cobarde!""",other,tatoeba:spa
"""Confía en mí"", dijo él.",other,tatoeba:spa
—¡Esto es lo que estaba buscando! —exclamó él.,other,tatoeba:spa
—Esto parece muy interesante —dice Hiroshi.,other,tatoeba:spa
"""El teléfono está sonando."" ""Yo lo cogeré.""",other,tatoeba:spa
"""Gracias por ayudarme."" ""No hay de qué.""",other,tatoeba:spa
Algún día correré como el viento.,other,tatoeba:spa
"""A ella le gusta la música."" ""A mí también.""",other,tatoeba:spa
"Por favor, no llores.",other,tatoeba:spa
Hazme saber si hay algo que yo pueda hacer.,other,tatoeba:spa
Depende de ti decidir si vamos allí o no.,other,tatoeba:spa
No comienza hasta las ocho y treinta.,other,tatoeba:spa
Quiero un barco que me lleve lejos de aquí.,other,tatoeba:spa
"""Tengo ganas de jugar a las cartas."" ""Yo también.""",other,tatoeba:spa
Un japonés nunca haría tal cosa.,other,tatoeba:spa
Allen es un poeta.,other,tatoeba:spa
El arquero mató al ciervo.,other,tatoeba:spa
"Si ves un error, entonces corrígelo, por favor.",other,tatoeba:spa
Los alemanes son muy listos.,other,tatoeba:spa
"Si no comes, te mueres.",other,tatoeba:spa
"¿Cómo se escribe ""pretty""?",other,tatoeba:spa
¿Por qué no nos vamos a casa?,other,tatoeba:spa
"Lo siento, no puedo quedarme mucho tiempo.",other,tatoeba:spa
10 años es un largo tiempo para esperar.,other,tatoeba:spa
"""¿Por qué no vas?"" ""Porque no quiero.""",other,tatoeba:spa
Un millón de personas perdieron la vida en la guerra.,other,tatoeba:spa
Vine a Tokio hace tres años y he estado viviendo aquí desde entonces.,other,tatoeba:spa
He vivido más de un mes en Nagoya.,other,tatoeba:spa
No es del todo raro vivir más de 90 años.,other,tatoeba:spa
"Primero, voy a hacer un esquema de mi nuevo sitio de internet.",other,tatoeba:spa
Cuando empieces a parecerte a la foto de tu pasaporte deberías irte de vacaciones.,other,tatoeba:spa
"¡No fui yo, comisario!",other,tatoeba:spa
"¡Oh, mis pantalones blancos! Eran nuevos.",other,tatoeba:spa
"Naturalmente, con tanta gente a su alrededor se puso un poco nervioso.",other,tatoeba:spa
Al salir de la estación vi a un hombre.,other,tatoeba:spa
¿Y nadie le ayudó?,other,tatoeba:spa
¡Eres un ángel!,other,tatoeba:spa
Los madrileños son unos locos.,other,tatoeba:spa
"Bueno, la noche es muy larga, ¿no?",other,tatoeba:spa
Has tenido suerte de que no te haya mordido.,other,tatoeba:spa
¿Me has echado de menos?,other,tatoeba:spa
¿Son todos iguales?,other,tatoeba:spa
"Por favor, ¿dónde están los huevos?",other,tatoeba:spa
Es una sorpresa.,other,tatoeba:spa
¡Esto es una buena idea!,other,tatoeba:spa
¿Ida y vuelta? Sólo ida.,other,tatoeba:spa
Es una pena cuando alguien muere.,other,tatoeba:spa
Se quedaron con la boca abierta.,other,tatoeba:spa
¡Caramba! ¡No está mal!,other,tatoeba:spa
Estirar después del lavado.,other,tatoeba:spa
Lavar antes de usar.,other,tatoeba:spa
No abrir antes de que pare el tren.,other,tatoeba:spa
Aquellos que viven en casas de cristal no deberían tirar piedras.,other,tatoeba:spa
Se dice que el amor es ciego.,other,tatoeba:spa
"Oh, lo siento.",other,tatoeba:spa
"Las mates son como el amor: una idea simple, pero puede complicarse.",other,tatoeba:spa
Las únicas respuestas útiles son las que plantean nuevas preguntas.,other,tatoeba:spa
Dudar de sí mismo es la primera señal de inteligencia.,other,tatoeba:spa
"No es pobre quien tiene muy poco, sino quien ansía demasiado.",other,tatoeba:spa
"Viendo que no estás sorprendido, creo que debes estar al corriente.",other,tatoeba:spa
¿Cuánto tiempo se tarda en llegar a la estación?,other,tatoeba:spa
Este será un buen souvenir de mi viaje a los Estados Unidos.,other,tatoeba:spa
"""No puedo pensar con ese ruido,"" dijo ella, mirando fijamente su máquina de escribir.",other,tatoeba:spa
"Se dice que ""Hamlet"" es la obra más interesante jamás escrita.",other,tatoeba:spa
¿Puedo hacer una pregunta?,other,tatoeba:spa
Es imposible para mí explicártelo.,other,tatoeba:spa
No quiero pasarme el resto de mi vida arrepintiéndome de ello.,other,tatoeba:spa
Nunca lo habría adivinado.,other,tatoeba:spa
Me olvidarás algún día.,other,tatoeba:spa
Me pregunto cuánto tiempo tardará.,other,tatoeba:spa
No puedo vivir sin tele.,other,tatoeba:spa
No podría haberlo hecho sin ti. Gracias.,other,tatoeba:spa
Nada se consigue sin esfuerzo.,other,tatoeba:spa
Mucha gente vaga por la vida sin una meta.,other,tatoeba:spa
Hazme saber si necesito hacer cambios.,other,tatoeba:spa
Creo que los exámenes están arruinando la educación.,other,tatoeba:spa
No podemos dormir por el ruido.,other,tatoeba:spa
"""¿Un gato?"" preguntó el hombre viejo.",other,tatoeba:spa
Haz lo que te diga.,other,tatoeba:spa
Puedo ir caminando a la escuela en 10 minutos.,other,tatoeba:spa
Ya son las once.,other,tatoeba:spa
¿Puedo hablar con la Sra. Brown?,other,tatoeba:spa
"""Sí, zumo de naranja por favor,"" dice Mike.",other,tatoeba:spa
"""¡Ah!"" es una interjección.",other,tatoeba:spa
Tengo una cuenta pendiente contigo.,other,tatoeba:spa
¿Necesitas que te dé algo de dinero?,other,tatoeba:spa
París es la ciudad más bonita del mundo.,other,tatoeba:spa
"¡Eh! Puede que no tenga dinero, pero todavía tengo mi orgullo.",other,tatoeba:spa
Tengo un sueño.,other,tatoeba:spa
"Esta es mi amiga Rachel, fuimos al instituto juntos.",other,tatoeba:spa
El coste de la vida ha aumentado drásticamente.,other,tatoeba:spa
Todo lo que es inventado es verdadero.,other,tatoeba:spa
"Sorprenderse, extrañarse, es comenzar a entender.",other,tatoeba:spa
No cabe duda de que el universo es infinito.,other,tatoeba:spa
Para ser perfecta sólo le faltaba un defecto.,other,tatoeba:spa
"Y sin embargo, también lo contrario es siempre verdadero.",other,tatoeba:spa
"No vemos las cosas según son, sino según somos.",other,tatoeba:spa
El mundo es una jaula de locos.,other,tatoeba:spa
Me encontraste donde nadie estaba buscando.,other,tatoeba:spa
¡¿Cómo que no sabes?!,other,tatoeba:spa
Creo que me voy a ir a la cama.,other,tatoeba:spa
"Tengo que ir de compras, estaré de vuelta en una hora.",other,tatoeba:spa
Me llamo Jack.,other,tatoeba:spa
Me gusta mucho.,other,tatoeba:spa
¿Nos vemos mañana?,other,tatoeba:spa
¿Cómo se dice eso en italiano?,other,tatoeba:spa
¿Está lejos de aquí?,other,tatoeba:spa
¡Estas cosas no son mías!,other,tatoeba:spa
"Gracias, es todo.",other,tatoeba:spa
¿Qué hora es?,other,tatoeba:spa
¿De dónde vienes?,other,tatoeba:spa
Italia es un país muy bonito.,other,tatoeba:spa
¡No es culpa mía!,other,tatoeba:spa
Me gustaría quedarme por una noche.,other,tatoeba:spa
¿Puedes marcarme el número? El teléfono está muy alto.,other,tatoeba:spa
¿Hay algún albergue juvenil cerca de aquí?,other,tatoeba:spa
¿Dónde están las duchas?,other,tatoeba:spa
¡Abra la boca!,other,tatoeba:spa
He perdido mi monedero.,other,tatoeba:spa
Yo estoy de acuerdo.,other,tatoeba:spa
Amar a alguien no es nunca un desperdicio.,other,tatoeba:spa
La vida es lo que te pasa mientras estás ocupado haciendo otros planes.,other,tatoeba:spa
No desear es lo mismo que poseer.,other,tatoeba:spa
Es muy sexy.,other,tatoeba:spa
No eres lo bastante rápido.,other,tatoeba:spa
¡Déjame en paz!,other,tatoeba:spa
"""Pásame la sal, por favor."" ""Aquí tienes.""",other,tatoeba:spa
¡Hay demasiadas cosas que hacer!,other,tatoeba:spa
¿Cuántos años tienes?,other,tatoeba:spa
"Vamos, juega conmigo, ¡estoy tan aburrido!",other,tatoeba:spa
¡Ni siquiera pienses en comerte mi chocolate!,other,tatoeba:spa
Gracias a ti he perdido mi apetito.,other,tatoeba:spa
Ha pasado tanto tiempo desde la última vez que fui a Disneyland con mi familia.,other,tatoeba:spa
Hace tanto calor que podrías cocer huevos sobre el capó de un coche.,other,tatoeba:spa
¿Quién no conoce este problema?,other,tatoeba:spa
Hoy hace mucho calor.,other,tatoeba:spa
Nunca he visto una nevera roja.,other,tatoeba:spa
Él ha roto su palabra.,other,tatoeba:spa
Mejor ser odiado por lo que eres que querido por lo que no eres.,other,tatoeba:spa
"¡No te preocupes, sé feliz!",other,tatoeba:spa
Mis ojos son un océano en el que se reflejan mis sueños.,other,tatoeba:spa
¡Mírame cuando te hablo!,other,tatoeba:spa
¿Qué sería del mundo sin las mujeres?,other,tatoeba:spa
No sé qué decir para consolarte.,other,tatoeba:spa
No es mi tipo.,other,tatoeba:spa
Yo intentaba perder tiempo.,other,tatoeba:spa
¿Cómo has llegado a esta idea loca?,other,tatoeba:spa
¿Quién quiere chocolate caliente?,other,tatoeba:spa
"Hable más despacio, ¡por favor!",other,tatoeba:spa
¿En cuánto tiempo vamos a llegar?,other,tatoeba:spa
"La cuenta, por favor.",other,tatoeba:spa
¿Y qué vamos a hacer?,other,tatoeba:spa
¿Dónde podemos telefonear?,other,tatoeba:spa
Debo admitir que ronco...,other,tatoeba:spa
Esta noche nos vamos a la iglesia.,other,tatoeba:spa
¿Cómo estás? ¿Has tenido un buen viaje?,other,tatoeba:spa
¡Llama a la policía!,other,tatoeba:spa
¡Es demasiado caro!,other,tatoeba:spa
"Se está haciendo la dormida, por eso no ronca.",other,tatoeba:spa
"Mis zapatos son muy pequeños, necesito otros nuevos.",other,tatoeba:spa
"Salgamos de aquí, los polis vienen.",other,tatoeba:spa
¡Sería genial si pudiera hablar diez idiomas!,other,tatoeba:spa
"""Si estás cansado, ¿por qué no te vas a dormir?"" ""Porque si me voy a dormir ahora, me despertaré demasiado pronto.""",other,tatoeba:spa
Deberías haberme escuchado.,other,tatoeba:spa
"Cuando el cuerpo es tocado, los receptores en la piel envían mensajes al cerebro causando la liberación de sustancias químicas como las endorfinas.",other,tatoeba:spa
¿Qué implica ello?,other,tatoeba:spa
Se espera que ciento cincuenta mil parejas se casen en Shanghái en 2006.,other,tatoeba:spa
Las bicicletas son una herramienta para la sostenibilidad urbana.,other,tatoeba:spa
No preguntéis lo que piensan. Preguntad lo que hacen.,other,tatoeba:spa
"Lo que cambia el mundo es la comunicación, no la información.",other,tatoeba:spa
Me gustaría darle un regalo por su cumpleaños.,other,tatoeba:spa
¡Me muero de hambre!,other,tatoeba:spa
¿Tienes amigos en Antigua?,other,tatoeba:spa
Un metro cúbico corresponde a 1000 litros.,other,tatoeba:spa
Tengo tanto trabajo que me quedo una hora más.,other,tatoeba:spa
Estoy casada y tengo dos niños.,other,tatoeba:spa
Él toca el piano muy bien.,other,tatoeba:spa
Me gustaría estudiar en París.,other,tatoeba:spa
No sabéis quién soy.,other,tatoeba:spa
¿Por qué no comes verdura?,other,tatoeba:spa
¿Por qué la gente va al cine?,other,tatoeba:spa
No hay visiones verdaderas.,other,tatoeba:spa
¡No quiero pedir tu mano!,other,tatoeba:spa
¡Dame tiempo para darte todo lo que tengo!,other,tatoeba:spa
Querer es poder.,other,tatoeba:spa
"Quien busca, encuentra.",other,tatoeba:spa
Las matemáticas son como la lógica de la física.,other,tatoeba:spa
Hay 10 tipos de personas en el mundo: las que entienden binario y las que no.,other,tatoeba:spa
"No pienso, luego no existo.",other,tatoeba:spa
Encuentro las lenguas extranjeras muy interesantes.,other,tatoeba:spa
No me gusta aprender los verbos irregulares.,other,tatoeba:spa
¡Toma un libro y léelo!,other,tatoeba:spa
¡Afronta la vida con una sonrisa!,other,tatoeba:spa
Tú me haces soñar.,other,tatoeba:spa
Es la pura verdad.,other,tatoeba:spa
¡Has hecho esto intencionadamente!,other,tatoeba:spa
¿No le has dicho nada?,other,tatoeba:spa
Eres mi tipo.,other,tatoeba:spa
¿Me podrías llamar más tarde por favor?,other,tatoeba:spa
¿Con quién hablo?,other,tatoeba:spa
"¡Sonríe ahora, llora después!",other,tatoeba:spa
La vida es bella.,other,tatoeba:spa
¿Por qué casarse con una mujer si le gustan los hombres?,other,tatoeba:spa
Adoro la lasaña.,other,tatoeba:spa
Necesito tu ayuda.,other,tatoeba:spa
Estaba releyendo las cartas que me enviaste.,other,tatoeba:spa
No quiero ir a la escuela.,other,tatoeba:spa
"Es realmente inteligente, ¿verdad?",other,tatoeba:spa
La justicia es cara.,other,tatoeba:spa
La vida es una enfermedad mortal sexualmente transmisible.,other,tatoeba:spa
He mirado la tele esta mañana.,other,tatoeba:spa
Fuimos a Londres el año pasado.,other,tatoeba:spa
Mi hermano menor está mirando la tele.,other,tatoeba:spa
Me gusta mucho mi trabajo.,other,tatoeba:spa
He soñado contigo.,other,tatoeba:spa
Necesito un nuevo ordenador.,other,tatoeba:spa
¡No voy a perder!,other,tatoeba:spa
Las clases empiezan pronto de nuevo.,other,tatoeba:spa
Este día sólo fue una pérdida de tiempo y de dinero.,other,tatoeba:spa
"¡Vamos! Háblame, Trang.",other,tatoeba:spa
Estoy casi listo.,other,tatoeba:spa
¿Has dicho que yo no podría ganar nunca?,other,tatoeba:spa
La vida empieza cuando te das cuenta de quién eres realmente.,other,tatoeba:spa
La vida empieza cuando decides lo que esperas de ella.,other,tatoeba:spa
¿De qué estás hablando?,other,tatoeba:spa
Quiero un caramelo.,other,tatoeba:spa
¿Cuándo comemos? ¡Tengo hambre!,other,tatoeba:spa
Tengo clase mañana.,other,tatoeba:spa
"""Gracias."" ""De nada.""",other,tatoeba:spa
¿De qué país eres?,other,tatoeba:spa
"Es rico, ¡no necesita dinero!",other,tatoeba:spa
"Están haciendo demasiado ruido, no puedo concentrarme.",other,tatoeba:spa
Llevaba un sombrero negro.,other,tatoeba:spa
La esencia de las matemáticas es la libertad.,other,tatoeba:spa
Quiero ser más independiente.,other,tatoeba:spa
La matemática no es simplemente la memorización de fórmulas.,other,tatoeba:spa
"Uno, dos, tres, cuatro, cinco, seis, siete, ocho, nueve, diez.",other,tatoeba:spa
¿Dónde están los servicios?,other,tatoeba:spa
La esencia de la libertad son las matemáticas.,other,tatoeba:spa
¿Cuántas horas de sueño necesitas?,other,tatoeba:spa
Cada persona es un mundo.,other,tatoeba:spa
"Voy a comprarme una nueva cámara, esta vez digital.",other,tatoeba:spa
Bebo los vientos por ti.,other,tatoeba:spa
No sé qué es peor.,other,tatoeba:spa
¿Es necesario expandir el conocimiento humano con la exploración espacial?,other,tatoeba:spa
La belleza está en los ojos del que mira.,other,tatoeba:spa
¿Quién compra este tipo de arte?,other,tatoeba:spa
La NASA dice que ya tiene información suficiente para afirmar que una visita humana al planeta rojo es factible.,other,tatoeba:spa
Las mujeres de verdad tienen curvas.,other,tatoeba:spa
¿Por qué no podemos hacernos cosquillas a nosotros mismos?,other,tatoeba:spa
La respuesta nos lleva a un círculo vicioso.,other,tatoeba:spa
¿Qué? ¿Todavía no sabes conducir?,other,tatoeba:spa
Y conmigo ya somos uno más.,other,tatoeba:spa
¿Ya tienes barba?,other,tatoeba:spa
Siento que soy libre.,other,tatoeba:spa
Siento una quemazón en el estómago.,other,tatoeba:spa
La libertad no es gratis.,other,tatoeba:spa
¿Cómo provocar el deseo de una mujer?,other,tatoeba:spa
El deseo emerge entre necesidad y demanda.,other,tatoeba:spa
Mientras comíamos el postre crecía el deseo por viajar a este país.,other,tatoeba:spa
¡Quiero un MP3!,other,tatoeba:spa
"El queso es un alimento sólido elaborado a partir de la leche de vaca, cabra, oveja u otros mamíferos.",other,tatoeba:spa
"Si no lo hago ahora, nunca lo haré.",other,tatoeba:spa
Hay muchas cosas que no sabes sobre mi personalidad.,other,tatoeba:spa
"Quizás tengas razón, fui un egoísta.",other,tatoeba:spa
Todo el mundo se merece una segunda oportunidad.,other,tatoeba:spa
¿Cuál es la ventaja de esta tecnología?,other,tatoeba:spa
Si usted no dispone de este programa puede descargarlo ahora.,other,tatoeba:spa
"El hombre propone, Dios dispone.",other,tatoeba:spa
"Cuando hablas con los demás, lo haces con los brazos cruzados.",other,tatoeba:spa
Completa el siguiente formulario para saber quién pudiste haber sido en tu anterior vida.,other,tatoeba:spa
González regala una bicicleta a todos sus empleados en Europa.,other,tatoeba:spa
Hay 1000 películas que hay que ver antes de morir.,other,tatoeba:spa
La creatividad es un aspecto importante para el desarrollo del ser humano.,other,tatoeba:spa
La industria textil se adaptará a un mercado de libre competencia en los próximos años.,other,tatoeba:spa
¿Tiene dificultades para comprender lo que le dicen mujeres o niños pequeños?,other,tatoeba:spa
No hay que preparar un plato diferente para cada persona.,other,tatoeba:spa
"Me han dicho que soy pragmático, y lo soy.",other,tatoeba:spa
"Prefiero buscarle solución a los problemas, no sólo denunciarlos.",other,tatoeba:spa
¿Aún te sigues preguntando cuál es el sentido de la vida?,other,tatoeba:spa
¿Cuándo se puede decir que una persona tiene problemas con el alcohol?,other,tatoeba:spa
¡Recordad que estamos todos en el mismo barco!,other,tatoeba:spa
"Todo lo que necesito saber sobre la vida, lo aprendí de un muñeco de nieve.",other,tatoeba:spa
Verifica que tu usuario y contraseña estén escritos correctamente.,other,tatoeba:spa
En cualquier caso hay que votar sí en el referéndum del 18 de febrero.,other,tatoeba:spa
Las despedidas siempre son tristes.,other,tatoeba:spa
Uma menina chorando abriu a porta.,other,tatoeba:por
Vamos tentar alguma coisa!,other,tatoeba:por
Preciso ir dormir.,other,tatoeba:por
O sinal '&' significa 'e'.,other,tatoeba:por
A marca '&' significa 'e'.,other,tatoeba:por
Ufa! Esta ladeira está difícil. Mas a volta será moleza.,other,tatoeba:por
"Na realidade, o custo de vida está subindo cada semana.",other,tatoeba:por
Há um pouco de verdade no que ele está dizendo.,other,tatoeba:por
Vai ao médico pegar a receita!,other,tatoeba:por
"Bob a lembra: ""6 pence por segundo"".",other,tatoeba:por
"Bob diz: ""Quatro libras e cinquenta"".",other,tatoeba:por
"""Quando tinha 17 anos de idade, velejei pelo Mediterrâneo numa escuna"", ela recitou lenta e cuidadosamente.",other,tatoeba:por
Ela estava sempre praticando piano.,other,tatoeba:por
Estou morrendo de dor nas costas.,other,tatoeba:por
John ficou em casa tal como lhe foi dito.,other,tatoeba:por
Muriel completou 20 anos.,other,tatoeba:por
Voltarei em breve.,other,tatoeba:por
O que está fazendo?,other,tatoeba:por
"Hoje é dia 18 de junho, aniversário do Muiriel!",other,tatoeba:por
"Feliz aniversário, Muiriel!",other,tatoeba:por
"A senha é ""Muiriel"".",other,tatoeba:por
O que eu poderia dizer...,other,tatoeba:por
Eu fui na montanha.,other,tatoeba:por
O prisioneiro escapou na calada da noite.,other,tatoeba:por
"Quando duas pessoas têm a mesma opinião, uma delas é supérflua.",other,tatoeba:por
Eu gostaria de estudar em Paris.,other,tatoeba:por
Você sabe a diferença entre um microscópio e um telescópio?,other,tatoeba:por
Esta receita foi testada para vocês por uma das melhores equipes de gourmets da Romênia.,other,tatoeba:por
Tu tinhas um bocado de tempo.,other,tatoeba:por
Fomos com chuva mas voltamos com sol.,other,tatoeba:por
Quando iremos comer? Eu estou com fome!,other,tatoeba:por
"Eu jamais imaginaria que algum dia buscaria por ""Viagra"" na Wikipédia.",other,tatoeba:por
Como foi que essa ideia insana lhe veio à mente?,other,tatoeba:por
"Irei comprar uma nova câmera, desta vez uma digital.",other,tatoeba:por
Desculpe-me. Retiro o que eu disse.,other,tatoeba:por
Minha esposa está tentando dormir.,other,tatoeba:por
Eu vim a Tóquio há três anos e desde então vivo aqui.,other,tatoeba:por
Na semana que vem irei trabalhar em Tóquio.,other,tatoeba:por
Bicicletas são ferramentas para sustentabilidade urbana.,other,tatoeba:por
Eu não sabia de onde isso veio.,other,tatoeba:por
Quem compra este tipo de arte?,other,tatoeba:por
Eu não tive a intenção de te passar tal impressão.,other,tatoeba:por
Eu só posso esperar.,other,tatoeba:por
Isso está me deixando louco.,other,tatoeba:por
Por algum motivo o microfone não funcionou até agora.,other,tatoeba:por
Ele morreu em idade avançada.,other,tatoeba:por
"Mesmo agora, muitos anos após a Guerra Fria, há ainda muito rancor entre russos e alemães, sobretudo em áreas outrora ocupadas pela União Soviética.",other,tatoeba:por
As férias acabaram agora.,other,tatoeba:por
Eu gostaria de recuperar meus bens.,other,tatoeba:por
"É inevitável que eu vá para a França um dia, eu só não sei quando.",other,tatoeba:por
Ele não faz meu tipo.,other,tatoeba:por
"Talvez você tenha razão, eu foi egoísta.",other,tatoeba:por
"Por favor, não tirem fotos aqui.",other,tatoeba:por
Melhor ser odiado por aquilo que somos do que ser amado por aquilo que não somos.,other,tatoeba:por
Este é o homem que eu vejo no trem todos os dias.,other,tatoeba:por
"Se você precisar de um guarda-chuva, eu lhe empresto um.",other,tatoeba:por
Não é minha culpa!,other,tatoeba:por
Eu irei pagar com cheque.,other,tatoeba:por
"David tem uma inclinação apaixonada por Estética - as características que fazem uma pintura, uma escultura, uma composição musical ou um poema ser agradável aos olhos, ouvidos ou mente.",other,tatoeba:por
Eu geralmente tomo banho à noite.,other,tatoeba:por
Esqueça disso. Não vale a pena.,other,tatoeba:por
"A discrepância entre as histórias de ambas partes envolvidas no acidente foi tão grande, que as autoridades tiveram dificuldade em decidir qual lado dizia a verdade.",other,tatoeba:por
Casacos pretos são moda neste inverno.,other,tatoeba:por
Eu preciso ir para a cama.,other,tatoeba:por
Eu não quero passar o resto da minha vida lamentando por isso.,other,tatoeba:por
Encare a vida com um sorriso!,other,tatoeba:por
Ela se move como uma rainha e mostra que traz consigo o ritmo no sangue.,other,tatoeba:por
Quem são aqueles caras?,other,tatoeba:por
Por quanto tempo ficaste?,other,tatoeba:por
Ela ficou doente neste final de semana.,other,tatoeba:por
Esta canção é tão comovente que me traz lágrimas aos olhos.,other,tatoeba:por
Você realmente precisa perguntar pra saber a resposta?,other,tatoeba:por
Eu preciso tomar remédios.,other,tatoeba:por
"Ah, quando eles se encontrarão novamente?",other,tatoeba:por
"""Não"", repetiu o inglês.",other,tatoeba:por
"Tal pai, tal filho.",other,tatoeba:por
Esta maçã está bem vermelha.,other,tatoeba:por
Assim eu mato dois coelhos com uma cajadada só.,other,tatoeba:por
"Eu não quero perder minhas ideias, mesmo que algumas delas sejam um pouco extremas.",other,tatoeba:por
Eu gostaria de provar a saia azul com listras.,other,tatoeba:por
De onde partirão os ônibus do aeroporto?,other,tatoeba:por
Queres uma xícara de café?,other,tatoeba:por
Há um pequeno jardim na frente de minha casa.,other,tatoeba:por
Eu sou dona de casa.,other,tatoeba:por
"As sete questões que um engenheiro deve se perguntar: quem, o quê, quando, onde, por quê, como e quantos.",other,tatoeba:por
Eu devo lavar as roupas enquanto houver sol.,other,tatoeba:por
Não fale com ele enquanto ele dirige.,other,tatoeba:por
"""O que você quer?"" ""Eu quero um cão.""",other,tatoeba:por
Energia nuclear deve ser utilizada para fins pacíficos.,other,tatoeba:por
"""O telefone está tocando."" ""Eu já estou indo"".",other,tatoeba:por
Hoje está muito quente.,other,tatoeba:por
"Este jornalista, cujo artigo te interessou tanto, é meu vizinho.",other,tatoeba:por
Gosto não se discute.,other,tatoeba:por
Eu uso um marca-passo.,other,tatoeba:por
Meu irmão é muito importante. Ao menos ele pensa assim.,other,tatoeba:por
O que achaste de seu novo romance?,other,tatoeba:por
"Oh, ali está uma borboleta!",other,tatoeba:por
"O tédio é o sentimento de que tudo é uma grande perda de tempo; serenidade, de que nada é.",other,tatoeba:por
"A conta, por favor.",other,tatoeba:por
"Obrigado, isso é tudo.",other,tatoeba:por
Eu não entendo.,other,tatoeba:por
Eu perdi minha carteira.,other,tatoeba:por
Eu não falo japonês.,other,tatoeba:por
Nós não conseguimos dormir por causa do barulho.,other,tatoeba:por
"O lado material não define nossa vida, mas o lado espiritual.",other,tatoeba:por
Quão longe daqui é o aeroporto?,other,tatoeba:por
Quanto tempo demora para o ônibus do aeroporto chegar até o aeroporto?,other,tatoeba:por
"Quando você franze as sobrancelhas, isso pode significar ""eu tenho vontade de fazer sexo com você"", mas também ""eu acho, que isso que você acabou de dizer é perfeitamente idiota"".",other,tatoeba:por
Eu gostaria de uma reserva no hotel.,other,tatoeba:por
"Por favor, me traga o segurança do hotel.",other,tatoeba:por
Eu gosto muito do meu trabalho.,other,tatoeba:por
Obrigado por me explicar finalmente por que as pessoas me tomam por um idiota.,other,tatoeba:por
Um garfo está faltando.,other,tatoeba:por
"A vida não é uma ciência exata, ela é uma arte.",other,tatoeba:por
"Ao hotel Hilton, por favor.",other,tatoeba:por
"Você pode me mostrar seu passaporte, por favor?",other,tatoeba:por
"Bom dia, como vai?",other,tatoeba:por
"Com licença, eu estou perdido.",other,tatoeba:por
Qual é seu tipo sanguíneo?,other,tatoeba:por
Eu não irei me rebaixar ao nível dele.,other,tatoeba:por
Eu não irei me rebaixar a seu nível.,other,tatoeba:por
Me mostre o que você comprou?,other,tatoeba:por
Eu não gosto de sair quando está chovendo.,other,tatoeba:por
Minha bagagem extraviou.,other,tatoeba:por
"Disseram-me que eu sou pragmático, e eu sou.",other,tatoeba:por
"Por favor, mostre seu tíquete.",other,tatoeba:por
Eu gostaria de um copo de café.,other,tatoeba:por
"Por favor, me dê um copo d'água.",other,tatoeba:por
"Quem cala, consente.",other,tatoeba:por
Nós aceitamos sua oferta com prazer.,other,tatoeba:por
Você pode me emprestar quinhentos ienes?,other,tatoeba:por
O que aconteceu?,other,tatoeba:por
Eu gastei todo o dinheiro.,other,tatoeba:por
"Goste você ou não, você precisa fazê-lo.",other,tatoeba:por
Tens uma caneta contigo?,other,tatoeba:por
Ele não parece ter a idade que tem.,other,tatoeba:por
"Eu aceito, mas apenas sob uma condição.",other,tatoeba:por
Eu o vejo raramente.,other,tatoeba:por
"Se pensas que educação é cara, espere para ver o quanto custa a ignorância.",other,tatoeba:por
A verdade é que ele não poderia saber da verdade.,other,tatoeba:por
Eu estou cansado de comer fast-food.,other,tatoeba:por
Não te preocupes.,other,tatoeba:por
Tentar resolver este problema não dá em nada.,other,tatoeba:por
"O fósforo alimenta as cianobactérias (algas azuis), que proliferam e liberam toxinas.",other,tatoeba:por
Eu não posso mais aguentar esse barulho.,other,tatoeba:por
"Como se pronuncia ""pronounce""?",other,tatoeba:por
Essa é minha resposta!,other,tatoeba:por
O mundo não gira ao redor de ti.,other,tatoeba:por
É bom ter ideais... não achas?,other,tatoeba:por
Sempre se pode encontrar tempo.,other,tatoeba:por
Pais amam suas crianças.,other,tatoeba:por
"Queijo é um alimento sólido produzido a partir de leite de vaca, cabras, ovelhas ou outros mamíferos.",other,tatoeba:por
Quais canções famosas vocês gostariam de ter composto e por quê?,other,tatoeba:por
Os olhos dela brilhavam de alegria.,other,tatoeba:por
Meu computador tem que me ser útil para algo.,other,tatoeba:por
Eu quero uma bala.,other,tatoeba:por
Pergunte a Trang se ele sairá esta noite.,other,tatoeba:por
O filme me agradou.,other,tatoeba:por
Sinto que estou livre.,other,tatoeba:por
Eu me lembro de ter visto este filme.,other,tatoeba:por
Ontem o despertador não tocou e Kurt não acordou.,other,tatoeba:por
O custo de vida aumentou drasticamente.,other,tatoeba:por
"Essa é minha amiga Rachel, nós fomos juntos ao colégio.",other,tatoeba:por
Eu estou com vergonha de mim mesmo.,other,tatoeba:por
É impossível aprender inglês em um mês.,other,tatoeba:por
Eu tive sorte de ter conseguido achar uma boa babá.,other,tatoeba:por
Comes e bebes foram servidos no casamento em tal abundância que a noiva e o noivo começaram a se questionar se não deveriam ter convidado mais gente.,other,tatoeba:por
Amanhã ele irá aterrissar na lua.,other,tatoeba:por
Eu me alegro de ouvir seus pensamentos sobre este tema.,other,tatoeba:por
Eu frequentemente estudo enquanto ouço música.,other,tatoeba:por
"""Quem é essa?"" ""É a tua mãe"".",other,tatoeba:por
"Pode ser que eu desista em breve e, em vez disso, tire uma soneca.",other,tatoeba:por
Tu consegues fazê-lo!,other,tatoeba:por
Eu gosto muito disso.,other,tatoeba:por
"Enquanto houver vida, haverá esperança.",other,tatoeba:por
Mulheres de verdade têm curvas.,other,tatoeba:por
Jimmy tentou persuadir seus pais a deixá-lo cruzar o país com amigos.,other,tatoeba:por
"""Confie em mim"", disse ele.",other,tatoeba:por
"""Queres deixar recado?"" ""Não, obrigado"".",other,tatoeba:por
Por favor me escreva logo de volta.,other,tatoeba:por
Pense que estamos todos no mesmo barco!,other,tatoeba:por
Não há solução.,other,tatoeba:por
Ele estará de volta em uma hora.,other,tatoeba:por
Ele disse que estava cansado e que portanto iria para casa mais cedo.,other,tatoeba:por
Não há dúvidas.,other,tatoeba:por
Eu lhe dou minha palavra.,other,tatoeba:por
Ele fala realmente bem.,other,tatoeba:por
"Desculpe-me, mas eu estou sem relógio.",other,tatoeba:por
Teu cão morde?,other,tatoeba:por
Nós não gostamos de chuva.,other,tatoeba:por
"""Sim, suco de laranja, por favor"", diz Mike.",other,tatoeba:por
Ela nada em dinheiro.,other,tatoeba:por
"Quando se pede por dinheiro, deve-se aceitar certas condições.",other,tatoeba:por
A bomba atômica é uma séria ameaça para a humanidade.,other,tatoeba:por
"Com sua roupa colorida, sua longa peruca e suas luvas brancas, poder-se-ia deduzir que ele fugiu de uma espécie de Disneylândia.",other,tatoeba:por
"Vamos, brinque comigo, estou tão entediado!",other,tatoeba:por
Oi? Ainda estás aí?,other,tatoeba:por
Eu li um livro durante a refeição.,other,tatoeba:por
A mulher dele é francesa.,other,tatoeba:por
Queres um suco de frutas?,other,tatoeba:por
"Sempre quando eu acho algo que me agrade, este algo é caro demais.",other,tatoeba:por
Ele a fez sua esposa.,other,tatoeba:por
"Não precisas pagar por isto, isto é gratuito.",other,tatoeba:por
"A loja vende alimentos, tais como manteiga, queijo e açúcar.",other,tatoeba:por
Em geral se sabe pouco acerca de equações diferenciais não-lineares de segunda ordem.,other,tatoeba:por
A entrada inclui uma bebida.,other,tatoeba:por
Eu comprei um novo automóvel.,other,tatoeba:por
Não se casa com aquele com quem se pode viver - casa-se com a pessoa sem a qual não se pode viver.,other,tatoeba:por
Do que estás a falar?,other,tatoeba:por
Eu estou curioso.,other,tatoeba:por
"Vamos! Fale comigo, Trang.",other,tatoeba:por
Tudo que alguém precisa saber sobre a vida eu aprendi com um boneco de neve.,other,tatoeba:por
"Desde que Mario mentiu para mim, eu não falo mais com ele.",other,tatoeba:por
Em qual pasta salvaste o arquivo?,other,tatoeba:por
"O Japão é cheio de belas cidades. Kyoto e Nara, por exemplo.",other,tatoeba:por
"""É muito gentil de vossa parte"", respondeu Willie.",other,tatoeba:por
"Estás doente, tu precisas repousar.",other,tatoeba:por
Faça boa viagem.,other,tatoeba:por
Eu consegui superar o hábito de sempre achar culpa nos outros.,other,tatoeba:por
"É verdade que ela é jovem, mas ela é sábia.",other,tatoeba:por
Eu estou tão cansado que mal posso andar.,other,tatoeba:por
Ela parece conhecer a arte de escrever cartas.,other,tatoeba:por
"Eles se falam bastante, por telefone e pessoalmente.",other,tatoeba:por
Eu nunca te vejo sem pensar no Ken.,other,tatoeba:por
Ele nos disse para começarmos de uma vez por todas.,other,tatoeba:por
Ele foi ferido na guerra.,other,tatoeba:por
Há algumas boas maçãs na cesta.,other,tatoeba:por
O que você gostaria de comer?,other,tatoeba:por
Meu marido toma café da manhã enquanto lê o jornal.,other,tatoeba:por
Ele dificilmente estuda química.,other,tatoeba:por
Junko ainda depende de seus pais para bancá-la.,other,tatoeba:por
Eu assisti TV ontem à noite.,other,tatoeba:por
"Ele voltou para casa da Europa em 1941, quando a guerra eclodiu.",other,tatoeba:por
Ela secou seu cabelo molhado com uma toalha.,other,tatoeba:por
Eles o julgaram culpado.,other,tatoeba:por
Ele é um pouco como seu pai.,other,tatoeba:por
"Desligue a TV, já que está tarde.",other,tatoeba:por
"Se você vir um erro, corrija-o por favor.",other,tatoeba:por
O velho tentou nadar 5 quilômetros.,other,tatoeba:por
Eu gostaria de viajar para países estrangeiros enquanto o iene estiver forte.,other,tatoeba:por
Há apenas uma loja na ilha.,other,tatoeba:por
Ela ficou inconsciente por todo o dia que se seguiu ao acidente.,other,tatoeba:por
Você pode se levantar da mesa de exames agora.,other,tatoeba:por
"Até onde eu sei, o tópico é digno de ser discutido.",other,tatoeba:por
"Nós todos fomos à festa, com a exceção de Joe.",other,tatoeba:por
Eu me sinto melhor hoje.,other,tatoeba:por
Eu estou ansioso pelo resultado.,other,tatoeba:por
Ele nunca vai contra seus pais.,other,tatoeba:por
Eu gostaria de vir às nove.,other,tatoeba:por
Nossa casa foi assaltada enquanto estávamos fora.,other,tatoeba:por
Como se usa essa câmera?,other,tatoeba:por
Eu me pergunto o que aconteceu com ele.,other,tatoeba:por
Você parece ter pensado em algo diferente.,other,tatoeba:por
Eu lamento por lhe dar todo esse problema.,other,tatoeba:por
Ele tem um olhar desagradável.,other,tatoeba:por
Ela gosta de ouvir música clássica.,other,tatoeba:por
Eu tomarei a providência que me parecer necessária.,other,tatoeba:por
Isso não está acabado mesmo.,other,tatoeba:por
A que horas você comeu?,other,tatoeba:por
Espero te ver em breve.,other,tatoeba:por
Ele parece com sua mãe.,other,tatoeba:por
O problema é que eles só pensam em si mesmos.,other,tatoeba:por
Ele mantém esta arma carregada.,other,tatoeba:por
"Depois de ir a bordo do trem, eu descobri que havia deixado minha carteira em casa.",other,tatoeba:por
Você precisa responder à pergunta.,other,tatoeba:por
Eu tenho cada vez menos tempo para ler.,other,tatoeba:por
Eu me lembro cada vez menos da minha infância.,other,tatoeba:por
5 é menor que 8.,other,tatoeba:por
Beba menos e durma mais.,other,tatoeba:por
Leia a mensagem mais uma vez.,other,tatoeba:por
Você deveria comer mais frutas.,other,tatoeba:por
Eu tenho cada vez mais cabelos grisalhos.,other,tatoeba:por
O mundo está mudando cada vez mais rápido.,other,tatoeba:por
"Quanto mais nós temos, mais nós queremos ter.",other,tatoeba:por
Ele se tornou cada vez mais famoso.,other,tatoeba:por
A vida fica cada vez mais cara.,other,tatoeba:por
Essa teoria consiste em três partes.,other,tatoeba:por
A teoria é abstrata demais para mim.,other,tatoeba:por
O experimento confirmou sua teoria.,other,tatoeba:por
Ele sempre diz a verdade.,other,tatoeba:por
A verdade não pede muitas palavras.,other,tatoeba:por
A verdade é a filha do tempo.,other,tatoeba:por
Eu descobri a verdade.,other,tatoeba:por
Eu conheço a verdade.,other,tatoeba:por
Ele é um misógino.,other,tatoeba:por
Eu ouvi uma mulher gritar.,other,tatoeba:por
Eu encontrei uma mulher velha.,other,tatoeba:por
Esta mulher tem duas bolsas.,other,tatoeba:por
Quem é esta mulher?,other,tatoeba:por
Eu queria trabalhar neste verão.,other,tatoeba:por
O verão acabou.,other,tatoeba:por
A primavera vem depois do inverno.,other,tatoeba:por
Não coma entre as refeições.,other,tatoeba:por
Não confie nele.,other,tatoeba:por
Tu podes confiar nele.,other,tatoeba:por
"Somente água, por favor.",other,tatoeba:por
Este copo contém água.,other,tatoeba:por
Essa água tem gosto bom.,other,tatoeba:por
Areia seca absorve água.,other,tatoeba:por
Não há nada tão importante quanto a amizade.,other,tatoeba:por
A amizade é uma planta que precisa ser regada frequentemente.,other,tatoeba:por
Eu me liguei a ele por meio de uma estreita amizade.,other,tatoeba:por
Amizade legítima vale mais que dinheiro.,other,tatoeba:por
Nós aprofundamos nossa amizade.,other,tatoeba:por
Este livro é um livro novo.,other,tatoeba:por
Onde está o livro?,other,tatoeba:por
Quem escreveu este livro?,other,tatoeba:por
Qual livro é teu?,other,tatoeba:por
Não há nada como o verão e um sorvete.,other,tatoeba:por
Às vezes eu gozo do meu tempo livre pescando.,other,tatoeba:por
Eu peço profusas desculpas por meu atraso.,other,tatoeba:por
O cavalheiro é um pianista muito famoso.,other,tatoeba:por
Em que você está trabalhando?,other,tatoeba:por
Eu devo ir para Nova Iorque na próxima semana.,other,tatoeba:por
Ele foi morto na guerra.,other,tatoeba:por
Este relógio é de grande valor.,other,tatoeba:por
Ela aparentava haver ficado doente de cama por anos.,other,tatoeba:por
Por favor mantenha segredo.,other,tatoeba:por
Você não deve falar de boca cheia.,other,tatoeba:por
Ela está pensando em fazer alguns cursos em uma escola de culinária.,other,tatoeba:por
Eu esqueci completamente do número.,other,tatoeba:por
Muitos voos foram cancelados devido o tufão.,other,tatoeba:por
"Ela trouxe alguma carne e ovos, de forma a poder fazer omeletes.",other,tatoeba:por
Eu não sei como utilizar isto.,other,tatoeba:por
"Se você está errado, eu também estou errado.",other,tatoeba:por
"Em um primeiro momento eu não gostava de rock, mas agora eu gosto.",other,tatoeba:por
Eu o vi nadar através do rio.,other,tatoeba:por
Ele virá nesta tarde.,other,tatoeba:por
Ela está de cama com um resfriado.,other,tatoeba:por
É perigoso para você viajar só por um país estrangeiro.,other,tatoeba:por
Várias árvores foram cortadas.,other,tatoeba:por
Por que a vida é tão cheia de sofrimentos?,other,tatoeba:por
A linguagem tal qual nós a conhecemos é uma invenção humana.,other,tatoeba:por
Nós gostamos de conversar.,other,tatoeba:por
Nós não nos importamos com o que ele faz.,other,tatoeba:por
Meu irmão tem muito prazer em sua coleção de selos.,other,tatoeba:por
Eles deixaram a sala muito silenciosamente.,other,tatoeba:por
Eu cheguei tarde como resultado do atraso do trem.,other,tatoeba:por
Eu darei o melhor de mim.,other,tatoeba:por
Ela se diferencia dos outros no ponto em que ela tem um objetivo certo.,other,tatoeba:por
Essa rua o levará ao centro da cidade.,other,tatoeba:por
Mary e eu nos conhecemos há muitos anos.,other,tatoeba:por
"Você pode se arrepender disso, mas isso não lhe fará nenhum bem no momento.",other,tatoeba:por
Eu estou ansioso acerca dos resultados do exame.,other,tatoeba:por
Eu acabei de chegar aqui.,other,tatoeba:por
"Tirando as cenouras, não há nada que ele não coma.",other,tatoeba:por
Tom está tocando violino agora.,other,tatoeba:por
A ela não agradava viver na cidade.,other,tatoeba:por
Eu não tenho paciência.,other,tatoeba:por
Eles gostam de Tsuneoki Ikeda.,other,tatoeba:por
Ele voltou para casa via Hong Kong.,other,tatoeba:por
Não se pode fazer omeletes sem quebrar os ovos.,other,tatoeba:por
Vale a pena ler estes livros pelo menos uma vez.,other,tatoeba:por
Ele acha muito difícil passar um dia sem cigarros.,other,tatoeba:por
Ela é muito inteligente.,other,tatoeba:por
O que ele está dizendo não faz sentido algum.,other,tatoeba:por
Houve um engavetamento na rodovia.,other,tatoeba:por
Eu fico assustado só de passar por ele.,other,tatoeba:por
"Ei, quais são as novas?",other,tatoeba:por
Deus criou o mundo.,other,tatoeba:por
"Seja lá quão ocupado você esteja, você deve fazer seu dever de casa.",other,tatoeba:por
Nós tomamos parte na discussão.,other,tatoeba:por
Que horas são no seu relógio?,other,tatoeba:por
Nós nunca tivemos uma explicação clara do mistério.,other,tatoeba:por
Minha voz está rouca por causa do resfriado.,other,tatoeba:por
Isso é com você.,other,tatoeba:por
Por mim tanto faz.,other,tatoeba:por
Isso é suficiente para cinco dias.,other,tatoeba:por
Eu nunca estive dentro da classe.,other,tatoeba:por
Diga-me o que aconteceu com ele.,other,tatoeba:por
Não há espaço para dúvidas.,other,tatoeba:por
Tom lidera o time de futebol.,other,tatoeba:por
Nós geralmente comemos peixe cozido.,other,tatoeba:por
Ela afastou sua cabeça de uma janela.,other,tatoeba:por
Não seja tão rígido com as crianças.,other,tatoeba:por
Verde veste bem em você.,other,tatoeba:por
Ele se beneficiou com a chuva.,other,tatoeba:por
"O homem implorou por piedade, mas foi sentenciado a vinte anos de cadeia por seu crime.",other,tatoeba:por
Ela não telefonou no final de contas.,other,tatoeba:por
"Eu devolvi os livros que havia retirado da biblioteca, e retirei alguns novos.",other,tatoeba:por
Eles não têm senso algum de pecaminosidade.,other,tatoeba:por
Estes tipos de livro quase não têm valor.,other,tatoeba:por
Eu temo que uma promoção esteja fora de questão agora.,other,tatoeba:por
Ele sempre presta atenção no comportamento de suas crianças.,other,tatoeba:por
Então o capitão tomou conta dele.,other,tatoeba:por
"Cheia de pesar, a garota olhou para ele nos olhos.",other,tatoeba:por
Vamos visitar meu avô nessa semana.,other,tatoeba:por
Quando o mundo encontrará seu fim?,other,tatoeba:por
Eu achei que precisava fazer isso.,other,tatoeba:por
Ele bebeu uma xícara de café.,other,tatoeba:por
Você tem uma camisinha?,other,tatoeba:por
O filme durou 2 horas.,other,tatoeba:por
Infelizmente eu não cheguei a tempo para seu discurso.,other,tatoeba:por
Você não está cansado?,other,tatoeba:por
Na sua idade você deveria se bancar sozinho.,other,tatoeba:por
Você deveria ter respondido a carta dele.,other,tatoeba:por
Nós fomos para a escola de artes para estudar pintura e escultura.,other,tatoeba:por
Quantas paradas daqui?,other,tatoeba:por
Muito obrigado por tudo que você tem feito.,other,tatoeba:por
Ele construiu uma mesa e dois bancos para nós.,other,tatoeba:por
Nenhum dos seus alunos passou no exame.,other,tatoeba:por
Podemos acompanhá-lo em sua caminhada?,other,tatoeba:por
Me ocorre que eu deixei minha bolsa no trem.,other,tatoeba:por
Eu devo chegar lá pelas 9 horas.,other,tatoeba:por
Eu tenho uma passagem de volta para Tóquio.,other,tatoeba:por
Ele reclamou por ter sido tratado injustamente.,other,tatoeba:por
Me dê uma carona em seu carro.,other,tatoeba:por
Aquela casa é bem melhor do que esta.,other,tatoeba:por
O novo ano escolar começa em abril no Japão.,other,tatoeba:por
Ele investigou o assalto em detalhes.,other,tatoeba:por
Ele perdeu sua memória.,other,tatoeba:por
As pessoas de Londres são bastante orgulhosas desta ponte.,other,tatoeba:por
A força sempre prevalece no reino dos insetos.,other,tatoeba:por
Estou surpreso de te ver aqui.,other,tatoeba:por
Calcula-se que os oceanos aumentarão em 50 centímetros por volta do final do próximo século.,other,tatoeba:por
Quase todos os alunos gostam de inglês.,other,tatoeba:por
Eu gosto dessa canção; ela tem um ritmo cativante e pode-se dançar ao som dela.,other,tatoeba:por
Pessoas que falam a todo tempo sobre si próprios me entediam.,other,tatoeba:por
Ela está paralisada em ambas pernas.,other,tatoeba:por
"Com licença, onde fica a seção de calçados masculinos?",other,tatoeba:por
O que você faria se visse um homem de outro planeta?,other,tatoeba:por
Ela é uma discípula de Freud.,other,tatoeba:por
"Desde que ele se feriu em um acidente, ele não pôde mais andar.",other,tatoeba:por
Errar é humano; perdoar é divino.,other,tatoeba:por
Você não deveria ser impaciente com crianças.,other,tatoeba:por
Ela está nervosa comigo.,other,tatoeba:por
Ela se orgulha de sua habilidade com culinária.,other,tatoeba:por
Ele leu uma passagem de Shakespeare.,other,tatoeba:por
Ele me implorou para ficar.,other,tatoeba:por
Foi cinco dias depois de ter graduado que minha filha deixou o aeroporto de Osaka para a Alemanha.,other,tatoeba:por
A morte de minha mãe deixou um grande vazio em minha vida.,other,tatoeba:por
Eu posso dizer que você é uma filha que dispende grande cuidado por seus pais.,other,tatoeba:por
Brinque ou estude - a escolha é sua.,other,tatoeba:por
Havia uma grande audiência no concerto.,other,tatoeba:por
"Ela me entregou a cesta e sugerir que eu esperasse até chegar em casa para abri-la, no caso de alguém estar olhando.",other,tatoeba:por
Parques são para a cidade aquilo que pulmões são para o animal.,other,tatoeba:por
"Qual é o nome desta rua, por favor?",other,tatoeba:por
Eu confessei meu pecado.,other,tatoeba:por
Ela está orgulhosa do fato que seu filho se tornou um doutor.,other,tatoeba:por
O que é isto?,other,tatoeba:por
Eu não sei se tenho tempo para isso.,other,tatoeba:por
A maioria das pessoas acham que eu sou louco.,other,tatoeba:por
"Se eu soubesse disso, eu teria lhe contado.",other,tatoeba:por
Eu não havia a visto.,other,tatoeba:por
Mayuko sonhou um sonho estranho.,other,tatoeba:por
Ele nunca mantém sua palavra.,other,tatoeba:por
Uma viagem à América está fora de cogitação.,other,tatoeba:por
Te vejo amanhã na biblioteca!,other,tatoeba:por
Espero que você tenha uma boa viagem.,other,tatoeba:por
Johnson é um recluso; ele prefere se isolar do resto dos alunos de nossa classe.,other,tatoeba:por
Eu não gostava disso.,other,tatoeba:por
"Está chovendo, mas eu gostaria de ir para fora.",other,tatoeba:por
Eu gostaria de ver este filme.,other,tatoeba:por
Você deixou gorjeta?,other,tatoeba:por
Eu não lhe contei a verdade com medo de ferir seus sentimentos.,other,tatoeba:por
Mesmo as pessoas que não creem na igreja católica veneram o papa como autoridade simbólica.,other,tatoeba:por
"Estou desempregado, e por isso não posso poupar nada.",other,tatoeba:por
Isto é entre mim e você.,other,tatoeba:por
Eu gosto de ter um monte de coisas para fazer.,other,tatoeba:por
Ele está tão falante quanto sempre foi.,other,tatoeba:por
Eu lamento informá-lo que sua matrícula foi negada.,other,tatoeba:por
Ele deu uma resposta positiva à minha questão.,other,tatoeba:por
Você terá que se desculpar quando vê-lo.,other,tatoeba:por
Nenhum desses ônibus vai para Shinjuku.,other,tatoeba:por
Ele disse que eu precisava ir.,other,tatoeba:por
Não fique nervoso.,other,tatoeba:por
Nosso conhecimento acerca do problema é bastante limitado.,other,tatoeba:por
Nada é tão precioso quanto a saúde.,other,tatoeba:por
Pare de me pedir um drinque! Vá e pegue um você mesmo.,other,tatoeba:por
"Quanto mais velho você for, mais difícil é para aprender uma língua.",other,tatoeba:por
Eles estão tomando café da manhã às 8 nesta semana.,other,tatoeba:por
"Já que eu perdi o trem, eu tive que esperar pelo outro por cerca de uma hora.",other,tatoeba:por
Eu o conheci quando eu era estudante.,other,tatoeba:por
Eu não posso aceitar este presente.,other,tatoeba:por
"Estando tão cansado, ele adormeceu rapidamente.",other,tatoeba:por
Eu jamais gostei de biologia.,other,tatoeba:por
"Os supermercados estão fechados agora, portanto nós teremos que nos virar com o que resta na geladeira.",other,tatoeba:por
Você deveria ter mantido isto em segredo.,other,tatoeba:por
Quando eu crescer eu quero ser rei.,other,tatoeba:por
Você tem certeza.,other,tatoeba:por
"Apenas fique ali, por favor.",other,tatoeba:por
Ele saiu para caminhar por duas horas.,other,tatoeba:por
Eu estou cansado.,other,tatoeba:por
Muiriel tem 20 anos agora.,other,tatoeba:por
Eu gosto do jeito que você anda.,other,tatoeba:por
Ele tem pouco dinheiro consigo.,other,tatoeba:por
Isso é realmente um problema.,other,tatoeba:por
Você deve ler nas entrelinhas.,other,tatoeba:por
A maioria das pessoas acha que computadores nunca serão capazes de pensar.,other,tatoeba:por
John e Mary se conhecem desde 1976.,other,tatoeba:por
Não há nada que eu goste mais de fazer do que assistir jogos de basebol na TV.,other,tatoeba:por
É uma vantagem saber operar um computador.,other,tatoeba:por
Eu ganho €100 por dia.,other,tatoeba:por
Diga a ela qual ela deve pegar.,other,tatoeba:por
O que é isso? Perguntou Tony.,other,tatoeba:por
Faça-me o favor de passar o sal.,other,tatoeba:por
Este elevador é capaz de carregar 10 pessoas por vez.,other,tatoeba:por
Eu os telefonarei quando voltar amanhã.,other,tatoeba:por
É ilegal copiar de livros sem a permissão do autor.,other,tatoeba:por
Eu imagino que ele esteja doente.,other,tatoeba:por
"Lorsqu'il a demandé qui avait cassé la fenêtre, tous les garçons ont pris un air innocent.",other,tatoeba:fra
Je ne supporte pas ce type.,other,tatoeba:fra
Pour une fois dans ma vie je fais un bon geste... Et ça ne sert à rien.,other,tatoeba:fra
Ne tenez aucun compte de ce qu'il dit.,other,tatoeba:fra
Essayons quelque chose !,other,tatoeba:fra
Qu'est-ce que tu fais ?,other,tatoeba:fra
Qu'est-ce que c'est ?,other,tatoeba:fra
Aujourd'hui nous sommes le 18 juin et c'est l'anniversaire de Muiriel !,other,tatoeba:fra
Joyeux anniversaire Muiriel !,other,tatoeba:fra
Muiriel a 20 ans maintenant.,other,tatoeba:fra
Le mot de passe est « Muiriel ».,other,tatoeba:fra
Je serai bientôt de retour.,other,tatoeba:fra
Je ne sais pas.,other,tatoeba:fra
J'en perds mes mots.,other,tatoeba:fra
Ça ne va jamais finir.,other,tatoeba:fra
Je ne sais simplement pas quoi dire...,other,tatoeba:fra
C’était un méchant lapin.,other,tatoeba:fra
J'étais dans les montagnes.,other,tatoeba:fra
Est-ce que c'est une photo récente ?,other,tatoeba:fra
Je ne sais pas si j'ai le temps.,other,tatoeba:fra
Pour une certaine raison le microphone ne marchait pas tout à l'heure.,other,tatoeba:fra
Tout le monde doit apprendre par soi-même en fin de compte.,other,tatoeba:fra
L'éducation dans ce monde me déçoit.,other,tatoeba:fra
L'apprentissage ne devrait pas être forcé. L'apprentissage devrait être encouragé.,other,tatoeba:fra
"C'est une tâche difficile, choisir ce qui est « bon » ou « mauvais », mais il faut le faire.",other,tatoeba:fra
Ça ne changera rien.,other,tatoeba:fra
Ça coûtera 30 €.,other,tatoeba:fra
Je gagne 100 € par jour.,other,tatoeba:fra
Il se peut que j'abandonne bientôt et fasse une sieste à la place.,other,tatoeba:fra
C'est parce que tu ne veux pas être seul.,other,tatoeba:fra
Ça n'arrivera pas.,other,tatoeba:fra
Parfois il peut être un gars bizarre.,other,tatoeba:fra
Je ferai de mon mieux pour ne pas perturber tes révisions.,other,tatoeba:fra
Je ne peux que me demander si c'est la même chose pour tous les autres.,other,tatoeba:fra
Je suppose que c'est différent quand tu y penses à long terme.,other,tatoeba:fra
Ne t'inquiète pas.,other,tatoeba:fra
Tu me manques.,other,tatoeba:fra
Je les appellerai demain quand je reviendrai.,other,tatoeba:fra
J'ai toujours plus apprécié les personnages mystérieux.,other,tatoeba:fra
Tu devrais dormir.,other,tatoeba:fra
Je leur ai dit de m'envoyer un autre ticket.,other,tatoeba:fra
Tu es tellement impatiente avec moi.,other,tatoeba:fra
Je ne peux pas vivre comme ça.,other,tatoeba:fra
Il fut un temps où je voulais être astrophysicien.,other,tatoeba:fra
Je n'ai jamais aimé la biologie.,other,tatoeba:fra
La dernière personne à qui j'ai raconté mon idée a pensé que j'étais cinglé.,other,tatoeba:fra
"Si le monde n'était pas dans l'état où il est maintenant, je pourrais faire confiance à n'importe qui.",other,tatoeba:fra
C'est malheureusement vrai.,other,tatoeba:fra
Ils sont trop occupés à se battre entre eux pour s'occuper d'idéaux communs.,other,tatoeba:fra
La plupart des gens pensent que je suis fou.,other,tatoeba:fra
"Non je ne le suis pas, c'est toi qui l'es !",other,tatoeba:fra
C'est ma réplique !,other,tatoeba:fra
Il me donne des coups de pied !,other,tatoeba:fra
Est-ce que tu es sûr ?,other,tatoeba:fra
Alors il y a un problème...,other,tatoeba:fra
"Oh, il y a un papillon !",other,tatoeba:fra
Ça ne me surprend pas.,other,tatoeba:fra
Si je pouvais être comme ça...,other,tatoeba:fra
"Pour une raison que j'ignore, je me sens plus vivant la nuit.",other,tatoeba:fra
Ça dépend du contexte.,other,tatoeba:fra
Est-ce que tu te fous de moi ? !,other,tatoeba:fra
C'est la chose la plus stupide que j'ai jamais dite.,other,tatoeba:fra
"Je ne veux pas être lamentable, je veux être cool ! !",other,tatoeba:fra
"Quand je serai grand, je veux être roi.",other,tatoeba:fra
"L'Amérique est un endroit charmant pour vivre, si c'est pour gagner de l'argent.",other,tatoeba:fra
Je suis si gros.,other,tatoeba:fra
Et alors ?,other,tatoeba:fra
Je vais le descendre.,other,tatoeba:fra
"Je ne suis pas un vrai poisson, je ne suis qu'une simple peluche.",other,tatoeba:fra
Je ne fais que parler !,other,tatoeba:fra
C'était probablement ce qui a influencé leur décision.,other,tatoeba:fra
Je me suis toujours demandé ce que ça ferait d'avoir des frères et sœurs.,other,tatoeba:fra
C'est ce que j'aurais dit.,other,tatoeba:fra
Ça me prendrait l'éternité pour tout expliquer.,other,tatoeba:fra
C'est parce que tu es une fille.,other,tatoeba:fra
Parfois je ne peux pas m'empêcher de montrer des émotions.,other,tatoeba:fra
C'est un mot pour lequel j'aimerais trouver un substitut.,other,tatoeba:fra
Ce serait quelque chose qu'il faudrait que je programme.,other,tatoeba:fra
Il n'est pas dans mon intention d'être égoïste.,other,tatoeba:fra
Réfléchissons au pire qui pourrait arriver.,other,tatoeba:fra
Combien d'amis proches est-ce que tu as ?,other,tatoeba:fra
"Il se peut que je sois antisocial, mais ça ne veut pas dire pas que je ne parle pas aux gens.",other,tatoeba:fra
C'est toujours tel que ça a été.,other,tatoeba:fra
Je pense que c'est mieux de ne pas être impoli.,other,tatoeba:fra
On peut toujours trouver du temps.,other,tatoeba:fra
"Je serais malheureux, mais je ne me suiciderais pas.",other,tatoeba:fra
À l'époque du lycée je me levais à 6h tous les matins.,other,tatoeba:fra
Quand je me suis réveillé j'étais triste.,other,tatoeba:fra
C’est ce qui est expliqué à la fin.,other,tatoeba:fra
Je pensais que tu aimais apprendre de nouvelles choses.,other,tatoeba:fra
La plupart des gens écrivent à propos de leur vie quotidienne.,other,tatoeba:fra
"Si je pouvais t'envoyer un marshmallow, Trang, je le ferais.",other,tatoeba:fra
"Pour faire cela, il te faut prendre des risques.",other,tatoeba:fra
Chaque personne qui est seule est seule parce qu'elle a peur des autres.,other,tatoeba:fra
Pourquoi demandes-tu ?,other,tatoeba:fra
Je ne suis pas un artiste. Je n'ai jamais eu l'esprit pour ça.,other,tatoeba:fra
Je ne peux pas lui dire maintenant. Ce n’est pas si simple.,other,tatoeba:fra
"Je suis une personne qui a des défauts, mais ces défauts peuvent être facilement corrigés.",other,tatoeba:fra
"Chaque fois que je trouve quelque chose que j'aime, c'est trop cher.",other,tatoeba:fra
Combien de temps es-tu restée ?,other,tatoeba:fra
Peut-être que ce sera la même chose pour lui.,other,tatoeba:fra
L'innocence est une belle chose.,other,tatoeba:fra
Les humains n'ont jamais été faits pour vivre éternellement.,other,tatoeba:fra
"Je ne veux pas perdre mes idées, même si certaines d'entre elles sont un peu extrêmes.",other,tatoeba:fra
Je pense que j'ai une théorie à ce sujet.,other,tatoeba:fra
Tu es en train de dire que tu caches intentionnellement ta beauté ?,other,tatoeba:fra
Je n’ai pas de compte sur ces forums.,other,tatoeba:fra
"Si quelqu'un devait demander quel est le but de l'histoire, je ne saurais vraiment pas.",other,tatoeba:fra
Je ne savais pas d'où ça venait.,other,tatoeba:fra
Je pense que le fait que j'ai vécu avec toi a influencé la façon dont tu vis.,other,tatoeba:fra
Ce n'est pas important.,other,tatoeba:fra
Je n'ai pas aimé.,other,tatoeba:fra
Elle demande comment c’est possible.,other,tatoeba:fra
Tu ne fais que fuir les problèmes de la vie.,other,tatoeba:fra
"Si tu regardes les paroles, elles ne signifient pas vraiment grand-chose.",other,tatoeba:fra
Il y a un problème que tu ne vois pas.,other,tatoeba:fra
Tu peux le faire !,other,tatoeba:fra
Mon prof de physique s'en fiche si je sèche les cours.,other,tatoeba:fra
J'aimerais bien pouvoir aller au Japon.,other,tatoeba:fra
Je déteste ça quand il y a trop de gens.,other,tatoeba:fra
Je dois aller au lit.,other,tatoeba:fra
"Après ça, je pars, mais je me rends compte que j'ai oublié mon sac chez eux.",other,tatoeba:fra
Je ne t'en demanderai pas plus pour aujourd'hui.,other,tatoeba:fra
Il se peut qu'il gèle la semaine prochaine.,other,tatoeba:fra
"Même s'il s'est excusé, je suis encore en colère.",other,tatoeba:fra
La police vous fera trouver les balles.,other,tatoeba:fra
Merci de m'avoir expliqué finalement pourquoi on me prend pour une imbécile.,other,tatoeba:fra
Ce n'était pas mon intention.,other,tatoeba:fra
Merci pour ton explication.,other,tatoeba:fra
"Théoriquement, je suis en train de faire des maths.",other,tatoeba:fra
Qu'est-ce qui s'est passé ?,other,tatoeba:fra
Ça m'a presque fait peur de ne pas te voir connectée pendant toute une journée.,other,tatoeba:fra
Je ne sais pas ce que tu veux dire.,other,tatoeba:fra
Il faut bien que mon ordinateur me serve à quelque chose.,other,tatoeba:fra
Tu voulais me parler de liberté ?,other,tatoeba:fra
"Euh, là c'est vraiment bizarre...",other,tatoeba:fra
"Si je voulais te faire peur, je te raconterais ce dont j'ai rêvé il y a quelques semaines.",other,tatoeba:fra
On ne peut pas tout attendre des écoles.,other,tatoeba:fra
Il y a beaucoup de mots que je ne comprends pas.,other,tatoeba:fra
Je n'aime pas quand les mathématiciens qui en savent beaucoup plus que moi ne savent pas s'exprimer explicitement.,other,tatoeba:fra
T'es vraiment pas bête.,other,tatoeba:fra
Je dois te poser une question idiote.,other,tatoeba:fra
Je ne sais pas comment le démontrer vu que c'est trop évident !,other,tatoeba:fra
J'aurais pas imaginé qu'un jour j'irais chercher « viagra » dans Wikipédia.,other,tatoeba:fra
Est-ce qu'on peut formuler ça d'une autre manière ?,other,tatoeba:fra
Personne ne saura.,other,tatoeba:fra
"J'ai trouvé une solution, mais je l'ai trouvée tellement vite que ça peut pas être la bonne.",other,tatoeba:fra
Ça me paraît intéressant !,other,tatoeba:fra
"Sauf que là, c'est pas si simple.",other,tatoeba:fra
"Moi, j'aime bien la lumière des bougies.",other,tatoeba:fra
Qu'est-ce que tu as répondu ?,other,tatoeba:fra
"Non, c'est pas mon nouveau petit ami.",other,tatoeba:fra
C'est dommage que je n'aie pas besoin de maigrir.,other,tatoeba:fra
T'as jamais cours ou quoi ? !,other,tatoeba:fra
Je vais donc jouer au Sudoku au lieu de continuer de te déranger.,other,tatoeba:fra
Où est le problème ?,other,tatoeba:fra
Je ne peux qu'attendre.,other,tatoeba:fra
"Ce n'est pas tellement une surprise, non ?",other,tatoeba:fra
Je t'aime !,other,tatoeba:fra
Je ne t'aime plus.,other,tatoeba:fra
Je suis curieux.,other,tatoeba:fra
Je ne veux pas attendre aussi longtemps.,other,tatoeba:fra
Pourquoi ne viens-tu pas nous voir ?,other,tatoeba:fra
Mais la possibilité semble improbable.,other,tatoeba:fra
Je n'aurais pas dû me déconnecter.,other,tatoeba:fra
"C'est inévitable que j'aille en France un jour, je ne sais juste pas quand.",other,tatoeba:fra
Je déteste la chimie.,other,tatoeba:fra
Je ne voulais pas que ça arrive.,other,tatoeba:fra
Tu devines probablement ce qui va arriver.,other,tatoeba:fra
"Avant même que tu ne le saches, tu seras dans les journaux.",other,tatoeba:fra
Quelles autres options ai-je ?,other,tatoeba:fra
Je ne suis pas un grand voyageur.,other,tatoeba:fra
Je n'ai rien de mieux à faire.,other,tatoeba:fra
Je ne peux pas l'expliquer non plus.,other,tatoeba:fra
Tout le monde a ses forces et ses faiblesses.,other,tatoeba:fra
"Mais sérieusement, l'épisode 21 m'a presque fait pleurer de rire.",other,tatoeba:fra
Ça montre seulement que tu n'es pas un robot.,other,tatoeba:fra
Comment pourrais-je être un robot ? Les robots ne rêvent pas.,other,tatoeba:fra
"« Je n'y ai jamais pensé », dit le vieil homme. « Que devrions-nous faire ? »",other,tatoeba:fra
Ce n'est pas quelque chose que n'importe qui peut faire.,other,tatoeba:fra
Je ne sais pas si je l'ai encore.,other,tatoeba:fra
Qu'est-ce que tu crois que j'étais en train de faire ?,other,tatoeba:fra
Ne sous-estime pas ma puissance.,other,tatoeba:fra
Ma maman ne parle pas très bien anglais.,other,tatoeba:fra
Je ne parle pas assez bien français !,other,tatoeba:fra
Je me demandais si tu allais venir aujourd'hui.,other,tatoeba:fra
C'est là que réside le problème.,other,tatoeba:fra
Comment trouves-tu de la nourriture dans l'espace ?,other,tatoeba:fra
Vous n'avez rien à faire sauf vous faire confiance.,other,tatoeba:fra
"Tout le monde veut te rencontrer, tu es célèbre !",other,tatoeba:fra
Pourquoi es-tu désolée pour quelque chose que tu n'as pas fait ?,other,tatoeba:fra
Je déteste absolument l'écriture formelle !,other,tatoeba:fra
Les étrangers m'intriguent.,other,tatoeba:fra
"Quoi que je fasse, elle dit que je peux faire mieux.",other,tatoeba:fra
Qu'est-ce qui te retient éveillé si tard ?,other,tatoeba:fra
Tu serais surprise de ce que tu peux apprendre en une semaine.,other,tatoeba:fra
Je n'ai personne qui veuille voyager avec moi.,other,tatoeba:fra
"La vie est dure, mais je suis encore plus dur.",other,tatoeba:fra
Supporter peut être insupportable.,other,tatoeba:fra
Arrête ! Tu la mets mal à l'aise !,other,tatoeba:fra
Rien n'est beau que le vrai.,other,tatoeba:fra
"Demain, il va alunir.",other,tatoeba:fra
Je ne parle pas japonais.,other,tatoeba:fra
C’est un jeu de mots.,other,tatoeba:fra
Personne ne me comprend.,other,tatoeba:fra
J'ai appris à vivre sans elle.,other,tatoeba:fra
Ça ne sert plus à rien de continuer à réfléchir.,other,tatoeba:fra
J'ai trop de choses dans la tête ces jours-ci.,other,tatoeba:fra
Je voulais juste vérifier mes emails.,other,tatoeba:fra
Est-ce que tu as vraiment besoin de poser la question pour connaître la réponse ?,other,tatoeba:fra
Tu peux pas attendre de moi que je pense toujours à tout !,other,tatoeba:fra
"Je suppose que derrière chaque chose que l'on doit faire, il y a quelque chose que l'on veut faire...",other,tatoeba:fra
T'as vraiment pas les bonnes priorités !,other,tatoeba:fra
N'attends pas que les autres pensent pour toi !,other,tatoeba:fra
Tu n'as jamais le temps pour les choses importantes !,other,tatoeba:fra
Ce n'est pas la peine de faire semblant de me faire croire que je crois des choses que tu ne crois pas !,other,tatoeba:fra
Ça me prendrait trop de temps pour t'expliquer pourquoi ça ne va pas marcher.,other,tatoeba:fra
Je suis trop bête... J'essaie de t'expliquer des choses que je ne comprends pas moi-même.,other,tatoeba:fra
Arrête de me considérer comme quelqu'un de « normal » !,other,tatoeba:fra
"Tu pourrais au moins essayer d'être un peu plus poli, même si ce n'est pas dans ta nature.",other,tatoeba:fra
"Il y aura toujours des choses que je n'apprendrai jamais, je n'ai pas l'éternité devant moi !",other,tatoeba:fra
C'est pas possible !,other,tatoeba:fra
"J'aimerais pouvoir m'inquiéter plus pour mes notes mais il semblerait qu'à un certain moment de ma vie, j'ai décidé que cela n'était finalement pas si important.",other,tatoeba:fra
« Pierre qui roule n'amasse pas mousse » est un proverbe.,other,tatoeba:fra
Veux-tu quelque chose à boire ?,other,tatoeba:fra
« Qui est-ce ? » « C'est ta mère. »,other,tatoeba:fra
« Quand vas-tu revenir ? » « Tout dépend du temps qu'il fera. »,other,tatoeba:fra
« Qu'est-ce qui ne va pas ? » demanda le petit lapin blanc.,other,tatoeba:fra
« Qu'est-ce qu'il se passe dans la grotte ? Je suis curieux. » « Je n'en ai aucune idée. »,other,tatoeba:fra
"""Quel est ton souhait ?"" demanda le petit lapin blanc.",other,tatoeba:fra
"Nous devons apprendre à vivre ensemble comme des frères, ou nous périrons ensemble comme des idiots.",other,tatoeba:fra
Euh... Comment ça marche ?,other,tatoeba:fra
"« Pour être franc, j'ai le vertige. » « Tu es un trouillard ! »",other,tatoeba:fra
"« Fais-moi confiance », dit-il.",other,tatoeba:fra
"« C'est ce que j'étais en train de chercher », s'exclama-t-il.",other,tatoeba:fra
"« Ça semble très intéressant », dit Hiroshi.",other,tatoeba:fra
Il se peut que leur communication soit beaucoup plus complexe que nous le pensions.,other,tatoeba:fra
« Le téléphone sonne. » « Je vais répondre. »,other,tatoeba:fra
"« C'est très gentil de votre part », répondit Willie.",other,tatoeba:fra
« Merci de m'aider. » « Il n'y a pas de quoi. »,other,tatoeba:fra
Un jour je courrai comme le vent.,other,tatoeba:fra
« Elle aime la musique. » « Moi aussi. »,other,tatoeba:fra
"S'il te plaît, ne pleure pas.",other,tatoeba:fra
Fais-moi savoir s'il y a quoi que ce soit que je puisse faire.,other,tatoeba:fra
Il se peut que le bonheur qui nous attend là-bas ne soit pas du tout le genre de bonheur que nous voudrions.,other,tatoeba:fra
C'est à toi de décider si nous allons là-bas ou non.,other,tatoeba:fra
Ça ne commence pas avant huit heures trente.,other,tatoeba:fra
Je veux un bateau qui m'emmènera loin d'ici.,other,tatoeba:fra
« J'ai envie de jouer aux cartes. » « Moi aussi. »,other,tatoeba:fra
« Ne nous sommes-nous pas rencontrés quelque part avant ? » demanda l'étudiant.,other,tatoeba:fra
Un Japonais ne ferait jamais une telle chose.,other,tatoeba:fra
Allen est un poète.,other,tatoeba:fra
L'archer tua le cerf.,other,tatoeba:fra
Le communisme ne sera jamais atteint de mon vivant.,other,tatoeba:fra
Le seigle était appelé le grain de la pauvreté.,other,tatoeba:fra
"Dans les années 50, on citait les Finnois comme ayant les régimes alimentaires les moins sains du monde.",other,tatoeba:fra
Si tu vois une faute alors corrige-la s'il te plaît.,other,tatoeba:fra
Place le jeu de cartes sur la table en bois de chêne.,other,tatoeba:fra
Les Allemands sont très ingénieux.,other,tatoeba:fra
"Si on ne mange pas, on meurt.",other,tatoeba:fra
"Comment épelles-tu ""pretty"" ?",other,tatoeba:fra
Et si nous retournions à la maison ?,other,tatoeba:fra
"Je m'excuse, je ne peux pas rester longtemps.",other,tatoeba:fra
10 ans est une longue période à attendre.,other,tatoeba:fra
« Pourquoi tu n'y vas pas ? » « Parce que je ne veux pas. »,other,tatoeba:fra
Un million de personnes ont perdu la vie pendant la guerre.,other,tatoeba:fra
Je suis venu à Tokyo il y a trois ans et ai vécu ici depuis.,other,tatoeba:fra
J'ai vécu plus d'un mois à Nagoya.,other,tatoeba:fra
Ce n'est pas rare du tout de vivre plus de 90 ans.,other,tatoeba:fra
"D'abord, je vais faire un schéma de mon nouveau site internet.",other,tatoeba:fra
"La démocratie est la pire forme de gouvernement, mis à part toutes les autres que l'on a essayées.",other,tatoeba:fra
"Quand on commence à ressembler à la photo de son passeport, on devrait partir en vacances.",other,tatoeba:fra
"C'était pas moi, commissaire !",other,tatoeba:fra
"Oh, mon pantalon blanc ! Il était neuf.",other,tatoeba:fra
"Avec autant de personnes autour de lui, il devint naturellement un peu nerveux.",other,tatoeba:fra
"En quittant la gare, j'ai vu un homme.",other,tatoeba:fra
Et personne ne vous a aidé ?,other,tatoeba:fra
T'es un ange !,other,tatoeba:fra
Ils sont fous ces Madrilènes.,other,tatoeba:fra
"Eh bien, la nuit est très longue, n'est-ce pas ?",other,tatoeba:fra
T'as eu de la chance parce qu'il ne t'a pas mordu.,other,tatoeba:fra
Je t'ai manqué ?,other,tatoeba:fra
Sont-ils tous identiques ?,other,tatoeba:fra
Merci beaucoup !,other,tatoeba:fra
"S'il vous plaît, où sont les œufs ?",other,tatoeba:fra
Je le prends.,other,tatoeba:fra
C'est une surprise.,other,tatoeba:fra
C’est une bonne idée !,other,tatoeba:fra
Aller-retour ? Aller simple seulement.,other,tatoeba:fra
C'est dommage quand quelqu'un meurt.,other,tatoeba:fra
Ils restèrent bouche bée.,other,tatoeba:fra
Putain ! C'est pas mal !,other,tatoeba:fra
Remettre en forme après lavage.,other,tatoeba:fra
Laver avant de porter pour la première fois.,other,tatoeba:fra
Ne pas ouvrir avant l'arrêt du train.,other,tatoeba:fra
Ceux qui habitent des maisons de verre ne devraient pas lancer de pierres.,other,tatoeba:fra
On dit que l'amour est aveugle.,other,tatoeba:fra
"Oh, je suis désolée.",other,tatoeba:fra
"Les maths sont comme l'amour - une idée simple, mais ça peut devenir compliqué.",other,tatoeba:fra
Les seules réponses utiles sont celles qui posent de nouvelles questions.,other,tatoeba:fra
Douter de soi est le premier signe d'intelligence.,other,tatoeba:fra
"Un pauvre n'est pas celui qui a trop peu, mais celui qui veut trop.",other,tatoeba:fra
"Vu que tu n'es pas surpris, je pense que tu étais au courant.",other,tatoeba:fra
Combien de temps cela prend-il pour arriver à la station ?,other,tatoeba:fra
Ça sera un bon souvenir de mon voyage à travers les États-Unis.,other,tatoeba:fra
"Excusez-moi, permettez-moi de signaler trois erreurs dans l'article ci-dessus.",other,tatoeba:fra
C'est difficile d'entretenir une conversation avec quelqu'un qui ne dit que « oui » et « non ».,other,tatoeba:fra
Est-ce que tu parles italien ?,other,tatoeba:fra
"""Je ne peux pas réfléchir avec ce bruit"", dit-elle, en fixant des yeux la machine à écrire.",other,tatoeba:fra
"On dit que ""Hamlet"" est la pièce la plus intéressante qui ait jamais été écrite.",other,tatoeba:fra
"« Maman, est-ce que je peux manger un biscuit ? » « Non. Il ne faut pas manger entre les repas. »",other,tatoeba:fra
Puis-je poser une question ?,other,tatoeba:fra
Comment te sens-tu ? demanda-t-il.,other,tatoeba:fra
"C'est assez difficile de maîtriser le français en 2, 3 ans.",other,tatoeba:fra
C'est impossible pour moi de te l'expliquer.,other,tatoeba:fra
Je ne veux pas passer le reste de ma vie à le regretter.,other,tatoeba:fra
Ça serait marrant de voir comment les choses changent au fil des ans.,other,tatoeba:fra
Je ne l'aurais jamais deviné.,other,tatoeba:fra
L'imagination affecte tous les aspects de notre vie.,other,tatoeba:fra
Tu m'oublieras un jour.,other,tatoeba:fra
C'est assez inattendu.,other,tatoeba:fra
Je me demande combien de temps ça va prendre.,other,tatoeba:fra
Je ne peux pas vivre sans télé.,other,tatoeba:fra
Je n'aurais pas pu le faire sans toi. Merci.,other,tatoeba:fra
Rien n'est accompli sans effort.,other,tatoeba:fra
Beaucoup de gens vagabondent à travers la vie sans but.,other,tatoeba:fra
Une vie sans amour n'a absolument aucun sens.,other,tatoeba:fra
Faites-moi savoir si j'ai besoin de faire des changements.,other,tatoeba:fra
Je pense que les examens ruinent l'éducation.,other,tatoeba:fra
Nous ne pouvons pas dormir à cause du bruit.,other,tatoeba:fra
Est-ce que tu as un préservatif ?,other,tatoeba:fra
"""Un chat ?"" demanda le vieil homme.",other,tatoeba:fra
Fais tout ce qu'il te dit.,other,tatoeba:fra
Je peux aller à l'école à pied en 10 minutes.,other,tatoeba:fra
Cela m'a pris plus de 2 heures pour traduire quelques pages d'anglais.,other,tatoeba:fra
Il est déjà 11 heures.,other,tatoeba:fra
Puis-je parler à Mlle Brown ?,other,tatoeba:fra
"""Oui, du jus d'orange s'il vous plait"", dit Mike.",other,tatoeba:fra
"""Ah !"" est une interjection.",other,tatoeba:fra
Que veux-tu ?,other,tatoeba:fra
Le caractère obligatoire de la scolarité est rarement analysé dans la multitude d'ouvrages consacrés à l'étude des divers moyens de développer chez les enfants un désir d'apprendre.,other,tatoeba:fra
Tu crains mon vieux ! Je dois tout te dire !,other,tatoeba:fra
On a un compte à régler.,other,tatoeba:fra
As-tu besoin que je te donne de l'argent ?,other,tatoeba:fra
Paris est la ville la plus belle du monde.,other,tatoeba:fra
J'ai toujours pensé qu'avoir une crise cardiaque est la manière qu'a la nature de te dire que tu dois mourir.,other,tatoeba:fra
"Eh, j'ai peut-être pas d'argent, mais j'ai toujours ma fierté.",other,tatoeba:fra
J'ai un rêve.,other,tatoeba:fra
"C'est mon amie Rachel, nous sommes allées au lycée ensemble.",other,tatoeba:fra
Le coût de la vie a augmenté radicalement.,other,tatoeba:fra
Tout ce qui est inventé est vrai.,other,tatoeba:fra
"Se surprendre, s'étonner, c'est commencer à comprendre.",other,tatoeba:fra
Pas de doute : l'univers est infini.,other,tatoeba:fra
Il ne lui manquait qu'un seul défaut pour être parfaite.,other,tatoeba:fra
"Et pourtant, le contraire aussi est toujours vrai.",other,tatoeba:fra
"Nous ne voyons pas les choses comme elles sont, mais comme nous sommes.",other,tatoeba:fra
Le monde est une cage à fous.,other,tatoeba:fra
"Aucun écolier ne se plaint jamais d'avoir ""mal au lobe frontal de l'hémisphère gauche"" !",other,tatoeba:fra
"Tu m'as ouvert les yeux sur ce que c'est, lorsque tout va bien.",other,tatoeba:fra
Tu m'as trouvée où personne ne cherchait.,other,tatoeba:fra
"Tu es à mes côtés, maintenant tout va bien.",other,tatoeba:fra
"Comment ça, tu ne sais pas ? !",other,tatoeba:fra
T'as l'air stupide.,other,tatoeba:fra
Je pense que j'vais aller dormir.,other,tatoeba:fra
Je m'appelle Jack.,other,tatoeba:fra
Ça me plaît beaucoup.,other,tatoeba:fra
On se voit demain ?,other,tatoeba:fra
Comment est-ce qu'on dit ça en italien ?,other,tatoeba:fra
"Je dois aller faire les courses, je reviens dans une heure.",other,tatoeba:fra
Tu n'es pas assez rapide.,other,tatoeba:fra
C'est loin d'ici ?,other,tatoeba:fra
Ce ne sont pas mes affaires !,other,tatoeba:fra
"Merci, c'est tout.",other,tatoeba:fra
Veux-tu danser avec moi ?,other,tatoeba:fra
Quelle heure est-il ?,other,tatoeba:fra
Tu viens d'où ?,other,tatoeba:fra
Comment est-ce que tu t'appelles ?,other,tatoeba:fra
L'Italie est un très beau pays.,other,tatoeba:fra
Ce n'est pas ma faute !,other,tatoeba:fra
J’aimerais rester pour une nuit.,other,tatoeba:fra
Pourriez-vous composer le numéro pour moi ? Le téléphone est placé trop haut.,other,tatoeba:fra
Est-ce qu'il y a une auberge de jeunesse près d'ici ?,other,tatoeba:fra
Où sont les douches ?,other,tatoeba:fra
Ouvrez la bouche !,other,tatoeba:fra
C'est grave ?,other,tatoeba:fra
J'ai perdu mon portefeuille.,other,tatoeba:fra
L'amour n'est jamais un gaspillage.,other,tatoeba:fra
La vie c'est ce qui se passe pendant que tu es occupé à faire d'autres plans.,other,tatoeba:fra
Ne pas désirer équivaut à posséder.,other,tatoeba:fra
Il est très sexy.,other,tatoeba:fra
Fiche-moi la paix !,other,tatoeba:fra
« Passez-moi le sel s'il vous plaît. » « Tenez. »,other,tatoeba:fra
Il y a trop de choses à faire !,other,tatoeba:fra
Quel âge as-tu ?,other,tatoeba:fra
"Allez, joue avec moi, j'm'ennuie trop !",other,tatoeba:fra
Ne songe même pas à manger mon chocolat !,other,tatoeba:fra
Arrête de me demander à boire ! Va te servir toi-même.,other,tatoeba:fra
Grâce à toi j'ai perdu mon appétit.,other,tatoeba:fra
J'ai vraiment besoin de frapper quelqu'un.,other,tatoeba:fra
Qui est-ce qui ne connaît pas ce problème ? !,other,tatoeba:fra
Ça fait si longtemps depuis la dernière fois que je suis allée à Disneyland avec ma famille.,other,tatoeba:fra
Mes parents n'arrêtent pas de se disputer sur des choses stupides. C'est tellement énervant !,other,tatoeba:fra
"Si tu ne veux pas mettre de crème solaire c'est ton problème, mais ne viens pas te plaindre quand t'auras des coups de soleil.",other,tatoeba:fra
"Mes amis disent toujours que je suis trop calme, mais ma famille dit toujours que je suis trop agaçante.",other,tatoeba:fra
"Je déteste ces araignées, elles sont toujours là pour me ficher la trouille quand j'fais le ménage.",other,tatoeba:fra
Trop énervant... J'peux même plus utiliser un ordinateur sans avoir mal à la tête maintenant !,other,tatoeba:fra
Il fait tellement chaud qu'on pourrait faire cuire des œufs sur le capot des voitures.,other,tatoeba:fra
"Aujourd'hui, il fait très chaud.",other,tatoeba:fra
Personne n'est venu.,other,tatoeba:fra
Je n'ai jamais vu de réfrigérateur rouge.,other,tatoeba:fra
Il n'a pas tenu sa parole.,other,tatoeba:fra
"Il vaut mieux être détesté pour ce que l'on est, qu'aimé pour ce que l'on n'est pas.",other,tatoeba:fra
"Ne sois pas inquiet, sois heureux !",other,tatoeba:fra
L'écurie est bien vide depuis que le cheval est mort.,other,tatoeba:fra
Les mathématiques sont la partie des sciences qu'on pourrait continuer à faire si on se réveillait demain et découvrait que l'univers avait disparu.,other,tatoeba:fra
Mes yeux sont un océan dans lequel se reflètent mes rêves.,other,tatoeba:fra
"Vous connaissez la phrase, « on récolte ce que l’on sème. » Moi, j’ai semé le vent, maintenant voilà ma tempête.",other,tatoeba:fra
Regarde-moi quand je te parle !,other,tatoeba:fra
Que serait le monde sans les femmes ?,other,tatoeba:fra
Et si tu faisais un discours et que personne ne venait ?,other,tatoeba:fra
Je ne sais pas quoi dire pour te consoler.,other,tatoeba:fra
Ce n'est pas mon type.,other,tatoeba:fra
J'essayais de tuer le temps.,other,tatoeba:fra
Comment en es-tu venu à cette idée folle ?,other,tatoeba:fra
Je suis fatigué !,other,tatoeba:fra
Qui veut du chocolat chaud ?,other,tatoeba:fra
Parlez plus lentement s'il vous plaît !,other,tatoeba:fra
Je ne comprends pas.,other,tatoeba:fra
Dans combien de temps arrivons-nous ?,other,tatoeba:fra
L'addition s'il vous plaît.,other,tatoeba:fra
Et qu'est-ce que nous allons faire ?,other,tatoeba:fra
Où peut-on téléphoner ?,other,tatoeba:fra
Je dois vous avouer que je ronfle...,other,tatoeba:fra
Ce soir nous allons à l'église.,other,tatoeba:fra
Comment vas-tu ? As-tu fait un bon voyage ?,other,tatoeba:fra
Je ne me sens pas bien.,other,tatoeba:fra
Appelez la police !,other,tatoeba:fra
C'est trop cher !,other,tatoeba:fra
"Elle fait semblant de dormir, c'est pour ça qu'elle ne ronfle pas.",other,tatoeba:fra
"Mes chaussures sont trop petites, j'en ai besoin de nouvelles.",other,tatoeba:fra
"On s'tire d'ici, les flics arrivent.",other,tatoeba:fra
Joyeux Noël !,other,tatoeba:fra
Ça serait trop cool si je pouvais parler dix langues !,other,tatoeba:fra
"« Si t'es fatigué, pourquoi ne vas-tu pas dormir ? » « Parce que si j'vais dormir tout de suite, je me réveillerai trop tôt. »",other,tatoeba:fra
Tu aurais dû m'écouter.,other,tatoeba:fra
"C'est une pagaille totale, et ça me tape sur les nerfs.",other,tatoeba:fra
"Quand le corps est touché, des récepteurs dans la peau envoient des messages au cerveau causant la libération de produits chimiques tels que l'endorphine.",other,tatoeba:fra
Qu'est-ce que cela implique ?,other,tatoeba:fra
On s'attend à ce que cent cinquante mille couples se marient à Shanghai en 2006.,other,tatoeba:fra
Ceux qui seront sélectionnés devront faire face à de considérables tests médicaux et psychologiques.,other,tatoeba:fra
Un demi-million d'enfants font encore face à la malnutrition au Niger.,other,tatoeba:fra
Cela prendra cinq à dix ans avant que la technologie ne soit prête.,other,tatoeba:fra
Les bicyclettes sont un outil pour la préservation de l'environnement urbain.,other,tatoeba:fra
Le gouvernement français a lancé un jeu en ligne qui défie les contribuables d'équilibrer le budget national.,other,tatoeba:fra
Il serait ravi d'entendre ça.,other,tatoeba:fra
Que croyez-vous être vrai bien que vous ne puissiez le prouver ?,other,tatoeba:fra
Les ordinateurs rendent les gens stupides.,other,tatoeba:fra
Ne demandez pas ce qu'ils pensent. Demandez ce qu'ils font.,other,tatoeba:fra
"Quand vous essayez de prouver quelque chose, ça aide de savoir que c'est vrai.",other,tatoeba:fra
"Ce qui change le monde, c'est la communication, pas l'information.",other,tatoeba:fra
La plupart des avancées scientifiques ne sont rien d'autre que la découverte d'une évidence.,other,tatoeba:fra
"Si vous ne comprenez pas quelque chose, c'est parce que vous n'êtes pas conscient de son contexte.",other,tatoeba:fra
"On ne peut que connaître le passé, pas le changer. On ne peut que changer le futur, pas le connaître.",other,tatoeba:fra
La question clé n'est pas qu'est-ce que je peux gagner mais qu'est-ce que j'ai à perdre.,other,tatoeba:fra
Tout ce qui peut être mal compris le sera.,other,tatoeba:fra
Tout univers suffisamment simple pour être compris est trop simple pour produire un esprit capable de le comprendre.,other,tatoeba:fra
Pourquoi la vie est-elle si remplie de souffrance ?,other,tatoeba:fra
"Malgré l'importance du sommeil, son intérêt est un mystère.",other,tatoeba:fra
Qu'est-ce que cela signifie d'avoir un esprit éduqué au XXIe siècle ?,other,tatoeba:fra
La passion crée de la souffrance.,other,tatoeba:fra
Le train venant de Genève va entrer en gare.,other,tatoeba:fra
Je voudrais lui offrir un cadeau pour son anniversaire.,other,tatoeba:fra
Je meurs de faim !,other,tatoeba:fra
Est-ce que tu as des copains en Antigua ?,other,tatoeba:fra
Un mètre cube correspond à 1000 litres.,other,tatoeba:fra
J'ai tellement de travail que je reste une heure de plus.,other,tatoeba:fra
Je suis mariée et j'ai deux enfants.,other,tatoeba:fra
Il joue très bien du piano.,other,tatoeba:fra
Je le vois rarement.,other,tatoeba:fra
J'aimerais faire mes études à Paris.,other,tatoeba:fra
Vous ne savez pas qui je suis.,other,tatoeba:fra
Pourquoi est-ce que tu ne manges pas de légumes ?,other,tatoeba:fra
Pourquoi est-ce que les gens vont au cinéma ?,other,tatoeba:fra
Je me déshabille.,other,tatoeba:fra
La voiture s'écrasa contre le mur.,other,tatoeba:fra
Il n'y a pas de visions réelles.,other,tatoeba:fra
"Ça ne sert à rien de me dire « Salut, comment ça va ? » si tu n'as rien d'autre à dire.",other,tatoeba:fra
Dans un dictionnaire comme celui-ci il devrait y avoir au moins deux phrases avec « réfrigérateur ».,other,tatoeba:fra
Le créationnisme est une pseudo-science.,other,tatoeba:fra
Le vent s'est calmé.,other,tatoeba:fra
Jeter le bébé avec l'eau du bain.,other,tatoeba:fra
Je ne veux pas demander ta main !,other,tatoeba:fra
Donne-moi du temps pour te donner tout ce que j'ai !,other,tatoeba:fra
Un démocrate est un citoyen libre qui se plie à la volonté de la majorité.,other,tatoeba:fra
Vouloir c'est pouvoir.,other,tatoeba:fra
"Qui cherche, trouve.",other,tatoeba:fra
Rome ne s'est pas faite en un jour.,other,tatoeba:fra
Qui ne dit mot consent.,other,tatoeba:fra
"« As-tu fini ? » « Au contraire, je n'ai même pas encore commencé. »",other,tatoeba:fra
"« Bonjour », dit Tom avec un sourire.",other,tatoeba:fra
Let's try something.,other,tatoeba:eng
I have to go to sleep.,other,tatoeba:eng
Today is June 18th and it is Muiriel's birthday!,other,tatoeba:eng
Muiriel is 20 now.,other,tatoeba:eng
"The password is ""Muiriel"".",other,tatoeba:eng
I will be back soon.,other,tatoeba:eng
I'm at a loss for words.,other,tatoeba:eng
This is never going to end.,other,tatoeba:eng
I just don't know what to say.,other,tatoeba:eng
That was an evil bunny.,other,tatoeba:eng
I was in the mountains.,other,tatoeba:eng
Is it a recent picture?,other,tatoeba:eng
I don't know if I have the time.,other,tatoeba:eng
Education in this world disappoints me.,other,tatoeba:eng
You're in better shape than I am.,other,tatoeba:eng
You are in my way.,other,tatoeba:eng
This will cost €30.,other,tatoeba:eng
I make €100 a day.,other,tatoeba:eng
I may give up soon and just nap instead.,other,tatoeba:eng
It's because you don't want to be alone.,other,tatoeba:eng
That won't happen.,other,tatoeba:eng
Sometimes he can be a strange guy.,other,tatoeba:eng
I'll do my best not to disturb your studying.,other,tatoeba:eng
I can only wonder if this is the same for everyone else.,other,tatoeba:eng
I suppose it's different when you think about it over the long term.,other,tatoeba:eng
I miss you.,other,tatoeba:eng
I'll call them tomorrow when I come back.,other,tatoeba:eng
I always liked mysterious characters more.,other,tatoeba:eng
You should sleep.,other,tatoeba:eng
I'm going to go.,other,tatoeba:eng
I told them to send me another ticket.,other,tatoeba:eng
You're so impatient with me.,other,tatoeba:eng
I can't live that kind of life.,other,tatoeba:eng
I once wanted to be an astrophysicist.,other,tatoeba:eng
I never liked biology.,other,tatoeba:eng
The last person I told my idea to thought I was nuts.,other,tatoeba:eng
"If the world weren't in the shape it is now, I could trust anyone.",other,tatoeba:eng
It is unfortunately true.,other,tatoeba:eng
They are too busy fighting against each other to care for common ideals.,other,tatoeba:eng
Most people think I'm crazy.,other,tatoeba:eng
No I'm not; you are!,other,tatoeba:eng
That's MY line!,other,tatoeba:eng
He's kicking me!,other,tatoeba:eng
Are you sure?,other,tatoeba:eng
Then there is a problem...,other,tatoeba:eng
"Oh, there's a butterfly!",other,tatoeba:eng
It doesn't surprise me.,other,tatoeba:eng
For some reason I feel more alive at night.,other,tatoeba:eng
It depends on the context.,other,tatoeba:eng
Are you freaking kidding me?!,other,tatoeba:eng
That's the stupidest thing I've ever said.,other,tatoeba:eng
I don't want to be lame; I want to be cool!!,other,tatoeba:eng
"When I grow up, I want to be a king.",other,tatoeba:eng
"America is a lovely place to be, if you are here to earn money.",other,tatoeba:eng
I'm so fat.,other,tatoeba:eng
I'm gonna shoot him.,other,tatoeba:eng
"I'm not a real fish, I'm just a mere plushy.",other,tatoeba:eng
I'm just saying!,other,tatoeba:eng
That was probably what influenced their decision.,other,tatoeba:eng
I've always wondered what it'd be like to have siblings.,other,tatoeba:eng
This is what I would have said.,other,tatoeba:eng
It would take forever for me to explain everything.,other,tatoeba:eng
That's because you're a girl.,other,tatoeba:eng
Sometimes I can't help showing emotions.,other,tatoeba:eng
It's a word I'd like to find a substitute for.,other,tatoeba:eng
It would be something I'd have to program.,other,tatoeba:eng
I don't intend to be selfish.,other,tatoeba:eng
Let's consider the worst that could happen.,other,tatoeba:eng
How many close friends do you have?,other,tatoeba:eng
"I may be antisocial, but it doesn't mean I don't talk to people.",other,tatoeba:eng
This is always the way it has been.,other,tatoeba:eng
I think it is best not to be impolite.,other,tatoeba:eng
One can always find time.,other,tatoeba:eng
"I'd be unhappy, but I wouldn't kill myself.",other,tatoeba:eng
"Back in high school, I got up at 6 a.m. every morning.",other,tatoeba:eng
"When I woke up, I was sad.",other,tatoeba:eng
That is somewhat explained at the end.,other,tatoeba:eng
I thought you liked to learn new things.,other,tatoeba:eng
Most people write about their daily life.,other,tatoeba:eng
"If I could send you a marshmallow, Trang, I would.",other,tatoeba:eng
"In order to do that, you have to take risks.",other,tatoeba:eng
Every person who is alone is alone because they are afraid of others.,other,tatoeba:eng
Why do you ask?,other,tatoeba:eng
I am not an artist. I never had the knack for it.,other,tatoeba:eng
I can't tell her now. It's not that simple anymore.,other,tatoeba:eng
"I am a flawed person, but these are flaws that can easily be fixed.",other,tatoeba:eng
"Whenever I find something I like, it's too expensive.",other,tatoeba:eng
How long did you stay?,other,tatoeba:eng
Maybe it will be exactly the same for him.,other,tatoeba:eng
Innocence is a beautiful thing.,other,tatoeba:eng
Humans were never meant to live forever.,other,tatoeba:eng
"I don't want to lose my ideas, even though some of them are a bit extreme.",other,tatoeba:eng
I think I have a theory about that.,other,tatoeba:eng
That is intriguing.,other,tatoeba:eng
You are saying you intentionally hide your good looks?,other,tatoeba:eng
I do not have an account in these forums.,other,tatoeba:eng
"If anyone was to ask what the point of the story is, I really don't know.",other,tatoeba:eng
I didn't know where it came from.,other,tatoeba:eng
I think my living with you has influenced your way of living.,other,tatoeba:eng
This is not important.,other,tatoeba:eng
I didn't like it.,other,tatoeba:eng
She's asking how that's possible.,other,tatoeba:eng
You're just running away from life's problems.,other,tatoeba:eng
"If you look at the lyrics, they don't really mean much.",other,tatoeba:eng
There's a problem there that you don't see.,other,tatoeba:eng
You can do it.,other,tatoeba:eng
My physics teacher doesn't care if I skip classes.,other,tatoeba:eng
I wish I could go to Japan.,other,tatoeba:eng
I hate it when there are a lot of people.,other,tatoeba:eng
I have to go to bed.,other,tatoeba:eng
"After that, I left, but then I realized that I forgot my backpack at their house.",other,tatoeba:eng
I won't ask you anything else today.,other,tatoeba:eng
It may freeze next week.,other,tatoeba:eng
"Even though he apologized, I'm still furious.",other,tatoeba:eng
The police will get you to find the bullets.,other,tatoeba:eng
Thanks for having explained to me at last why people take me for an idiot.,other,tatoeba:eng
That wasn't my intention.,other,tatoeba:eng
Thanks for your explanation.,other,tatoeba:eng
"Theoretically, I'm doing math.",other,tatoeba:eng
If you didn't know me that way then you simply didn't know me.,other,tatoeba:eng
It almost scared me not to see you online for a whole day.,other,tatoeba:eng
I don't know what you mean.,other,tatoeba:eng
My computer has got to be useful for something.,other,tatoeba:eng
You wanted to tell me about freedom?,other,tatoeba:eng
"Uh, now it's really weird...",other,tatoeba:eng
"If I wanted to scare you, I would tell you what I dreamt about a few weeks ago.",other,tatoeba:eng
One can't expect everything from schools.,other,tatoeba:eng
There are many words that I don't understand.,other,tatoeba:eng
I don't like it when mathematicians who know much more than I do can't express themselves explicitly.,other,tatoeba:eng
You're really not stupid.,other,tatoeba:eng
I need to ask you a silly question.,other,tatoeba:eng
"I don't know how to demonstrate it, since it's too obvious!",other,tatoeba:eng
"I wouldn't have thought I would someday look up ""Viagra"" in Wikipedia.",other,tatoeba:eng
Can it be phrased in another way?,other,tatoeba:eng
No one will know.,other,tatoeba:eng
"I found a solution, but I found it so fast that it can't be the right solution.",other,tatoeba:eng
It seems interesting to me.,other,tatoeba:eng
"Except that here, it's not so simple.",other,tatoeba:eng
I like candlelight.,other,tatoeba:eng
What did you answer?,other,tatoeba:eng
"No, he's not my new boyfriend.",other,tatoeba:eng
It's too bad that I don't need to lose weight.,other,tatoeba:eng
You never have class or what?!,other,tatoeba:eng
I will play Sudoku then instead of continuing to bother you.,other,tatoeba:eng
Where is the problem?,other,tatoeba:eng
I can only wait.,other,tatoeba:eng
"It's not much of a surprise, is it?",other,tatoeba:eng
I love you.,other,tatoeba:eng
I don't like you anymore.,other,tatoeba:eng
I am curious.,other,tatoeba:eng
I don't want to wait that long.,other,tatoeba:eng
Why don't you come visit us?,other,tatoeba:eng
But the possibility seems unlikely.,other,tatoeba:eng
I shouldn't have logged off.,other,tatoeba:eng
I don't know what to do anymore.,other,tatoeba:eng
"It is inevitable that I go to France someday, I just don't know when.",other,tatoeba:eng
I hate chemistry.,other,tatoeba:eng
I didn't want this to happen.,other,tatoeba:eng
You can probably guess what happens though.,other,tatoeba:eng
"Next thing you know, you'll be in the papers.",other,tatoeba:eng
What other options do I have?,other,tatoeba:eng
I am not much of a traveller.,other,tatoeba:eng
I have nothing better to do.,other,tatoeba:eng
I can't explain it either.,other,tatoeba:eng
Everyone has strengths and weaknesses.,other,tatoeba:eng
"Seriously though, episode 21 made me almost cry while laughing.",other,tatoeba:eng
It only shows you're not a robot.,other,tatoeba:eng
How could I be a robot? Robots don't dream.,other,tatoeba:eng
It's not something anyone can do.,other,tatoeba:eng
I don't know if I still have it.,other,tatoeba:eng
What do you think I've been doing?,other,tatoeba:eng
Don't underestimate my power.,other,tatoeba:eng
My mom doesn't speak English very well.,other,tatoeba:eng
I don't speak French well enough!,other,tatoeba:eng
I was wondering if you were going to show up today.,other,tatoeba:eng
Therein lies the problem.,other,tatoeba:eng
How do you find food in outer space?,other,tatoeba:eng
All you can do is trust one another.,other,tatoeba:eng
Everyone wants to meet you. You're famous!,other,tatoeba:eng
Why are you sorry for something you haven't done?,other,tatoeba:eng
I utterly despise formal writing!,other,tatoeba:eng
Foreign people intrigue me.,other,tatoeba:eng
"Whatever I do, she says I can do better.",other,tatoeba:eng
What keeps you up so late?,other,tatoeba:eng
You'd be surprised what you can learn in a week.,other,tatoeba:eng
I don't have anyone who'd travel with me.,other,tatoeba:eng
You're not fast enough.,other,tatoeba:eng
"Life is hard, but I am harder.",other,tatoeba:eng
Bearing can be unbearable.,other,tatoeba:eng
Stop it! You're making her feel uncomfortable!,other,tatoeba:eng
Nothing is beautiful but the truth.,other,tatoeba:eng
"Tomorrow, he will land on the moon.",other,tatoeba:eng
I don't speak Japanese.,other,tatoeba:eng
This is a pun.,other,tatoeba:eng
Nobody understands me.,other,tatoeba:eng
I learned to live without her.,other,tatoeba:eng
It's useless to keep on thinking any more.,other,tatoeba:eng
I have too many things on my mind these days.,other,tatoeba:eng
I just wanted to check my email.,other,tatoeba:eng
Do you really need to ask the question to know the answer?,other,tatoeba:eng
You can't expect me to always think of everything!,other,tatoeba:eng
"I suppose that behind each thing we have to do, there's something we want to do...",other,tatoeba:eng
You really don't have the right priorities!,other,tatoeba:eng
Don't expect others to think for you!,other,tatoeba:eng
You never have time for important things!,other,tatoeba:eng
It's no use pretending to make me believe that I believe things you don't believe!,other,tatoeba:eng
It would take me too much time to explain to you why it's not going to work.,other,tatoeba:eng
I'm so dumb... I'm trying to explain things to you that I don't understand myself.,other,tatoeba:eng
"Stop seeing me as a ""normal"" person!",other,tatoeba:eng
Are you referring to me?,other,tatoeba:eng
"There will always be things I will never learn, I don't have eternity before me!",other,tatoeba:eng
It can't be!,other,tatoeba:eng
"I wish I could care more about my grades but it seems that, at a certain point of my life, I decided they wouldn't be so important anymore.",other,tatoeba:eng
"""A rolling stone gathers no moss"" is a proverb.",other,tatoeba:eng
Would you like something to drink?,other,tatoeba:eng
"""Who is it?"" ""It's your mother.""",other,tatoeba:eng
"""When will you be back?"" ""It all depends on the weather.""",other,tatoeba:eng
"""What's the matter?"" asked the little white rabbit.",other,tatoeba:eng
"""What's going on in the cave? I'm curious."" ""I have no idea.""",other,tatoeba:eng
"We must learn to live together as brothers, or we will perish together as fools.",other,tatoeba:eng
Uh... How's that working?,other,tatoeba:eng
"""To tell you the truth, I am scared of heights."" ""You are a coward!""",other,tatoeba:eng
"""Trust me,"" he said.",other,tatoeba:eng
"""This is what I was looking for!"" he exclaimed.",other,tatoeba:eng
"""This looks pretty interesting,"" Hiroshi says.",other,tatoeba:eng
Their communication may be much more complex than we thought.,other,tatoeba:eng
"""The phone is ringing."" ""I'll get it.""",other,tatoeba:eng
"""That's very nice of you,"" Willie answered.",other,tatoeba:eng
"""Thank you for helping me."" ""Don't mention it.""",other,tatoeba:eng
Someday I'll run like the wind.,other,tatoeba:eng
"""She likes music."" ""So do I.""",other,tatoeba:eng
Please don't cry.,other,tatoeba:eng
Let me know if there is anything I can do.,other,tatoeba:eng
It may be that the happiness awaiting us is not at all the sort of happiness we would want.,other,tatoeba:eng
It is up to you to decide whether we will go there or not.,other,tatoeba:eng
Class doesn't begin until eight-thirty.,other,tatoeba:eng
I want a boat that will take me far away from here.,other,tatoeba:eng
"""I feel like playing cards."" ""So do I.""",other,tatoeba:eng
"""Haven't we met somewhere before?"" asked the student.",other,tatoeba:eng
A Japanese would never do such a thing.,other,tatoeba:eng
Allen is a poet.,other,tatoeba:eng
The archer killed the deer.,other,tatoeba:eng
Communism will never be reached in my lifetime.,other,tatoeba:eng
Rye was called the grain of poverty.,other,tatoeba:eng
"In the 1950's, the Finns were cited as having one of the least healthy diets in the world.",other,tatoeba:eng
"If you see a mistake, then please correct it.",other,tatoeba:eng
Place the deck of cards on the oaken table.,other,tatoeba:eng
The Germans are very crafty.,other,tatoeba:eng
"If you don't eat, you die.",other,tatoeba:eng
"How do you spell ""pretty""?",other,tatoeba:eng
Why don't we go home?,other,tatoeba:eng
"I'm sorry, I can't stay long.",other,tatoeba:eng
Ten years is a long time to wait.,other,tatoeba:eng
"""Why aren't you going?"" ""Because I don't want to.""",other,tatoeba:eng
One million people lost their lives in the war.,other,tatoeba:eng
It is not rare at all to live over ninety years.,other,tatoeba:eng
"First, I'm going to do an outline of my new website.",other,tatoeba:eng
"Democracy is the worst form of government, except all the others that have been tried.",other,tatoeba:eng
"When you're beginning to look like the photo in your passport, you should go on a holiday.",other,tatoeba:eng
"It wasn't me, commissioner!",other,tatoeba:eng
"Oh, my white pants! And they were new.",other,tatoeba:eng
With so many people around he naturally became a bit nervous.,other,tatoeba:eng
"When I left the train station, I saw a man.",other,tatoeba:eng
You're an angel!,other,tatoeba:eng
People from Madrid are weird.,other,tatoeba:eng
"Well, the night is quite long, isn't it?",other,tatoeba:eng
You're lucky because he didn't bite you.,other,tatoeba:eng
Did you miss me?,other,tatoeba:eng
Are they all the same?,other,tatoeba:eng
Thank you very much!,other,tatoeba:eng
"Where are the eggs, please?",other,tatoeba:eng
I'll take him.,other,tatoeba:eng
It's a surprise.,other,tatoeba:eng
That's a good idea!,other,tatoeba:eng
Round trip? Only one-way.,other,tatoeba:eng
It's a pity when somebody dies.,other,tatoeba:eng
They were left speechless.,other,tatoeba:eng
Damn! It's not bad!,other,tatoeba:eng
Pull into shape after washing.,other,tatoeba:eng
Wash before first wearing.,other,tatoeba:eng
Don't open before the train stops.,other,tatoeba:eng
Those who live in glass houses should not throw stones.,other,tatoeba:eng
They say love is blind.,other,tatoeba:eng
"Oh, I'm sorry.",other,tatoeba:eng
"Math is like love: a simple idea, but it can get complicated.",other,tatoeba:eng
The only useful answers are those that raise new questions.,other,tatoeba:eng
To have doubts about oneself is the first sign of intelligence.,other,tatoeba:eng
"Poor is not the one who has too little, but the one who wants too much.",other,tatoeba:eng
"Seeing that you're not surprised, I think you must have known.",other,tatoeba:eng
How long does it take to get to the station?,other,tatoeba:eng
This will be a good souvenir of my trip around the United States.,other,tatoeba:eng
Excuse me; allow me to point out three errors in the above article.,other,tatoeba:eng
"It is difficult to keep up a conversation with someone who only says ""yes"" and ""no"".",other,tatoeba:eng
Do you speak Italian?,other,tatoeba:eng
"""I can't think with that noise,"" she said, as she stared at the typewriter.",other,tatoeba:eng
"It is said that ""Hamlet"" is the most interesting play ever written.",other,tatoeba:eng
May I ask a question?,other,tatoeba:eng
"""How do you feel?"" he inquired.",other,tatoeba:eng
It's quite difficult to master French in 2 or 3 years.,other,tatoeba:eng
It's impossible for me to explain it to you.,other,tatoeba:eng
I don't want to spend the rest of my life regretting it.,other,tatoeba:eng
It would be fun to see how things change over the years.,other,tatoeba:eng
I would never have guessed that.,other,tatoeba:eng
Imagination affects every aspect of our lives.,other,tatoeba:eng
You'll forget about me someday.,other,tatoeba:eng
That is rather unexpected.,other,tatoeba:eng
I wonder how long it's going to take.,other,tatoeba:eng
I can't live without a TV.,other,tatoeba:eng
I couldn't have done it without you. Thank you.,other,tatoeba:eng
Nothing is achieved without effort.,other,tatoeba:eng
Many people drift through life without a purpose.,other,tatoeba:eng
Life without love is just totally pointless.,other,tatoeba:eng
Let me know if I need to make any changes.,other,tatoeba:eng
I think exams are ruining education.,other,tatoeba:eng
We can't sleep because of the noise.,other,tatoeba:eng
Do you have a condom?,other,tatoeba:eng
Do whatever he tells you.,other,tatoeba:eng
I can walk to school in 10 minutes.,other,tatoeba:eng
It took me more than two hours to translate a few pages of English.,other,tatoeba:eng
It is already eleven.,other,tatoeba:eng
May I talk to Ms. Brown?,other,tatoeba:eng
"""Yes, orange juice please,"" says Mike.",other,tatoeba:eng
"""Ah!"" is an interjection.",other,tatoeba:eng
What do you want?,other,tatoeba:eng
The mandatory character of schooling is rarely analyzed in the multitude of works dedicated to the study of the various ways to develop within children the desire to learn.,other,tatoeba:eng
You suck dude! I have to tell you everything!,other,tatoeba:eng
I have a bone to pick with you.,other,tatoeba:eng
Do you need me to give you some money?,other,tatoeba:eng
Paris is the most beautiful city in the world.,other,tatoeba:eng
"Hey, I may have no money, but I still have my pride.",other,tatoeba:eng
I have a dream.,other,tatoeba:eng
This is my friend Rachel. We went to high school together.,other,tatoeba:eng
The cost of life increased drastically.,other,tatoeba:eng
"All that which is invented, is true.",other,tatoeba:eng
"To be surprised, to wonder, is to begin to understand.",other,tatoeba:eng
But the universe is infinite.,other,tatoeba:eng
To be perfect she lacked just one defect.,other,tatoeba:eng
"And yet, the contrary is always true as well.",other,tatoeba:eng
"We don't see things as they are, but as we are.",other,tatoeba:eng
The world is a den of crazies.,other,tatoeba:eng
You opened up my eyes to what it's like when everything is right.,other,tatoeba:eng
You found me where no one else was looking.,other,tatoeba:eng
You're by my side; everything's fine now.,other,tatoeba:eng
What do you mean you don't know?!,other,tatoeba:eng
You look stupid.,other,tatoeba:eng
I think I'm gonna go to sleep.,other,tatoeba:eng
My name is Jack.,other,tatoeba:eng
I like it very much.,other,tatoeba:eng
We're meeting up tomorrow?,other,tatoeba:eng
How do you say that in Italian?,other,tatoeba:eng
I have to go shopping. I'll be back in an hour.,other,tatoeba:eng
Is it far from here?,other,tatoeba:eng
These things aren't mine!,other,tatoeba:eng
"Thanks, that's all.",other,tatoeba:eng
Would you like to dance with me?,other,tatoeba:eng
Italy is a very beautiful country.,other,tatoeba:eng
It's not my fault!,other,tatoeba:eng
I'd like to stay for one night.,other,tatoeba:eng
Could you dial for me? The telephone is too high.,other,tatoeba:eng
Is there a youth hostel near here?,other,tatoeba:eng
Where are the showers?,other,tatoeba:eng
Open your mouth!,other,tatoeba:eng
Is it bad?,other,tatoeba:eng
I have lost my wallet.,other,tatoeba:eng
Love is never wasted.,other,tatoeba:eng
Life is what happens to you while you're busy making other plans.,other,tatoeba:eng
Not wanting is the same as having.,other,tatoeba:eng
He's very sexy.,other,tatoeba:eng
"""Pass me the salt, please."" ""Here you are.""",other,tatoeba:eng
There are too many things to do!,other,tatoeba:eng
"Come on, play with me, I'm so bored!",other,tatoeba:eng
Don't you even think of eating my chocolate!,other,tatoeba:eng
Stop asking me for a drink! Go get it yourself.,other,tatoeba:eng
Thanks to you I've lost my appetite.,other,tatoeba:eng
I really need to hit somebody.,other,tatoeba:eng
Who doesn't know this problem?!,other,tatoeba:eng
It has been so long since I last went to Disneyland with my family.,other,tatoeba:eng
My parents keep arguing about stupid things. It's so annoying!,other,tatoeba:eng
"If you don't want to put on sunscreen, that's your problem. Just don't come complaining to me when you get a sunburn.",other,tatoeba:eng
"My friends always say I'm too calm, but my family always says I'm too annoying.",other,tatoeba:eng
I hate those spiders. They're always there to freak me out when I'm cleaning.,other,tatoeba:eng
So annoying... Now I get a headache whenever I use the computer!,other,tatoeba:eng
It's so hot that you could cook an egg on the hood of a car.,other,tatoeba:eng
It is very hot today.,other,tatoeba:eng
I never saw a red fridge.,other,tatoeba:eng
Better to be hated for who you are than loved for who you're not.,other,tatoeba:eng
It's lonely in the saddle since the horse died.,other,tatoeba:eng
Mathematics is the part of science you could continue to do if you woke up tomorrow and discovered the universe was gone.,other,tatoeba:eng
My eyes are an ocean in which my dreams are reflected.,other,tatoeba:eng
"You know the phrase, we reap what we sow. I have sown the wind and this is my storm.",other,tatoeba:eng
Look at me when I talk to you!,other,tatoeba:eng
What would the world be without women?,other,tatoeba:eng
What if you gave a speech and nobody came?,other,tatoeba:eng
I don't know what to say to make you feel better.,other,tatoeba:eng
This is not my type.,other,tatoeba:eng
I was trying to kill time.,other,tatoeba:eng
How did you come up with this crazy idea?,other,tatoeba:eng
Who wants some hot chocolate?,other,tatoeba:eng
"Speak more slowly, please!",other,tatoeba:eng
When do we arrive?,other,tatoeba:eng
Lass uns etwas versuchen!,other,tatoeba:deu
Ich muss schlafen gehen.,other,tatoeba:deu
Was ist das?,other,tatoeba:deu
Heute ist der 18. Juni und das ist der Geburtstag von Muiriel!,other,tatoeba:deu
"Herzlichen Glückwunsch zum Geburtstag, Muiriel!",other,tatoeba:deu
Muiriel ist jetzt 20.,other,tatoeba:deu
"Das Passwort ist ""Muiriel"".",other,tatoeba:deu
Ich werde bald zurück sein.,other,tatoeba:deu
Ich finde keine Worte.,other,tatoeba:deu
Das wird nie enden.,other,tatoeba:deu
"Ich weiß einfach nicht, was ich sagen soll.",other,tatoeba:deu
Das war ein böses Kaninchen.,other,tatoeba:deu
Ich war in den Bergen.,other,tatoeba:deu
"Ich weiß nicht, ob ich Zeit dazu habe.",other,tatoeba:deu
Aus irgendeinem Grund hat das Mikrofon gerade nicht funktioniert.,other,tatoeba:deu
Letztendlich muss jeder selbst lernen.,other,tatoeba:deu
Die Ausbildung in dieser Welt enttäuscht mich.,other,tatoeba:deu
Zum Lernen sollte man nicht gezwungen werden. Zum Lernen sollte man ermutigt werden.,other,tatoeba:deu
"Es ist eine schwere Aufgabe, zwischen ""richtig"" und ""falsch"" zu unterscheiden, aber man muss es tun.",other,tatoeba:deu
Das wird nichts ändern.,other,tatoeba:deu
Das wird 30 € kosten.,other,tatoeba:deu
Ich verdiene 100 Euro pro Tag.,other,tatoeba:deu
"Es kann sein, dass ich bald aufgebe und stattdessen ein Nickerchen mache.",other,tatoeba:deu
"Das liegt daran, dass du nicht allein sein willst.",other,tatoeba:deu
Das wird nicht passieren.,other,tatoeba:deu
Manchmal kann er ein seltsamer Junge sein.,other,tatoeba:deu
"Ich werde mir Mühe geben, dich nicht beim Lernen zu stören.",other,tatoeba:deu
"Ich kann mich nur fragen, ob es für alle anderen dasselbe ist.",other,tatoeba:deu
"Ich vermute, das ist anders, wenn du darüber längerfristig nachdenkst.",other,tatoeba:deu
Mach dir keine Sorgen.,other,tatoeba:deu
Ich vermisse dich.,other,tatoeba:deu
"Ich werde sie morgen anrufen, wenn ich zurückkomme.",other,tatoeba:deu
Ich mochte mysteriöse Charaktere schon immer mehr.,other,tatoeba:deu
Du solltest schlafen.,other,tatoeba:deu
"Ich sagte ihnen, sie sollen mir ein neues Ticket schicken.",other,tatoeba:deu
Du bist so ungeduldig mit mir.,other,tatoeba:deu
Ich kann so ein Leben nicht leben.,other,tatoeba:deu
Ich wollte mal Astrophysiker werden.,other,tatoeba:deu
Ich mochte Biologie noch nie.,other,tatoeba:deu
"Die letzte Person, der ich meine Idee erzählt habe, dachte, ich wäre bekloppt.",other,tatoeba:deu
"Wenn die Welt nicht so wäre wie sie jetzt ist, könnte ich jedem vertrauen.",other,tatoeba:deu
Unglücklicherweise stimmt es.,other,tatoeba:deu
"Sie sind zu sehr damit beschäftigt, sich gegenseitig zu bekämpfen, als dass sie sich gemeinsamen Idealen widmen könnten.",other,tatoeba:deu
"Die meisten Leute denken, ich sei verrückt.",other,tatoeba:deu
"Nein, ich bin es nicht, du bist es!",other,tatoeba:deu
Das war mein Satz!,other,tatoeba:deu
Er tritt mich!,other,tatoeba:deu
Bist du sicher?,other,tatoeba:deu
Dann haben wir ein Problem...,other,tatoeba:deu
"Oh, da ist ein Schmetterling!",other,tatoeba:deu
Es überrascht mich nicht.,other,tatoeba:deu
Wenn ich so sein könnte...,other,tatoeba:deu
Aus irgendeinem Grund fühle ich mich nachts lebendiger.,other,tatoeba:deu
Das kommt auf den Zusammenhang an.,other,tatoeba:deu
Willst du mich verdammt nochmal auf den Arm nehmen?!,other,tatoeba:deu
"Das ist das Dümmste, was ich je gesagt habe.",other,tatoeba:deu
"Ich will nicht erbärmlich sein, ich will cool sein!!",other,tatoeba:deu
"Wenn ich groß bin, will ich ein König sein.",other,tatoeba:deu
"Es ist wundervoll in Amerika zu sein, wenn man hier ist, um Geld zu verdienen.",other,tatoeba:deu
Ich bin so dick.,other,tatoeba:deu
Ich werde ihn erschießen.,other,tatoeba:deu
"Ich bin kein echter Fisch, ich bin nur ein einfaches Plüschtier.",other,tatoeba:deu
Ich sag's ja nur!,other,tatoeba:deu
"Wahrscheinlich war es das, was ihre Entscheidung beeinflusst hat.",other,tatoeba:deu
"Ich habe mich immer gefragt, wie es wäre, Geschwister zu haben.",other,tatoeba:deu
Das hätte ich gesagt.,other,tatoeba:deu
"Es würde ewig dauern, alles zu erklären.",other,tatoeba:deu
"Es liegt daran, dass du ein Mädchen bist.",other,tatoeba:deu
"Manchmal kann ich es nicht vermeiden, Gefühle zu zeigen.",other,tatoeba:deu
"Es ist ein Wort, für das ich gerne einen Ersatz finden würde.",other,tatoeba:deu
"Das wäre etwas, das ich programmieren sollte.",other,tatoeba:deu
"Ich beabsichtige nicht, selbstsüchtig zu sein.",other,tatoeba:deu
"Lass uns über das Schlimmste, das passieren könnte, nachdenken.",other,tatoeba:deu
Wie viele enge Freunde hast du?,other,tatoeba:deu
"Ich bin vielleicht asozial, aber das heißt nicht, dass ich nicht mit Leuten rede.",other,tatoeba:deu
Das ist immer so gewesen.,other,tatoeba:deu
"Ich denke, es ist am besten, nicht unhöflich zu sein.",other,tatoeba:deu
Man kann immer Zeit finden.,other,tatoeba:deu
"Ich wäre unglücklich, aber ich würde keinen Selbstmord begehen.",other,tatoeba:deu
Damals im Gymnasium bin ich jeden Morgen um 6 Uhr aufgestanden.,other,tatoeba:deu
"Als ich aufgewacht bin, war ich traurig.",other,tatoeba:deu
Das ist am Ende einigermaßen erklärt.,other,tatoeba:deu
"Ich dachte, du würdest gerne neue Sachen lernen.",other,tatoeba:deu
Die meisten Menschen schreiben über ihr Alltagsleben.,other,tatoeba:deu
"Wenn ich dir ein Marshmallow schicken könnte, Trang, würde ich es tun.",other,tatoeba:deu
"Um das zu tun, musst du Risiken eingehen.",other,tatoeba:deu
"Jeder Mensch, der allein ist, ist allein, weil er Angst vor den anderen hat.",other,tatoeba:deu
Warum fragst du?,other,tatoeba:deu
Ich bin kein Künstler. Ich hatte niemals das Zeug dazu.,other,tatoeba:deu
Ich kann es ihr jetzt nicht sagen. Das ist nicht mehr so einfach.,other,tatoeba:deu
"Ich bin ein Mensch, der viele Fehler hat, aber diese Fehler können leicht korrigiert werden.",other,tatoeba:deu
"Immer, wenn ich etwas finde, das mir gefällt, ist es zu teuer.",other,tatoeba:deu
Wie lange bist du geblieben?,other,tatoeba:deu
Vielleicht wird es für ihn genauso sein.,other,tatoeba:deu
Unschuld ist eine schöne Sache.,other,tatoeba:deu
"Die Menschen waren nie dazu gedacht, ewig zu leben.",other,tatoeba:deu
"Ich will meine Ideen nicht verlieren, selbst wenn einige von ihnen ein bisschen extrem sind.",other,tatoeba:deu
"Ich denke, ich habe dazu eine Theorie.",other,tatoeba:deu
Das macht neugierig.,other,tatoeba:deu
"Meinst du gerade, dass du absichtlich deine Schönheit versteckst?",other,tatoeba:deu
Ich habe kein Konto in diesen Foren.,other,tatoeba:deu
"Wenn jemand fragen sollte, was die Pointe der Geschichte sei, ich wüsste es wirklich nicht.",other,tatoeba:deu
"Ich wusste nicht, woher es kam.",other,tatoeba:deu
"Ich denke, dass mein Zusammenleben mit dir deine Lebensweise beeinflusst hat.",other,tatoeba:deu
Dies ist nicht wichtig.,other,tatoeba:deu
Ich möchte es nicht.,other,tatoeba:deu
"Sie fragt, wie das möglich ist.",other,tatoeba:deu
Du läufst einfach vor den Problemen des Lebens davon.,other,tatoeba:deu
"Wenn du den Liedtext anschaust, bedeutet er nicht wirklich viel.",other,tatoeba:deu
"Es gibt da ein Problem, das du nicht siehst.",other,tatoeba:deu
Du kannst das machen!,other,tatoeba:deu
"Meinem Physiklehrer ist es egal, wenn ich den Unterricht schwänze.",other,tatoeba:deu
"Ich wünschte, ich könnte nach Japan gehen.",other,tatoeba:deu
"Ich hasse es, wenn viele Leute da sind.",other,tatoeba:deu
Ich muss ins Bett gehen.,other,tatoeba:deu
"Danach gehe ich, aber dann merke ich, dass ich meinen Rucksack vergessen habe.",other,tatoeba:deu
Ich werde dich heute nichts mehr fragen.,other,tatoeba:deu
Nächste Woche wird es vielleicht Frost geben.,other,tatoeba:deu
"Obwohl er sich entschuldigt hat, bin ich immer noch wütend.",other,tatoeba:deu
"Die Polizei wird euch dazu bringen, die Kugeln zu finden.",other,tatoeba:deu
"Danke, dass Sie mir letzten Endes erklärt haben, warum die Leute mich für einen Idioten halten.",other,tatoeba:deu
Das war nicht meine Absicht.,other,tatoeba:deu
Danke für Ihre Erklärung.,other,tatoeba:deu
Theoretisch mache ich gerade Mathe.,other,tatoeba:deu
"Wenn du mich nicht so gekannt hast, dann hast du mich einfach gar nicht gekannt.",other,tatoeba:deu
"Es hat mir fast Angst gemacht, dich einen ganzen Tag nicht online zu sehen.",other,tatoeba:deu
"Ich weiß nicht, was du meinst.",other,tatoeba:deu
Mein Computer muss mir zu etwas nützen.,other,tatoeba:deu
Du wolltest mit mir über Freiheit sprechen?,other,tatoeba:deu
"Oh, jetzt ist es wirklich verwirrend...",other,tatoeba:deu
"Wenn ich dich erschrecken wollte, würde ich dir erzählen, was ich vor ein paar Wochen geträumt habe.",other,tatoeba:deu
Man kann nicht alles von den Schulen erwarten.,other,tatoeba:deu
"Es gibt viele Wörter, die ich nicht verstehe.",other,tatoeba:deu
"Ich mag es nicht, wenn Mathematiker, die viel mehr als ich wissen, sich nicht genau ausdrücken können.",other,tatoeba:deu
Du bist nicht wirklich dumm.,other,tatoeba:deu
Ich muss dir eine dumme Frage stellen.,other,tatoeba:deu
"Ich weiß nicht, wie ich es beweisen soll, so selbstverständlich wie es ist!",other,tatoeba:deu
"Ich hätte nicht gedacht, dass ich eines Tages bei Wikipedia ""Viagra"" nachschauen würde.",other,tatoeba:deu
Kann man das anders ausdrücken?,other,tatoeba:deu
Niemand wird's erfahren.,other,tatoeba:deu
"Ich habe eine Lösung gefunden, aber ich habe sie so schnell gefunden, dass es nicht die richtige Lösung sein kann.",other,tatoeba:deu
Das scheint mir interessant!,other,tatoeba:deu
"Nur, dass es hier nicht so einfach ist.",other,tatoeba:deu
Ich mag gerne Kerzenlicht.,other,tatoeba:deu
Was hast du geantwortet?,other,tatoeba:deu
"Nein, er ist nicht mein neuer Freund.",other,tatoeba:deu
"Es ist schade, dass ich nicht abnehmen muss.",other,tatoeba:deu
Hast du nie Unterricht oder was?!,other,tatoeba:deu
"Ich werde also Sudoku spielen, anstatt dich weiter zu stören.",other,tatoeba:deu
Wo ist das Problem?,other,tatoeba:deu
"Das ist keine große Überraschung, oder?",other,tatoeba:deu
Ich mag dich nicht mehr.,other,tatoeba:deu
Ich bin neugierig.,other,tatoeba:deu
Ich will nicht so lange warten.,other,tatoeba:deu
Warum kommst du uns nicht besuchen?,other,tatoeba:deu
Aber die Möglichkeit scheint unwahrscheinlich.,other,tatoeba:deu
"Es war eine schlechte Idee, sich abzumelden.",other,tatoeba:deu
"Ich weiß nicht mehr, was ich tun soll.",other,tatoeba:deu
"Es ist unvermeidbar, dass ich eines Tages nach Frankreich gehe, ich weiß nur nicht, wann.",other,tatoeba:deu
Ich hasse Chemie.,other,tatoeba:deu
"Ich wollte nicht, dass das passiert.",other,tatoeba:deu
"Du kannst vermutlich erahnen, was indessen passiert.",other,tatoeba:deu
"Bevor du dich versiehst, wirst du in der Zeitung sein.",other,tatoeba:deu
Was für andere Optionen habe ich?,other,tatoeba:deu
Ich habe nicht viel von einem Reisenden.,other,tatoeba:deu
Ich habe nichts Besseres zu tun.,other,tatoeba:deu
Ich kann es auch nicht erklären.,other,tatoeba:deu
"Aber im Ernst, die Episode 21 hat mich fast vor Lachen weinen lassen.",other,tatoeba:deu
"Es zeigt nur, dass du kein Roboter bist.",other,tatoeba:deu
Wie könnte ich ein Roboter sein? Roboter träumen nicht.,other,tatoeba:deu
"""Daran habe ich nie gedacht"", sagte der alte Mann. ""Was sollen wir tun?""",other,tatoeba:deu
"Das ist nichts, was jeder Beliebige tun kann.",other,tatoeba:deu
"Ich weiß nicht, ob ich es noch habe.",other,tatoeba:deu
"Was denkst du, was ich gerade gemacht habe?",other,tatoeba:deu
Unterschätze nicht meine Macht!,other,tatoeba:deu
Meine Mutter spricht nicht sehr gut Englisch.,other,tatoeba:deu
Ich spreche nicht gut genug Französisch!,other,tatoeba:deu
"Ich fragte mich, ob du heute kommen würdest.",other,tatoeba:deu
Dort liegt das Problem.,other,tatoeba:deu
Wie findest du Nahrung im Weltraum?,other,tatoeba:deu
"Ihr müsst nichts tun, außer euch zu vertrauen.",other,tatoeba:deu
Alle wollen dich kennenlernen. Du bist berühmt!,other,tatoeba:deu
"Wieso tut dir etwas leid, das du nicht gemacht hast?",other,tatoeba:deu
Ich verabscheue förmliches Schreiben zutiefst!,other,tatoeba:deu
Ausländer machen mich neugierig.,other,tatoeba:deu
"Was auch immer ich tue, sie sagt, ich kann es besser.",other,tatoeba:deu
Warum bist du um diese Uhrzeit noch wach?,other,tatoeba:deu
"Du wärst überrascht, was man in einer Woche lernen kann.",other,tatoeba:deu
"Ich habe niemanden, der mit mir reisen würde.",other,tatoeba:deu
Du bist nicht schnell genug.,other,tatoeba:deu
"Das Leben ist hart, aber ich bin härter.",other,tatoeba:deu
Ertragen kann unerträglich sein.,other,tatoeba:deu
Hör auf! Sie fühlt sich dadurch unbehaglich!,other,tatoeba:deu
Nur die Wahrheit ist schön.,other,tatoeba:deu
Morgen wird er auf dem Mond landen.,other,tatoeba:deu
Ich spreche kein Japanisch.,other,tatoeba:deu
Das ist ein Wortspiel.,other,tatoeba:deu
Niemand versteht mich.,other,tatoeba:deu
"Ich habe gelernt, ohne sie zu leben.",other,tatoeba:deu
"Das bringt nichts mehr, weiter nachzudenken.",other,tatoeba:deu
Mir gehen in diesen Tagen zu viele Dinge durch den Kopf.,other,tatoeba:deu
Ich wollte gerade meine E-Mails abrufen.,other,tatoeba:deu
"Musst du wirklich die Frage stellen, um die Antwort zu erfahren?",other,tatoeba:deu
"Du kannst nicht von mir erwarten, dass ich immer an alles denke!",other,tatoeba:deu
"Ich vermute, dass es hinter jeder Sache, die wir tun müssen, etwas gibt, das wir tun wollen...",other,tatoeba:deu
Du hast wirklich nicht die richtigen Prioritäten!,other,tatoeba:deu
"Man darf nicht darauf warten, dass die anderen für einen denken!",other,tatoeba:deu
Du hast nie Zeit für die wichtigen Dinge!,other,tatoeba:deu
"Es ist die Mühe nicht wert, so zu tun, als würdest du mich dazu bringen zu glauben, dass ich Dinge glaube, die du nicht glaubst.",other,tatoeba:deu
"Das würde zu lange dauern, dir zu erklären, warum das nicht funktionieren wird.",other,tatoeba:deu
"Ich bin so blöd... ich versuche, dir Dinge zu erklären, die ich selbst nicht verstehe.",other,tatoeba:deu
"Hör auf, mich als einen ""normalen"" Menschen anzusehen!",other,tatoeba:deu
"Du könntest zumindest versuchen, ein bisschen höflicher zu sein, auch wenn das nicht in deiner Natur liegt.",other,tatoeba:deu
"Es gibt immer Dinge, die ich nie lernen werde, ich habe nicht ewig Zeit.",other,tatoeba:deu
Das ist nicht möglich!,other,tatoeba:deu
"Ich wünschte, ich könnte mir mehr aus Noten machen, aber scheinbar habe ich an einem gewissen Punkt in meinem Leben entschieden, dass es nicht mehr so wichtig sei.",other,tatoeba:deu
"„Wer rastet, der rostet“ ist ein Sprichwort.",other,tatoeba:deu
Willst du etwas zum Trinken?,other,tatoeba:deu
"""Wer ist es?"" ""Es ist deine Mutter.""",other,tatoeba:deu
„Wann wirst du zurückkommen?“ – „Das hängt ganz vom Wetter ab.“,other,tatoeba:deu
„Was ist los?“ fragte das kleine weiße Kaninchen.,other,tatoeba:deu
„Was passiert in der Höhle? Ich bin neugierig.“ – „Ich habe keine Ahnung.“,other,tatoeba:deu
"""Was ist dein Wunsch?"", fragte das kleine weiße Kaninchen.",other,tatoeba:deu
"Wir müssen lernen, als Brüder zusammen zu leben, oder wir werden als Narren zusammen untergehen.",other,tatoeba:deu
"Öh, wie funktioniert das?",other,tatoeba:deu
"""Um die Wahrheit zu sagen, ich habe Höhenangst."" ""Du bist ein Angsthase!""",other,tatoeba:deu
"""Vertraue mir"", sagte er.",other,tatoeba:deu
"„Danach habe ich gesucht“, erklärte er.",other,tatoeba:deu
"„Das sieht ziemlich interessant aus“, sagt Hiroshi.",other,tatoeba:deu
Ihre Kommunikation ist vielleicht viel komplexer als wir dachten.,other,tatoeba:deu
"""Das Telefon klingelt."" ""Ich geh' dran.""",other,tatoeba:deu
"""Das ist sehr nett von Ihnen"", antwortete Willie.",other,tatoeba:deu
„Danke für die Hilfe.“ – „Keine Ursache.“,other,tatoeba:deu
Irgendwann werde ich wie der Wind rennen.,other,tatoeba:deu
"""Sie mag Musik."" ""Ich auch.""",other,tatoeba:deu
"Lass es mich wissen, wenn es irgendetwas gibt, was ich tun kann.",other,tatoeba:deu
"Möglicherweise ist das Glück, das uns dort erwartet, überhaupt nicht die Art Glück, die wir uns wünschen würden.",other,tatoeba:deu
"Du entscheidest, ob wir dahin gehen oder nicht.",other,tatoeba:deu
Das fängt nicht vor acht Uhr dreißig an.,other,tatoeba:deu
"Ich wünsche mir ein Boot, das mich weit weg von hier bringt.",other,tatoeba:deu
"„Ich habe Lust, Karten zu spielen.“ – „Ich auch.“",other,tatoeba:deu
"""Sind wir uns nicht schon einmal begegnet?"", fragte der Student.",other,tatoeba:deu
Ein Japaner würde so etwas nie tun.,other,tatoeba:deu
Der Bogenschütze tötete den Hirsch.,other,tatoeba:deu
"Der Kommunismus wird nie erreicht werden, solange ich lebe.",other,tatoeba:deu
Der Roggen wurde Arme-Leute-Getreide genannt.,other,tatoeba:deu
"In den 1950ern sagte man den Finnen nach, eine der ungesündesten Ernährungsweisen der Welt zu haben.",other,tatoeba:deu
"Wenn du einen Fehler siehst, dann korrigiere ihn bitte.",other,tatoeba:deu
Lege das Kartenspiel auf den Eichentisch.,other,tatoeba:deu
Die Deutschen sind sehr listig.,other,tatoeba:deu
"Wenn man nicht isst, stirbt man.",other,tatoeba:deu
"Wie schreibt man ""pretty""?",other,tatoeba:deu
Wieso gehen wir nicht heim?,other,tatoeba:deu
"Es tut mir leid, ich kann nicht lange bleiben.",other,tatoeba:deu
10 Jahre sind eine lange Zeit zum Warten.,other,tatoeba:deu
„Wieso gehst du nicht?“ – „Weil ich nicht will.“,other,tatoeba:deu
Eine Million Menschen haben im Krieg ihr Leben verloren.,other,tatoeba:deu
Ich kam vor drei Jahren nach Tokyo und seither habe ich hier gelebt.,other,tatoeba:deu
Ich habe mehr als einen Monat lang in Nagoya gelebt.,other,tatoeba:deu
"Es ist überhaupt nicht selten, länger als neunzig Jahre zu leben.",other,tatoeba:deu
Zuerst werde ich ein Schema meiner neuen Website machen.,other,tatoeba:deu
"Demokratie ist die schlechteste Regierungsform, abgesehen von allen anderen, die ausprobiert wurden.",other,tatoeba:deu
"Wenn man beginnt, seinem Passfoto ähnlich zu sehen, sollte man in den Urlaub fahren.",other,tatoeba:deu
"Ich war's nicht, Kommissar!",other,tatoeba:deu
"Oh, meine weiße Hose! Sie war neu.",other,tatoeba:deu
Bei so vielen Leuten wurde er natürlich etwas nervös.,other,tatoeba:deu
Beim Verlassen des Bahnhofs sah ich einen Mann.,other,tatoeba:deu
Und niemand hat Ihnen geholfen?,other,tatoeba:deu
Du bist ein Engel!,other,tatoeba:deu
Die Madrilenen sind verrückt.,other,tatoeba:deu
"Nun gut, die Nacht ist sehr lang, oder?",other,tatoeba:deu
"Du hast Glück gehabt, dass er dich nicht gebissen hat.",other,tatoeba:deu
Hast du mich vermisst?,other,tatoeba:deu
Sind sie alle gleich?,other,tatoeba:deu
Wo sind bitte die Eier?,other,tatoeba:deu
Ich nehme ihn.,other,tatoeba:deu
Das ist eine Überraschung.,other,tatoeba:deu
Das ist eine gute Idee!,other,tatoeba:deu
Hin- und Rückfahrt? Nur Hinfahrt.,other,tatoeba:deu
"Es ist schade, wenn jemand stirbt.",other,tatoeba:deu
Der Mund blieb ihnen offen stehen.,other,tatoeba:deu
Donnerwetter! Das ist nicht schlecht!,other,tatoeba:deu
Nach der Wäsche in Form bringen.,other,tatoeba:deu
Vor dem Tragen waschen.,other,tatoeba:deu
"Nicht öffnen, bevor der Zug hält.",other,tatoeba:deu
"Wer im Glashaus sitzt, sollte nicht mit Steinen werfen.",other,tatoeba:deu
"Man sagt, Liebe mache blind.",other,tatoeba:deu
"Oh, tut mir leid.",other,tatoeba:deu
"Mathe ist wie Liebe - eine einfache Idee, aber es kann kompliziert werden.",other,tatoeba:deu
"Antworten sind nur dann nützlich, wenn sie neue Fragen aufwerfen.",other,tatoeba:deu
"An sich selbst zu zweifeln, ist das erste Zeichen von Intelligenz.",other,tatoeba:deu
"Arm ist nicht, wer zu wenig besitzt, sondern, wer zu viel haben möchte.",other,tatoeba:deu
"Da du nicht überrascht bist, denke ich, musst du es gewusst haben.",other,tatoeba:deu
Wie lange braucht man bis zum Bahnhof?,other,tatoeba:deu
Das wird eine gute Erinnerung an meine Reise durch die Vereinigten Staaten sein.,other,tatoeba:deu
"Entschuldigung, erlauben Sie mir, auf drei Fehler in dem obigen Artikel hinzuweisen.",other,tatoeba:deu
"Es ist schwierig, ein Gespräch mit jemandem zu führen, der nur ""Ja"" und ""Nein"" sagt.",other,tatoeba:deu
Sprichst du Italienisch?,other,tatoeba:deu
"""Ich kann bei diesem Lärm nicht denken"", sagte sie auf die Schreibmaschine starrend.",other,tatoeba:deu
"Man sagt, dass ""Hamlet"" das interessanteste Stück sei, das je geschrieben wurde.",other,tatoeba:deu
"""Mama, darf ich einen Keks essen?"" ""Nein, darfst du nicht. Man sollte nicht zwischen den Mahlzeiten essen.""",other,tatoeba:deu
Könnte ich eine Frage stellen?,other,tatoeba:deu
"""Wie fühlst du dich?"", fragte er.",other,tatoeba:deu
"Es ist ziemlich schwierig, Französisch nach 2, 3 Jahren zu beherrschen.",other,tatoeba:deu
"Es ist mir unmöglich, es dir zu erklären.",other,tatoeba:deu
"Ich möchte nicht mein restliches Leben damit verbringen, es zu bereuen.",other,tatoeba:deu
"Es wäre lustig zu sehen, wie die Dinge sich im Lauf der Jahre ändern.",other,tatoeba:deu
Das hätte ich nie gedacht.,other,tatoeba:deu
Die Fantasie hat Auswirkungen auf alle Aspekte in unserem Leben.,other,tatoeba:deu
Du wirst mich eines Tages vergessen.,other,tatoeba:deu
Das ist ziemlich unerwartet.,other,tatoeba:deu
"Ich frage mich, wie lange es dauern wird.",other,tatoeba:deu
Ich kann ohne Fernsehen nicht leben.,other,tatoeba:deu
Ich hätte es ohne dich nicht machen können. Danke.,other,tatoeba:deu
Ohne Anstrengung erreicht man nichts.,other,tatoeba:deu
Viele Menschen wandern ziellos durchs Leben.,other,tatoeba:deu
Ein Leben ohne Liebe hat überhaupt keinen Sinn.,other,tatoeba:deu
"Lasst es mich wissen, wenn ich irgendwelche Änderungen machen muss.",other,tatoeba:deu
"Ich denke, dass Prüfungen die Erziehung ruinieren.",other,tatoeba:deu
Wir können wegen des Lärms nicht schlafen.,other,tatoeba:deu
Hast du ein Kondom?,other,tatoeba:deu
„Eine Katze?“ fragte der alte Mann.,other,tatoeba:deu
"Tu, was auch immer er dir befiehlt.",other,tatoeba:deu
Ich kann in 10 Minuten zur Schule gehen.,other,tatoeba:deu
"Ich habe über zwei Stunden gebraucht, um einige Seiten Englisch zu übersetzen.",other,tatoeba:deu
Es ist schon 11 Uhr.,other,tatoeba:deu
Könnte ich Fräulein Brown sprechen?,other,tatoeba:deu
"""Ja, Orangensaft bitte"", sagt Mike.",other,tatoeba:deu
"""Ah!"" ist ein Ausruf.",other,tatoeba:deu
"Die Verpflichtung zum Schulbesuch wird selten analysiert in der Vielzahl der Werke, die den mannigfaltigen Arten gewidmet sind, bei Kindern den Wunsch zu lernen zu entwickeln.",other,tatoeba:deu
Mann bist du doof! Ich muss dir echt alles erklären!,other,tatoeba:deu
Ich habe ein Hühnchen mit dir zu rupfen.,other,tatoeba:deu
"Ist es nötig, dass ich dir Geld gebe?",other,tatoeba:deu
Paris ist die schönste Stadt der Welt.,other,tatoeba:deu
"Ich dachte immer, einen Herzanfall zu haben, sei die Art der Natur, dir zu sagen, dass du sterben musst.",other,tatoeba:deu
"He, ich habe vielleicht kein Geld, aber ich habe immer noch meinen Stolz.",other,tatoeba:deu
Ich habe einen Traum.,other,tatoeba:deu
"Das ist meine Freundin Rachel, wir sind zusammen ins Gymnasium gegangen.",other,tatoeba:deu
Die Lebenshaltungskosten sind drastisch gestiegen.,other,tatoeba:deu
Alles Erfundene ist wahr.,other,tatoeba:deu
"Überrascht sein, sich wundern, heißt anfangen, zu verstehen.",other,tatoeba:deu
Zweifellos ist das Universum unendlich.,other,tatoeba:deu
Zur Vollkommenheit fehlte ihr nur ein Fehler.,other,tatoeba:deu
"Und doch, auch das Gegenteil ist immer wahr.",other,tatoeba:deu
"Wir sehen die Dinge nicht, wie sie sind, sondern wie wir sind.",other,tatoeba:deu
Die Welt ist ein Irrenhaus.,other,tatoeba:deu
"Kein Schüler beschwert sich je, Schmerzen im Frontallappen der linken Gehirnhälfte zu haben.",other,tatoeba:deu
"Du hast mir die Augen dafür geöffnet, wie es ist, wenn alles gut geht.",other,tatoeba:deu
"Du hast mich gefunden, wo sonst niemand gesucht hat.",other,tatoeba:deu
"Du bist an meiner Seite, jetzt ist alles gut.",other,tatoeba:deu
"Wie, du weißt nicht?!",other,tatoeba:deu
Du siehst dumm aus.,other,tatoeba:deu
"Ich denke, ich werde schlafen gehen.",other,tatoeba:deu
"Ich muss einkaufen gehen, ich komme in einer Stunde zurück.",other,tatoeba:deu
Ich heiße Jack.,other,tatoeba:deu
Es gefällt mir sehr gut.,other,tatoeba:deu
Sehen wir uns morgen?,other,tatoeba:deu
Wie heißt das auf Italienisch?,other,tatoeba:deu
Ist es weit von hier?,other,tatoeba:deu
Das sind nicht meine Sachen!,other,tatoeba:deu
"Danke, das ist alles.",other,tatoeba:deu
Tanzt du mit mir?,other,tatoeba:deu
Wie viel Uhr ist es?,other,tatoeba:deu
Es ist nicht meine Schuld!,other,tatoeba:deu
Ich möchte eine Nacht bleiben.,other,tatoeba:deu
Könnten Sie für mich wählen? Das Telefon hängt zu hoch.,other,tatoeba:deu
Gibt es hier in der Nähe eine Jugendherberge?,other,tatoeba:deu
Wo sind die Duschen?,other,tatoeba:deu
Öffnen Sie den Mund!,other,tatoeba:deu
Ist es schlimm?,other,tatoeba:deu
Ich habe meine Brieftasche verloren.,other,tatoeba:deu
Ich bin einverstanden.,other,tatoeba:deu
Liebe ist nie verschwendet.,other,tatoeba:deu
"Leben ist das, was dir zustößt, während du gerade damit beschäftigt bist, andere Pläne zu machen.",other,tatoeba:deu
Nicht wollen ist das Gleiche wie haben.,other,tatoeba:deu
Er ist sehr sexy.,other,tatoeba:deu
Lass mich in Ruhe!,other,tatoeba:deu
"„Gib mir bitte das Salz.“ „Hier, nimm.“",other,tatoeba:deu
Es gibt zu viele Dinge zu tun!,other,tatoeba:deu
Wie alt bist du?,other,tatoeba:deu
"Los, spiel' mit mir, mir ist so langweilig!",other,tatoeba:deu
"Denk nicht mal dran, meine Schokolade zu essen!",other,tatoeba:deu
"Hör auf, mich um ein Getränk zu bitten! Geh, hol dir selbst eins.",other,tatoeba:deu
Dank dir habe ich meinen Appetit verloren.,other,tatoeba:deu
"Ich habe wirklich das Bedürfnis, jemanden zu schlagen.",other,tatoeba:deu
"Das ist so lange her, dass ich mit meiner Familie ins Disneyland gegangen bin.",other,tatoeba:deu
Meine Eltern streiten sich dauernd wegen Kleinigkeiten. Das regt mich so auf!,other,tatoeba:deu
"Wenn du dich nicht mit Sonnencreme eincremen willst, ist das deine Sache. Aber beschwer' dich später nicht bei mir, wenn du Sonnenbrand hast.",other,tatoeba:deu
"Meine Freunde sagen immer, ich sei zu ruhig, aber meine Familie sagt immer, ich sei zu nervig.",other,tatoeba:deu
"Ich hasse diese Spinnen; wegen denen flippe ich jedes Mal aus, wenn ich sauber mache.",other,tatoeba:deu
"Zu nervig... Ich kann nicht einmal einen Computer benutzen, ohne Kopfweh zu bekommen!",other,tatoeba:deu
"Es ist so heiß, dass man Eier auf den Motorhauben der Autos braten könnte.",other,tatoeba:deu
Wer kennt dieses Problem nicht?!,other,tatoeba:deu
Heute ist es sehr heiß.,other,tatoeba:deu
Es ist niemand gekommen.,other,tatoeba:deu
Ich habe noch nie einen roten Kühlschrank gesehen.,other,tatoeba:deu
Er hat sein Wort gebrochen.,other,tatoeba:deu
"Lieber für das gehasst werden, was man ist, als geliebt werden für das, was man nicht ist.",other,tatoeba:deu
"Es ist einsam im Sattel, seit das Pferd gestorben ist.",other,tatoeba:deu
"Die Mathematik ist der Teil der Wissenschaft, den man weiter betreiben könnte, wenn man morgen aufwachen würde und entdecken würde, dass das Universum weg ist.",other,tatoeba:deu
Wilt u een kopje koffie?,other,tatoeba:nld
Hoe oud bent u?,other,tatoeba:nld
We houden niet van regen.,other,tatoeba:nld
Hoe is het weer?,other,tatoeba:nld
In Parijs heb ik voor een maand een kamer gehuurd.,other,tatoeba:nld
"Ik koop briefpapier, postzegels en papieren zakdoekjes.",other,tatoeba:nld
"Goedenavond, hoe maakt u het?",other,tatoeba:nld
"Goedemorgen, hoe maakt u het?",other,tatoeba:nld
Muiriel is nu 20 jaar oud.,other,tatoeba:nld
Ik weet het niet.,other,tatoeba:nld
Gerechtigheid is duur.,other,tatoeba:nld
De meeste mensen denken dat ik gek ben.,other,tatoeba:nld
Ik moet gaan slapen.,other,tatoeba:nld
Heb je gezegd dat ik nooit zou kunnen winnen?,other,tatoeba:nld
Gelukkige verjaardag Muiriel!,other,tatoeba:nld
Vandaag is het 18 juni en het is de verjaardag van Muiriel!,other,tatoeba:nld
Wat is dat?,other,tatoeba:nld
Wat doe je?,other,tatoeba:nld
Laten we iets proberen!,other,tatoeba:nld
Ik wacht al uren lang.,other,tatoeba:nld
Ik was in de bergen.,other,tatoeba:nld
Dat was een slecht konijn.,other,tatoeba:nld
Ik weet niet wat te zeggen...,other,tatoeba:nld
Hier komt nooit een eind aan.,other,tatoeba:nld
Ik heb er geen woorden voor.,other,tatoeba:nld
Ik ben zo terug.,other,tatoeba:nld
"Het wachtwoord is ""Muiriel"".",other,tatoeba:nld
Het onderwijs in deze wereld valt me tegen.,other,tatoeba:nld
Tenslotte moet iedereen zelf leren.,other,tatoeba:nld
Om de een of andere reden werkte de microfoon daarnet niet.,other,tatoeba:nld
Ik weet niet of ik tijd heb.,other,tatoeba:nld
Is dit een recente foto?,other,tatoeba:nld
"Op onze website, http://www.example.com, staat alle informatie die je nodig hebt.",other,tatoeba:nld
Blijf zwemmen tot je aan je grens zit.,other,tatoeba:nld
Laat het ons eerst hebben over de experimenten die uitgevoerd worden in laboratoria.,other,tatoeba:nld
Hoe heet u?,other,tatoeba:nld
"Het ligt misschien niet in je aard, maar je zou tenminste een beetje beleefd kunnen zijn.",other,tatoeba:nld
Spanjaarden hebben twee achternamen.,other,tatoeba:nld
Paco tekent stadsgezichten.,other,tatoeba:nld
Raúl kan zich zonder zijn vrienden niet vermaken.,other,tatoeba:nld
Rosa Montero is een heel bijzondere vrouw.,other,tatoeba:nld
Rubén is vader van drie kinderen.,other,tatoeba:nld
Sinds 1975 kent Spanje een democratie.,other,tatoeba:nld
Soms weten critici niet wat ze aan het bekritiseren zijn.,other,tatoeba:nld
Sporten is goed voor je lichamelijke conditie.,other,tatoeba:nld
Ze voerden een verrassingsaanval uit op de vijand.,other,tatoeba:nld
Ik ben veganist.,other,tatoeba:nld
Zit er vlees in dit eten?,other,tatoeba:nld
"Ik eet geen vlees, geen vis en geen zeevruchten, en ook geen vleesbouillon.",other,tatoeba:nld
Ik heb altijd geloofd dat een hartaanval de aankondiging van het ophanden zijnde overlijden is.,other,tatoeba:nld
"Dank je, dat is alles.",other,tatoeba:nld
Wat is er gebeurd?,other,tatoeba:nld
Engels wordt hier niet gesproken.,other,tatoeba:nld
Neem de andere stoel!,other,tatoeba:nld
Het ligt onder de stoel.,other,tatoeba:nld
Deze stoel is lelijk.,other,tatoeba:nld
Zit de kat op of onder de stoel?,other,tatoeba:nld
U mag op de stoel gaan zitten.,other,tatoeba:nld
Er zat een kat op de stoel.,other,tatoeba:nld
Wat heeft deze stoel hier te zoeken?,other,tatoeba:nld
De jongen zat op een stoel.,other,tatoeba:nld
Hij stond achter de stoel.,other,tatoeba:nld
De stoel is niet dicht bij het raam.,other,tatoeba:nld
Welke jongen is Masao?,other,tatoeba:nld
De jongen liep weg.,other,tatoeba:nld
Het heeft geen zin om me om geld te vragen.,other,tatoeba:nld
Maak je geen zorgen.,other,tatoeba:nld
Maak je er geen zorgen over!,other,tatoeba:nld
Maak je geen zorgen over het verleden.,other,tatoeba:nld
Maak je geen zorgen over mij.,other,tatoeba:nld
Maak je geen zorgen over ons.,other,tatoeba:nld
We vragen ons af waarom.,other,tatoeba:nld
Waarom kwam je niet?,other,tatoeba:nld
Waarom is hij hier?,other,tatoeba:nld
Waarom was je laat?,other,tatoeba:nld
Waarom ben je aan het huilen?,other,tatoeba:nld
Waarom studeer je?,other,tatoeba:nld
Wees niet bang om fouten te maken wanneer je Engels spreekt.,other,tatoeba:nld
Schrijf alstublieft met een pen.,other,tatoeba:nld
Ik schrijf regelmatig artikels.,other,tatoeba:nld
Eet wat je wilt.,other,tatoeba:nld
Kan ik dit eten?,other,tatoeba:nld
Mag ik iets zeggen?,other,tatoeba:nld
Zeg het in het Engels.,other,tatoeba:nld
Wat heeft hij gezegd?,other,tatoeba:nld
Wat heb je gezegd?,other,tatoeba:nld
Zeg dat niet.,other,tatoeba:nld
Hoe durf je dat te zeggen.,other,tatoeba:nld
Waarom zeg je dat?,other,tatoeba:nld
Zeg het op een andere manier.,other,tatoeba:nld
"Je kan niet ""nee"" zeggen.",other,tatoeba:nld
In het begin wist ik niet wat te doen.,other,tatoeba:nld
Vertaal deze zin in het Japans alstublieft.,other,tatoeba:nld
Vertaal de volgende zinnen in het Japans.,other,tatoeba:nld
Het kostte me meer dan twee uur om een paar pagina's in het Engels te vertalen.,other,tatoeba:nld
Het is moeilijk om een gedicht in een andere taal te vertalen.,other,tatoeba:nld
Dit werkwoord wordt gewoonlijk alleen gebruikt in de derde persoon.,other,tatoeba:nld
Hij speelt zeer goed.,other,tatoeba:nld
Het probleem was dat ik niets tegen hem te zeggen had.,other,tatoeba:nld
Kleren maken de man.,other,tatoeba:nld
Geef me de sleutel van dit kasteel!,other,tatoeba:nld
Ik zal jou dit boek geven.,other,tatoeba:nld
Waarom zou je zo triest moeten zijn?,other,tatoeba:nld
We bleven tijdens de nacht in Hakone.,other,tatoeba:nld
Zij is zeer mooi.,other,tatoeba:nld
Het kan niet waar zijn.,other,tatoeba:nld
Wie is de vrouw met de bruine jas?,other,tatoeba:nld
Ik keek toen tv.,other,tatoeba:nld
Wat is nieuw?,other,tatoeba:nld
Wat ben je aan het doen?,other,tatoeba:nld
Wat was je aan het doen?,other,tatoeba:nld
Probeer het nog eens.,other,tatoeba:nld
Onze hond begraaft zijn botten in de tuin.,other,tatoeba:nld
Je kunt maar beter een tijdje gaan slapen.,other,tatoeba:nld
Ze zijn met de auto naar Chicago gegaan.,other,tatoeba:nld
De politie onderzoekt de oorzaak van het ongeval.,other,tatoeba:nld
Ik heb met mijn ouders gesproken over studeren in het buitenland.,other,tatoeba:nld
Wat is de oorsprong van de Olympische Spelen?,other,tatoeba:nld
De berg is bedekt met sneeuw.,other,tatoeba:nld
"Hij kwam niet, totdat ik belde.",other,tatoeba:nld
Ik weet niet wat ik nog meer kan doen.,other,tatoeba:nld
"Hoe hard je het ook probeert, Engels leer je niet in twee, drie maanden.",other,tatoeba:nld
"Ik had de bloemen geen water hoeven geven. Ik was er maar net klaar mee, of het begon te regenen.",other,tatoeba:nld
De broedhen heeft een week op de eieren zitten broeden.,other,tatoeba:nld
"Ik ben misschien niet erg sociaal, maar dat betekent nog niet dat ik niet met mensen omga.",other,tatoeba:nld
De bus vertrekt dadelijk.,other,tatoeba:nld
Vind je dit een mooie kleur?,other,tatoeba:nld
Hij is teruggekomen uit China.,other,tatoeba:nld
Japan heeft diplomatieke betrekkingen met China.,other,tatoeba:nld
Om de oorlog te financieren zijn er obligaties uitgegeven.,other,tatoeba:nld
Hij heeft een boek geschreven over porselein.,other,tatoeba:nld
Je moet rekening houden met zijn leeftijd.,other,tatoeba:nld
Over dit meer bestaat een mysterieuze legende.,other,tatoeba:nld
Frankrijk voerde oorlog met Rusland.,other,tatoeba:nld
Ons vliegtuig vloog boven de wolken.,other,tatoeba:nld
Er zijn gevallen waarin deze regel niet geldt.,other,tatoeba:nld
Ik dacht net aan een nieuwe baan.,other,tatoeba:nld
Ik zei tegen mezelf: dat is een goed idee.,other,tatoeba:nld
Straks is onze zus bij ons.,other,tatoeba:nld
Misschien gaat het sneeuwen.,other,tatoeba:nld
Frans wordt in Frankrijk gesproken.,other,tatoeba:nld
Ik heb afschuwelijk gedroomd.,other,tatoeba:nld
Het is moeilijk voor buitenlanders om Japans te leren.,other,tatoeba:nld
De Verenigde Staten grenzen aan Canada.,other,tatoeba:nld
Hij zei dat hij van plan was een risico te nemen.,other,tatoeba:nld
"Het concert was leuk, maar het was wel koud in de zaal.",other,tatoeba:nld
Bovendien kan hij Ivriet lezen.,other,tatoeba:nld
Gisteren was u niet op school.,other,tatoeba:nld
Verkopen ze schriften in die winkel?,other,tatoeba:nld
Mijn oom is gisteren overleden aan maagkanker.,other,tatoeba:nld
"Het merendeel van de mensen die met een vork eten, woont in Europa, Noord-Amerika en Latijns-Amerika; mensen die met stokjes eten, wonen in Afrika, het Nabije Oosten, Indonesië en India.",other,tatoeba:nld
Ik heb dat verhaal in een of ander boek gelezen.,other,tatoeba:nld
Majoeko heeft vreemd gedroomd.,other,tatoeba:nld
Ons bedrijf is van plan een nieuwe chemische fabriek te bouwen in Rusland.,other,tatoeba:nld
Wat vind je ervan om een wandeling te maken in het park?,other,tatoeba:nld
Ze verdween langzaam in het nevelige bos.,other,tatoeba:nld
Deze kaas is gemaakt van schapenmelk.,other,tatoeba:nld
Zijn vaderland is Duitsland.,other,tatoeba:nld
Mag ik alstublieft een glas water?,other,tatoeba:nld
"Wat mij betreft, ik heb op het moment niets te zeggen.",other,tatoeba:nld
"Zij die alles vergeten, zijn gelukkig.",other,tatoeba:nld
Deze airconditioner verbruikt veel elektriciteit.,other,tatoeba:nld
"Hoe dan ook, het gaat je niks aan.",other,tatoeba:nld
Over een uur kom ik bij je.,other,tatoeba:nld
Duitsland grenst aan Nederland.,other,tatoeba:nld
De helft van de appels is rot.,other,tatoeba:nld
Dit bedrag is inclusief belasting.,other,tatoeba:nld
Teder legde hij zijn hand op haar schouder.,other,tatoeba:nld
Mary sloot zichzelf op in haar kamer en deed alle ramen dicht.,other,tatoeba:nld
Duitsland was ooit een bondgenoot van Italië.,other,tatoeba:nld
"Hij heeft, geloof ik, in Spanje gewoond.",other,tatoeba:nld
John weet niet wat hij verder moet doen.,other,tatoeba:nld
Je hoeft alleen maar je kamer schoon te maken.,other,tatoeba:nld
Er zitten knopen op het jasje.,other,tatoeba:nld
Dit is Japan.,other,tatoeba:nld
Heeft u wel eens met een luchtballon gevlogen?,other,tatoeba:nld
Hebben jullie wel eens met een luchtballon gevlogen?,other,tatoeba:nld
In Wales hebben we een spreekwoord.,other,tatoeba:nld
In Wales hebben ze een spreekwoord.,other,tatoeba:nld
Ik kwam in een regenbui terecht en ben nat geworden.,other,tatoeba:nld
Ik poets mijn tanden tweemaal per dag.,other,tatoeba:nld
Het is handig om zo dicht bij het station te wonen.,other,tatoeba:nld
Geen liefde zonder jaloezie.,other,tatoeba:nld
Zwitserland is een neutraal land.,other,tatoeba:nld
Het Latijn is een dode taal.,other,tatoeba:nld
De stad werd gebombardeerd door vijandelijke vliegtuigen.,other,tatoeba:nld
Vijandelijke vliegtuigen bombardeerden de stad.,other,tatoeba:nld
Hij kwam pas toen ik belde.,other,tatoeba:nld
Zij is niet mooier dan haar moeder.,other,tatoeba:nld
Is dit in Zwitserland gemaakt?,other,tatoeba:nld
Ik wil dat je een liedje zingt.,other,tatoeba:nld
"In het noorden ligt Schotland, in het zuiden Engeland, in het westen Wales, en nog verder naar het westen Noord-Ierland.",other,tatoeba:nld
Kent u de hoofdstad van België?,other,tatoeba:nld
Kennen jullie de hoofdstad van België?,other,tatoeba:nld
Geef me alstublieft nog een kans.,other,tatoeba:nld
Bij ons sneeuwt het in januari.,other,tatoeba:nld
Sawako wil naar Frankrijk.,other,tatoeba:nld
Morgen gaat het sneeuwen.,other,tatoeba:nld
Geef haar er niet de schuld van.,other,tatoeba:nld
Tanabata wordt gevierd in juli.,other,tatoeba:nld
Ik kan alleen maar wachten.,other,tatoeba:nld
Ik bel je later terug.,other,tatoeba:nld
Hij wachtte op hem tot tien uur.,other,tatoeba:nld
Er valt bijna een knoop van je bloes af.,other,tatoeba:nld
De dikke lijnen op de kaart zijn wegen.,other,tatoeba:nld
We moeten op het stoplicht letten.,other,tatoeba:nld
Deze wijn is erg lekker.,other,tatoeba:nld
Er bestaat geen twijfel over wie er gekozen zal worden.,other,tatoeba:nld
Is dit wat je wilde?,other,tatoeba:nld
Het is bijna kerst.,other,tatoeba:nld
Het probleem is dat het te duur is.,other,tatoeba:nld
Deze roman is geschreven door een bekende Amerikaanse schrijver.,other,tatoeba:nld
Gaat u zitten.,other,tatoeba:nld
Hij slaapt als een roos.,other,tatoeba:nld
Vergeet ons niet!,other,tatoeba:nld
Bill is in Japan geweest.,other,tatoeba:nld
"Weten is één ding, het ook doen is heel wat anders.",other,tatoeba:nld
Hij is naar Zwitserland gegaan.,other,tatoeba:nld
Canada is groter dan Japan.,other,tatoeba:nld
Napoleon heeft zijn leger naar Rusland geleid.,other,tatoeba:nld
De Rijn stroomt tussen Frankrijk en Duitsland.,other,tatoeba:nld
"Tijdens de volkstelling zal ""Trasjanka"" gelijkgesteld worden aan Wit-Russisch.",other,tatoeba:nld
Bepaalde diersoorten zijn snel aan het verdwijnen.,other,tatoeba:nld
Dit horloge is gemaakt in Zwitserland.,other,tatoeba:nld
Vind je Engels bijvoorbeeld mooi?,other,tatoeba:nld
Wilt u alstublieft een kamer in de buurt van de internationale luchthaven in Toronto reserveren?,other,tatoeba:nld
Elke soort papier is geschikt.,other,tatoeba:nld
Ik ben naar Japan gekomen vanuit China.,other,tatoeba:nld
Ik ben geen aanhanger van de theorie dat je Latijn moet leren om Engels beter te begrijpen.,other,tatoeba:nld
Ik heet Tanaka Itsjiro.,other,tatoeba:nld
De sneeuw is gesmolten.,other,tatoeba:nld
Rusland heeft te maken gekregen met ernstige financiële problemen.,other,tatoeba:nld
"Lees elke dag de krant, want anders bent u niet op de hoogte van het laatste nieuws.",other,tatoeba:nld
"""Aha!"" zullen ze zeggen.",other,tatoeba:nld
Frankrijk grenst aan Spanje.,other,tatoeba:nld
Er is veel sneeuw gevallen.,other,tatoeba:nld
Weet hij dat je van hem houdt?,other,tatoeba:nld
Alles is uitverkocht!,other,tatoeba:nld
Vraag hem eens of hij Japans spreekt.,other,tatoeba:nld
China is het grootste land in Azië.,other,tatoeba:nld
Ik ren zo hard als ik kan om hem in te halen.,other,tatoeba:nld
Ik kan het me niet veroorloven om ook maar één yen te verspillen.,other,tatoeba:nld
Mexico was toen nog niet onafhankelijk van Spanje.,other,tatoeba:nld
"Op de foto heeft het meisje geen gouden kroon, maar een kroon van bloemen op.",other,tatoeba:nld
Denk er eens over na.,other,tatoeba:nld
"Dit is Millers nieuwste boek, en we hopen dat het niet het laatste zal zijn.",other,tatoeba:nld
Niet huilen alsjeblieft.,other,tatoeba:nld
Je mag dit boek gratis hebben.,other,tatoeba:nld
Deze traditie is ontstaan in China.,other,tatoeba:nld
Hij loste die opgave met gemak op.,other,tatoeba:nld
De mens is het enige dier dat kan lachen.,other,tatoeba:nld
Het is verschrikkelijk koud vandaag.,other,tatoeba:nld
Ik heb altijd meer van mysterieuze personages gehouden.,other,tatoeba:nld
Er zijn veel sterrenstelsels in het heelal.,other,tatoeba:nld
Volgens mij zijn de kinderen moe van het zwemmen.,other,tatoeba:nld
Tom spreekt vloeiend Japans.,other,tatoeba:nld
Ierland staat bekend om zijn kant.,other,tatoeba:nld
De regen ging over in sneeuw.,other,tatoeba:nld
Het stoute verdwaalde jongetje keek om zich heen.,other,tatoeba:nld
Ik heb nog een vriend in China.,other,tatoeba:nld
Wat doe je hier?,other,tatoeba:nld
Omdat al zijn vrienden ook arm waren.,other,tatoeba:nld
Deze school is opgericht in 1650.,other,tatoeba:nld
De sneeuw is verdwenen.,other,tatoeba:nld
De medicijnen versnelden het groeiproces.,other,tatoeba:nld
Mike heeft een aantal vrienden in Florida.,other,tatoeba:nld
"Ik ben uitgenodigd om naar het buitenland te gaan, maar ik wil niet.",other,tatoeba:nld
Wanneer komt het u uit?,other,tatoeba:nld
Ik heb hem zien rennen.,other,tatoeba:nld
Het was erg leuk je weer eens gezien te hebben.,other,tatoeba:nld
Zwitserland is een mooi land.,other,tatoeba:nld
Dit kostte minder dan vijftien dollar.,other,tatoeba:nld
Ik heb geleerd te leven zonder haar.,other,tatoeba:nld
Frankrijk ligt in West-Europa.,other,tatoeba:nld
Ik heb hem ontmoet toen ik in Parijs was.,other,tatoeba:nld
Hij beval mij de kamer onmiddellijk te verlaten.,other,tatoeba:nld
Joko heeft gisteren boodschappen gedaan.,other,tatoeba:nld
Ik heb een droom.,other,tatoeba:nld
Ik weet dat je rijk bent.,other,tatoeba:nld
Zo iemand lukt niets.,other,tatoeba:nld
Geweldig. Niemand geeft me iets.,other,tatoeba:nld
Canada heeft een koud klimaat.,other,tatoeba:nld
China is veel groter dan Japan.,other,tatoeba:nld
Ik ontmoet je zondag om drie uur.,other,tatoeba:nld
Een ongeluk komt zelden alleen.,other,tatoeba:nld
Dit is wat ik gekocht heb in Spanje.,other,tatoeba:nld
Dit probleem is ontstaan door een wederzijds misverstand.,other,tatoeba:nld
In China leert men ook Engels.,other,tatoeba:nld
Hij onderbrak ons gesprek.,other,tatoeba:nld
Hij beloofde met haar te trouwen.,other,tatoeba:nld
Ik wil het werk zelf afmaken.,other,tatoeba:nld
Ik controleer de woorden in mijn woordenboek.,other,tatoeba:nld
Je kunt het!,other,tatoeba:nld
De partijleider is een beroemd geleerde.,other,tatoeba:nld
Hoelang blijf je?,other,tatoeba:nld
Een man is op zijn veertigste en op zijn vijftigste nog steeds een jochie.,other,tatoeba:nld
Er is niemand die met mij mee wil.,other,tatoeba:nld
Heb je hem pas leren kennen?,other,tatoeba:nld
Ik zal jullie vandaag verder niets vragen.,other,tatoeba:nld
Volgende week gaat het misschien vriezen.,other,tatoeba:nld
"Hij was al jong uitgehuwelijkt, toen hij nog een tweedejaars student was, en nu scheen zijn vrouw de helft ouder te zijn dan hij.",other,tatoeba:nld
De tentoonstelling is al open.,other,tatoeba:nld
Ik weet dat hij van jazz houdt.,other,tatoeba:nld
"O, hier zit een vlinder!",other,tatoeba:nld
"Hoewel hij zich verontschuldigd heeft, ben ik nog steeds razend.",other,tatoeba:nld
Japans spreken is makkelijk voor mij.,other,tatoeba:nld
Ooit wilde ik astrofysicus worden.,other,tatoeba:nld
"Papa, waarom onweert het 's winters niet?",other,tatoeba:nld
Iedereen heeft sterke en zwakke punten.,other,tatoeba:nld
Waarom slaap je zo laat nog niet?,other,tatoeba:nld
"Zodra hij alleen was, opende hij de brief.",other,tatoeba:nld
Zij feliciteerden hem met zijn huwelijk.,other,tatoeba:nld
"Ik heet Tamako, en jij?",other,tatoeba:nld
Gisteren heb ik een erg interessant verhaal gelezen.,other,tatoeba:nld
Hij is gisteren overleden.,other,tatoeba:nld
Dat is niet belangrijk.,other,tatoeba:nld
Alle beschaafde landen zijn tegen oorlog.,other,tatoeba:nld
Soms kan ik mijn emoties niet bedwingen.,other,tatoeba:nld
"Steeds wanneer ik naar deze foto kijk, herinner ik me die gelukkige dagen in het dorp.",other,tatoeba:nld
Ik kan niet meer!,other,tatoeba:nld
Ze zijn 4 jaar getrouwd.,other,tatoeba:nld
Hij besloot zijn vertrek uit te stellen.,other,tatoeba:nld
"Ik weet niets van hem, behalve zijn naam.",other,tatoeba:nld
"Ik ben geen echte vis, ik ben maar een knuffelbeest.",other,tatoeba:nld
"Mary ziet er niet zo erg vriendelijk uit, maar ze heeft het hart op de juiste plaats.",other,tatoeba:nld
Het is jouw schuld dat ik mijn eetlust kwijt ben.,other,tatoeba:nld
Ze was betoverd door zijn glimlach.,other,tatoeba:nld
In de hotelkamer lag een watermeloen op tafel.,other,tatoeba:nld
Vergeef me alsjeblieft.,other,tatoeba:nld
"Als ik je wilde bang maken, zou ik je vertellen waar ik een paar weken geleden over gedroomd heb.",other,tatoeba:nld
Ik heb hem vorige week betaald.,other,tatoeba:nld
Hij heeft een brief geschreven.,other,tatoeba:nld
Hier zijn we dan.,other,tatoeba:nld
Ik zal proberen je niet te storen bij het leren.,other,tatoeba:nld
Ik weet niet wat dat is.,other,tatoeba:nld
Hij is al een man.,other,tatoeba:nld
Michael Jackson is niet meer.,other,tatoeba:nld
Ik zal proberen om elke dag lichamelijke oefeningen te doen.,other,tatoeba:nld
Ik blijf hier niet lang.,other,tatoeba:nld
De datum en het adres schrijft men gewoonlijk bovenaan de brief.,other,tatoeba:nld
Zij gaat elke ochtend onder de douche.,other,tatoeba:nld
Heb je al besloten waarover je je scriptie gaat schrijven?,other,tatoeba:nld
Je kunt waarschijnlijk wel raden wat er gaat gebeuren.,other,tatoeba:nld
Veel mensen schrijven over hun dagelijks leven.,other,tatoeba:nld
Met grote inspanning kon het probleem opgelost worden.,other,tatoeba:nld
Juridische terminologie is voor de meeste leken onbegrijpelijk.,other,tatoeba:nld
Ik weet niet wat je bedoelt.,other,tatoeba:nld
Buitenlanders zijn interessant.,other,tatoeba:nld
"Daarna ontmoetten ze elkaar iedere middag op de kade, ontbeten samen, dineerden, wandelden en bewonderden de zee.",other,tatoeba:nld
"Als je het geel verft, sla je twee vliegen in één klap: én het valt goed op, én je bespaart geld omdat je verf kunt gebruiken die je al in huis hebt.",other,tatoeba:nld
Gisteren is mijn zus naar Kobe gegaan.,other,tatoeba:nld
U kunt maar beter weggaan.,other,tatoeba:nld
Hij las erg veel.,other,tatoeba:nld
"Nikolai Aleksejevitsj, ik moet eens ernstig met u spreken.",other,tatoeba:nld
Ik heb een ontzettende hekel aan een formele schrijfstijl!,other,tatoeba:nld
In het mandje zitten een paar appels.,other,tatoeba:nld
"In het koetsje zat een heer, niet knap, maar ook niet slecht van uiterlijk, niet al te dik, niet al te dun; oud kon hij niet genoemd worden, maar hij was ook niet al te jong.",other,tatoeba:nld
"De vorige persoon aan wie ik mijn idee vertelde, dacht dat ik gestoord was.",other,tatoeba:nld
"Nee, dit is niet mijn nieuwe vriendje.",other,tatoeba:nld
Het meisje stond voor het lokaal.,other,tatoeba:nld
Ik heb niks beters te doen.,other,tatoeba:nld
Laten we eens kijken wat er kan gebeuren in het ergste geval.,other,tatoeba:nld
Ik denk dat de zaak er wat anders voor staat wanneer je hierover nadenkt op de lange termijn.,other,tatoeba:nld
Gisteren heb ik een boek gekocht.,other,tatoeba:nld
Dat lawaai werkt op mijn zenuwen.,other,tatoeba:nld
Waar heb je het over?,other,tatoeba:nld
Er staan veel woorden die ik niet begrijp.,other,tatoeba:nld
Hemel en hel bestaan enkel in de harten van mensen.,other,tatoeba:nld
Ik heb koorts.,other,tatoeba:nld
Ik heb nooit van biologie gehouden.,other,tatoeba:nld
Wiskunde is het deel van de wetenschap waarmee je je nog steeds zou kunnen bezighouden als je 's morgens wakker zou worden en zou merken dat het heelal er niet meer is.,other,tatoeba:nld
Jemig! M'n computer is alweer vastgelopen!,other,tatoeba:nld
Wil je het licht uitdoen alsjeblieft?,other,tatoeba:nld
Kan dat ook anders geformuleerd worden?,other,tatoeba:nld
Thuis las hij altijd liggend.,other,tatoeba:nld
Ze vraagt hoe dat kan.,other,tatoeba:nld
Dat is mijn antwoord!,other,tatoeba:nld
Wat denk je dat ik aan het doen was?,other,tatoeba:nld
Wil je niet met me mee?,other,tatoeba:nld
Voor mij thee met citroen alstublieft.,other,tatoeba:nld
"Hij was weduwnaar, maar een jaar na de bruiloft van zijn zoon hield hij het niet meer uit en trouwde zelf ook.",other,tatoeba:nld
Hij is net teruggekomen.,other,tatoeba:nld
Ik was alleen in het lokaal.,other,tatoeba:nld
Waar ben je gisteren geweest?,other,tatoeba:nld
"Als u me zo niet kende, dan kende u me überhaupt niet.",other,tatoeba:nld
"""Het is goed dat ik vertrek,"" zei ze tegen Goerov. ""Dat is ons lot.""",other,tatoeba:nld
"Wat denk je, wat zou ze gaan doen?",other,tatoeba:nld
Hij schrijft mij eens per week.,other,tatoeba:nld
Dat is te duur!,other,tatoeba:nld
Om de één of andere reden ben ik 's nachts levendiger.,other,tatoeba:nld
Dat vind ik erg leuk.,other,tatoeba:nld
Afgelopen week heeft ze een schitterende dochter gekregen.,other,tatoeba:nld
Ik spreek geen Japans.,other,tatoeba:nld
Ik kan haar dat nu niet zeggen. Dat is niet zo eenvoudig meer.,other,tatoeba:nld
Dat is nu juist het probleem.,other,tatoeba:nld
Bedankt voor de uitleg.,other,tatoeba:nld
Ik moet je een domme vraag stellen.,other,tatoeba:nld
Ik ben linkshandig.,other,tatoeba:nld
Het ijs is gesmolten.,other,tatoeba:nld
Zo goed spreek ik geen Frans.,other,tatoeba:nld
Vi trodde att det var ett flygande tefat.,other,tatoeba:swe
Detta är huset jag bodde i när jag var barn.,other,tatoeba:swe
Vi hade roligt på stranden igår.,other,tatoeba:swe
Jag spelade tennis hela dagen.,other,tatoeba:swe
De skymtade mannen genom folkmassan.,other,tatoeba:swe
Han vande sig kvickt vid det kalla vädret.,other,tatoeba:swe
Jag blev till slut klar med arbetet.,other,tatoeba:swe
Jag kan inte komma på någon bra ursäkt till varför jag är sen till tandläkaren.,other,tatoeba:swe
Kan du simma lika snabbt som honom?,other,tatoeba:swe
Han är inte läkare.,other,tatoeba:swe
Hon skulle gärna kommit men hon var på semester.,other,tatoeba:swe
Åh nej! Mitt hus brinner!,other,tatoeba:swe
Jag trodde aldrig att ett såhär fint hotell skulle finnas på en sådan här plats.,other,tatoeba:swe
Detta är deras hus.,other,tatoeba:swe
Men hon tyckte om barn och gillade sitt jobb.,other,tatoeba:swe
Hon tycker mycket om att skriva dikter.,other,tatoeba:swe
Jag kan inte stå ut med detta ljudet längre.,other,tatoeba:swe
Hon bad mig att se efter hennes bebis medans hon var borta.,other,tatoeba:swe
Han gnäller alltid på dålig medicinsk behandling.,other,tatoeba:swe
"Stick härifrån, ungjävlar!",other,tatoeba:swe
Hon är en tillförlitlig person.,other,tatoeba:swe
Den här boken verkar intressant.,other,tatoeba:swe
Det var en ny bok.,other,tatoeba:swe
Vems bok är det?,other,tatoeba:swe
Den här boken tillhör skolbiblioteket.,other,tatoeba:swe
Den här boken handlar om Kina.,other,tatoeba:swe
Lägg inte plånboken på elementet.,other,tatoeba:swe
Du är så trevlig.,other,tatoeba:swe
Du bör inte lämna barnet ensamt.,other,tatoeba:swe
Studenterna lyssnar på en föreläsning i historia.,other,tatoeba:swe
Idag mår jag mycket bättre.,other,tatoeba:swe
Skolan ser ut som ett fängelse.,other,tatoeba:swe
Alla dessa böcker är mina.,other,tatoeba:swe
Behöver du den här boken?,other,tatoeba:swe
Hon ville resa.,other,tatoeba:swe
Framför oss stod en skrattande flicka.,other,tatoeba:swe
Han arbetar åtta timmar om dagen.,other,tatoeba:swe
Jag pratar inte tyska.,other,tatoeba:swe
Jag förstår inte tyska.,other,tatoeba:swe
Jag kan inte prata tyska.,other,tatoeba:swe
Tyskan är inte ett lätt språk.,other,tatoeba:swe
Nederländskan är nära besläktad med tyskan.,other,tatoeba:swe
Pratar du japanska?,other,tatoeba:swe
Många utlänningar pratar bra japanska.,other,tatoeba:swe
Det här är en japansk docka.,other,tatoeba:swe
Min hund är vit.,other,tatoeba:swe
Det är kallt.,other,tatoeba:swe
Det är inte viktigt.,other,tatoeba:swe
Glöm inte biljetten.,other,tatoeba:swe
Minns du det?,other,tatoeba:swe
Vad är det som saknas?,other,tatoeba:swe
Jag minns den första gången.,other,tatoeba:swe
Jag brukar diska.,other,tatoeba:swe
Det är varmt idag.,other,tatoeba:swe
Kommer du ihåg mig?,other,tatoeba:swe
Nu är jag på flygplatsen.,other,tatoeba:swe
Föräldrar älskar sina barn.,other,tatoeba:swe
Jag är väldigt upptagen hemma.,other,tatoeba:swe
Visa mig ett annat exempel.,other,tatoeba:swe
Jag har tappat min plånbok.,other,tatoeba:swe
Igår på morgonen var det väldigt kallt.,other,tatoeba:swe
Denna stol är ful.,other,tatoeba:swe
Vad gör du?,other,tatoeba:swe
Vad gjorde du?,other,tatoeba:swe
Han håller de gamla fotografierna mycket kära.,other,tatoeba:swe
Löven ändrar färg på hösten.,other,tatoeba:swe
Skolbarn är förkylda dubbelt så ofta som vuxna.,other,tatoeba:swe
I medicinsk forskning är ett av de största problemen att ta reda på orsaken till sjukdomen.,other,tatoeba:swe
Han slipade en kniv.,other,tatoeba:swe
Låt mig fundera ett litet tag.,other,tatoeba:swe
Han blev en berömd sångare.,other,tatoeba:swe
Han söker desperat efter fler bevis.,other,tatoeba:swe
De här blommorna blommar tidigare än vad andra gör.,other,tatoeba:swe
Den där slipsen passar bra till din skjorta.,other,tatoeba:swe
Jag ska av på nästa station.,other,tatoeba:swe
I morgon är det hennes födelsedag.,other,tatoeba:swe
I morgon fyller hon år.,other,tatoeba:swe
Hennes enda önskan var att träffa sin son igen.,other,tatoeba:swe
Det hängde en hatt och en kappa på väggen.,other,tatoeba:swe
Föraren vred ratten åt höger.,other,tatoeba:swe
Nästa konsert kommer att hållas i juni.,other,tatoeba:swe
Vi talar å den australienska ungdomens vägnar.,other,tatoeba:swe
Vi är rädda.,other,tatoeba:swe
Vad betyder det?,other,tatoeba:swe
Deras trädgård är full av väldigt vackra blommor året runt.,other,tatoeba:swe
De säljer diverse varor på den affären.,other,tatoeba:swe
Segla längs kusten.,other,tatoeba:swe
Var är den japanska ambassaden?,other,tatoeba:swe
Låna mig din cykel.,other,tatoeba:swe
Han måste köpa en ny cykel åt sin son.,other,tatoeba:swe
Vi dekorerade rummet själva.,other,tatoeba:swe
Jag försökte skriva med vänster hand.,other,tatoeba:swe
En bra lärare måste vara tålmodig med sina elever.,other,tatoeba:swe
Jag stod och väntade på en buss.,other,tatoeba:swe
Nu finns det ingen återvändo.,other,tatoeba:swe
Publiken bestod mest av elever.,other,tatoeba:swe
Jag har bott här.,other,tatoeba:swe
En kombination av flera misstag ledde till olyckan.,other,tatoeba:swe
Så här långt ser det bra ut.,other,tatoeba:swe
"När jag besökte deras lägenhet, var paret mitt i ett gräl.",other,tatoeba:swe
Han är säker på att han kommer att vinna matchen.,other,tatoeba:swe
Hur många engelska ord kan du?,other,tatoeba:swe
Det du har blivit lärd är oriktigt.,other,tatoeba:swe
Det fanns inte en själ i sikte.,other,tatoeba:swe
Tomten stod på tomten.,other,tatoeba:swe
Lägg tillbaka boken där du fann den.,other,tatoeba:swe
Kärleken kommer så småningom.,other,tatoeba:swe
Löven virvlade runt på gården.,other,tatoeba:swe
Man har funnit olja under Nordsjön.,other,tatoeba:swe
Prova den tröjan.,other,tatoeba:swe
Han klagade över att rätten smakade illa.,other,tatoeba:swe
Våra ansträngningar medförde inte någon framgång.,other,tatoeba:swe
Du ska inte tro att det kommer att bli enkelt.,other,tatoeba:swe
Jag gav det ett försök och tänkte att allting är värt ett försök. Men att sätta ihop ett sånt här program klarar jag inte av.,other,tatoeba:swe
Ett stort djur rymde från zoo.,other,tatoeba:swe
Kom när ni vill.,other,tatoeba:swe
Den gamle mannen och havet är en väldigt spännande bok.,other,tatoeba:swe
När lämnar din far sitt kontor?,other,tatoeba:swe
Du kan alltid räkna med honom i en nödsituation.,other,tatoeba:swe
Läraren kräver utmärkt arbete från sina elever.,other,tatoeba:swe
Det är 800 meters gångväg från mitt hus till skolan.,other,tatoeba:swe
Rosorna blommar i vår trädgård.,other,tatoeba:swe
Vad är den bekvämaste vägen till Tokyo station?,other,tatoeba:swe
Den här gamla bilen går sönder hela tiden.,other,tatoeba:swe
Trädgården har blivit professionellt anlagd.,other,tatoeba:swe
Hon kan tala tio språk.,other,tatoeba:swe
Hon älskar att se på tennismatcher på tv.,other,tatoeba:swe
Jag kommer inte att glömma bort din vänlighet så länge jag lever.,other,tatoeba:swe
Det är lite kallt idag.,other,tatoeba:swe
Vill du följa med?,other,tatoeba:swe
Jag hade väldigt hög feber.,other,tatoeba:swe
Jag behöver inte din hjälp.,other,tatoeba:swe
Han sprang för fort för att vi skulle kunna hinna ikapp.,other,tatoeba:swe
Jag är hungrig.,other,tatoeba:swe
Jag är hungrig för jag har inte ätit lunch.,other,tatoeba:swe
Jag tror inte att det kommer att regna i morgon.,other,tatoeba:swe
Jag är bäst.,other,tatoeba:swe
"Ärligt talat, hans tal är alltid tråkiga.",other,tatoeba:swe
Han stal plånboken av mig.,other,tatoeba:swe
Mina pengar är slut.,other,tatoeba:swe
Tack för din förklaring.,other,tatoeba:swe
Jag pratar inte japanska.,other,tatoeba:swe
Jag kan inte japanska.,other,tatoeba:swe
Vad kostar det?,other,tatoeba:swe
Jag förstår inte.,other,tatoeba:swe
Vad är det?,other,tatoeba:swe
Vad består aspirin av?,other,tatoeba:swe
Sluta fråga mig om en drink! Gå och hämta en själv.,other,tatoeba:swe
Vad skulle världen vara utan kvinnor?,other,tatoeba:swe
Du kan inte prata så högt här.,other,tatoeba:swe
Det är för mörkt för att jag ska kunna läsa.,other,tatoeba:swe
Du får inte parkera bilen på denna gata.,other,tatoeba:swe
John och Mary har känt varandra sedan 1976.,other,tatoeba:swe
"Nancy, här är ett brev till dig.",other,tatoeba:swe
Hon är inte så ung som hon ser ut.,other,tatoeba:swe
"Denna blomma är gul, men alla de andra är blåa.",other,tatoeba:swe
Jag tror att han var arg.,other,tatoeba:swe
Mörker är frånvaro av ljus.,other,tatoeba:swe
Vems cykel är det här?,other,tatoeba:swe
"Ett, tre och fem är udda tal.",other,tatoeba:swe
Min fru hatar katter.,other,tatoeba:swe
Det här gamla bordet används fortfarande.,other,tatoeba:swe
Han gillar att sjunga populära sånger.,other,tatoeba:swe
Jag har fullt upp just nu.,other,tatoeba:swe
"Alla hästar är djur, men inte alla djur är hästar.",other,tatoeba:swe
"Jag gillade henne inte till en början, men nu gör jag det.",other,tatoeba:swe
Du måste vara på stationen senast klockan fem.,other,tatoeba:swe
Hon är en duktig tennisspelare.,other,tatoeba:swe
Nederländerna är ett litet land.,other,tatoeba:swe
Tecknet visar att svaret är rätt.,other,tatoeba:swe
Läkaren bad herr Smith om att sluta röka.,other,tatoeba:swe
Bryt chokladen i små bitar.,other,tatoeba:swe
En gammal man vilade sig i skuggan av trädet.,other,tatoeba:swe
Jag visste inte när jag skulle slå av maskinen.,other,tatoeba:swe
Man skall älska sin mor.,other,tatoeba:swe
"Ge mig lite vatten, och det snabbt.",other,tatoeba:swe
Jag är väldigt glad att se dig igen.,other,tatoeba:swe
De gav oss jobben.,other,tatoeba:swe
Vi är bjudna på middag.,other,tatoeba:swe
Det är ganska kallt.,other,tatoeba:swe
Det överraskar mig inte.,other,tatoeba:swe
Det där är inte en kniv. Det HÄR är en kniv!,other,tatoeba:swe
Han älskade att resa.,other,tatoeba:swe
En dag fann jag en bok där.,other,tatoeba:swe
En gång fann jag en bok där.,other,tatoeba:swe
Kan du visa mig vad du har köpt?,other,tatoeba:swe
Dessa två bröder liknar varandra.,other,tatoeba:swe
Vi ska mötas på stationen klockan nio.,other,tatoeba:swe
Var snäll och vänta i fem minuter.,other,tatoeba:swe
Ta det inte personligt.,other,tatoeba:swe
Han hade tänkt att gifta sig med henne.,other,tatoeba:swe
Denna skrivmaskin har använts mycket.,other,tatoeba:swe
Bilden hänger upp och ned.,other,tatoeba:swe
Jag vet inte om han kommer att besöka oss nästa söndag.,other,tatoeba:swe
"Jag är från Tokyo, Japan.",other,tatoeba:swe
Hur är det? Jag har inte sett dig på evigheter!,other,tatoeba:swe
Det är två elever borta idag.,other,tatoeba:swe
Jag blir ofta förväxlad med min bror.,other,tatoeba:swe
Klimatet är behagligt.,other,tatoeba:swe
Du kan lita på honom.,other,tatoeba:swe
Han tror fortfarande på hennes ord.,other,tatoeba:swe
Företaget gick i konkurs.,other,tatoeba:swe
De är väldigt intresserade av astronomi.,other,tatoeba:swe
Han är poet.,other,tatoeba:swe
Vilket tåg tänker du ta?,other,tatoeba:swe
Brevets innehåll var hemligt.,other,tatoeba:swe
Han är stolt över att ha tagit examen vid Tokyo Universitet.,other,tatoeba:swe
De har ingen annanstans att gå.,other,tatoeba:swe
De har ingen annanstans att ta vägen.,other,tatoeba:swe
Jag älskar dig.,other,tatoeba:swe
Allt som är för dumt för att sägas sjungs.,other,tatoeba:swe
"Jag hittade en lösning, men jag hittade den så fort att det inte kan vara den rätta.",other,tatoeba:swe
Han har faktiskt inte ätit kaviar.,other,tatoeba:swe
Bjud oss på middag på restaurang!,other,tatoeba:swe
Min pappa promenerar varje dag.,other,tatoeba:swe
Cuzco är en av de intressantaste platserna i världen.,other,tatoeba:swe
De som inte önskar gå behöver inte det.,other,tatoeba:swe
Han visade mig sin frimärkssamling.,other,tatoeba:swe
Hon kunde inte komma för hon var sjuk.,other,tatoeba:swe
Det här stället har en mystisk atmosfär.,other,tatoeba:swe
Vi såg barnet kliva på bussen.,other,tatoeba:swe
Jag har en katt och en hund. Katten är svart och hunden är vit.,other,tatoeba:swe
Gillar du golf?,other,tatoeba:swe
Jag känner tjejen som spelar tennis.,other,tatoeba:swe
"”Jag är hungrig”, sa den lilla vita kaninen, så de stannade och åt blomman på en stor hyacint.",other,tatoeba:swe
Folk säger ofta att japanska är ett svårt språk.,other,tatoeba:swe
Folk säger att han aldrig dör.,other,tatoeba:swe
Jag har inte hört något från honom sedan dess.,other,tatoeba:swe
Det är en självklarhet att grundläggande mänskliga rättigheter bör respekteras.,other,tatoeba:swe
Men jag kan aldrig hålla mig.,other,tatoeba:swe
Det kan inte vara sant.,other,tatoeba:swe
Har du gjort klart din engelskläxa än?,other,tatoeba:swe
När gick du upp i morse?,other,tatoeba:swe
Jag har inga pengar.,other,tatoeba:swe
Han sov över hos sin moster.,other,tatoeba:swe
"Du är riktigt klumpig av dig, va!",other,tatoeba:swe
Vad skulle hända om han skulle komma för sent?,other,tatoeba:swe
Han är angelägen om att vara alla till lags.,other,tatoeba:swe
Det var inte förrän igår jag fick nyheterna.,other,tatoeba:swe
Kvinnan som sitter där borta är hans nuvarande fru.,other,tatoeba:swe
Han är bra på att imitera hennes irländska accent.,other,tatoeba:swe
Hur gammal är han?,other,tatoeba:swe
Han råkade höra samtalet.,other,tatoeba:swe
De skilde sig förra året.,other,tatoeba:swe
Man lär sig av erfarenheter.,other,tatoeba:swe
"Kom tillbaka om två veckor från och med i dag, är du snäll.",other,tatoeba:swe
Tom förlöjligar sig alltid över John på grund av hans dialekt.,other,tatoeba:swe
Tom gör alltid narr av John på grund av hans dialekt.,other,tatoeba:swe
De utsmyckade rummet med blommor.,other,tatoeba:swe
Jag representerade mitt universitet på konferensen.,other,tatoeba:swe
Jag vet inte om jag har tid att göra det.,other,tatoeba:swe
Jag gillar varken den ena eller den andra kakan.,other,tatoeba:swe
Vi blev väldigt besvikna över att höra nyheterna.,other,tatoeba:swe
"Förlåt, men jag hör dig inte så bra.",other,tatoeba:swe
Hej Mimi! Hur mår du?,other,tatoeba:swe
Gör det som du tycker är rätt.,other,tatoeba:swe
Han är känd som den bästa advokaten i den här staden.,other,tatoeba:swe
Vi körde för snabbt för att kunna njuta av det vackra landskapet.,other,tatoeba:swe
Var inte dum.,other,tatoeba:swe
Hans mål är att bli lärare.,other,tatoeba:swe
Direktören gav exakt det svar som jag letade efter.,other,tatoeba:swe
Den här rörelsen från landsbygd till stadsområden har pågått i över tvåhundra år.,other,tatoeba:swe
Hej! Hur mår du?,other,tatoeba:swe
Alla människor äro födda fria och lika i värde och rättigheter. De äro utrustade med förnuft och samvete och böra handla gentemot varandra i en anda av broderskap.,other,tatoeba:swe
Sonen ställde en fråga till sin mor.,other,tatoeba:swe
Var såg du henne?,other,tatoeba:swe
Oljuden väckte mig.,other,tatoeba:swe
Fundera på det.,other,tatoeba:swe
Jag kan inte svenska.,other,tatoeba:swe
Jag ska köpa en bil.,other,tatoeba:swe
I går köpte hon grönsaker.,other,tatoeba:swe
Är han läkare?,other,tatoeba:swe
Jag brukar inte dricka kaffe utan socker.,other,tatoeba:swe
Jag vet inte.,other,tatoeba:swe
Vad gör han nu?,other,tatoeba:swe
Är du upptagen?,other,tatoeba:swe
Akiko har flera vänner i Frankrike.,other,tatoeba:swe
Vad har du i din påse?,other,tatoeba:swe
Tack så mycket!,other,tatoeba:swe
Jag vet inte precis när jag ska vara tillbaka.,other,tatoeba:swe
Han bor med sina föräldrar.,other,tatoeba:swe
Han har skrivit en bok om Kina.,other,tatoeba:swe
Vi behöver en ambulans.,other,tatoeba:swe
Hatten är din.,other,tatoeba:swe
Han borde avslöja alltihop och ta konsekvenserna.,other,tatoeba:swe
Jag skulle vilja äta äpplepaj.,other,tatoeba:swe
Han är i tjänst i natt.,other,tatoeba:swe
Jag började att läsa boken.,other,tatoeba:swe
Enda gången folk inte tycker om skvaller är när man skvallrar om dem.,other,tatoeba:swe
Du ser blek ut.,other,tatoeba:swe
De gifter sig nästa månad.,other,tatoeba:swe
Jag vet inte vad det är.,other,tatoeba:swe
Han kan inte alls engelska.,other,tatoeba:swe
Jack kan engelska.,other,tatoeba:swe
En flicka ringde mig.,other,tatoeba:swe
Var är Britney Spears?,other,tatoeba:swe
Jag skriver till Erwan Le Bourdonnec.,other,tatoeba:swe
Vilken färg är ditt hår?,other,tatoeba:swe
Han borde inte komma tillbaka hit.,other,tatoeba:swe
Jag kan sjunga det på engelska.,other,tatoeba:swe
Vi har för många lektioner.,other,tatoeba:swe
"Är det din bok, Mike?",other,tatoeba:swe
Jag gillar att läsa deckare.,other,tatoeba:swe
Jag vill inte ha en smörgås.,other,tatoeba:swe
Ska han dö?,other,tatoeba:swe
Vi behöver pengar.,other,tatoeba:swe
Dina skor är här.,other,tatoeba:swe
Frukosten består av ett smörgåsbord.,other,tatoeba:swe
Får jag låna din bil?,other,tatoeba:swe
Är du inte trött?,other,tatoeba:swe
Bob är min vän.,other,tatoeba:swe
Vad skulle du vilja äta?,other,tatoeba:swe
Jag har två bröder.,other,tatoeba:swe
Kan hon franska?,other,tatoeba:swe
Jag heter Farshad.,other,tatoeba:swe
Hon gav honom en klocka.,other,tatoeba:swe
Jag är arbetslös.,other,tatoeba:swe
Jag valde fel flagga på grund av ett missförstånd.,other,tatoeba:swe
Jag älskar dig mer än du älskar mig.,other,tatoeba:swe
Grattis på födelsedagen!,other,tatoeba:swe
Det är mycket ovanligare för en person att vara politiskt medveten än att vara politiskt aktiv.,other,tatoeba:swe
Det är för att jag ska höra din röst ordentligt.,other,tatoeba:swe
Jag har lite pengar.,other,tatoeba:swe
Det regnade i går.,other,tatoeba:swe
Det förvånar mig inte.,other,tatoeba:swe
Plastfolie tillverkas av polyethylen.,other,tatoeba:swe
"Vad man icke kan tala om, därom måste man tiga.",other,tatoeba:swe
Jag har en svår smärta i ryggen.,other,tatoeba:swe
Vet du inte att han gick bort för två år sedan?,other,tatoeba:swe
Jag vill ha ett eget rum.,other,tatoeba:swe
Morötter och rovor är ätbara rötter.,other,tatoeba:swe
Jag gick hemifrån vid sju.,other,tatoeba:swe
Du kan lämna rummet nu.,other,tatoeba:swe
"Han gav oss kläder, och pengar också.",other,tatoeba:swe
Liftarna var närapå förfrusna när de hittades.,other,tatoeba:swe
Du kan använda ett lexikon till den här tentamen.,other,tatoeba:swe
Han har en plats i parlamentet.,other,tatoeba:swe
Hans utställning på stadsmuséet tilltalade mig inte alls.,other,tatoeba:swe
Om det var han så kunde han gjort sämre ifrån sig.,other,tatoeba:swe
Jag kommer att åka oavsett väder.,other,tatoeba:swe
Han kommer inte att misslyckas vid examinationen.,other,tatoeba:swe
Huset höll på att målas av min far.,other,tatoeba:swe
Det är bara en dröm.,other,tatoeba:swe
De vann faktiskt.,other,tatoeba:swe
Sedan jag återhämtade mig från min allvarliga sjukdom ter sig hela skapelsen vacker för mig.,other,tatoeba:swe
Kan jag avboka den här biljetten?,other,tatoeba:swe
Tårar föll från hennes ögon.,other,tatoeba:swe
I framtiden vill jag bli en TV-presentatör.,other,tatoeba:swe
Tanken på att hon skulle möta den berömda sångaren fick henne att rysa av spänning.,other,tatoeba:swe
Du kan använda mitt skrivbord om du vill.,other,tatoeba:swe
Han utförde arbetet så gott han förmådde.,other,tatoeba:swe
Förespråkare av ökade importavgifter är oense med varandra.,other,tatoeba:swe
Han stannade upp mitt i sitt anförande.,other,tatoeba:swe
Är du för eller mot det här?,other,tatoeba:swe
"Jane är fet, ohövlig och röker för mycket. Men Ken tycker att hon är förtjusande och härlig. Det är därför de säger att kärleken är blind.",other,tatoeba:swe
Jag är rädd att jag inte kommer att vara ledig förrän examinationen är slut.,other,tatoeba:swe
Polisen hann ifatt honom.,other,tatoeba:swe
"Jag är ledsen, vi har helt slut på manti.",other,tatoeba:swe
De säger att han har varit död i två år.,other,tatoeba:swe
Min bror är intresserad av det man kallar popmusik.,other,tatoeba:swe
Mitt armbandsur behöver lagas.,other,tatoeba:swe
Jag håller inte med din åsikt.,other,tatoeba:swe
Jag håller inte med dig.,other,tatoeba:swe
Din fråga hör inte till ämnet.,other,tatoeba:swe
Paula måste hjälpa hennes pappa i köket.,other,tatoeba:swe
Vår telefon fungerar inte längre. Jag skulle behöva laga den.,other,tatoeba:swe
Jag tycker att det är ganska konstigt att han inte skulle veta någonting sådant.,other,tatoeba:swe
Vi ska ha barn.,other,tatoeba:swe
Jag äter här.,other,tatoeba:swe
"Nu behövs inte bara ord, utan också handling.",other,tatoeba:swe
Jag har en bok om fiske.,other,tatoeba:swe
Låt oss göra det någon annan gång.,other,tatoeba:swe
Det är bara en ursäkt.,other,tatoeba:swe
Min bror har aldrig bestigit Mt Fuji.,other,tatoeba:swe
Jag är mycket hungrig.,other,tatoeba:swe
Jag är jättehungrig.,other,tatoeba:swe
"Du med, min son!",other,tatoeba:swe
Jag skapade en genväg på skrivbordet.,other,tatoeba:swe
Jag heter Jack.,other,tatoeba:swe
Ett ögonblicks tvekan kan kosta en pilot livet.,other,tatoeba:swe
Jag visste inte hur jag skulle svara på hans fråga.,other,tatoeba:swe
Jag älskar min mamma.,other,tatoeba:swe
Han är en gentleman.,other,tatoeba:swe
Jag är från Kyoto.,other,tatoeba:swe
Hur skulle det vara med en kopp te?,other,tatoeba:swe
"Ge mig en kopp te, är ni snäll.",other,tatoeba:swe
Min mor tycker mycket om te.,other,tatoeba:swe
Klockan är tio i åtta på morgonen.,other,tatoeba:swe
Han gav mig kaffe trots att jag hade bett om te.,other,tatoeba:swe
"Lite mer mjölk i kaffet, tack.",other,tatoeba:swe
Jag föredrar kaffe framför té.,other,tatoeba:swe
Kom och drick te med mig.,other,tatoeba:swe
Ge mig lite mer te.,other,tatoeba:swe
Skulle ni vilja ha en kopp té?,other,tatoeba:swe
Beatles bestod av fyra musiker.,other,tatoeba:swe
Vill ni ha te eller kaffe?,other,tatoeba:swe
Flickan höll på att koka te till åt sin kamrat.,other,tatoeba:swe
Jag bad honom att koka lite te.,other,tatoeba:swe
Han bor i Kyoto.,other,tatoeba:swe
Hon bor i Kyoto.,other,tatoeba:swe
Jeg snakker ikke japansk.,other,tatoeba:nob
Hva koster det?,other,tatoeba:nob
Jeg forstår ikke.,other,tatoeba:nob
Det er ikke viktig.,other,tatoeba:nob
Det er kaldt.,other,tatoeba:nob
Hva er det?,other,tatoeba:nob
Jeg vet ikke men jeg har tid før det.,other,tatoeba:nob
Alle mennesker er født frie og med samme menneskeverd og menneskerettigheter. De er utstyrt med fornuft og samvittighet og bør handle mot hverandre i brorskapets ånd.,other,tatoeba:nob
Hva består aspirin av?,other,tatoeba:nob
Slutt å spørre meg om en drink! Gå og hent en selv.,other,tatoeba:nob
Hva ville verden vært uten kvinner?,other,tatoeba:nob
Du må ikke snakke så høyt her.,other,tatoeba:nob
Det er for mørkt til at jeg kan lese.,other,tatoeba:nob
Du må ikke parkere bilen i denne gaten.,other,tatoeba:nob
Jeg liker måten du går på.,other,tatoeba:nob
John og Mary har kjent hverandre siden 1976.,other,tatoeba:nob
"Nancy, her er et brev til deg.",other,tatoeba:nob
"Ta den du liker best, samme hvilken det er.",other,tatoeba:nob
Hvilke filmer går nå?,other,tatoeba:nob
Ikke gå så fort! Jeg klarer ikke å holde følge med deg.,other,tatoeba:nob
Jeg er i et fryktelig dilemma.,other,tatoeba:nob
Hvem skrev denne boken? John.,other,tatoeba:nob
Få mennesker lever til de er hundre.,other,tatoeba:nob
Du kan ikke få god karakter uten å jobbe hardt.,other,tatoeba:nob
"Tom snakker spansk, og Betty snakker også spansk.",other,tatoeba:nob
Si til henne hvilken hun skal ta.,other,tatoeba:nob
Men hvordan kan de gjøre dette?,other,tatoeba:nob
Jeg gjør alt du ber meg om.,other,tatoeba:nob
Du er dum.,other,tatoeba:nob
Ordboken inneholder cirka en halv million ord.,other,tatoeba:nob
Har du noen gang vært i Mexico?,other,tatoeba:nob
Dette tv-programmet er faktisk ganske interessant.,other,tatoeba:nob
Jeg er bekymret for eksamensresultatet.,other,tatoeba:nob
'A' kommer før 'B' i alfabetet.,other,tatoeba:nob
Det er virkelig et problem.,other,tatoeba:nob
Hvem står der?,other,tatoeba:nob
Det står en bil foran bygningen.,other,tatoeba:nob
Det er på tide at du begynner å vaske bordet.,other,tatoeba:nob
"""Brann"" ropte han.",other,tatoeba:nob
Sakuras måte å snakke på går meg på nervene.,other,tatoeba:nob
Disse to brødrene ligner på hverandre.,other,tatoeba:nob
Om bare legen hadde kommet litt fortere.,other,tatoeba:nob
Det er imot mine prinsipper.,other,tatoeba:nob
Det beste er å be en ekspert om å reparere den.,other,tatoeba:nob
Denne brosjyren er gratis.,other,tatoeba:nob
Jeg må finne ut nøyaktig hva som gikk galt.,other,tatoeba:nob
Skal vi snakke om det over en kopp kaffe?,other,tatoeba:nob
Hvorfor ringte du meg ikke i går kveld?,other,tatoeba:nob
"Jeg tror ikke det blir regn, men jeg tar en paraply i tilfelle.",other,tatoeba:nob
Jeg ble kjent med ham da jeg var student.,other,tatoeba:nob
Kan du spille gitar?,other,tatoeba:nob
Ditt arbeid er langt fra tilfredsstillende.,other,tatoeba:nob
Banken åpner klokken 9 og stenger klokken 15.,other,tatoeba:nob
Jeg vil heller gå enn å vente på en buss.,other,tatoeba:nob
Vær snill å sende meg saltet.,other,tatoeba:nob
Jeg liker ikke å lage mat når det er varmt ute.,other,tatoeba:nob
Det skjeve tårn i Pisa er høyere enn kirken.,other,tatoeba:nob
Jeg er enig.,other,tatoeba:nob
Jeg har vondt i hodet.,other,tatoeba:nob
Du er en engel!,other,tatoeba:nob
Jeg vil vite hvem som blir med oss.,other,tatoeba:nob
Det er ikke min skyld!,other,tatoeba:nob
Denne gitaren er så dyr at jeg ikke kan kjøpe den.,other,tatoeba:nob
Ses vi i morgen?,other,tatoeba:nob
Jeg er tørst.,other,tatoeba:nob
Du har rett.,other,tatoeba:nob
Du er min type.,other,tatoeba:nob
Du er uimotståelig.,other,tatoeba:nob
Hvem snakker jeg med?,other,tatoeba:nob
"I en alder av seks hadde han lært å bruke skrivemaskin, og sa til læreren at han ikke trengte å lære å skrive for hånd.",other,tatoeba:nob
Kan jeg få snakke med Bill?,other,tatoeba:nob
Jeg ringer deg en annen gang.,other,tatoeba:nob
Begge brødrene er musikere.,other,tatoeba:nob
Hva er dette? Spurte Tony.,other,tatoeba:nob
Ken sluttet å snakke og begynte å spise.,other,tatoeba:nob
"Lommekalkulatorer er like billige å kjøpe som et par sokker, og like viktig for tusener av britiske skolebarn som blyant og viskelær.",other,tatoeba:nob
"Hvor enn du går, vil du aldri finne et bedre sted enn ditt eget hjem.",other,tatoeba:nob
Han fortsatte å gå i to timer.,other,tatoeba:nob
Det er ingenting jeg liker så godt som å se baseballkamper på tv.,other,tatoeba:nob
Han møtte sin venn mens han badet i sjøen.,other,tatoeba:nob
Hun røyker 20 sigaretter om dagen.,other,tatoeba:nob
Jeg var dårlig i engelsk.,other,tatoeba:nob
Jeg er trøtt.,other,tatoeba:nob
Han har lite penger med seg.,other,tatoeba:nob
"Jo eldre du er, desto vanskeligere er det å lære et språk.",other,tatoeba:nob
"Hver gang jeg prøvde, feilet jeg.",other,tatoeba:nob
I Japan er det ikke vanlig å gi tips for god service.,other,tatoeba:nob
Det er veldig vanskelig å vite hvilket land en person kommer fra.,other,tatoeba:nob
Hva med 12:45?,other,tatoeba:nob
Idrett har gjort ham til den han er.,other,tatoeba:nob
Jeg er ikke ferdig med leksene ennå.,other,tatoeba:nob
Du får ikke komme inn.,other,tatoeba:nob
Hun ble gift i en alder av søtten.,other,tatoeba:nob
"Han er ikke lærer, men lege.",other,tatoeba:nob
Du må lese mellom linjene.,other,tatoeba:nob
Jeg hadde bare såvidt spist ferdig når min venn ringte meg og inviterte meg ut på middag.,other,tatoeba:nob
Han ble tvunget til å signere kontrakten mot sin vilje.,other,tatoeba:nob
"""Jeg skulle bare ønske jeg kunne være med deg for evig og alltid"", svarte den lille svarte kaninen.",other,tatoeba:nob
Denne heisen kan ta 10 personer om gangen.,other,tatoeba:nob
Jeg sto opp klokken fem den morgenen.,other,tatoeba:nob
Hennes sønn døde av kreft allerede som barn.,other,tatoeba:nob
Han har vært død i tre år.,other,tatoeba:nob
Folk sier at han aldri dør.,other,tatoeba:nob
Han sluttet å røyke i fjor.,other,tatoeba:nob
Mor er mer nervøs for eksamensresultatet enn jeg er.,other,tatoeba:nob
På dødsleiet ba han meg om å fortsette å skrive til deg.,other,tatoeba:nob
Kan jeg låne pennen din?,other,tatoeba:nob
Han er ikke det minste interessert i hva som skjer i verden.,other,tatoeba:nob
Det som ser lett ut ved første øyekast viser seg å være vanskelig.,other,tatoeba:nob
Jeg tror det kommer til å bli en fin dag.,other,tatoeba:nob
Jeg var på nippet til å gi opp da jeg plutselig fant løsningen.,other,tatoeba:nob
Det pleide å være en stor park her.,other,tatoeba:nob
Hønene våre la mange egg i går.,other,tatoeba:nob
Jeg inviterte Jane på middag.,other,tatoeba:nob
"Gi meg litt vann, og vær rask.",other,tatoeba:nob
Far kjøpte boken til meg.,other,tatoeba:nob
Ikke ta det personlig.,other,tatoeba:nob
Han har lite erfaring i å undervise.,other,tatoeba:nob
Katteøyne er veldig følsomme for lys.,other,tatoeba:nob
Hun går sjelden ut.,other,tatoeba:nob
Hun har ingen brødre.,other,tatoeba:nob
Små barn er redde for å bli forlatt i mørket.,other,tatoeba:nob
Er du sikker?,other,tatoeba:nob
Hvor mye er klokka?,other,tatoeba:nob
Han er sporløst forsvunnet.,other,tatoeba:nob
Hva gjør du?,other,tatoeba:nob
Tur-retur? Bare en vei.,other,tatoeba:nob
For godt til å være sant.,other,tatoeba:nob
Roma ble ikke bygd på en dag.,other,tatoeba:nob
Han reiste seg og trakk pusten dypt.,other,tatoeba:nob
Du er gammel nok til å ta vare på deg selv.,other,tatoeba:nob
Byen min er ikke som den pleide å være.,other,tatoeba:nob
Jeg lurer på om han egentlig er syk?,other,tatoeba:nob
Roser blomstrer om våren.,other,tatoeba:nob
India er verdens sjuende største land.,other,tatoeba:nob
Gutten kom løpende.,other,tatoeba:nob
Dette brevet kom mens du var ute.,other,tatoeba:nob
La oss sette oss på den benken.,other,tatoeba:nob
Jeg er ikke vant til å drikke kaffe uten sukker.,other,tatoeba:nob
Det er en fordel å kunne bruke en datamaskin.,other,tatoeba:nob
Læreren så over eksamenspapirene.,other,tatoeba:nob
Se fotnoten på side 5.,other,tatoeba:nob
Muiriel er 20 nå.,other,tatoeba:nob
"Passordet er ""Muiriel"".",other,tatoeba:nob
Jeg er straks tilbake.,other,tatoeba:nob
Jeg vet ikke.,other,tatoeba:nob
Jeg var på fjellet.,other,tatoeba:nob
Jeg tjener 100 euro om dagen.,other,tatoeba:nob
Jeg savner deg.,other,tatoeba:nob
Jeg ringer dem i morgen når jeg kommer hjem.,other,tatoeba:nob
Jeg likte aldri biologi.,other,tatoeba:nob
Det overrasker meg ikke.,other,tatoeba:nob
Når jeg blir stor vil jeg bli konge.,other,tatoeba:nob
Vi har nesten sluppet opp for penger.,other,tatoeba:nob
Alle kjenner loven.,other,tatoeba:nob
Jeg var så varm at jeg tok av meg frakken.,other,tatoeba:nob
Klokka seks passer meg veldig bra.,other,tatoeba:nob
Til min overraskelse avslo han tilbudet.,other,tatoeba:nob
Navnene deres er Tom og Ken.,other,tatoeba:nob
De spiser frokost klokken åtte denne uken.,other,tatoeba:nob
Jeg lurer på hvor han er nå.,other,tatoeba:nob
Bare bli stående.,other,tatoeba:nob
Mannen oppførte seg veldig merkelig.,other,tatoeba:nob
Haruki har ikke mye penger med seg.,other,tatoeba:nob
De møtes en gang i uka.,other,tatoeba:nob
Læreren var veldig rettferdig da hun satte eksamenskarakterene.,other,tatoeba:nob
Hvem ville tatt vare på barna mine om jeg døde?,other,tatoeba:nob
La oss gå hjem.,other,tatoeba:nob
Han er alltid oppmerksom på sine barns oppførsel.,other,tatoeba:nob
Vil du ha noe å spise?,other,tatoeba:nob
"Siden han var så trøtt, sovnet han fort.",other,tatoeba:nob
Tåken har lettet.,other,tatoeba:nob
Gutten samlet en håndfull peanøtter og puttet dem i en liten boks.,other,tatoeba:nob
Han mente ikke å såre deg.,other,tatoeba:nob
Linjen har vært opptatt i 30 minutter nå.,other,tatoeba:nob
Du skulle holdt det hemmelig.,other,tatoeba:nob
Hans barnslige latter er sjarmerende.,other,tatoeba:nob
Han jobbet så hardt at han ødela helsen sin.,other,tatoeba:nob
Prisene har gått ned.,other,tatoeba:nob
Jeg er veldig glad for å se deg igjen.,other,tatoeba:nob
Du må være forberedt på det verste.,other,tatoeba:nob
Hvis du virkelig var interessert i hva jeg sier ville du ikke stirret ut av vinduet.,other,tatoeba:nob
Spiller du et musikkinstrument?,other,tatoeba:nob
Jeg har allerede vært i Amerika.,other,tatoeba:nob
Nara er en by jeg liker veldig godt.,other,tatoeba:nob
Fem tusen dollar er mye penger.,other,tatoeba:nob
"Jeg er fra Tokyo, Japan.",other,tatoeba:nob
Det er viktig å prøve å komme overens med folk fra andre land.,other,tatoeba:nob
Det virker som om læreren var skuffet.,other,tatoeba:nob
Ikke alle studentene var tilstede.,other,tatoeba:nob
Jeg er ikke så god i engelsk ennå.,other,tatoeba:nob
Jeg åpnet en konto i min datters navn.,other,tatoeba:nob
Det er ulovlig å kopiere fra bøker uten forfatterens tillatelse.,other,tatoeba:nob
Tokyo er en av de største byene.,other,tatoeba:nob
Folk flest tror datamaskiner aldri vil bli i stand til å tenke.,other,tatoeba:nob
Hvorfor har du utsatt å gå til tannlegen?,other,tatoeba:nob
Han er alt annet enn ærlig.,other,tatoeba:nob
Skolen ligner et fengsel.,other,tatoeba:nob
Jeg kan ikke bruke denne maskinen.,other,tatoeba:nob
Hva vil du ha til lunsj?,other,tatoeba:nob
Jeg heter Jack.,other,tatoeba:nob
Jeg blir ferdig med denne romanen til du kommer i morgen.,other,tatoeba:nob
Din mor må ha vært vakker som ung.,other,tatoeba:nob
Hva gjør du for å få tiden til å gå?,other,tatoeba:nob
Han lurer på om du er redd for slanger.,other,tatoeba:nob
Jeg kan ikke ta imot denne gaven.,other,tatoeba:nob
Det er ikke langt unna hotellet.,other,tatoeba:nob
Det er mange ting vi må tenke på.,other,tatoeba:nob
Jeg har aldri sett en så stor hval.,other,tatoeba:nob
Noe er galt med denne vaskemaskinen.,other,tatoeba:nob
Du trenger ikke å bruke ordbok når du leser denne boken.,other,tatoeba:nob
Jeg forstår ikke tysk.,other,tatoeba:nob
"""Jeg er ikke så flink til å svømme."" ""Ikke jeg heller.""",other,tatoeba:nob
Hvor lenge har du tenkt å bli i dette landet?,other,tatoeba:nob
Det var få mennesker på stranden.,other,tatoeba:nob
Hun er misunnelig på min suksess.,other,tatoeba:nob
"Hva liker du best, fysikk eller kjemi?",other,tatoeba:nob
"Siden jeg kom for sent til toget, måtte jeg vente ca en time på det neste.",other,tatoeba:nob
"Supermarkedene er stengt nå, så vi må klare oss med det som er igjen i kjøleskapet.",other,tatoeba:nob
"Jeg likte henne ikke i begynnelsen, men nå gjør jeg det.",other,tatoeba:nob
En fremmed kom og spurte meg om veien til sykehuset.,other,tatoeba:nob
"Disse perlene er ekte, ikke kunstige.",other,tatoeba:nob
Dette biblioteket har over 50 000 titler.,other,tatoeba:nob
Gutten kastet steiner på hunden.,other,tatoeba:nob
Jeg venter her til han kommer tilbake.,other,tatoeba:nob
Han er broren min.,other,tatoeba:nob
Takk for informasjonen.,other,tatoeba:nob
Vi er bekymret for deg.,other,tatoeba:nob
"Jeg var veldig trøtt, så jeg la meg tidlig.",other,tatoeba:nob
Legg merke til hvordan spilleren bruker albuene.,other,tatoeba:nob
Jeg visste ikke når jeg skulle slå av maskinen.,other,tatoeba:nob
Har du hørt fra ham i det siste?,other,tatoeba:nob
Selv eksperter tok maleriet for å være en ekte Rembrandt.,other,tatoeba:nob
Han ble plukket opp av et passerende skip.,other,tatoeba:nob
Tom kjørte bilen.,other,tatoeba:nob
Rødvin passer bra til kjøtt.,other,tatoeba:nob
"Beklager, men vi tar ikke sjekker.",other,tatoeba:nob
Vil du la meg se på det?,other,tatoeba:nob
Brevet er datert 1. april 1987.,other,tatoeba:nob
Hun er en stille kvinne.,other,tatoeba:nob
Vi assosierte navnet Lincoln med frihet.,other,tatoeba:nob
Har du noen epler?,other,tatoeba:nob
Min mor går til tannlegen annenhver dag for å få fikset tennene.,other,tatoeba:nob
Han er omtrent på din alder.,other,tatoeba:nob
Han liker å synge populære sanger.,other,tatoeba:nob
Hun kjedet seg veldig under forelesningen.,other,tatoeba:nob
Jeg ser på bildene av Jane.,other,tatoeba:nob
"Hun er ikke hans søster, men hans mor.",other,tatoeba:nob
Hun begynte å synge.,other,tatoeba:nob
Spis middagen din nå.,other,tatoeba:nob
Hvem skal jeg velge?,other,tatoeba:nob
Jeg så naboens hund løpe rundt på gårdsplassen.,other,tatoeba:nob
Prøv å ha en positiv innstilling til alt.,other,tatoeba:nob
Barn elsker å leke på stranden.,other,tatoeba:nob
I Japan er det veldig varmt om sommeren.,other,tatoeba:nob
Barn skal adlyde sine foreldre.,other,tatoeba:nob
Dyr er redde for brann.,other,tatoeba:nob
Vi begynner alltid med de vanskeligste oppgavene.,other,tatoeba:nob
Han beskyldte mannen for stjeling.,other,tatoeba:nob
Jeg har vært i Japan i tre år.,other,tatoeba:nob
Jeg mottok brevet ditt i går.,other,tatoeba:nob
Det er leggetid.,other,tatoeba:nob
Det var denne gutten som knuste vindusruten.,other,tatoeba:nob
Det er en mulighet for at mannen ble myrdet.,other,tatoeba:nob
Etterspørselen etter dette produktet har vokst raskere enn tilbudet i det siste.,other,tatoeba:nob
"Hun snakket for fort, slik at jeg ikke forstod.",other,tatoeba:nob
Han skal ta over firmaet når faren pensjonerer seg.,other,tatoeba:nob
Han liker musikk veldig godt.,other,tatoeba:nob
Brent barn skyr ilden.,other,tatoeba:nob
En dag fant jeg en boks der.,other,tatoeba:nob
Han er den korteste av de to guttene.,other,tatoeba:nob
Ikke døm etter utseende.,other,tatoeba:nob
Jeg husker at hun hadde på seg en grønn hatt.,other,tatoeba:nob
Kunne jeg få telefonnummeret ditt?,other,tatoeba:nob
Hvorfor snakker du om ham som om han var en gammel mann?,other,tatoeba:nob
Det er noe galt med denne maskinen.,other,tatoeba:nob
Han har tre barn.,other,tatoeba:nob
Ikke løp over gata.,other,tatoeba:nob
Jeg ba ham om å vente her.,other,tatoeba:nob
Moren har gjort henne til den hun er.,other,tatoeba:nob
Håp er ingen strategi.,other,tatoeba:nob
Jeg holdt pusten i spenning.,other,tatoeba:nob
Det er overraskende at han skal ha sagt slike ting om meg.,other,tatoeba:nob
Broren min går på colloege i Kobe.,other,tatoeba:nob
Drømmen hans er å dra til Sveits.,other,tatoeba:nob
Skolen begynner i april.,other,tatoeba:nob
Lånte jeg deg ikke penger i går?,other,tatoeba:nob
Han var glad for de gode nyhetene.,other,tatoeba:nob
Vi har hatt mye regn denne måneden.,other,tatoeba:nob
Hun er veldig bekymret for helsen hans.,other,tatoeba:nob
Hvorfor vil du bli sykepleier?,other,tatoeba:nob
Jeg har mange venner.,other,tatoeba:nob
Neste morgen hadde snømannen smeltet helt.,other,tatoeba:nob
Barn trenger mye søvn.,other,tatoeba:nob
Jeg vil at du skal oversette denne boken til engelsk.,other,tatoeba:nob
Han hørte på musikken med øynene lukket.,other,tatoeba:nob
Jeg var tynn som ung.,other,tatoeba:nob
Appelsiner har høyt vitamininnhold.,other,tatoeba:nob
Hun er ingen sanger.,other,tatoeba:nob
Det er verdt et forsøk.,other,tatoeba:nob
Slå det opp i ordboken.,other,tatoeba:nob
Hvem lærte deg å danse?,other,tatoeba:nob
Det vil ikke ta lang tid før han blir frisk.,other,tatoeba:nob
Hun skriver til sin sønn en gang i blant.,other,tatoeba:nob
Hun har bestemt seg for å dra til Amerika for å studere.,other,tatoeba:nob
Det var så kaldt at jeg ble hjemme hele dagen.,other,tatoeba:nob
Det er fem år siden vi flyttet hit.,other,tatoeba:nob
Hvor langt er det herfra til parken?,other,tatoeba:nob
Jeg må si deg opp hvis du kommer for sent så ofte.,other,tatoeba:nob
Spiser du i klasserommet?,other,tatoeba:nob
Jeg vet ikke om han vil besøke oss neste søndag.,other,tatoeba:nob
La oss diskutere problemet med dem.,other,tatoeba:nob
Bare tanken på slanger gjør henne blek.,other,tatoeba:nob
"Mannen kjempet tappert, men ga seg tilslutt.",other,tatoeba:nob
La oss stoppe her og fortsette i morgen.,other,tatoeba:nob
Kan du ikke bli litt til?,other,tatoeba:nob
Brian har kjøpt en leppestift til Kate.,other,tatoeba:nob
De er begge kollegaer av meg.,other,tatoeba:nob
Jeg er stolt av å være en del av dette prosjektet.,other,tatoeba:nob
"Verden er som en bok, og de som ikke reiser leser bare en side.",other,tatoeba:nob
Jeg hører på musikk.,other,tatoeba:nob
Når kommer du tilbake? Det er alt avhengig av været.,other,tatoeba:nob
Herr Ou er kommet til Japan for å studere japansk.,other,tatoeba:nob
Himmelen er blå.,other,tatoeba:nob
Hvilken vei skal vi gå?,other,tatoeba:nob
Jeg sovnet foran TVen.,other,tatoeba:nob
"Selv nå, mange år etter den kalde krigen, er der fortsatt mye bitterhet mellom tyskere og russere, spesielt i områder som ble okkupert av Sovietunionen.",other,tatoeba:nob
"Jeg godtar det, men på en betingelse.",other,tatoeba:nob
Så stor du er!,other,tatoeba:nob
Jeg har besøkt min fars grav.,other,tatoeba:nob
Blir du hjemme i kveld?,other,tatoeba:nob
Hvordan kan du ha laptop men ingen mobil?,other,tatoeba:nob
Det er for dyrt!,other,tatoeba:nob
De forente stater grenser til Canada.,other,tatoeba:nob
Jeg har leid et rom i Paris for en måned.,other,tatoeba:nob
Han hadde langt hår i fjor.,other,tatoeba:nob
"En, to, tre, fire, fem, seks, sju, åtte, ni, ti.",other,tatoeba:nob
Han er gammel nok til å kunne kjøre bil.,other,tatoeba:nob
Han er redd for hunder.,other,tatoeba:nob
Sitroner er sure.,other,tatoeba:nob
Mange engelske ord stammer fra latin.,other,tatoeba:nob
"Alle hester er dyr, men ikke alle dyr er hester.",other,tatoeba:nob
Hvor lenge har hun vært syk?,other,tatoeba:nob
Spørsmålet kan bare tolkes på en måte.,other,tatoeba:nob
Jeg har ikke billett.,other,tatoeba:nob
Det kan skje hvem som helst.,other,tatoeba:nob
Du er ikke innlogget.,other,tatoeba:nob
Han er flink i matematikk.,other,tatoeba:nob
Brekk sjokoladen i små biter.,other,tatoeba:nob
Pisk eggehviten stiv.,other,tatoeba:nob
Skrell og finriv pepperroten.,other,tatoeba:nob
Jeg skreller selerien og potetene.,other,tatoeba:nob
"Ha i honningen, sitronsaften, de ristede mandlene og de revne eplene.",other,tatoeba:nob
Jeg kjenner ingen av dem.,other,tatoeba:nob
Ikke gå så fort.,other,tatoeba:nob
Jeg glemte å spørre ham.,other,tatoeba:nob
Hun er alkoholiker.,other,tatoeba:nob
Hitler førte Tyskland inn i krig.,other,tatoeba:nob
Jeg spurte ham om hvorfor han er så trist.,other,tatoeba:nob
Jeg angrer på å ha dratt dit.,other,tatoeba:nob
Jeg liker engelsk bedre enn matematikk.,other,tatoeba:nob
Hvor mye kostet de brillene?,other,tatoeba:nob
Er disse bananene modne?,other,tatoeba:nob
Magesmertene er borte.,other,tatoeba:nob
Hun dro første juledag.,other,tatoeba:nob
Hun er veldig glad i kake.,other,tatoeba:nob
Ikke gjem deg under sengen.,other,tatoeba:nob
Hva snakker han om?,other,tatoeba:nob
Jeg kan svømme veldig fort.,other,tatoeba:nob
Ikke rør sykkelen min.,other,tatoeba:nob
Drømmen ble sann.,other,tatoeba:nob
Kaniner liker gulrøtter.,other,tatoeba:nob
I land som Norge og Finland har de mye snø om vinteren.,other,tatoeba:nob
Hva er hovedstaden i Finland?,other,tatoeba:nob
Hobbyen min er å samle på gamle leker.,other,tatoeba:nob
Nederland er et lite land.,other,tatoeba:nob
Du må være på stasjonen senest klokken fem.,other,tatoeba:nob
Arbeidsledigheten økte til fem prosent.,other,tatoeba:nob
Da jeg bygde på huset var det bare i dette rommet jeg fikk satt inn lydisolasjon og en lås på innsiden.,other,tatoeba:nob
Vennligst kom når det passer deg.,other,tatoeba:nob
Opptredenen hans var prisverdig.,other,tatoeba:nob
Hun bøyde alltid av for meningene hans.,other,tatoeba:nob
Han burde innrømme sin skyld.,other,tatoeba:nob
Så varmt det er i dag!,other,tatoeba:nob
Man skal elske sin mor.,other,tatoeba:nob
Dette ble bygd for rundt 500 år siden.,other,tatoeba:nob
Faren hans spiser der to ganger i uken.,other,tatoeba:nob
Han forlangte bedre betaling.,other,tatoeba:nob
Det henger et kart på veggen.,other,tatoeba:nob
Døren forble lukket.,other,tatoeba:nob
Den er til min familie.,other,tatoeba:nob
Det sies at han skrev denne boken.,other,tatoeba:nob
Piken er en sykesøster.,other,tatoeba:nob
Han har kommet tilbake fra Amerika.,other,tatoeba:nob
Ikke bekymre deg for oss.,other,tatoeba:nob
Det hadde snødd i en uke.,other,tatoeba:nob
De fleste sveitsere kan snakke tre eller fire språk.,other,tatoeba:nob
"Tre is, takk.",other,tatoeba:nob
Jeg inviterte dem til festen.,other,tatoeba:nob
Jeg tilbrakte hele dagen på stranden.,other,tatoeba:nob
Hvordan har du det?,other,tatoeba:dan
"På trods af al sin rigdom og berømmelse, er han ulykkelig.",other,tatoeba:dan
Jeg ved ikke hvad jeg skal gøre.,other,tatoeba:dan
Han tror det er umuligt for mig at bestige bjerget alene.,other,tatoeba:dan
Jeg kan ikke lide æg.,other,tatoeba:dan
"Folk som ikke synes at latin er det smukkeste sprog, har intet forstået.",other,tatoeba:dan
Vi fløj over Atlanterhavet.,other,tatoeba:dan
Hvorfor stod du så tidligt op?,other,tatoeba:dan
"For at slå tiden ihjel, slentrede jeg gennem gaderne.",other,tatoeba:dan
Mange amerikanere er interesserede i jazz.,other,tatoeba:dan
Vent venligst et øjeblik.,other,tatoeba:dan
Disse blomster vil for det meste overleve vinteren.,other,tatoeba:dan
Døden bliver ofte sammenlignet med søvn.,other,tatoeba:dan
Hun er ikke læge.,other,tatoeba:dan
Røgalarmen er aldrig blevet vedligeholdt.,other,tatoeba:dan
Han er skyldig i tyveri.,other,tatoeba:dan
Hvad er du interesseret i?,other,tatoeba:dan
Han faldt i grøften.,other,tatoeba:dan
Der kommer til at være et problem.,other,tatoeba:dan
Jeg synes de er rigtig sjove.,other,tatoeba:dan
Min far skulle til at gå da telefonen ringede.,other,tatoeba:dan
"Mærkeligt, ikke? Vi skulle allerede være nået frem.",other,tatoeba:dan
Jeg vil kalde på en politibetjent.,other,tatoeba:dan
Jeg vil ringe for at få det bekræftet.,other,tatoeba:dan
Jeg vil ikke spise morgenmad i dag.,other,tatoeba:dan
Jeg arbejder 3 timer hver søndag morgen.,other,tatoeba:dan
Jeg arbejder her. Jeg er ingen gæst.,other,tatoeba:dan
Jeg arbejder på et hospital.,other,tatoeba:dan
Jeg arbejder om morgenen.,other,tatoeba:dan
Jeg vil gerne have en flaske hostesaft.,other,tatoeba:dan
Jeg vil gerne have et værelse med aircondition.,other,tatoeba:dan
Jeg vil gerne have kyllingesuppe.,other,tatoeba:dan
Drengen der ror båden er en af mine venner.,other,tatoeba:dan
Vi tog til søen for at ro i en båd.,other,tatoeba:dan
Tooghalvtreds procent af britiske kvinder foretrækker chokolade frem for sex.,other,tatoeba:dan
Titanic sank på sin jomfrurejse.,other,tatoeba:dan
Det var i 1912 at Titanic sank under sin første rejse.,other,tatoeba:dan
Alt i alt er jeg tilfreds med resultatet.,other,tatoeba:dan
Det er cirka 8 kilometer væk.,other,tatoeba:dan
Klokken er næsten seks.,other,tatoeba:dan
"Hun dumpede eksamen, og jeg blev meget skuffet.",other,tatoeba:dan
Vi havde ikke mange problemer.,other,tatoeba:dan
Det er lige meget.,other,tatoeba:dan
Hvorfor går du ikke på kur?,other,tatoeba:dan
"Diane er også din halvsøster, George.",other,tatoeba:dan
"Din mor må have været smuk, da hun var ung.",other,tatoeba:dan
Hvor mange biler har du?,other,tatoeba:dan
Drikkevand med syreregn påvirker helbredet.,other,tatoeba:dan
Vi vil allesammen gerne have at priserne falder.,other,tatoeba:dan
Jeg vil tage til udlandet på et tidspunkt.,other,tatoeba:dan
Jeg nåede frem til landsbyen før det blev mørkt.,other,tatoeba:dan
Jeg tog bussen for at nå frem før det blev mørkt.,other,tatoeba:dan
Det er ved at blive mørkt. Vær sød at tænde lyset for mig.,other,tatoeba:dan
Det er ved at blive mørkt. Du må hellere gå hjem.,other,tatoeba:dan
Lad hende ikke gå ud når det er mørkt.,other,tatoeba:dan
Han arbejder meget hårdt.,other,tatoeba:dan
Han går ofte i biografen med hende.,other,tatoeba:dan
Han maler tit landskaber.,other,tatoeba:dan
Han sad foran så han kunne høre.,other,tatoeba:dan
Han går ofte med hånden i lommen.,other,tatoeba:dan
Han gjorde tit sin mor nervøs.,other,tatoeba:dan
Han var tit oppe til sent om natten.,other,tatoeba:dan
Han glemmer tit hvad han har lovet.,other,tatoeba:dan
Han plejede at mobbe sine venner.,other,tatoeba:dan
Han spiser tit fisk til aftensmad.,other,tatoeba:dan
Han er enten fuld eller skør.,other,tatoeba:dan
Det vil tage en evighed at forklare det hele.,other,tatoeba:dan
Ved du hvor hun er?,other,tatoeba:dan
Dan kan lide at lave modelbiler.,other,tatoeba:dan
Manden pustede røg i hovedet på hende.,other,tatoeba:dan
"Vi har meget, vi skal igennem.",other,tatoeba:dan
Jeg har ikke set meget til ham på det seneste.,other,tatoeba:dan
Jeg kan ikke sove om natten.,other,tatoeba:dan
Må jeg tage med dig?,other,tatoeba:dan
Jeg har ikke mødt ham.,other,tatoeba:dan
Jeg skal nok holde det hemmeligt.,other,tatoeba:dan
Vi er sultne.,other,tatoeba:dan
Uret virker ikke.,other,tatoeba:dan
Mit ur skal repareres.,other,tatoeba:dan
Går dit ur rigtigt?,other,tatoeba:dan
Mit ur går rigtigt.,other,tatoeba:dan
Hvor er mit ur?,other,tatoeba:dan
Der hænger et ur på væggen.,other,tatoeba:dan
Hvad er klokken på dit ur?,other,tatoeba:dan
Er det en kat?,other,tatoeba:dan
Hun gav katten mælk.,other,tatoeba:dan
Katten sover på stolen.,other,tatoeba:dan
Er det en kat eller en hund?,other,tatoeba:dan
Hendes øjne minder mig om en kats.,other,tatoeba:dan
I køkkenet er der en kat.,other,tatoeba:dan
På bordet var der en kat.,other,tatoeba:dan
Kattens tunge føles ru.,other,tatoeba:dan
Hun har en kat. Katten er hvid.,other,tatoeba:dan
Er katten på stolen eller under stolen?,other,tatoeba:dan
"Når katten er ude, danser musene på bordet.",other,tatoeba:dan
Jeg har en kat og en hund. Katten er sort og hunden er hvid.,other,tatoeba:dan
Der sad en kat på stolen.,other,tatoeba:dan
Katten er meget sød.,other,tatoeba:dan
"""En kat?"", spurgte den gamle mand.",other,tatoeba:dan
Min kat er faktisk sky.,other,tatoeba:dan
Katten er tyve dage gammel.,other,tatoeba:dan
Hans gamle kat lever endnu.,other,tatoeba:dan
Det er min kat.,other,tatoeba:dan
Denne by kaldes det japanske Danmark.,other,tatoeba:dan
Island hørte tidligere til Danmark.,other,tatoeba:dan
Island hørte til Danmark.,other,tatoeba:dan
Jeg kan tale esperanto som en indfødt.,other,tatoeba:dan
Esperanto er helt sikkert et enormt tidsspilde!,other,tatoeba:dan
Esperanto er et internationalt plansprog.,other,tatoeba:dan
Esperanto skrives fonetisk ved hjælp af et alfabet på 28 bogstaver.,other,tatoeba:dan
"På esperanto ender navneord på ""o"". Flertal dannes ved at tilføje ""j"".",other,tatoeba:dan
"På esperanto ender tillægsord på ""a"". Flertal dannes ved at tilføje ""j"".",other,tatoeba:dan
"På esperanto ender et afledet biord på ""e"".",other,tatoeba:dan
Min onkel bor nær skolen.,other,tatoeba:dan
Flyet afgår kl. 8:00.,other,tatoeba:dan
Anna kan de første tusind cifre af π udenad.,other,tatoeba:dan
Er du sikker på at du ikke har glemt noget?,other,tatoeba:dan
"Forresten, spiller du violin?",other,tatoeba:dan
"Nå, jeg må gå nu.",other,tatoeba:dan
Endelig fik de sandheden at vide.,other,tatoeba:dan
Du må bestemme dig og det straks.,other,tatoeba:dan
Jeg bor på hotellet for tiden.,other,tatoeba:dan
Her til morgen skar jeg mig under barberingen.,other,tatoeba:dan
"Ingen ved, hvorfor han forlod byen.",other,tatoeba:dan
Jeg er træt af at se fjernsyn.,other,tatoeba:dan
Betaler du med kontanter eller med check?,other,tatoeba:dan
Vand blomsterne før du spiser morgenmad.,other,tatoeba:dan
Vi laver alle fejl.,other,tatoeba:dan
Hendes navn er Lucifera.,other,tatoeba:dan
Han så syg ud.,other,tatoeba:dan
Hvad laver denne stol her?,other,tatoeba:dan
"De to søskende, Niklas og Ana, spiller skak i samdrægtighed.",other,tatoeba:dan
Jeg kæmpede mod søvnen.,other,tatoeba:dan
Først i går fik vi det at vide.,other,tatoeba:dan
Eleverne skal være stille i timen.,other,tatoeba:dan
Chokolade smager sødt.,other,tatoeba:dan
Et bjerg er ikke nødvendigvis grønt.,other,tatoeba:dan
Fysik interesserer mig slet ikke.,other,tatoeba:dan
Sover du i gæsteværelset?,other,tatoeba:dan
Jeg har ikke adressen ved mig.,other,tatoeba:dan
Et internationalt sprog ville være til stor nytte for menneskeheden.,other,tatoeba:dan
Varme er en form for energi.,other,tatoeba:dan
Hvem ønsker varm chokolade?,other,tatoeba:dan
Hvem skrev denne bog?,other,tatoeba:dan
"Hver gang jeg ser dette foto, mindes jeg de lykkelige dage på landet.",other,tatoeba:dan
Jeg elsker hende ikke længere.,other,tatoeba:dan
Han sagde godnat til sine forældre.,other,tatoeba:dan
Hvornår skete hændelsen?,other,tatoeba:dan
Hvor længe skal jeg endnu blive på sygehuset?,other,tatoeba:dan
"Han forklarede detaljeret, hvad han havde set.",other,tatoeba:dan
"Længe troede filosofferne, at viden var sand, begrundet overbevisning.",other,tatoeba:dan
Ring til politiet!,other,tatoeba:dan
"Hvem passede hunden, da du ikke var hjemme?",other,tatoeba:dan
Hun fortalte mig en interessant historie.,other,tatoeba:dan
Du havde masser af tid.,other,tatoeba:dan
Del dens længde og bredde med ti.,other,tatoeba:dan
Dine øjne minder mig om stjerner.,other,tatoeba:dan
Sneen dækkede bussen.,other,tatoeba:dan
Jim Carrey er en meget berømt og god komiker.,other,tatoeba:dan
"Hvad er det, at han er så gal over?",other,tatoeba:dan
Vi håber på godt vejr til sportsarrangementet.,other,tatoeba:dan
Tal venligst langsommere.,other,tatoeba:dan
Det regnede hele eftermiddagen.,other,tatoeba:dan
Han vendte tilbage fra Amerika.,other,tatoeba:dan
Jeg ville have brug for en evighed for at forklare alt.,other,tatoeba:dan
Hun havde efterladt sin søn alene i bilen.,other,tatoeba:dan
Det kommer der ikke noget godt ud af.,other,tatoeba:dan
Jeg har endnu en ven i Kina.,other,tatoeba:dan
"Jeg ønsker, at hun ville holde op med at ryge.",other,tatoeba:dan
Hvilke sko tager du på?,other,tatoeba:dan
"Da jeg kom hjem, opdagede jeg, at jeg havde mistet min pung.",other,tatoeba:dan
Min mor er udenfor.,other,tatoeba:dan
Hvor er dit hus?,other,tatoeba:dan
"Det er den smukkeste buket, jeg nogensinde har set.",other,tatoeba:dan
Jeg har en bog i min hånd.,other,tatoeba:dan
Bill har været i Japan.,other,tatoeba:dan
Politiet interesserede sig for sagen.,other,tatoeba:dan
Linje tolv standser i nærheden af operahuset.,other,tatoeba:dan
Linje 12 standser i nærheden af operahuset.,other,tatoeba:dan
Der ligger problemet.,other,tatoeba:dan
Jeg er nu 30 år gammel.,other,tatoeba:dan
Jeg har været her hele tiden.,other,tatoeba:dan
Vi går i skole for at lære.,other,tatoeba:dan
Denne her maskine laver strøm.,other,tatoeba:dan
Hans cykel er blå.,other,tatoeba:dan
Jeg bor i Akasaka i Tokyo.,other,tatoeba:dan
Vær så venlig at lave en kop kaffe til mig.,other,tatoeba:dan
Jern er et nyttigt metal.,other,tatoeba:dan
Mord straffes med døden.,other,tatoeba:dan
Hvad i alverden laver du her?,other,tatoeba:dan
Hvad laver du?,other,tatoeba:dan
Hvordan har du det? Havde du en god rejse?,other,tatoeba:dan
"""Er du træt?"" ""Nej, slet ikke.""",other,tatoeba:dan
"Hvad tror du, hun vil gøre?",other,tatoeba:dan
Tysklands deling blev betragtet som en fuldbyrdet kendsgerning indtil 1990.,other,tatoeba:dan
Æbletræerne voksede sig gamle og nye blev plantet.,other,tatoeba:dan
Kan du ikke lide æbler?,other,tatoeba:dan
Sørg for at hunden ikke slipper fri.,other,tatoeba:dan
Du kan købe den hund hvis du vil. Den er til salg.,other,tatoeba:dan
Jeg kan lide hunden.,other,tatoeba:dan
Jeg fandt det let at finde bygningen.,other,tatoeba:dan
Ferien er nu forbi.,other,tatoeba:dan
Hvor bor du?,other,tatoeba:dan
Det er usikkert om han kommer eller ej.,other,tatoeba:dan
Jeg ved ikke om han kommer eller ikke.,other,tatoeba:dan
"Det gør ingen forskel, om han kommer eller ikke.",other,tatoeba:dan
Jeg tvivler på om han kommer.,other,tatoeba:dan
Jeg ved ikke om han kommer eller ej.,other,tatoeba:dan
Det gør ingen forskel om han kommer eller ej.,other,tatoeba:dan
"At han kommer, er sikkert.",other,tatoeba:dan
Jeg håber at han vil komme.,other,tatoeba:dan
Det er sikkert at han kommer.,other,tatoeba:dan
Jeg vil vente her indtil han kommer.,other,tatoeba:dan
Vent her indtil han kommer.,other,tatoeba:dan
Er der nogen mulighed for at han kommer?,other,tatoeba:dan
"Det er en skam, at han ikke kan komme.",other,tatoeba:dan
"Han fik lukket for vandet, fordi han ikke betalte regningen.",other,tatoeba:dan
Det er åbenlyst for enhver at han er forelsket.,other,tatoeba:dan
"Pigen, han taler med, er Nancy.",other,tatoeba:dan
"Taler han engelsk, fransk eller tysk?",other,tatoeba:dan
"Hvem er den herre, han taler med?",other,tatoeba:dan
Problemet er at jeg ingen penge har på mig.,other,tatoeba:dan
Så hvad om jeg er bøsse? Er det en forbrydelse?,other,tatoeba:dan
Jeg vil låne dig de få penge jeg har på mig.,other,tatoeba:dan
Jeg er ikke så god til tennis.,other,tatoeba:dan
Min ven er ved at lære koreansk.,other,tatoeba:dan
Hun har blå øjne.,other,tatoeba:dan
Dette er en japansk dukke.,other,tatoeba:dan
Hvad kaldes denne fisk på engelsk?,other,tatoeba:dan
Spiser du morgenmad hjemme?,other,tatoeba:dan
Jeg vil hjælpe dig så meget jeg kan.,other,tatoeba:dan
Hvad er det lavet af?,other,tatoeba:dan
Hvilket hus kan du bedst lide?,other,tatoeba:dan
Hvilken frugt er rød?,other,tatoeba:dan
Hvilken frugt er grøn?,other,tatoeba:dan
"Jeg er et menneske med mange fejl, men det er fejl der let kan rettes.",other,tatoeba:dan
Er du færdig?,other,tatoeba:dan
Jeg elsker dig.,other,tatoeba:dan
"""Må jeg komme ind?"" ""Ja, værsgo.""",other,tatoeba:dan
Jeg er stadig optaget.,other,tatoeba:dan
Tak for din gave.,other,tatoeba:dan
Han er taget til Østrig for at studere musik.,other,tatoeba:dan
Du er den smukkeste blomst i mit liv.,other,tatoeba:dan
Jeg tager oftere til Bruxelles end til Paris.,other,tatoeba:dan
"Hvis du sagde: ""Jeg elsker dig"", så ville jeg også sige det samme til dig.",other,tatoeba:dan
Du kan ikke svømme her.,other,tatoeba:dan
Kan du tale fransk?,other,tatoeba:dan
Hun er meget bange for slanger.,other,tatoeba:dan
Latin er et dødt sprog.,other,tatoeba:dan
Jeg har været i supermarkedet.,other,tatoeba:dan
Jeg holder meget af hende.,other,tatoeba:dan
Til hvad skal du bruge penge?,other,tatoeba:dan
Jeg sendte ham et brev for at meddele ham min beslutning.,other,tatoeba:dan
"Når han kommer, betaler jeg de penge som jeg lovede.",other,tatoeba:dan
Hvorfor malede du bænken rød?,other,tatoeba:dan
Hun er i badeværelset.,other,tatoeba:dan
Fuji-bjerget er et smukt syn ved solnedgang.,other,tatoeba:dan
USAs hovedstad er Washington.,other,tatoeba:dan
Han døde i går.,other,tatoeba:dan
Faren gik ud for at fiske.,other,tatoeba:dan
Jeg er ikke rig og ønsker ikke at være det.,other,tatoeba:dan
Han tog barnet ved hånden.,other,tatoeba:dan
"Hun sagde: ""Jeg er meget tilfreds.""",other,tatoeba:dan
Hvad er vekselkursen?,other,tatoeba:dan
Hvem er han?,other,tatoeba:dan
"Livet er kort, kunsten lang.",other,tatoeba:dan
"Kunsten er lang, livet er kort.",other,tatoeba:dan
Han kender os meget godt.,other,tatoeba:dan
"Den, der sår vind, høster storm.",other,tatoeba:dan
Jeg kan heller ikke forklare det.,other,tatoeba:dan
Han interesserer sig slet ikke for kunst.,other,tatoeba:dan
Hvorledes kan vi være sikker på hans ærlighed?,other,tatoeba:dan
"Jeg har lige set, at Saudi-Arabiens ambassadør i Washington er trådt tilbage.",other,tatoeba:dan
"Dengang besøgte vi Washington, D.C., USAs hovedstad.",other,tatoeba:dan
Tak for dit svar.,other,tatoeba:dan
"Døren var låst, så jeg kunne ikke komme ind.",other,tatoeba:dan
Jeg hjælper dig selvfølgelig.,other,tatoeba:dan
Du kan ikke løfte pianoet alene.,other,tatoeba:dan
At ryge er skadeligt for helbredet.,other,tatoeba:dan
Far vander blomsterne.,other,tatoeba:dan
Hvad får jeg ud af det?,other,tatoeba:dan
Kræft er menneskehedens store fjende.,other,tatoeba:dan
"Han er ikke min søn, men min nevø.",other,tatoeba:dan
Vær så venlig at give mig et glas vand.,other,tatoeba:dan
Jeg skal købe nye ski.,other,tatoeba:dan
Toget ankom til Kyoto til tiden.,other,tatoeba:dan
Det sneede i dagevis.,other,tatoeba:dan
Vi har brug for en ambulance.,other,tatoeba:dan
Enhver by i USA har et bibliotek.,other,tatoeba:dan
Nemmere sagt end gjort.,other,tatoeba:dan
Takket være dig har jeg mistet min appetit.,other,tatoeba:dan
"Den første gruppe studerer om morgenen, den anden om aftenen.",other,tatoeba:dan
Sommeren er forbi.,other,tatoeba:dan
"""Er hun ung?"" ""Ja, det er hun.""",other,tatoeba:dan
Hendes hænder er kolde som is.,other,tatoeba:dan
Bogen er meget interessant.,other,tatoeba:dan
"Spørg ham, hvornår han kommer tilbage.",other,tatoeba:dan
Jeg foretrækker engelsk.,other,tatoeba:dan
Hvad er dit telefonnummer?,other,tatoeba:dan
Min kære lille kat har nu været væk i en uge.,other,tatoeba:dan
Sig mig hvad jeg skal gøre ved det.,other,tatoeba:dan
Enhver har sin egen smag.,other,tatoeba:dan
Smag kan ikke diskuteres.,other,tatoeba:dan
Vær så venlig at vise mig det på planen.,other,tatoeba:dan
Tager du til Tokyo med bus?,other,tatoeba:dan
Vil du være så venlig at gentage det?,other,tatoeba:dan
Så kommer bussen.,other,tatoeba:dan
Jeg er overhovedet ikke interesseret i fysik.,other,tatoeba:dan
Jeg er træt af at høre det.,other,tatoeba:dan
Jeg bor i Hyogo.,other,tatoeba:dan
Jeg studerer på universitetet i Hyogo.,other,tatoeba:dan
Jeg sover i gennemsnit seks timer om dagen.,other,tatoeba:dan
Jeg har hvid skjorte på til hverdag.,other,tatoeba:dan
Jeg er amerikaner.,other,tatoeba:dan
Jeg har en stor bogsamling med amerikansk litteratur.,other,tatoeba:dan
"Jeg er bange for, at jeg ikke er den store musiker.",other,tatoeba:dan
Jeg kan ikke li' at studere.,other,tatoeba:dan
Jeg kan ikke lide at studere.,other,tatoeba:dan
Det er ikke raketvidenskab.,other,tatoeba:dan
Du skal ikke bekymre dig om os.,other,tatoeba:dan
Han har mistet alle sine penge.,other,tatoeba:dan
Jeg er en måge.,other,tatoeba:dan
"Vil du læse mit essay og rette fejlene, såfremt der er nogle?",other,tatoeba:dan
Hvad er forskellen mellem det her og det der?,other,tatoeba:dan
Tænd lyset. Jeg kan ikke se noget.,other,tatoeba:dan
Messing er en legering af kobber og zink.,other,tatoeba:dan
Er du for eller imod abort?,other,tatoeba:dan
Vi har hørt ham råbe om hjælp.,other,tatoeba:dan
Jeg vil gå i bad.,other,tatoeba:dan
Kryds fingre for mig.,other,tatoeba:dan
Alle veje fører til Rom.,other,tatoeba:dan
Hun tog til Amerika i forgårs.,other,tatoeba:dan
Jeg råder dig til at tage hjem.,other,tatoeba:dan
Der er en flaske vin på bordet.,other,tatoeba:dan
Du behøver ikke stå op så tidligt.,other,tatoeba:dan
Tager du med toget eller kører du i bil?,other,tatoeba:dan
Vi gifter os i juni måned.,other,tatoeba:dan
Sig nu 'ja'!,other,tatoeba:dan
"Da programmet sluttede, slukkede vi for radioen.",other,tatoeba:dan
Jeg undskylder. Jeg trækker mine ord tilbage.,other,tatoeba:dan
"Manden, der var ved at drukne, råbte efter hjælp, men forgæves.",other,tatoeba:dan
På dette tilbud gives der ikke de sædvanlige rabatter.,other,tatoeba:dan
Vi løb 10 kilometer.,other,tatoeba:dan
Jeg har en ven som elsker mig.,other,tatoeba:dan
Er du alene?,other,tatoeba:dan
Læs så mange bøger som muligt.,other,tatoeba:dan
Hvornår og hvor modtog du gaven?,other,tatoeba:dan
I dag er det min søsters fødselsdag.,other,tatoeba:dan
Jeg skyndte mig for ikke at komme for sent til toget.,other,tatoeba:dan
"Japanerne bør ikke glemme, at USA er en multietnisk nation.",other,tatoeba:dan
Vi er hjemme i dag.,other,tatoeba:dan
"Alt hvad du sagde i e-mailen er rigtigt, bortset fra prisen.",other,tatoeba:dan
Må jeg låne din telefon?,other,tatoeba:dan
Jeg kan høre noget.,other,tatoeba:dan
I dag er det ikke usædvanlig for en kvinde at rejse alene.,other,tatoeba:dan
Hvordan går det?,other,tatoeba:dan
Hun er jævnaldrende med dig.,other,tatoeba:dan
"Jeg håber, at du snart får det bedre.",other,tatoeba:dan
I New Zealand taler man engelsk.,other,tatoeba:dan
Jeg købte to flasker mælk.,other,tatoeba:dan
Han kan gøre det meget bedre end jeg kan.,other,tatoeba:dan
Jeg var ikke i stand til at styre min vrede.,other,tatoeba:dan
Er dine hænder rene?,other,tatoeba:dan
Den virker mod bakterielle infektioner.,other,tatoeba:dan
Hvornår tager du hjem?,other,tatoeba:dan
Godt begyndt er halvt fuldendt.,other,tatoeba:dan
Jeg var på vej ud da telefonen ringede.,other,tatoeba:dan
Tom er ældre end mig.,other,tatoeba:dan
Hr. Brown er vores finansrådgiver.,other,tatoeba:dan
Engelsk er ikke mit modersmål.,other,tatoeba:dan
Maskinen var dækket af støv.,other,tatoeba:dan
Tålmodighed er videnskabens moder.,other,tatoeba:dan
John er jævnaldrende med min bror.,other,tatoeba:dan
Vi har hørt hende råbe om hjælp.,other,tatoeba:dan
Man havde hørt hende råbe om hjælp.,other,tatoeba:dan
Man havde hørt ham råbe om hjælp.,other,tatoeba:dan
Det er ikke hvad jeg bestilte.,other,tatoeba:dan
Jeg elsker både katte og hunde.,other,tatoeba:dan
Sikke en kæmpestor hund!,other,tatoeba:dan
En hund gør af fremmede personer.,other,tatoeba:dan
Hvilken hund er din?,other,tatoeba:dan
"Vores hund, som hedder John, gør af alle.",other,tatoeba:dan
Hunden kaldes 'Spot' af familien.,other,tatoeba:dan
Hvor gammel er denne hund?,other,tatoeba:dan
En hund løb efter en kat.,other,tatoeba:dan
En hund er en mands bedste ven.,other,tatoeba:dan
Hvor fandt han pengene?,other,tatoeba:dan
Computeren er ny.,other,tatoeba:dan
Åh! Min computer er i stykker!,other,tatoeba:dan
Computeren er en kompliceret maskine.,other,tatoeba:dan
Computeren sparer os tid og problemer.,other,tatoeba:dan
En computer er i stand til at regne meget hurtigt.,other,tatoeba:dan
En computer er en kompleks maskine.,other,tatoeba:dan
Min Gud! Min computer er frosset igen!,other,tatoeba:dan
Sommeren er ovre.,other,tatoeba:dan
Om efteråret gulner bladene.,other,tatoeba:dan
Vinter er min yndlingsårstid.,other,tatoeba:dan
Vinter er min foretrukne årstid.,other,tatoeba:dan
Hänen äänensä kävi hermoilleni.,other,tatoeba:fin
Lue mittarin lukema.,other,tatoeba:fin
Sillä maalla on yhteinen raja kahden muun maan kanssa.,other,tatoeba:fin
Imuroin pölyt lattialta pölynimurilla.,other,tatoeba:fin
Kuulin sen suoraan naapuriltani.,other,tatoeba:fin
"Isoisä alkoi käydä vanhaksi, joten hän jäi eläkkeelle.",other,tatoeba:fin
Tytön kasvot kalpenivat hänen kuullessaan pojan sanat.,other,tatoeba:fin
Heinäkuun kymmenentenä avaamme Sapporoon sivuliikkeen.,other,tatoeba:fin
"Elämänkerran kirjoittamisessa on vaikeaa se, että se on puoliksi dokumentointia ja puoliksi taidetta.",other,tatoeba:fin
Perjantai-iltana kolme miestä saapui herra Whiten hotellille ja pyysi yösijaa.,other,tatoeba:fin
Isäni työskentelee insinöörinä siinä tehtaassa.,other,tatoeba:fin
Se laulaja oli parhaimmillaan tuon laulun aikaan.,other,tatoeba:fin
Tuuli puhalsi sateen suoraan kasvoilleni.,other,tatoeba:fin
Hän huomasi soutuveneen kaukaisuudessa.,other,tatoeba:fin
"Sinä taidat olla aivan heikkona ruokaan, vai kuinka?",other,tatoeba:fin
"Aina kun olen hänen lähellään, hermostun.",other,tatoeba:fin
En pärjää päivääkään ilman tätä sanakirjaa.,other,tatoeba:fin
En ole voinut käydä koulussa viikkoon.,other,tatoeba:fin
Minun täytyy mennä nukkumaan.,other,tatoeba:fin
Hän halveksii alempiin yhteiskuntaluokkiin kuuluvia ihmisiä.,other,tatoeba:fin
Hänellä on etunaan hyvä ulkonäkö.,other,tatoeba:fin
Hän on kymmenen lapsen äiti.,other,tatoeba:fin
Hän aikoo tehdä vielä yhden asuunsa sopivan puseron.,other,tatoeba:fin
Hän on luonnostaan kiltti.,other,tatoeba:fin
Hän on luonnostaan heikko.,other,tatoeba:fin
Hänen virallinen tittelinsä on ympäristöviraston pääjohtaja.,other,tatoeba:fin
Hän menee silloin tällöin työasioissa Tokioon.,other,tatoeba:fin
Hän soitti Tokiosta.,other,tatoeba:fin
Hän oli murheen murtama.,other,tatoeba:fin
Tupakointi vahingoittaa keuhkojasi.,other,tatoeba:fin
Sinun ei pitäisi mennä ulos nyt. Miksei?,other,tatoeba:fin
Hauskanpito on ohi.,other,tatoeba:fin
Mahtaako kuolema yksin olla ainoa vapautus?,other,tatoeba:fin
"Ei näytä siltä, että tuota maata tarvitsee avustaa.",other,tatoeba:fin
Meidän luokallamme on 40 poikaa.,other,tatoeba:fin
Tämä vatsakipu on sietämätön.,other,tatoeba:fin
Purkka tarttui kengänpohjaani.,other,tatoeba:fin
En saa sitä laulua pois päästäni.,other,tatoeba:fin
Meidän täytyy odottaa häntä.,other,tatoeba:fin
"Hänet erotettiin virastaan, koska hän oli laiskuri.",other,tatoeba:fin
Jonain päivänä sinä tiedät totuuden.,other,tatoeba:fin
Tämä on minun laukkuni.,other,tatoeba:fin
Se on minun laukkuni.,other,tatoeba:fin
Minulla ei ole mitään salattavaa.,other,tatoeba:fin
Hän aloitti maailmanympärimatkansa purjeveneellään.,other,tatoeba:fin
Hän aloitti maailmanympäripurjehduksensa purjeveneellä.,other,tatoeba:fin
Ei tulosta ilman tuskaa.,other,tatoeba:fin
Minulla on hirvittävät tuskat.,other,tatoeba:fin
Mihin hampaaseen sattuu?,other,tatoeba:fin
Mihin kohtaan sinua sattuu?,other,tatoeba:fin
Mitä sinä teit kamerallesi?,other,tatoeba:fin
Hän nojasi seinään.,other,tatoeba:fin
Sopimus tulee voimaan tänä yönä kello kaksitoista.,other,tatoeba:fin
Se laki ei ole enää voimassa.,other,tatoeba:fin
"Sinun täytyy luvata, että pidät lupauksesi.",other,tatoeba:fin
"Sinun täytyy vannoa, että pidät lupauksesi.",other,tatoeba:fin
Meidän suunnitelmassamme on paljon hyviä puolia.,other,tatoeba:fin
"Hän pitää autoista todella paljon, mutta hänen pikkuveljensä sitä vastoin vihaa niitä.",other,tatoeba:fin
Hän rakastaa autoja kun taas hänen veljensä vihaa niitä.,other,tatoeba:fin
Nukuin tänään iltapäivällä kello yhdestä kello neljään.,other,tatoeba:fin
Nukuin kello yhdestä kello neljään tänään iltapäivällä.,other,tatoeba:fin
Tuo mekko sopii sinulle hyvin.,other,tatoeba:fin
Tuo mekko sopii sinulle erittäin hyvin.,other,tatoeba:fin
Olin silloin Kanadassa.,other,tatoeba:fin
Siihen aikaan olin Kanadassa.,other,tatoeba:fin
Katsoin pelin alusta loppuun.,other,tatoeba:fin
En ollut koskaan aikaisemmin nähnyt pandaa.,other,tatoeba:fin
Mikä on Suomen pääkaupunki?,other,tatoeba:fin
Norjan ja Suomen kaltaisissa maissa on talvisin paljon lunta.,other,tatoeba:fin
Tuo laiva on matkalla Suomeen.,other,tatoeba:fin
Me vastustamme sotaa.,other,tatoeba:fin
Rauta on kovaa.,other,tatoeba:fin
Rauta on paljon hyödyllisempää kuin kulta.,other,tatoeba:fin
Rauta on kaikista hyödyllisin metalli.,other,tatoeba:fin
Kolmesta koirasta yksi on uros ja kaksi muuta narttuja.,other,tatoeba:fin
"Minulla on kolme koiraa, joista yksi on uros ja kaksi muuta narttuja.",other,tatoeba:fin
Koira hyppäsi tuolin yli.,other,tatoeba:fin
Koiran turkki on niin sanotusti sen villapaita.,other,tatoeba:fin
Koirien tuominen kielletty.,other,tatoeba:fin
Koiran uskollisuus panee ihailemaan.,other,tatoeba:fin
Haluan kissan koiran sijasta.,other,tatoeba:fin
Sinun täytyy pitää koirastasi huolta.,other,tatoeba:fin
Pelkkä vilaus koirasta saa hänet pelkäämään.,other,tatoeba:fin
Annathan koiralle ruokaa joka päivä.,other,tatoeba:fin
Järven läpimitta on kolme mailia.,other,tatoeba:fin
Järvi on syvin tässä lähiseuduilla.,other,tatoeba:fin
Järvi on syvin täällä päin.,other,tatoeba:fin
Hän tyhjensi lasinsa.,other,tatoeba:fin
Hän joi lasinsa tyhjäksi.,other,tatoeba:fin
Hän hiippaili talon ympäri takaovelle.,other,tatoeba:fin
Hän kuiskasi minulle salaa.,other,tatoeba:fin
Hän selvitteli totuutta väsymättömästi.,other,tatoeba:fin
Hän kertoi hauskan jutun.,other,tatoeba:fin
Hän on luonteeltaan humoristinen tyyppi.,other,tatoeba:fin
Hän söi suihinsa koko aterian.,other,tatoeba:fin
Hän ei ole kerjäläistä kummempi.,other,tatoeba:fin
"Hän lupasi minulle, että hän tulee tänne.",other,tatoeba:fin
Minulla ei ole sen tapauksen kanssa mitään tekemistä.,other,tatoeba:fin
Hän puhui kodittomien puolesta.,other,tatoeba:fin
Minun kelloni mukaan kello on nyt neljä.,other,tatoeba:fin
Tiikeri karkasi eläintarhasta.,other,tatoeba:fin
"Kun katson televisiota, tulen heti uniseksi.",other,tatoeba:fin
Katselin televisiota ja nukahdin vahingossa.,other,tatoeba:fin
Teen läksyt sen jälkeen kun olen katsonut televisiota.,other,tatoeba:fin
"Kun katsoo televisiota tai kuuntelee radiota, sieltä kuuluva musiikki on usein peräisin Afrikasta.",other,tatoeba:fin
Laittaisitko television päälle?,other,tatoeba:fin
Haittaako sinua jos laitan television päälle?,other,tatoeba:fin
"Sopiiko, että laitan television päälle?",other,tatoeba:fin
Laita televisio päälle.,other,tatoeba:fin
Älä jätä televisiota päälle!,other,tatoeba:fin
Hän oli huolimaton ja meni nukkumaan televisio päällä.,other,tatoeba:fin
Tässä koulussa on kirjoilla useita ulkomaalaisia.,other,tatoeba:fin
Hän on aina täynnä omia asioitaan.,other,tatoeba:fin
Hänen päänsä on aina täynnä hänen omia asioitaan.,other,tatoeba:fin
Oudon näköistä naista luultiin noidaksi.,other,tatoeba:fin
Minulla on paha olo.,other,tatoeba:fin
Kuka rikkoi ikkunan? Kerro totuus.,other,tatoeba:fin
Ilman sinun apuasi en olisi onnistunut.,other,tatoeba:fin
Arvasin hänen olevan neljäkymmentävuotias.,other,tatoeba:fin
Ostin hänelle nuken.,other,tatoeba:fin
Tuuli kaatoi puun.,other,tatoeba:fin
Ovi aukeaa painamalla tätä nappia.,other,tatoeba:fin
Hänen elämänsä oli rankkaa.,other,tatoeba:fin
Kumpi puoli on lyöntivuorossa?,other,tatoeba:fin
En enää kestä tätä särkynyttä sydäntäni.,other,tatoeba:fin
Hän lähti yhtäkkiä huoneesta.,other,tatoeba:fin
Vain jäävuoren huippu näkyy vedenpinnan yläpuolella.,other,tatoeba:fin
Hänestä tuli kuuluisa näyttelijä.,other,tatoeba:fin
Keskustelimme mitä meidän pitäisi tehdä.,other,tatoeba:fin
Turpa kiinni ja kuuntele penikka.,other,tatoeba:fin
Kuinka pian mekko on valmis?,other,tatoeba:fin
Täten julistan olympialaiset avatuksi.,other,tatoeba:fin
Vanhempani kielsivät minua tapaamasta Tomia uudestaan.,other,tatoeba:fin
Uimaan oppiminen on helppoa.,other,tatoeba:fin
Toivotaan joka tapauksessa parasta.,other,tatoeba:fin
Hän tulee hyvin toimeen työntekijöidensä kanssa.,other,tatoeba:fin
Ruuasta löytyi kolerabakteeria.,other,tatoeba:fin
Sinä olet ihminen.,other,tatoeba:fin
Kuukausi on lopuillaan.,other,tatoeba:fin
Hän käyttäytyy kuin Nelson tänä iltana.,other,tatoeba:fin
Rahani ovat lopussa.,other,tatoeba:fin
Kissa nukkuu sohvalla.,other,tatoeba:fin
Täällä me nousimme Alaskaan lähtevään laivaan.,other,tatoeba:fin
Ellemme olisi joutuneet onnettomuuteen olisimme olleet ajoissa.,other,tatoeba:fin
He nousivat lentokoneeseen.,other,tatoeba:fin
Olisi hyvä jos osaisit laulaa.,other,tatoeba:fin
Toisitko kirjasi alas.,other,tatoeba:fin
Opiskelijoiden on tarkoitus opiskella ahkerasti.,other,tatoeba:fin
Vientiteollisuus ei voi hyvin.,other,tatoeba:fin
"Älä laiskottele, käytä kanji-merkkejä jotka sinulle on opetettu.",other,tatoeba:fin
Hinnat tippuivat yhtäkkiä.,other,tatoeba:fin
Sinun täytyy olla idiootti!,other,tatoeba:fin
"Hän meni töihin, vaikka hänellä oli flunssa.",other,tatoeba:fin
Hän satutti kätensä kaatuessaan.,other,tatoeba:fin
"Totta puhuen, hänen puheensa ovat aina tylsiä.",other,tatoeba:fin
Hän heitti monta kirjettä roskiin.,other,tatoeba:fin
Hän luultavasti epäonnistuu.,other,tatoeba:fin
"Kun pääsin hänen talolleen, hänet oli jo viety pois.",other,tatoeba:fin
Tämä kaupunki on kuollut.,other,tatoeba:fin
Tämä kaupunki on tylsä.,other,tatoeba:fin
Olin täysin tietämätön tapahtuneesta.,other,tatoeba:fin
Sinun olisi parempi olla hiljaa.,other,tatoeba:fin
Hän oli jälleen poissa koulusta.,other,tatoeba:fin
Isoisäni on edelleen terve fyysisesti ja psyykkisesti.,other,tatoeba:fin
Kumpikin maa aloitti rauhanneuvottelut.,other,tatoeba:fin
Hän kirjoittaa kauniita runoja.,other,tatoeba:fin
Hänen miehensä suorittaa kolmen vuoden vankeustuomiota.,other,tatoeba:fin
"En ymmärtänyt mitä hän tarkoitti sanoessaan ""megafeps"".",other,tatoeba:fin
Hän maksoi sen itse.,other,tatoeba:fin
Missä voisimme soittaa?,other,tatoeba:fin
Jaoin huoneen veljeni kanssa.,other,tatoeba:fin
Keitän sinulle teetä.,other,tatoeba:fin
Olisiko minun pitänyt pyytää lupaasi?,other,tatoeba:fin
"Tulkoon mitä tahansa, minä olen valmis.",other,tatoeba:fin
Tämä on sinulle.,other,tatoeba:fin
Ehkä hän ei muista syntymäpäivääni.,other,tatoeba:fin
"Mitä tekisit, jos tapaisit miehen toiselta planeetalta?",other,tatoeba:fin
Paul soitti juuri äsken.,other,tatoeba:fin
Vanhempani eivät sallineet minun menevän ulos poikien kanssa.,other,tatoeba:fin
"Kuten hänen isänsä, hän omistaa useita kirjoja.",other,tatoeba:fin
Olisiko sinulla hetki aikaa?,other,tatoeba:fin
Ostin kameran kolmellakymmenellä dollarilla.,other,tatoeba:fin
Paikkani on maanantain aamukahdeksan lennolla numero 102.,other,tatoeba:fin
Ruoka ei sopinut ihmisille eikä eläimille.,other,tatoeba:fin
Farkut on loppuunmyyty.,other,tatoeba:fin
Hän eli onnellisen elämän.,other,tatoeba:fin
Tunnetko ketään näistä pojista tässä huoneessa.,other,tatoeba:fin
En pidä hänestä.,other,tatoeba:fin
Emme ajatelleet hintaa.,other,tatoeba:fin
Sairastuin varmasti flunssaan.,other,tatoeba:fin
Lääkäri on hyvä auktoriteetti lasten sairauksien suhteen.,other,tatoeba:fin
Runoilija ilmaisi palavat tunteensa rakastamaansa naista kohtaan.,other,tatoeba:fin
Vuodessa ilmestyy noin 4500 pop-LP:tä.,other,tatoeba:fin
Minulla oli vaikeuksia löytää hänen taloaan.,other,tatoeba:fin
Minkälainen mielikuva sinulla on Amerikasta?,other,tatoeba:fin
He ovat kaikki viattomia lapsia.,other,tatoeba:fin
Hän on räjähtämäisillään vihasta.,other,tatoeba:fin
"Opiskelijoiden pitäisi opiskella ahkerasti, mutta myös löytää aikaa aktiiviseen sosiaalielämään.",other,tatoeba:fin
Kadun menoani sinne.,other,tatoeba:fin
Sinä olet todella taitava neulomaan.,other,tatoeba:fin
Hänen äitinsä näyttää hänen isosiskoltaan.,other,tatoeba:fin
Lehmät ovat pyhiä monille ihmisille Intiassa.,other,tatoeba:fin
"Mary väitti, että laukku oli lahja hänen mieheltään.",other,tatoeba:fin
Kenillä on kaksi kissaa.,other,tatoeba:fin
Hänen äitinsä oli Kennedyn perheestä.,other,tatoeba:fin
Hän saavutti tavoitteensa taidokkaasti.,other,tatoeba:fin
Hän pitää hyytelöstä.,other,tatoeba:fin
Hän eksyi sarjakuvan maailmaan.,other,tatoeba:fin
"Eli, sinun olisi pitänyt ottaa vastuu.",other,tatoeba:fin
"""Ajattelen vain toivettani,"" vastasi pieni musta jänis.",other,tatoeba:fin
He pitivät häntä epäpätevänä tätä työtä varten.,other,tatoeba:fin
Hän on tänään todella kiltti.,other,tatoeba:fin
Tämän takia hän menestyi pop-laulajana.,other,tatoeba:fin
Hän poltti lounaan jälkeen sikarin.,other,tatoeba:fin
"Oloni parani, kun peseydyin.",other,tatoeba:fin
Erehdyin pahoin pitäessäni häntä rehellisenä miehenä.,other,tatoeba:fin
Ikinä ei ole satanut näin paljon lunta.,other,tatoeba:fin
Hän on minua kolme vuotta nuorempi.,other,tatoeba:fin
En voi ajatella ketään muuta.,other,tatoeba:fin
Tämähän on hieno talo.,other,tatoeba:fin
Annan hänelle toisen mahdollisuuden vain tämän kerran.,other,tatoeba:fin
"Tätä väriä sanotaan ""keskiyön siniseksi"".",other,tatoeba:fin
Tein Annille nuken.,other,tatoeba:fin
Hänen talonsa on sillan toisella puolella.,other,tatoeba:fin
Tehokkaat työkoneet korvasivat miestyövoiman.,other,tatoeba:fin
Älä tee liikaa töitä.,other,tatoeba:fin
Kysyin häneltä miksi hän on niin surullinen.,other,tatoeba:fin
Heidän lähtönsä viivästyi lumisateen takia.,other,tatoeba:fin
Opit nopeasti pitämään paikallisesta ruuasta ja juomasta.,other,tatoeba:fin
Huhu osoittautui valheeksi.,other,tatoeba:fin
Yritä päättää nopeasti.,other,tatoeba:fin
"Toivon, että olisin ollut kiltimpi sitä tyttöä kohtaan.",other,tatoeba:fin
Voisitko auttaa hetken?,other,tatoeba:fin
Poliisit tulivat heti kuultuaan pistoolin laukauksen.,other,tatoeba:fin
Hän asuu keskellä maaseutua.,other,tatoeba:fin
Hitler ajoi Saksan sotaan.,other,tatoeba:fin
Hänen ainoa huolensa on hänen lapsiensa hyvinvointi.,other,tatoeba:fin
Haluaisin tulla Picassoksi.,other,tatoeba:fin
Mitä vittua siitä?,other,tatoeba:fin
Maailma on minulle velkaa joten painu vittuun.,other,tatoeba:fin
Esimerkiksi Suomessa ja Norjassa sataa paljon lunta talvisin.,other,tatoeba:fin
Tässä oluessa on 5%:n alkoholipitoisuus.,other,tatoeba:fin
Voinko juoda alkoholia?,other,tatoeba:fin
Älä juo alkoholia.,other,tatoeba:fin
Minä en juo alkoholia.,other,tatoeba:fin
Hän ei koskaan juo alkoholia.,other,tatoeba:fin
Hän on absolutisti.,other,tatoeba:fin
Hän on alkoholisti.,other,tatoeba:fin
"Milloin voidaan sanoa, että henkilöllä on alkoholiongelma?",other,tatoeba:fin
"""Isäni ei juo alkoholia."" ""Ei minunkaan isäni.""",other,tatoeba:fin
Alkoholin kohtuukäyttö ei ole haitallista.,other,tatoeba:fin
Bakteerit eivät lisäänny alkoholissa.,other,tatoeba:fin
Tässä vedessä on hieman alkoholia.,other,tatoeba:fin
Alkoholin käyttö lisääntyy joka vuosi.,other,tatoeba:fin
Jon sai yrityksensä menestymään.,other,tatoeba:fin
Matkani Yokohamaan kesti kaksi tuntia.,other,tatoeba:fin
Mayuko tiputti pallon.,other,tatoeba:fin
"Toivon, että olisin ollut siellä kanssasi.",other,tatoeba:fin
Hän haluaa samanlaisen kellon kuin sinulla.,other,tatoeba:fin
"Hän meni Ranskan pääkaupunkiin, Pariisiin.",other,tatoeba:fin
Tottakai. Tiedätkö hyvän paikan?,other,tatoeba:fin
"Hakiessasi Amerikkalaisiin yliopistoihin, TOEFL-tuloksesi on vain yksi muuttuja.",other,tatoeba:fin
Strutsit eivät osaa lentää.,other,tatoeba:fin
Unelmani on tulla baseball-pelaajaksi.,other,tatoeba:fin
Jim käyttäytyi koko päivän ajan todella oudosti.,other,tatoeba:fin
Muistan päivän jolloin pikkuveljeni syntyi.,other,tatoeba:fin
Juusto valmistetaan maidosta.,other,tatoeba:fin
"Kumpi on pidempi, Shinano-joki vai Agano-joki?",other,tatoeba:fin
Olen todella väsynyt oppitunnin jälkeen.,other,tatoeba:fin
Sinun tulisi kiinnittää enemmän huomiota omaan turvallisuuteesi.,other,tatoeba:fin
Hän oli veden alla kolme minuuttia.,other,tatoeba:fin
Tämä on todellakin yllättävää.,other,tatoeba:fin
Sinun avullasi suunnitelmamme onnistuisi.,other,tatoeba:fin
Aseisiin turvautuminen kansainvälisten erimielisyyksien sovittelemisessa ei ole suositeltavaa.,other,tatoeba:fin
"Soitin hänelle varmistaakseni, että hän on tulossa.",other,tatoeba:fin
Kerro minulle suunnitelmasi tarkoitus.,other,tatoeba:fin
Kuulostaa todella mielenkiintoiselta.,other,tatoeba:fin
Isoisäni on terve ja eloisa.,other,tatoeba:fin
Hän valmisti pojalleen pienoismallilentokoneen.,other,tatoeba:fin
Sihteeri osoittautui vakoojaksi.,other,tatoeba:fin
Leijona makasi keskellä häkkiä.,other,tatoeba:fin
He siivosivat tien lumesta.,other,tatoeba:fin
Älä laita kaikkia munia samaan koriin.,other,tatoeba:fin
Hän ajattelee aina liikaa omia asioitaan.,other,tatoeba:fin
Hän ei ole ollenkaan rehellinen.,other,tatoeba:fin
Kotona oleminen ei ole hauskaa.,other,tatoeba:fin
Juodaan malja hurmaavalle emännällemme!,other,tatoeba:fin
Hän on puoleensavetävä nainen.,other,tatoeba:fin
Hän on viehättävä.,other,tatoeba:fin
Hän on tavattoman viehättävä.,other,tatoeba:fin
Se idea on todella houkutteleva.,other,tatoeba:fin
Mika on yhtä viehättävä kuin Keiko.,other,tatoeba:fin
Hän hymyili viehättävästi.,other,tatoeba:fin
John teki rohkean teon.,other,tatoeba:fin
Palomiehet sammuttivat palon käden käänteessä.,other,tatoeba:fin
"Jos ilmaa ja vettä ei olisi, me emme voisi elää.",other,tatoeba:fin
Hän oli matkalla kouluun.,other,tatoeba:fin
En voi elää sellaista elämää.,other,tatoeba:fin
Hän oli tiskaamassa.,other,tatoeba:fin
Hänen vartalonsa on hoikka.,other,tatoeba:fin
Korkeakouluopiskelija Ken meni viime vuonna Amerikkaan.,other,tatoeba:fin
Pääskyset palaavat pian etelästä.,other,tatoeba:fin
"He väittivät, että hän tappoi sen naisen.",other,tatoeba:fin
Hänen olemassaolonsa huomioitiin.,other,tatoeba:fin
Sain tietää totuuden ensimmäistä kertaa vasta eilen.,other,tatoeba:fin
"Vaikka mukanani on vain vähän rahaa, annathan minun lahjoittaa ne kaikki.",other,tatoeba:fin
Ihanko totta? Minulla meni tunti junalla.,other,tatoeba:fin
Minua ujostuttaa hänen tapaamisensa.,other,tatoeba:fin
Tätä sääntöä voidaan tulkita monella eri tavalla.,other,tatoeba:fin
Onko tuo poika Tom vai Ben?,other,tatoeba:fin
Hänen unelmansa tuli viimeinkin todeksi.,other,tatoeba:fin
Viilensin potilaan päätä jäillä.,other,tatoeba:fin
Minulle osoitettiin uusi huone.,other,tatoeba:fin
Kiirehdin ulos heti aamiaisen jälkeen.,other,tatoeba:fin
Hän kävi kotimaassaan viimeisen kerran yli kymmenen vuotta sitten.,other,tatoeba:fin
Hän on todella roteva.,other,tatoeba:fin
Hän on vahva kuin härkä.,other,tatoeba:fin
Tuo potilas ei kestäne kesän yli.,other,tatoeba:fin
Palauta kirja kun olet lukenut sen.,other,tatoeba:fin
"Kun olet lukenut kirjan, niin palautathan sen.",other,tatoeba:fin
Voi olla ettei hän tule onnistumaan.,other,tatoeba:fin
Se mitä olen tänä päivänä on sinun asiotasi.,other,tatoeba:fin
"Keskiyötä pidetään hetkenä, jolloin aaveet vaeltelevat ympäriinsä.",other,tatoeba:fin
Tämä on ainoa kamerani.,other,tatoeba:fin
Huono juttu. Me käymme syömässä kakkua lounaan jälkeen.,other,tatoeba:fin
Useimmat pitävät minua hulluna.,other,tatoeba:fin
Miltä raiteelta juna Higashi-Kakogawaan lähtee?,other,tatoeba:fin
Amy haluaa jotain uutta päällepantavaa.,other,tatoeba:fin
Kaikki tekevät virheitä.,other,tatoeba:fin
Kuinka yksinäiseltä ja voimattomalta hänestä tuntuukin sen jälkeen kun hän jäi yksin.,other,tatoeba:fin
Alkoi sataa suuria pisaroita. Olisi pitänyt tuoda sateenvarjo.,other,tatoeba:fin
Pata kattilaa soimaa.,other,tatoeba:fin
Hän lähti juuri hetki sitten.,other,tatoeba:fin
Otat kritiikin liian tosissasi.,other,tatoeba:fin
Vanhin kahdesta tyttärestä on yliopistossa.,other,tatoeba:fin
"Bill ei tarkoittanut, että hänen täytyy ehdottomasti totella häntä.",other,tatoeba:fin
Hän työskentelee yhtä kovasti kuin hänen sisaruksensakin.,other,tatoeba:fin
"Tarkistin lompakkoni uudestaan, ja se oli tyhjä.",other,tatoeba:fin
Hän oli hieman kiihtynyt.,other,tatoeba:fin
Työttömyysaste nousi viiteen prosenttiin (5%:iin).,other,tatoeba:fin
Tämä suunnitelma on erittäin kallis toteuttaa.,other,tatoeba:fin
Nykytekniikka sallii meidän matkustaa maailman ympäri muutamassa päivässä.,other,tatoeba:fin
Hän heräsi penkiltä.,other,tatoeba:fin
"Pyysin viiden kuukauden pillerikuurin, ja vastaus oli ""totta kai"".",other,tatoeba:fin
"Kuule, kun olet juuri aloittanut seurustelusuhteen haluatte vain olla lähellä toisianne.",other,tatoeba:fin
"Hänen kenkänsä olivat niin vanhat, että hänen varpaansa tulivat läpi kengänkärjistä.",other,tatoeba:fin
Hän makasi silmät kiinni sohvalla.,other,tatoeba:fin
Kyokoa ei saa puhumaan juhlissa millään.,other,tatoeba:fin
Aktiviteettisi ovat täysin laillisia.,other,tatoeba:fin
"Hän on tiukka, mutta ymmärtäväinen.",other,tatoeba:fin
Kukaan ei ymmärrä minua.,other,tatoeba:fin
Hän soitti minulle.,other,tatoeba:fin
Mikään ei ole tärkeämpää kuin myötätunto.,other,tatoeba:fin
Hän käänsi takkinsa ympäri.,other,tatoeba:fin
Ongelma on siinä mitä tehdä seuraavaksi.,other,tatoeba:fin
Hän heittää palloa kovaa.,other,tatoeba:fin
Kukat tekevät huoneesta kirkkaamman.,other,tatoeba:fin
Ostin sen eilen.,other,tatoeba:fin
Haluaisin asettaa sen elokuvakanavalle.,other,tatoeba:fin
Siskoni itkee usein.,other,tatoeba:fin
Hän suositteli asiakkaalle sinistä kravattia.,other,tatoeba:fin
Päiväkirjan pitäminen auttaa meitä muistamaan pieniä päivittäisiä asioita.,other,tatoeba:fin
Kuka löysi sen saaren?,other,tatoeba:fin
"Yritin, mutta epäonnistuin.",other,tatoeba:fin
Hän on hyvä uimaan.,other,tatoeba:fin
Onneksi olkoon menestyksenne johdosta.,other,tatoeba:fin
Hän kärsii pahasta päänsärystä.,other,tatoeba:fin
Nuorella insinöörillä ei ollut tarpeeksi kokemusta.,other,tatoeba:fin
"Kiirehdimme, joten ehdimme viimeiseen bussiin.",other,tatoeba:fin
Järvi on läpimitaltaan kolme mailia.,other,tatoeba:fin
"Kun taiteilija vanhenee, hänen maalaustyylinsä saattaa muuttua.",other,tatoeba:fin
Hän valitti saaneensa epäreilua kohtelua.,other,tatoeba:fin
"Aikoinaan ajateltiin, että ihmisen on mahdotonta lentää.",other,tatoeba:fin
Hän ajattelee aina ensimmäisenä omaa etuaan.,other,tatoeba:fin
"Jos olet lukenut sen kirjan loppuun, niin minä haluaisin lainata sen.",other,tatoeba:fin
Hän kuoli ennen kuin saavuin sinne.,other,tatoeba:fin
Minä soitan viulua.,other,tatoeba:fin
"Kun maaliskuu tulee, monet kukat kukkivat.",other,tatoeba:fin
Bob veloittaa ruohonleikkuusta kolme dollaria tunnilta.,other,tatoeba:fin
On järkevää säästää rahaa pahan päivän varalle.,other,tatoeba:fin
"Jos satut muuttamaan mieltäsi, niin ilmoitathan siitä minulle.",other,tatoeba:fin
Tom katsoi eilen TV:tä.,other,tatoeba:fin
Mary pitää television katselusta.,other,tatoeba:fin
Television katselu on hauskaa.,other,tatoeba:fin
Laita televisio kovemmalle.,other,tatoeba:fin
Laita televisio pienemmälle.,other,tatoeba:fin
Onpa iso koira!,other,tatoeba:fin
Mikä näistä koirista on sinun koirasi?,other,tatoeba:fin
Jokainen koira on elossa.,other,tatoeba:fin
Koira lähti pois.,other,tatoeba:fin
Se koira on valkoinen.,other,tatoeba:fin
Se koira oli kuollut.,other,tatoeba:fin
Se koira on kuolemaisillaan.,other,tatoeba:fin
Se koira oli kuolemaisillaan.,other,tatoeba:fin
Se koira näyttää nälkäiseltä.,other,tatoeba:fin
Hänen pahojen tapojensa takia kukaan ei pidä hänestä.,other,tatoeba:fin
"Päätimme lähteä piknikille, koska sää oli niin erinomainen.",other,tatoeba:fin
En ole koskaan nähnyt matkoillani kauniimpaa vuorta kuin Everest.,other,tatoeba:fin
Mitä Jon tekee juuri nyt.,other,tatoeba:fin
Tuhannet ulkomaalaiset vierailevat Japanissa vuosittain.,other,tatoeba:fin
Piękne są chmury płynące po niebie.,other,tatoeba:pol
Twój zegarek jest na biurku.,other,tatoeba:pol
Spójrz na dom z czerwonym dachem.,other,tatoeba:pol
Pogoda pogarszała się z upływem dnia.,other,tatoeba:pol
"Jak dobrze pójdzie, robię 2-3 sztuki dziennie.",other,tatoeba:pol
Po drodze do domu wpadnę na pocztę.,other,tatoeba:pol
Mam w pokoju niezły burdel.,other,tatoeba:pol
Złapali nieprzyjaciela w zasadzkę.,other,tatoeba:pol
Jestem w ciąży.,other,tatoeba:pol
On ją kocha.,other,tatoeba:pol
Nasz nauczyciel zawsze przychodzi punktualnie na zajęcia.,other,tatoeba:pol
Rozdziel te jabłka na trzy osoby.,other,tatoeba:pol
Jutro mnie nie ma.,other,tatoeba:pol
Przyjdź też jutro!,other,tatoeba:pol
Idźcie prosto tą ulicą.,other,tatoeba:pol
On wystąpił w dubbingu do „Avatara”.,other,tatoeba:pol
Poprzysiągłem sobie nigdy już się do niej nie odzywać.,other,tatoeba:pol
On jest Anglikiem.,other,tatoeba:pol
W roku 1945 zrzucono bombę atomową na Hiroszimę.,other,tatoeba:pol
Ależ z ciebie kutwa!,other,tatoeba:pol
Roger pracuje od świtu do zmroku.,other,tatoeba:pol
Ta skrzynka zawiera pięć jabłek.,other,tatoeba:pol
Tłukłeś się z Kenem?,other,tatoeba:pol
"Jego książka znana jest nie tylko w Anglii, ale i w Japonii.",other,tatoeba:pol
To jest tego samego koloru co moje.,other,tatoeba:pol
Jak zamierza naprawić wyrządzoną stratę?,other,tatoeba:pol
"To, że jeszcze żyję, zawdzięczam tobie.",other,tatoeba:pol
"„Jestem głodny!” – rzekł mały biały króliczek, więc zatrzymali się i zjedli dużego hiacynta.",other,tatoeba:pol
„Nickel” to moneta pięciocentowa.,other,tatoeba:pol
"Kiedy mówimy, że język jest przekazywany kulturowo – a więc że jest nabywany, a nie dziedziczony – to chodzi nam o to, że stanowi on część wielkiego zbioru zachowań nabytych i współdzielonych z innymi, który antropologowie nazywają kulturą.",other,tatoeba:pol
"W końcu wpadł na to, jak to się robi.",other,tatoeba:pol
Zaśpiewajmy tę angielską piosenkę.,other,tatoeba:pol
Z jakiegoś powodu mikrofon wcześniej nie działał.,other,tatoeba:pol
"Zwyczajnie nie wiem, co powiedzieć...",other,tatoeba:pol
"To, co powiedziałeś, nie ma sensu.",other,tatoeba:pol
"Nic nie powiedział, co ją wkurzyło.",other,tatoeba:pol
"Proszę pana, zostawił pan zapalniczkę na stole!",other,tatoeba:pol
"Mówią, że w tej okolicy jest zakopany skarb.",other,tatoeba:pol
"Proszę bardzo, nie ma za co.",other,tatoeba:pol
Z całym szacunkiem.,other,tatoeba:pol
"To dobry pomysł, żeby pograć w shogi po obiedzie.",other,tatoeba:pol
Umyj dobrze zęby.,other,tatoeba:pol
Ładna dziś pogoda.,other,tatoeba:pol
Któż to wie?,other,tatoeba:pol
To za drogo!,other,tatoeba:pol
Wszystkie istoty ludzkie rodzą się wolne i równe w godności i prawach. Są one obdarzone rozumem i sumieniem oraz powinny postępować w stosunku do siebie wzajemnie w duchu braterstwa.,other,tatoeba:pol
Cały dzień grałem w tenisa.,other,tatoeba:pol
Czy mówi pan po angielsku?,other,tatoeba:pol
"Uważa się, ze to ważna sprawa.",other,tatoeba:pol
Nie jesteś winien tego wypadku.,other,tatoeba:pol
Wspomniano twoje nazwisko.,other,tatoeba:pol
"Doprawdy? A myślałem, że wyjdzie za mąż jako ostatnia.",other,tatoeba:pol
Pożycz mi coś do cięcia.,other,tatoeba:pol
Od dawna jest pan w Osace?,other,tatoeba:pol
Nasz ogród był zachwaszczony.,other,tatoeba:pol
"Jak dla mnie, Australia jest jednym z najlepszych krajów na świecie.",other,tatoeba:pol
Jane ścięła włosy przed zawodami.,other,tatoeba:pol
Jaki jest ostateczny cel nauczania?,other,tatoeba:pol
Jest zależny finansowo od swej żony.,other,tatoeba:pol
Mój ojciec jest nieco staromodny.,other,tatoeba:pol
Mój wujek zmarł wczoraj na raka żołądka.,other,tatoeba:pol
Pan Wang jest z Chin.,other,tatoeba:pol
Niestety nie zdążyłem na jego wystąpienie.,other,tatoeba:pol
Ile kosztuje przejazd z Osaki do Akity?,other,tatoeba:pol
Spójrz na ten dym.,other,tatoeba:pol
"Proszę, na przyszłość bardziej uważaj.",other,tatoeba:pol
"Często mówi się, że Japończycy są dobrymi pracownikami.",other,tatoeba:pol
Udało mi się uzyskać zgodę rodziców na małżeństwo.,other,tatoeba:pol
"Było już późno, więc wróciłem do domu.",other,tatoeba:pol
Astronomia zajmuje się gwiazdami i planetami.,other,tatoeba:pol
Z daleka wygląda to na piłkę.,other,tatoeba:pol
"Nieważne, co czytasz, ale jak czytasz.",other,tatoeba:pol
Nie muszę ci się tłumaczyć z mojego postępowania.,other,tatoeba:pol
Eksport idzie marnie.,other,tatoeba:pol
Przez nierozważną jazdę napytał sobie biedy – zginął.,other,tatoeba:pol
Proszę załączyć świadectwo jakości.,other,tatoeba:pol
Bardzo nierozważnie jest pływać wśród takich prądów.,other,tatoeba:pol
Popełniłem koszmarny błąd.,other,tatoeba:pol
Sędzia skazał go na rok pozbawienia wolności.,other,tatoeba:pol
Spociłem się pod pachami.,other,tatoeba:pol
Co się zdarzyło na tym skrzyżowaniu?,other,tatoeba:pol
Pracowała wyłącznie dla pieniędzy.,other,tatoeba:pol
Ona nie znosi zielonego pieprzu.,other,tatoeba:pol
On nigdy nie traci nadziei.,other,tatoeba:pol
"Mam wrażenie, że kiedyś już tu byłem.",other,tatoeba:pol
Nasz pociąg zatrzymał się nagle.,other,tatoeba:pol
"Gdybyś był w kłopocie, pomógłbym ci.",other,tatoeba:pol
Przyszedł około czternastej.,other,tatoeba:pol
"Jeśli wieczorem będzie padać, nie wyjdę z domu.",other,tatoeba:pol
Wrócił z Chin.,other,tatoeba:pol
Musisz tylko posprzątać pokój.,other,tatoeba:pol
Niewielu studentów umie czytać po łacinie.,other,tatoeba:pol
"Na północy znajduje się Szkocja, na południu Anglia, na zachodzie Walia, a jeszcze dalej na zachód – Irlandia Północna.",other,tatoeba:pol
Jego ojczyzną są Niemcy.,other,tatoeba:pol
Czasami śni mi się dom.,other,tatoeba:pol
U nas w styczniu pada śnieg.,other,tatoeba:pol
Kura wysiadywała jaja przez tydzień.,other,tatoeba:pol
Czekałem na niego do dziesiątej.,other,tatoeba:pol
Powiedziałem sobie: to dobry pomysł.,other,tatoeba:pol
"To najnowsza książka p. Millera i mamy nadzieję, że nie ostatnia.",other,tatoeba:pol
"Zaproszono mnie na wycieczkę zagraniczną, ale nie chcę jechać.",other,tatoeba:pol
"Co by nie robić, nie da się opanować angielskiego w kilka miesięcy.",other,tatoeba:pol
To najlepsza restauracja z owocami morza w całej dzielnicy.,other,tatoeba:pol
Nie wiń jej za to.,other,tatoeba:pol
"Czytaj codziennie gazetę, inaczej nie będziesz na bieżąco.",other,tatoeba:pol
Pociąg spóźnia się pół godziny.,other,tatoeba:pol
Jego życzliwość była tylko na pokaz.,other,tatoeba:pol
Przyszła mi do głowy niezła myśl.,other,tatoeba:pol
Mówi pan po angielsku?,other,tatoeba:pol
Mój dom jest duży.,other,tatoeba:pol
Jest niezwykle przystojny.,other,tatoeba:pol
Nie lubię szkoły.,other,tatoeba:pol
Nie mówię po japońsku.,other,tatoeba:pol
Rak to wielki wróg ludzkości.,other,tatoeba:pol
Oto nasza szkoła.,other,tatoeba:pol
Włochy to piękny kraj.,other,tatoeba:pol
"Przepraszam, zgubiłem się.",other,tatoeba:pol
Ta suknia dobrze leży.,other,tatoeba:pol
Wczoraj wieczorem musieliśmy wezwać policję.,other,tatoeba:pol
Miłość jest ślepa z natury rzeczy.,other,tatoeba:pol
Pojechałem autostradą numer 58.,other,tatoeba:pol
Mam dużo problemów do rozwiązania.,other,tatoeba:pol
Zimą szybko zapada noc.,other,tatoeba:pol
Bardzo lubi swoją szkołę.,other,tatoeba:pol
Zostawiłem parasol w pociągu.,other,tatoeba:pol
Policja szybko rozprawiła się z zamieszkami.,other,tatoeba:pol
Co rano czyta gazetę.,other,tatoeba:pol
Do szkoły idę o siódmej.,other,tatoeba:pol
Dziewczyny sprzeciwiły się naszemu planowi.,other,tatoeba:pol
O której taksówka odjeżdża na lotnisko?,other,tatoeba:pol
Nie ma rzeczy ważniejszej niż przyjaźń.,other,tatoeba:pol
Może być jakiekolwiek czasopismo.,other,tatoeba:pol
To zdjęcie zrobiono w Narze.,other,tatoeba:pol
Tacie się to nie spodoba.,other,tatoeba:pol
"Sto lat, Muiriel!",other,tatoeba:pol
Byłem w górach.,other,tatoeba:pol
W moim poduszkowcu jest pełno węgorzy.,other,tatoeba:pol
Poznaj mnie z jakąś ładną dziewczyną.,other,tatoeba:pol
"Zwrócił uwagę synowi, że się leni.",other,tatoeba:pol
Czy to świeże zdjęcie?,other,tatoeba:pol
"Powiedziałeś, że nigdy nie wygram?",other,tatoeba:pol
"Dobry wieczór, jak leci?",other,tatoeba:pol
Hiszpania jest krajem demokratycznym od 1975 roku.,other,tatoeba:pol
Paco maluje widoki miast.,other,tatoeba:pol
Gdzie on się urodził?,other,tatoeba:pol
Bardzo mi to pomogło.,other,tatoeba:pol
Urodził się w Atenach w roku 1956.,other,tatoeba:pol
Wróciłem! O! Mamy gości?,other,tatoeba:pol
Kiedy się urodziła?,other,tatoeba:pol
"Mówiłem ci już, że go już tu nie ma.",other,tatoeba:pol
Zgubił się pan?,other,tatoeba:pol
Idziemy do kina?,other,tatoeba:pol
To nówka sztuka.,other,tatoeba:pol
Co robisz przed śniadaniem?,other,tatoeba:pol
Nie lubię sposobu w jaki on mówi.,other,tatoeba:pol
Ja też chciałbym pojechać sobie na Hawaje.,other,tatoeba:pol
Jeszcze nie odzyskał przytomności.,other,tatoeba:pol
Kiedy się ożeniłeś?,other,tatoeba:pol
Mógłby pan wysłać mi ten list mailem?,other,tatoeba:pol
Staruszek lubi przesadzać.,other,tatoeba:pol
Japonia zużywa dużo papieru.,other,tatoeba:pol
Ona ma trzech braci.,other,tatoeba:pol
"Możesz jechać, gdzie ci się podoba.",other,tatoeba:pol
Nie przywykłem do publicznych wystąpień.,other,tatoeba:pol
Moja praca polega na opiece nad dziećmi.,other,tatoeba:pol
Dostałem od dziadka prezent na urodziny.,other,tatoeba:pol
Czy jest tu gdzieś centrum handlowe?,other,tatoeba:pol
Trwa budowa nowej szkoły.,other,tatoeba:pol
Jestem głodny jak wilk.,other,tatoeba:pol
Co znaczy to słowo?,other,tatoeba:pol
W języku angielskim jest dużo wyrazów zapożyczonych z francuskiego.,other,tatoeba:pol
"Sen jest ważny, ale po co istnieje - to stanowi zagadkę.",other,tatoeba:pol
"Jest biedna, ale szczęśliwa.",other,tatoeba:pol
Czy jest jakieś zagraniczne piwo?,other,tatoeba:pol
Byłem wtedy dzieckiem.,other,tatoeba:pol
"Ona jest zdania, że wszystko jest kwestią pieniędzy.",other,tatoeba:pol
Muszę iść spać.,other,tatoeba:pol
Nie chcieć oznacza mieć.,other,tatoeba:pol
Niestety to prawda.,other,tatoeba:pol
"To dlatego, że nie chcesz być sam.",other,tatoeba:pol
"Samotny człowiek jest sam, bo się obawia innych.",other,tatoeba:pol
Zarabiam 100 euro dziennie.,other,tatoeba:pol
Wyglądasz na durnia.,other,tatoeba:pol
Hasło brzmi „Muiriel”.,other,tatoeba:pol
Chciałbym móc pojechać do Japonii.,other,tatoeba:pol
"Znalazłem rozwiązanie, ale coś za szybko, więc nie może być poprawne.",other,tatoeba:pol
To się nigdy nie skończy.,other,tatoeba:pol
"Chociaż przeprosił, ja wciąż jestem wściekły.",other,tatoeba:pol
Zrobiłem wielki błąd przy wyborze żony.,other,tatoeba:pol
W naszych szacunkach założyliśmy margines błędu.,other,tatoeba:pol
Studiuję na uniwersytecie Hyōgo.,other,tatoeba:pol
"Zdecyduj, czy idziemy, czy nie.",other,tatoeba:pol
"Na pewno kiedyś pojadę do Francji, tylko nie wiem kiedy.",other,tatoeba:pol
"Muszę iść po zakupy, będę za godzinę.",other,tatoeba:pol
Nie należę do żadnego klubu.,other,tatoeba:pol
"Za długo by objaśniać, dlaczego to nie zadziała.",other,tatoeba:pol
Zgadza się. Jest dużo wilgoci w powietrzu.,other,tatoeba:pol
Czy są wolne miejsca?,other,tatoeba:pol
Niebo jest błękitne.,other,tatoeba:pol
Gdzie są moje okulary?,other,tatoeba:pol
Biały jacht płynął po falach.,other,tatoeba:pol
To nasza sąsiadka.,other,tatoeba:pol
Matka była wykończona.,other,tatoeba:pol
Powinna tu być około południa.,other,tatoeba:pol
Zapisała się na kurs hiszpańskiego.,other,tatoeba:pol
"Nie może chodzić, a cóż dopiero biegać.",other,tatoeba:pol
Chyba mu na mnie nie zależy.,other,tatoeba:pol
Nie lubi upałów.,other,tatoeba:pol
Miło się z nią rozmawiało.,other,tatoeba:pol
Nie licz na jego pomoc.,other,tatoeba:pol
"Jako obywatel świata, umiem przekraczać bariery kulturowe.",other,tatoeba:pol
"Kłopot w tym, że mamy mało pieniędzy.",other,tatoeba:pol
Nie lubię takiej muzyki.,other,tatoeba:pol
On zawsze się spóźnia do szkoły.,other,tatoeba:pol
Zatrzymasz to dla siebie?,other,tatoeba:pol
Są dobrą parą.,other,tatoeba:pol
"Dziewczyna, która rozmawia z Johnem, to Susan.",other,tatoeba:pol
Proszę wezwać ochronę hotelu.,other,tatoeba:pol
Wierzę w tę metodę nauczania.,other,tatoeba:pol
Ma głowę do interesów.,other,tatoeba:pol
"Zaczęło świtać, długa noc się skończyła.",other,tatoeba:pol
To był zły królik.,other,tatoeba:pol
"Cześć, jestem Nancy.",other,tatoeba:pol
"Halo, jesteś jeszcze?",other,tatoeba:pol
Muiriel ma teraz 20 lat.,other,tatoeba:pol
Dzieci wyglądają na zmęczone pływaniem.,other,tatoeba:pol
Nie dane mu było spotkać się z nią ponownie.,other,tatoeba:pol
Seria wybuchów obróciła pracownię w ruinę.,other,tatoeba:pol
Japonia ma wiele cech szczególnych.,other,tatoeba:pol
Film trwał 2 godziny.,other,tatoeba:pol
Jak daleko jest do lotniska?,other,tatoeba:pol
"Cieszę się, że cię znów widzę.",other,tatoeba:pol
Poproszę do hotelu Hilton.,other,tatoeba:pol
Zwykle to ja myję naczynia.,other,tatoeba:pol
"Nie zapominaj, że mamy zadanie domowe.",other,tatoeba:pol
Chciałbym filiżankę kawy.,other,tatoeba:pol
Już nie chcę.,other,tatoeba:pol
To jest mojego brata.,other,tatoeba:pol
Nie brakuje niczego.,other,tatoeba:pol
Weź książkę i przeczytaj ją!,other,tatoeba:pol
"Powiedział mi, że pojedzie do Wenecji.",other,tatoeba:pol
Odpowiedz na pytanie.,other,tatoeba:pol
"Kiedy byłem mały, czytałem godzinami, sam w swoim pokoju.",other,tatoeba:pol
Jaką masz grupę krwi?,other,tatoeba:pol
Pamiętam pierwszy raz.,other,tatoeba:pol
"Był ubogi, ale nie pożyczał pieniędzy od innych.",other,tatoeba:pol
"Nie ma wątpliwości, że jest utalentowana.",other,tatoeba:pol
Poczta przychodzi przed południem.,other,tatoeba:pol
"Przestraszyłem się, mijając go.",other,tatoeba:pol
Jak możemy się upewnić co do jego uczciwości?,other,tatoeba:pol
"Nie, to nie jest mój nowy chłopak.",other,tatoeba:pol
"Nie wiem, jak to udowodnić, to zbyt oczywiste.",other,tatoeba:pol
Zamówiłem dwa hamburgery.,other,tatoeba:pol
"Mogę się tylko domyślać, czy tak samo sądzą inni.",other,tatoeba:pol
Nie jestem wielkim podróżnikiem.,other,tatoeba:pol
Każdy ma swoje silne i słabe strony.,other,tatoeba:pol
Jego smutna historia poruszyła mnie.,other,tatoeba:pol
Świeczka sama zgasła.,other,tatoeba:pol
Ojciec zabronił mi czytać książki w łóżku.,other,tatoeba:pol
Zostajesz w domu dziś wieczorem?,other,tatoeba:pol
Przyznanie się do winy to połowa drogi do jej wybaczenia.,other,tatoeba:pol
"Jaka praca, taka płaca.",other,tatoeba:pol
Boję się spadania.,other,tatoeba:pol
To będzie kosztować 30 euro.,other,tatoeba:pol
Film trwał dwie godziny.,other,tatoeba:pol
Chciałbym odebrać swoje kosztowności.,other,tatoeba:pol
W Wenecji jest zawsze wielu turystów.,other,tatoeba:pol
Wczoraj było trzęsienie ziemi.,other,tatoeba:pol
"Wiesz może, gdzie położyłem moje klucze?",other,tatoeba:pol
Mam dużo przygotowań na jutro.,other,tatoeba:pol
"Powiedziane ulatuje, napisane pozostaje.",other,tatoeba:pol
"Jesteś przy mnie, a więc wszystko dobrze.",other,tatoeba:pol
Państwo nie zdołało sprostać oczekiwaniom obywateli.,other,tatoeba:pol
"Ci, co go znają, lubią go.",other,tatoeba:pol
Ściany mają uszy.,other,tatoeba:pol
"Myślałem, że to prawda.",other,tatoeba:pol
Czy mówi pan po włosku?,other,tatoeba:pol
"Właśnie miałem wychodzić, kiedy zadzwonił telefon.",other,tatoeba:pol
Bez wątpienia Wszechświat jest nieskończony.,other,tatoeba:pol
"Nie wiedziałem, że tyle wypił.",other,tatoeba:pol
Jak się masz? Jak minęła podróż?,other,tatoeba:pol
Ta dziewczyna zmieniła styl.,other,tatoeba:pol
Nie znam go.,other,tatoeba:pol
Dobrze mi służył ten nóż.,other,tatoeba:pol
Jesteś w moim typie.,other,tatoeba:pol
Nie każ mi powtarzać.,other,tatoeba:pol
Ile masz lat?,other,tatoeba:pol
A jednak znów prawdą jest coś przeciwnego.,other,tatoeba:pol
Życie bez miłości nie ma żadnego sensu.,other,tatoeba:pol
Możesz zadzwonić później?,other,tatoeba:pol
Wcale nie jestem przekonany.,other,tatoeba:pol
Dziś idziemy tańczyć.,other,tatoeba:pol
Chcieć to móc.,other,tatoeba:pol
Dobrze ci tak.,other,tatoeba:pol
Czy to poważne?,other,tatoeba:pol
Jesteś wielką miłością mego życia.,other,tatoeba:pol
Ostrzegłem go przed niebezpieczeństwem.,other,tatoeba:pol
– Kto to? – To twoja matka.,other,tatoeba:pol
Proszę poczekać w poczekalni.,other,tatoeba:pol
Czekają na was pod drzwiami.,other,tatoeba:pol
Przyszłaś właśnie kiedy wychodziłem.,other,tatoeba:pol
Oni chcą emigrować do Ameryki.,other,tatoeba:pol
Prowadził interesy przez wiele lat.,other,tatoeba:pol
Pogodę przewiduje się naukowo.,other,tatoeba:pol
Wlał do herbaty mleka i zamieszał.,other,tatoeba:pol
On pozostawia po sobie niezatarte wrażenie.,other,tatoeba:pol
Wyśmiali nasze wysiłki.,other,tatoeba:pol
Chciałbym uruchomić grę na Windows 95.,other,tatoeba:pol
"Pracuję jak szalony, żeby zdążyć w terminie.",other,tatoeba:pol
Ojciec i młodsza siostra są stolarzami.,other,tatoeba:pol
W celu ochrony głowy należy nosić kask.,other,tatoeba:pol
Nie otwierać przed zatrzymaniem pociągu.,other,tatoeba:pol
Dlaczego przywiązujesz wagę do tego zdarzenia?,other,tatoeba:pol
Ile zostało kanapek?,other,tatoeba:pol
"Jeśli nawet to nie prawda, to dobrze wymyślone.",other,tatoeba:pol
Języki obce uważam za nadzwyczaj interesujące.,other,tatoeba:pol
To dobry człowiek.,other,tatoeba:pol
"Muszę wam się przyznać, że chrapię...",other,tatoeba:pol
Są mocni tylko w gębie.,other,tatoeba:pol
Dziesięć tysięcy dodać pięć tysięcy pięćset daje piętnaście tysięcy pięćset.,other,tatoeba:pol
Już przynoszę rachunek.,other,tatoeba:pol
Udało nam się!,other,tatoeba:pol
Byłeś tam kiedyś?,other,tatoeba:pol
"Kto nie ryzykuje, ten nic nie ma.",other,tatoeba:pol
"Żeby to osiągnąć, musisz zaryzykować.",other,tatoeba:pol
"Dziękuję, to wszystko.",other,tatoeba:pol
Idę po samochód.,other,tatoeba:pol
Znikł bez śladu.,other,tatoeba:pol
Pić mi się chce.,other,tatoeba:pol
Zrobiłeś to celowo!,other,tatoeba:pol
Nic mu nie powiedziałeś?,other,tatoeba:pol
Musisz więcej pracować.,other,tatoeba:pol
Bardzo lubię swoją pracę.,other,tatoeba:pol
Poznałem sympatycznych ludzi.,other,tatoeba:pol
Rozmawiałem z przyjaciółmi.,other,tatoeba:pol
Film zaczął się o drugiej.,other,tatoeba:pol
Miło mi widzieć cię ponownie.,other,tatoeba:pol
Bardzoś się zmienił.,other,tatoeba:pol
"Powiedz mi, co się stało.",other,tatoeba:pol
Pozostaje tylko płakać.,other,tatoeba:pol
To poważne dziewczyny.,other,tatoeba:pol
Ależ jesteś piękna!,other,tatoeba:pol
"Jest tyle kościołów, co muzeów.",other,tatoeba:pol
Rozrywka jest łatwiejsza od pracy.,other,tatoeba:pol
To trudniejsze niż myślisz.,other,tatoeba:pol
Nie można jechać na dwóch koniach jednocześnie.,other,tatoeba:pol
Mam męża i dwoje dzieci.,other,tatoeba:pol
Rzadko go widuję.,other,tatoeba:pol
Dowiedział się o tym z gazety.,other,tatoeba:pol
"Nie wiem, czy będę mieć na to czas.",other,tatoeba:pol
"Zapytaj Tranga, czy dziś wieczór wychodzi.",other,tatoeba:pol
Kto to powiedział? To zupełna nieprawda!,other,tatoeba:pol
To za małe.,other,tatoeba:pol
"Kiedy to usłyszałem, nie wierzyłem własnym uszom.",other,tatoeba:pol
Ona zagrała w tej sztuce.,other,tatoeba:pol
Ile wynosi ludność Japonii?,other,tatoeba:pol
Przekroczyliśmy budżet o 2 tysiące jenów.,other,tatoeba:pol
"Jeśli wybuchnie światowa wojna jądrowa, uważa się, że „atomowa zima” w skali całego globu może trwać kilka miesięcy.",other,tatoeba:pol
"Pojechał do Paryża, gdzie spotkał się mną po raz pierwszy.",other,tatoeba:pol
Na suficie siedzi wielka mucha.,other,tatoeba:pol
Szaleją za jazzem.,other,tatoeba:pol
Zwykle siedzi do późna w nocy.,other,tatoeba:pol
Jego starszy brat jest bardziej cierpliwy niż on.,other,tatoeba:pol
Jej matka mieszka na wsi zupełnie sama.,other,tatoeba:pol
Samolot wylądował dokładnie o szóstej.,other,tatoeba:pol
Żyli ze sobą w zgodzie.,other,tatoeba:pol
Trafił w cel.,other,tatoeba:pol
Szedł brzegiem morza.,other,tatoeba:pol
Pozdrów ją ode mnie.,other,tatoeba:pol
Daję spokój z matematyką.,other,tatoeba:pol
Nie mogłem sobie przypomnieć ich nazwisk.,other,tatoeba:pol
Moja matka świetnie przyrządzała ziemniaki.,other,tatoeba:pol
W końcu przyjdzie.,other,tatoeba:pol
"On nie ma ani żony, ani dzieci, ani przyjaciół.",other,tatoeba:pol
W jego ogrodzie zawsze kwitną rozmaite kwiaty.,other,tatoeba:pol
Czy masz gorączkę?,other,tatoeba:pol
Wczoraj tam poszedł.,other,tatoeba:pol
Zachowywał się jak wariat.,other,tatoeba:pol
Ona jest trudna w kontakcie.,other,tatoeba:pol
Jej ojciec podobno zginął w wypadku.,other,tatoeba:pol
Jak się pan nazywa?,other,tatoeba:pol
Natsume Soseki żył w tych samych czasach co Mori Ogai.,other,tatoeba:pol
Nie zmieniaj tematu.,other,tatoeba:pol
Czy mówi pan po japońsku?,other,tatoeba:pol
Uchodźcy ściągali z całego kraju.,other,tatoeba:pol
Płakał z radości.,other,tatoeba:pol
Nazwali tę wioskę „Nowy Amsterdam”.,other,tatoeba:pol
Po latach stała się równie piękna jak jej matka.,other,tatoeba:pol
Objaśni mi pan drogę na stację metra?,other,tatoeba:pol
"Biedował, mieszkał w małej chatce.",other,tatoeba:pol
"Pojechał do Anglii, by studiować literaturę angielską.",other,tatoeba:pol
Samolot zniknął w mgnieniu oka.,other,tatoeba:pol
Miał nadzieję na fotel prezesa.,other,tatoeba:pol
"To dobry pomysł, by poprosić go o pomoc.",other,tatoeba:pol
Japonia to kraj przemysłowy.,other,tatoeba:pol
Ona świata nie widzi poza pracą.,other,tatoeba:pol
Sam się obudził.,other,tatoeba:pol
"Aby uniknąć przenikliwego zimna, włożyła ciepły płaszcz.",other,tatoeba:pol
"Policja przypuszcza, że mógł napaść na bank.",other,tatoeba:pol
Uważany był za japońską odpowiedź na Picassa.,other,tatoeba:pol
"Ahoj, to je Mike.",other,tatoeba:ces
"Ahoj, jak se máš?",other,tatoeba:ces
"Dobrý den, jsem Nancy.",other,tatoeba:ces
Ahoj? Jste stále ještě tady?,other,tatoeba:ces
Všichni lidé rodí se svobodní a sobě rovní co do důstojnosti a práv. Jsou nadáni rozumem a svědomím a mají spolu jednat v duchu bratrství.,other,tatoeba:ces
Musím jít spát.,other,tatoeba:ces
Dneska je 18. června a je Muiriel narozeniny!,other,tatoeba:ces
"Všechno nejlepší k narozeninám, Muiriele!",other,tatoeba:ces
Muiriel je 20 nyní.,other,tatoeba:ces
"Heslo je ""Muiriel"".",other,tatoeba:ces
Vrátím se brzy.,other,tatoeba:ces
Tohle nikdy neskončí.,other,tatoeba:ces
"Já starčí nevím, co říct...",other,tatoeba:ces
To byl zlý králík.,other,tatoeba:ces
Byl jsem v horách.,other,tatoeba:ces
Je to nedávný snímek?,other,tatoeba:ces
"Já nevím, jestli mám čas.",other,tatoeba:ces
Z nějakého důvodu nefungoval mikrofon dříve.,other,tatoeba:ces
Vzdělávání v tomto světě mě nezklame.,other,tatoeba:ces
Jste v lepším stavu než já.,other,tatoeba:ces
Vy jste v mé cestě.,other,tatoeba:ces
Přinesl jsem ti něco malého.,other,tatoeba:ces
Toto bude stát 30 Kr.,other,tatoeba:ces
Vydělávám 100 € denně.,other,tatoeba:ces
Toto bude stát 30 €.,other,tatoeba:ces
Zapomněl jsem se ho zeptat.,other,tatoeba:ces
Vzal to doslova.,other,tatoeba:ces
Nedotýkej se mého kole.,other,tatoeba:ces
Jaké je hlavní město Finska?,other,tatoeba:ces
Bolest byla strašná.,other,tatoeba:ces
Všechny moje dorty jsou chutné!,other,tatoeba:ces
Chci dobrý slovník.,other,tatoeba:ces
Teče ti z nosu!,other,tatoeba:ces
Máme ještě mnoho času.,other,tatoeba:ces
Mám raději angličtinu než matematiku.,other,tatoeba:ces
Nezkoušejte dělat dramatické změny vašeho stravovacího režimu najednou.,other,tatoeba:ces
To se může stát každému.,other,tatoeba:ces
Objednal jsem si dva hamburgery.,other,tatoeba:ces
Nastudujte si tyhle věty.,other,tatoeba:ces
Neschovávej se pod postel.,other,tatoeba:ces
Bojím se jít ve tmě.,other,tatoeba:ces
O čem mluví?,other,tatoeba:ces
Nedělej si starosti.,other,tatoeba:ces
Nikdo mi nerozumí.,other,tatoeba:ces
Před začátkem nákupu v tomto internetovém obchodě se prosím seznamte s těmito obchodními podmínkami.,other,tatoeba:ces
Snídaně je již připravená.,other,tatoeba:ces
"Když jsem se před čtyřmi lety přestěhoval do Spojených států, měl jsem problém přizpůsobit se novému jazyku a kultuře.",other,tatoeba:ces
Měsíc je krásný na podzim.,other,tatoeba:ces
Právě jsem ucítil kapku deště.,other,tatoeba:ces
Neviděl jsi muzikál?,other,tatoeba:ces
John žije v New Yorku.,other,tatoeba:ces
"Řekni mi, co se stalo.",other,tatoeba:ces
"Já si myslím, že budete těmi odpověďi ohromeným.",other,tatoeba:ces
Oba dva psi spí.,other,tatoeba:ces
"Děkuji, to je všechno.",other,tatoeba:ces
"Je mi líto, ale tohle prostě nejde.",other,tatoeba:ces
Jakým jazykem se mluví v Brazílii?,other,tatoeba:ces
Za kapitána si zvolili Petra.,other,tatoeba:ces
Protřela si oči.,other,tatoeba:ces
Zmizel v davu.,other,tatoeba:ces
Zná to tam jako svoje boty.,other,tatoeba:ces
Schoval jsem se pod stolem.,other,tatoeba:ces
To se ti opravdu povedlo.,other,tatoeba:ces
Člověk je chybující tvor.,other,tatoeba:ces
Nechal jsem si opravit hodinky.,other,tatoeba:ces
Mám těch jejích stížností plné zuby.,other,tatoeba:ces
"Odpusťte, že jsem vás nechal tak dlouho čekat.",other,tatoeba:ces
Je vystudovaný právník.,other,tatoeba:ces
"Přijel autobusem, nebo vlakem?",other,tatoeba:ces
Udělal pořádnou hloupost.,other,tatoeba:ces
Cena zahrnuje daň.,other,tatoeba:ces
On ten problém chápe.,other,tatoeba:ces
Rád chodí na procházky sám.,other,tatoeba:ces
Musíme omezit výdaje.,other,tatoeba:ces
Jenom se dívám.,other,tatoeba:ces
Už nikdy potom se té bolesti nezbavila.,other,tatoeba:ces
Jeho dům je na prodej.,other,tatoeba:ces
Tom je stejně velký jako jeho otec.,other,tatoeba:ces
Je dneska v noci vidět Venuše?,other,tatoeba:ces
Prosím klíč od pokoje.,other,tatoeba:ces
Starej se o sebe!,other,tatoeba:ces
Nepleť se do cizích věcí!,other,tatoeba:ces
Viděl jsem ho před třemi lety.,other,tatoeba:ces
Neustále si stěžují.,other,tatoeba:ces
Dneska večer s tebou do restaurace nemůžu.,other,tatoeba:ces
Nemohla bys mi půjčit nějaké peníze?,other,tatoeba:ces
Na tuhle otázku nemusíte odpovídat.,other,tatoeba:ces
Zápas byl kvůli počasí odložen.,other,tatoeba:ces
"Jana byla šťastná jak blecha, když dostala nahrávací smlouvu.",other,tatoeba:ces
"Ty obláčky, jak ty plují po nebi, to je ale krása!",other,tatoeba:ces
Většina velkých japonských firem je závislá na exportu.,other,tatoeba:ces
Chraptím z nachlazení.,other,tatoeba:ces
"Chceš snad říct, že úmyslně zakrýváš svoji krásu?",other,tatoeba:ces
V tomhle pokoji si nehraj.,other,tatoeba:ces
V New Yorku je spousta japonských restaurací.,other,tatoeba:ces
Trochu těm kalhotám v pase uberte.,other,tatoeba:ces
Bydlím v Kobe.,other,tatoeba:ces
Podej mi sůl.,other,tatoeba:ces
Chodíval do práce pěšky.,other,tatoeba:ces
"Dávej si pozor, co říkáš!",other,tatoeba:ces
Tenhle telefon nefunguje.,other,tatoeba:ces
Já už ho nemiluji.,other,tatoeba:ces
Můžu jít na procházku?,other,tatoeba:ces
Smrti nikdo neunikne.,other,tatoeba:ces
Jaký je počet obyvatel vašeho města?,other,tatoeba:ces
Ti psi jsou ale velcí!,other,tatoeba:ces
Nebojte se mluvit anglicky s chybami.,other,tatoeba:ces
Pojďme si odpoledne zaplavat.,other,tatoeba:ces
Ten stařec tam bydlel sám.,other,tatoeba:ces
Nakonec stejně nepřišel.,other,tatoeba:ces
Při první návštěvě u vás jsem zabloudil.,other,tatoeba:ces
Přineste mi vlhký ručník.,other,tatoeba:ces
Moc mu nedůvěřuj.,other,tatoeba:ces
Snídani jsem vynechal.,other,tatoeba:ces
Jak dlouho ještě bude takové chladno?,other,tatoeba:ces
V Tokiu vám žijí všelijací lidé.,other,tatoeba:ces
Tvůj názor je poněkud staromódní.,other,tatoeba:ces
"Vypadá to, že bikiny jsou letos v módě.",other,tatoeba:ces
"Člověk, na kterého jsem čekal, se nedostavil.",other,tatoeba:ces
Rozzlobil jsem ho.,other,tatoeba:ces
Lidi vlci za normálních okolností nenapadají.,other,tatoeba:ces
Kdy mi vrátíš ty peníze?,other,tatoeba:ces
Kovbojové vjeli do neznámého města.,other,tatoeba:ces
Momentálně nemám čas.,other,tatoeba:ces
Penis je jedním z mužských pohlavních orgánů.,other,tatoeba:ces
Při čtení dopisu vypadala smutně.,other,tatoeba:ces
Byli to takříkajíc oběti války.,other,tatoeba:ces
Málem jsem se udusil rybí kostí.,other,tatoeba:ces
Mohl byste mluvit pomaleji?,other,tatoeba:ces
Prosil bych to zabalit.,other,tatoeba:ces
Z čeho se vyrábí máslo?,other,tatoeba:ces
Jsem stejně velký jako můj otec.,other,tatoeba:ces
V té době nebyly v Japonsku žádné železnice.,other,tatoeba:ces
Ještě nikdy nepřišel do školy pozdě.,other,tatoeba:ces
"Je mi líto, už žádné nemám.",other,tatoeba:ces
Ze všeho nejvíc chtějí žít v míru.,other,tatoeba:ces
Jak je to odsud daleko k moři?,other,tatoeba:ces
V sedm hodin přijel na nádraží.,other,tatoeba:ces
Sport je dobrý pro tvé zdraví.,other,tatoeba:ces
Zatím od něj nemám žádné zprávy.,other,tatoeba:ces
Nějak mi došla inspirace.,other,tatoeba:ces
Vypila sklenici mléka.,other,tatoeba:ces
Nemám žádné sestry.,other,tatoeba:ces
V pokoji byly čtyři kusy nábytku.,other,tatoeba:ces
"Potíž je v tom, že si nepamatuji, kde jsem zaparkovala auto.",other,tatoeba:ces
Většina kritiky se snesla na předsedy.,other,tatoeba:ces
"Říká, že má ráda květiny.",other,tatoeba:ces
"Pozvali každého, jenom mě ne.",other,tatoeba:ces
Na stole byla kočka.,other,tatoeba:ces
Země je pokrytá sněhem.,other,tatoeba:ces
Stal se z něj slavný herec.,other,tatoeba:ces
Výtah je mimo provoz.,other,tatoeba:ces
Jsem trochu unavený.,other,tatoeba:ces
Jsem černá ovce rodiny.,other,tatoeba:ces
"Co myslíš, že udělá?",other,tatoeba:ces
Tatoeba je droga.,other,tatoeba:ces
V právnických dokumentech se často používají složitá slova a fráze.,other,tatoeba:ces
Moc se v počítačích nevyznám.,other,tatoeba:ces
Nemůžu to auto nastartovat.,other,tatoeba:ces
"Ukaž mi, co máš v levé ruce.",other,tatoeba:ces
Svět se asi zbláznil.,other,tatoeba:ces
Často mívá neomluvené absence.,other,tatoeba:ces
Rád pracuje na zahradě.,other,tatoeba:ces
Naproti nádraží je banka.,other,tatoeba:ces
Před nádražím je banka.,other,tatoeba:ces
"Šla jsem na ten večírek jenom proto, abych se ukázala ve společnosti.",other,tatoeba:ces
Je mi ho strašně líto.,other,tatoeba:ces
Je s nimi fakt zábava.,other,tatoeba:ces
Pospěš si nebo nám ujede vlak.,other,tatoeba:ces
"Radši bych zůstal doma, než abych šel sám.",other,tatoeba:ces
"Skoro nikdo si nemyslí, že jsme sestry.",other,tatoeba:ces
Přinutili mě ten dokument podepsat.,other,tatoeba:ces
Moje sestra má pěkné piáno.,other,tatoeba:ces
Jejich nejstarší sestra ještě není vdaná.,other,tatoeba:ces
"Ten, kdo si ještě nedávno myslel, že něco řídí, leží najednou nehybně v dřevěné bedně, a když lidé kolem vidí, že už není takový človĕk k ničemu, jednoduše ho spálí v peci.",other,tatoeba:ces
To je loutka.,other,tatoeba:ces
Je to tvoje?,other,tatoeba:ces
"Vypadá to, že z potrubí uniká plyn.",other,tatoeba:ces
Jak se máš?,other,tatoeba:ces
"Mohl byste mi vysvětlit, co znamená PKO?",other,tatoeba:ces
Je povoláním zubař.,other,tatoeba:ces
Rád objimám Veroniku.,other,tatoeba:ces
"Líbí se mi, když mi odesilá pohlednice.",other,tatoeba:ces
"Polák, Maďar, dva bratři, v šavli i ve sklenici.",other,tatoeba:ces
Není božstva kromě Boha a Muhammad je posel Boží.,other,tatoeba:ces
Jak se téhle zelenině říká anglicky?,other,tatoeba:ces
Bydlím spoustu kilometrů od nejbližšího nádraží.,other,tatoeba:ces
Smrt jejího syna zlomila Marii srdce.,other,tatoeba:ces
Tento návrh zákona podporuji.,other,tatoeba:ces
Podlomilo se mu koleno.,other,tatoeba:ces
"Nezůstávej v posteli, nebo alespoň tehdy ne, pokud si v posteli nevyděláváš.",other,tatoeba:ces
Já ráda fotím.,other,tatoeba:ces
Uvažoval jsem o změně zaměstnání.,other,tatoeba:ces
O čem jste mluvili?,other,tatoeba:ces
"Očekávám, že mi pomůžete.",other,tatoeba:ces
Tvoje ruka je studená jak led.,other,tatoeba:ces
"Je až překvapující, kolik existuje nešťastných manželství.",other,tatoeba:ces
Tyto sochy mají vysokou hodnotu.,other,tatoeba:ces
Podle zákona musíme děti posílat do školy.,other,tatoeba:ces
Krabice je ze dřeva.,other,tatoeba:ces
Bolí mě pravé rameno.,other,tatoeba:ces
"Na cestě bylo bláto, a k tomu ještě začalo pršet.",other,tatoeba:ces
"Není jen básník, ale i učenec.",other,tatoeba:ces
Tento lék by měl člověk brát každé tři hodiny.,other,tatoeba:ces
Už mám suché ponožky?,other,tatoeba:ces
"Kdo mlčí, ten souhlasí.",other,tatoeba:ces
Nemáš jíst příliš mnoho zmrzliny a špaget.,other,tatoeba:ces
"Minulost se dá jenom vědět, ale nedá se to změnit. Budoucnost se dá jenom změnit, ale nedá se to vědět.",other,tatoeba:ces
Reálná vidění neexistují.,other,tatoeba:ces
V pokoji bylo ticho.,other,tatoeba:ces
Řekla tak s usměvem.,other,tatoeba:ces
Jsem úplně vyčerpaný.,other,tatoeba:ces
Rozloučil jsem se s přítelem na nádraží.,other,tatoeba:ces
Hned jsme se spřátelili.,other,tatoeba:ces
"Požádal, abych mu peníze okamžitě vratil.",other,tatoeba:ces
Dej mi pusu.,other,tatoeba:ces
Mám tě rád.,other,tatoeba:ces
"- Nevolat? - Ale ne, ovšem volat!",other,tatoeba:ces
"Tohle je věta, která má správný počet slabik na haiku.",other,tatoeba:ces
Potkal jsem ho na konci nástupiště.,other,tatoeba:ces
Thajština se zdá oficiálním jazykem Thajska.,other,tatoeba:ces
Máš vlastní byt?,other,tatoeba:ces
Voda mrzne při 0 stupních.,other,tatoeba:ces
Nemohla odpovědět na tu otázku.,other,tatoeba:ces
V tomto měsíci musíme omezit naše výdaje.,other,tatoeba:ces
Miluje Toma víc než mne.,other,tatoeba:ces
Moje matka nemá ráda letní vedra.,other,tatoeba:ces
Sopečný popel porušil funkci letadla.,other,tatoeba:ces
I tak je to možné říci.,other,tatoeba:ces
Toho člověka nesnáším.,other,tatoeba:ces
Strč prst skrz krk!,other,tatoeba:ces
Jak on je!,other,tatoeba:ces
Jak on je.,other,tatoeba:ces
Nikomu se o našem plánu nezmiňuj.,other,tatoeba:ces
"Promiň, že jsem nedodržel slib.",other,tatoeba:ces
Nemá odvahu odmítnout můj plán.,other,tatoeba:ces
Po dvou minutách došel v našem autu benzín.,other,tatoeba:ces
Na slavnosti bylo jen šest lidí.,other,tatoeba:ces
Mám stejný slovník jako tvůj bratr.,other,tatoeba:ces
Vycestoval jsem s přítele autem.,other,tatoeba:ces
"Někdy jdu, někdy ne.",other,tatoeba:ces
Kočka se nahrbila.,other,tatoeba:ces
"Prosím, řekněte jasně ano, nebo ne.",other,tatoeba:ces
Počet obětí uragánu převýšil 200.,other,tatoeba:ces
Já nerozernám skokana od ropuchy.,other,tatoeba:ces
Už přijel vlak.,other,tatoeba:ces
Včera byl čtvrtek.,other,tatoeba:ces
Koupil jsem si nové auto.,other,tatoeba:ces
Bez vody není možno žít.,other,tatoeba:ces
Máme dvě děti.,other,tatoeba:ces
Bezbarvé zelené nápady spí šíleně.,other,tatoeba:ces
"Budu rád, když mi pomůžeš.",other,tatoeba:ces
Prosím odpusť mi.,other,tatoeba:ces
"Nemám rád, když dělám chyby.",other,tatoeba:ces
Možná sem zítra nepřijde.,other,tatoeba:ces
Studoval jsem francouzštinu po čtyři roky.,other,tatoeba:ces
Takovou věc se nemůžeš naučit za krátkou dobu.,other,tatoeba:ces
Půjdu s tebou.,other,tatoeba:ces
Mám jít s tebou?,other,tatoeba:ces
Těžká práce mu dala úspěch.,other,tatoeba:ces
S velkým úsilím vyšplhal na strom.,other,tatoeba:ces
Chvilková nepozornost může pilota stát život.,other,tatoeba:ces
Nastala chvilková pauza.,other,tatoeba:ces
"Na chvilku myslel na to, že půjde po tom muži.",other,tatoeba:ces
Byl jsem na týden v nemocnici.,other,tatoeba:ces
Plánujeme zůstat na týden.,other,tatoeba:ces
Dám ti to CD zpět do týdne.,other,tatoeba:ces
Zůstal jsem týden doma.,other,tatoeba:ces
Jsme schopni doručit během týdne.,other,tatoeba:ces
Dokončím tu práci do týdne.,other,tatoeba:ces
Šel jsem na týden bez jídla.,other,tatoeba:ces
Týden má sedm dní.,other,tatoeba:ces
Vzal si týdenní volno.,other,tatoeba:ces
Kolik dní v týdnu chodíš do školy?,other,tatoeba:ces
Kolikrát v týdnu se koupeš?,other,tatoeba:ces
Máme pět vyučovacích hodin angličtiny týdně.,other,tatoeba:ces
Ty dokážeš přečíst deset knih za týden? Nemyslel jsi za měsíc?,other,tatoeba:ces
Jaká je to profesorka?,other,tatoeba:ces
Boseman je starý traper.,other,tatoeba:ces
Srub toho starého trapera není daleko.,other,tatoeba:ces
Nějaký Sioux dal tomu starému traperovi zlatý nuget.,other,tatoeba:ces
Každý zná toho starého trapera.,other,tatoeba:ces
Sacramento Chronicle často píše o tom starém traperovi.,other,tatoeba:ces
Šerif Wyatt Earp mluvil včera s tím starým traperem.,other,tatoeba:ces
Šerif zná toho starého trapera.,other,tatoeba:ces
Ten starý srub je nalevo.,other,tatoeba:ces
Ta stará kronika je nalevo.,other,tatoeba:ces
To staré laso je nalevo.,other,tatoeba:ces
Ten starý traper žil v Kalifornii.,other,tatoeba:ces
Calamity Jane žila v Kalifornii.,other,tatoeba:ces
Fremont a Sutter žili v Kalifornii.,other,tatoeba:ces
Kdo je pan Bush?,other,tatoeba:ces
Pan Bush je prezident.,other,tatoeba:ces
Dobrý den. Jmenuji se John Reindle. Pracuji na americkém velvyslanectví v Praze.,other,tatoeba:ces
Kde jste se naučil tak dobře česky?,other,tatoeba:ces
Československo mám hodně rád.,other,tatoeba:ces
Praha je moc krásná.,other,tatoeba:ces
"Promiňte, jsem cizinec a neumím moc česky.",other,tatoeba:ces
Ale já vám rozumím docela dobře.,other,tatoeba:ces
"Jak dlouho jste v Československu, pane Reindle?",other,tatoeba:ces
Dobrý den. Já jsem Jarmila Kučerová. Ráda vás poznávám.,other,tatoeba:ces
"Moment prosím, tohle je moje žena, hned vám ji představím. Jarmilo, to je pan Reindle z amerického velvyslanectví.",other,tatoeba:ces
"Dobré odpoledne. Vy jste náš nový soused, pokud se nemýlím?",other,tatoeba:ces
Já jsem cizinec a neumím moc česky. Mluvte prosím pomalu.,other,tatoeba:ces
Cizinec? A odkud jste?,other,tatoeba:ces
Já jsem Josef Patočka a pracuji na Ministerstvu zahraničí.,other,tatoeba:ces
"Když budete cokoli potřebovat, klidně na mě zazvoňte. Rád vám pomůžu.",other,tatoeba:ces
Já nejsem Češka.,other,tatoeba:ces
Vy jste náš nový soused.,other,tatoeba:ces
Kdo je tam?,other,tatoeba:ces
Tam je soused Patočka.,other,tatoeba:ces
Toto je americké velvyslanectví.,other,tatoeba:ces
"Půjdete rovně, pak druhou ulicí doleva a hned zase doprava. To bude Karlova ulice a pak půjdete pořád rovně přes Karlův most do Mostecké ulice a na Malostranské náměstí.",other,tatoeba:ces
"Teď jste na Starém Městě, tak to budete mít asi nejlepší pěšky přes Karlův most a pak Mosteckou na Malostranské naměstí.",other,tatoeba:ces
"Dobré odpoledne. Promiňte, hledám Loretu.",other,tatoeba:ces
"Dobře, já se ještě zeptám.",other,tatoeba:ces
"Moment, prosím. Rovně a pak doprava, ano?",other,tatoeba:ces
Tak rovně a pak doprava a pak?,other,tatoeba:ces
Jak je to daleko do Brna?,other,tatoeba:ces
Kam vede tahle ulice?,other,tatoeba:ces
Jdu tudy dobře na nádraží?,other,tatoeba:ces
Je to ještě daleko?,other,tatoeba:ces
Kde jsem teď?,other,tatoeba:ces
Musíte se vrátit.,other,tatoeba:ces
Asi jsem se ztratil.,other,tatoeba:ces
Půjdete druhou ulicí.,other,tatoeba:ces
Fakt to za to stojí.,other,tatoeba:ces
Ukažte mi to na mapě.,other,tatoeba:ces
Tady mám mapu.,other,tatoeba:ces
Dělám na velvyslanectví.,other,tatoeba:ces
Udělám domácí úkol.,other,tatoeba:ces
Budu dělat domácí úkol.,other,tatoeba:ces
Pokud budete něco potřebovat.,other,tatoeba:ces
To budete mít nejlepší.,other,tatoeba:ces
To bude Karlova ulice.,other,tatoeba:ces
Profesor učí český jazyk.,other,tatoeba:ces
Učím se česky.,other,tatoeba:ces
Půjčím si pero.,other,tatoeba:ces
Půjčím vám pero.,other,tatoeba:ces
"""ODOL — neodoláš!""",other,tatoeba:ces
"Mám ó bože ó velký pamatovat si takový cifer řad, velký slovutný Archimedes, pomáhej trápenému, dej mu moc, nazpaměť nechť odříká ty slavné sice, ale tak protivné nám, ah, číslice Ludolfovy!",other,tatoeba:ces
Nesmíme usnout na vavřínech!,other,tatoeba:ces
Sedí vedle svého bratra.,other,tatoeba:ces
"Kde domov můj? Kde domov můj? Voda hučí po lučinách, bory šumí po skalinách, v sadě skví se jara květ, zemský ráj to na pohled! A to jest ta krásná země, země česká, domov můj, země česká, domov můj!",other,tatoeba:ces
Cítil jsem se špatně.,other,tatoeba:ces
Já chci umřít s Getter Jaani.,other,tatoeba:ces
Tady je můj e-mail.,other,tatoeba:ces
Na západní frontě klid.,other,tatoeba:ces
To je dobrá otázka.,other,tatoeba:ces
To se teprve pozná.,other,tatoeba:ces
Existuje mnoho starých indiánských legend.,other,tatoeba:ces
Kolik je hodin?,other,tatoeba:ces
"Mlynář se ještě jínak zkoušel zbavit Janka, ať činil co činil, na Janka nevyzrál.",other,tatoeba:ces
Nebude to tak dlouho trvat.,other,tatoeba:ces
Vůbec nemám hlad.,other,tatoeba:ces
Můžu tady fotit?,other,tatoeba:ces
Na počátku stvořil Bůh nebe a zemi.,other,tatoeba:ces
Kolik je druhá odmocnina ze 100?,other,tatoeba:ces
Je mi 18 let.,other,tatoeba:ces
Vykuř mi ptáka!,other,tatoeba:ces
Znám jeho rodinu.,other,tatoeba:ces
Hned jsem zpátky.,other,tatoeba:ces
Takhle nemůžu žít.,other,tatoeba:ces
"Většina lidí si myslí, že jsem blázen.",other,tatoeba:ces
Kope do mě.,other,tatoeba:ces
Jseš si jistý?,other,tatoeba:ces
Jsem tak tlustá.,other,tatoeba:ces
Jak dlouho jsi zůstala?,other,tatoeba:ces
To není podstatné.,other,tatoeba:ces
Svět je blázinec.,other,tatoeba:ces
Jmenuji se Jack.,other,tatoeba:ces
Měl bys spát.,other,tatoeba:ces
Měla bys spát.,other,tatoeba:ces
Ach! Rozbil se mi počítač.,other,tatoeba:ces
Jdi do prdele!,other,tatoeba:ces
Pacient leží v posteli.,other,tatoeba:ces
Zlomil jsem si ruku.,other,tatoeba:ces
Kolik vás je?,other,tatoeba:ces
Chcete se se mnou vyspat?,other,tatoeba:ces
Zavři ty zkurvený dveře!,other,tatoeba:ces
Celou noc šukali.,other,tatoeba:ces
Chodíš sem často?,other,tatoeba:ces
Můžete mi to vysvětlit?,other,tatoeba:ces
Jak jsme daleko?,other,tatoeba:ces
Líbilo se ti?,other,tatoeba:ces
Tys zabil mého otce.,other,tatoeba:ces
Proč jsi mě opustil?,other,tatoeba:ces
Zvládli jsme to!,other,tatoeba:ces
Zachránil jsi mi život.,other,tatoeba:ces
Dáme si páku?,other,tatoeba:ces
Jseš její pasák?,other,tatoeba:ces
Byla jsem na nemocenské.,other,tatoeba:ces
Byl jsem na nemocenské.,other,tatoeba:ces
Zabil jsi mi matku.,other,tatoeba:ces
Vy jste rasista.,other,tatoeba:ces
Musím jít na oslavu?,other,tatoeba:ces
Jsem hezčí než ty.,other,tatoeba:ces
Narodil jsem se v Americe.,other,tatoeba:ces
Jsem do tebe zamilovaná.,other,tatoeba:ces
Vypadá to zajímavě.,other,tatoeba:ces
Ez nem lep meg.,other,tatoeba:hun
"Minden emberi lény szabadon születik és egyenlő méltósága és joga van. Az emberek, ésszel és lelkiismerettel bírván, egymással szemben testvéri szellemben kell hogy viseltessenek.",other,tatoeba:hun
Ez tényleg szörnyű.,other,tatoeba:hun
Vettem egy táskát.,other,tatoeba:hun
Van nálad egy ceruza?,other,tatoeba:hun
"Ha ő jön, én is megyek.",other,tatoeba:hun
Ne állj mindig az ő oldalára!,other,tatoeba:hun
Hét fia van.,other,tatoeba:hun
Ön nincs bejelentkezve.,other,tatoeba:hun
Fel a fejjel!,other,tatoeba:hun
Egy jó szótárat akarok.,other,tatoeba:hun
Nem akarok iskolába menni.,other,tatoeba:hun
Egyszer teszek az életemben jó dolgot... és teljesen hiába.,other,tatoeba:hun
Nem beszélek japánul.,other,tatoeba:hun
Mennem kell aludni.,other,tatoeba:hun
Jim még mindig nem jött meg?,other,tatoeba:hun
"Boldog születésnapot, Muiriel!",other,tatoeba:hun
Muiriel húsz éves.,other,tatoeba:hun
A jelszó: Muiriel.,other,tatoeba:hun
Nem találok rá szavakat.,other,tatoeba:hun
Ez egy mostani fénykép?,other,tatoeba:hun
"Nem tudom, hogy tudok-e időt szakítani rá.",other,tatoeba:hun
A hegyekben jártam.,other,tatoeba:hun
"Holnapra hazaérek, és felhívom őket.",other,tatoeba:hun
Nem tudok így élni.,other,tatoeba:hun
"Sajnálatos, de igaz.",other,tatoeba:hun
Biztos vagy benne?,other,tatoeba:hun
Ezt most viccnek szántad?,other,tatoeba:hun
Ekkora butaságot még életemben nem mondtam.,other,tatoeba:hun
"Egy, kettő, három, négy, öt, hat, hét, nyolc, kilenc, tíz.",other,tatoeba:hun
A beteg ágyban fekszik.,other,tatoeba:hun
Finom ez a sütemény.,other,tatoeba:hun
Ki vagy te?,other,tatoeba:hun
Olaszország nagyon szép ország.,other,tatoeba:hun
Ma nagyon meleg van.,other,tatoeba:hun
Fáj a fejem.,other,tatoeba:hun
Esik az eső.,other,tatoeba:hun
- Köszönöm. - Nincs mit.,other,tatoeba:hun
Hol van a klozett?,other,tatoeba:hun
Ezek az emberek.,other,tatoeba:hun
- Köszönöm. - Szívesen.,other,tatoeba:hun
Beszél ön japánul?,other,tatoeba:hun
"Jöttem, láttam, győztem.",other,tatoeba:hun
"Az, aki nemrég még azt hitte, hogy irányít, mozdulatlan fekszik egy faládában; s a hátramaradók, belátván, hogy hasznát többé nem vehetik, elégetik a kemencében.",other,tatoeba:hun
"Lengyel, magyar – két jó barát, együtt harcol, s issza borát.",other,tatoeba:hun
"Ha megmondta volna nekem az igazat, most nem lennék ideges.",other,tatoeba:hun
A rendőrségnek sikerült megtalálni a bűnözőt.,other,tatoeba:hun
A gyermekek lecsúsztak a padról.,other,tatoeba:hun
A lány segített apjának a kerti munkában.,other,tatoeba:hun
"Tudod-e, ki fedezte fel a távírót?",other,tatoeba:hun
A háború alatt Amerika megpróbálta megállítani az Angliával folytatott kereskedelmet.,other,tatoeba:hun
Aludni kell mennem.,other,tatoeba:hun
"Ma van június 18, Muiriel születésnapja!",other,tatoeba:hun
Megédesítjük a teánkat.,other,tatoeba:hun
Itt várom meg a nővéremet.,other,tatoeba:hun
Ez egy nem várt dolog.,other,tatoeba:hun
Ennek soha sem lesz vége.,other,tatoeba:hun
"Nem tudom, hogy mit is mondjak.",other,tatoeba:hun
Ez egy gonosz nyúl volt.,other,tatoeba:hun
Valamiért nem működött a mikrofon.,other,tatoeba:hun
Magunknak kell mindent megtanulni.,other,tatoeba:hun
Az oktatás ezen a világon kiábrándít engem.,other,tatoeba:hun
"Nehéz választani a jó és rossz között, de a dolgunkat tennünk kell.",other,tatoeba:hun
Ez nem változtat semmit.,other,tatoeba:hun
Ez 30 euróba kerül.,other,tatoeba:hun
Naponta 100 eurót keresek.,other,tatoeba:hun
"Lehet, hogy hamarosan feladom, inkább szunyókálok egyet.",other,tatoeba:hun
Az eszperantóul beszélő emberek elvileg mindig legalább kétnyelvűek.,other,tatoeba:hun
Ez nem fog megtörténni.,other,tatoeba:hun
"Megteszek mindent, hogy ne zavarjalak a tanulásban.",other,tatoeba:hun
Egyre inkább kedvelem a rejtélyes személyiségeket.,other,tatoeba:hun
"Azt mondtam nekik, hogy küldjenek másik jegyet.",other,tatoeba:hun
"Nem tudom, mikor ment férjhez.",other,tatoeba:hun
Valaki ellopta az utazási csekkjeimet.,other,tatoeba:hun
Valamikor asztrofizikus akartam lenni.,other,tatoeba:hun
Sohasem kedveltem a biológiát.,other,tatoeba:hun
"A legtöbb ember azt hiszi, hogy őrült vagyok.",other,tatoeba:hun
"Nem, nem én vagyok, hanem te!",other,tatoeba:hun
Ez az én válaszom!,other,tatoeba:hun
Van itt egy probléma...,other,tatoeba:hun
"Ó, itt van egy pillangó!",other,tatoeba:hun
Ha ilyen lehetnék...,other,tatoeba:hun
"Ha olyan lehetnék, mint...",other,tatoeba:hun
"Ha nagy leszek, király akarok lenni.",other,tatoeba:hun
Olyan kövér vagyok.,other,tatoeba:hun
"Azért, mert lány vagy.",other,tatoeba:hun
"Lehetnék boldogtalan, de nem lennék öngyilkos.",other,tatoeba:hun
"Nem tudtam, honnan jött.",other,tatoeba:hun
Ez nem fontos.,other,tatoeba:hun
Hol van itt probléma?,other,tatoeba:hun
"Ne tekints rám többé úgy, mint egy „normális” személyre!",other,tatoeba:hun
"Amit feltaláltak, mind igaz.",other,tatoeba:hun
"Meglepődni, csodálkozni, - ez a megértés kezdete.",other,tatoeba:hun
A világegyetem kétségtelenül végtelen.,other,tatoeba:hun
A tökéletessége csak egy hibán múlt.,other,tatoeba:hun
A hajó tegnap áthaladt az Egyenlítőn.,other,tatoeba:hun
"És mégis, az ellenkezője is mindig igaz.",other,tatoeba:hun
"Nem úgy látjuk a dolgokat, mint amilyenek, hanem úgy, amilyenek mi vagyunk.",other,tatoeba:hun
A világ egy őrültek háza.,other,tatoeba:hun
A nevem Jack.,other,tatoeba:hun
A szerelem sohasem pazarlás.,other,tatoeba:hun
Tegyük ismertté az eszperantót!,other,tatoeba:hun
"Zamenhof, a tervezett eszperantó nyelv kezdeményezője, szemorvos volt.",other,tatoeba:hun
Az eszperantóban a hangsúly mindig az utolsó előtti szótagra esik.,other,tatoeba:hun
Mióta tanulsz eszperantóul?,other,tatoeba:hun
"Az eszperantó szövegeket fonetikusan írjuk, 28 betűből álló ábécével.",other,tatoeba:hun
"Az eszperantó nélkül biztosan nem tudtam volna egy pekingi családnál étkezni, Lengyelországban a barátommal síelni, Belgrádban a barátnőmnél lakni.",other,tatoeba:hun
Elkezdtem eszperantóul tanulni.,other,tatoeba:hun
"Az eszperantó egy tervezett, nemzetközi nyelv.",other,tatoeba:hun
Az eszperantóban a melléknév a-val végződik. A többes számot j-vel képezzük.,other,tatoeba:hun
"Zamenhof, a tervezett eszperantó nyelv megalkotója, szemorvos volt.",other,tatoeba:hun
"Az élet az, ami megtörténik veled, miközben más tervekkel foglalkozol.",other,tatoeba:hun
"Nem kevesebbet, mint száz dollárt fizettem ezért a tollért.",other,tatoeba:hun
"Nem kívánni ugyanaz, mint birtokolni.",other,tatoeba:hun
Boldog karácsonyi ünnepeket!,other,tatoeba:hun
Róma sem egy nap alatt épült fel.,other,tatoeba:hun
Melyik országból jöttél?,other,tatoeba:hun
"A tanulást nem kényszeríteni, hanem bátorítani kell.",other,tatoeba:hun
"Lehet, hogy nemsokára feladom, inkább szunyókálok egyet.",other,tatoeba:hun
"Ez azért van, mert nem akarsz egyedül lenni.",other,tatoeba:hun
Néha különös fiúnak látszik.,other,tatoeba:hun
"Csak kérdezem magamban, hogy ez mindenki másnak ugyanaz-e.",other,tatoeba:hun
"Feltételezem, hogy ez a dolog másnak tűnik, ha sokáig gondolkodol rajta.",other,tatoeba:hun
Olyan türelmetlen vagy velem.,other,tatoeba:hun
"Az utolsó személy, akinek elmondtam az ötletemet, őrültnek tartott.",other,tatoeba:hun
"Ha a világ nem olyan lenne, mint most, akkor mindenkiben bízhatnék.",other,tatoeba:hun
"Túlságosan elfoglaltak az egymás elleni küzdelemmel ahhoz, hogy közös eszméknek szenteljék magukat.",other,tatoeba:hun
Valamiért éjjel élénkebbnek érzem magam.,other,tatoeba:hun
Ez a szövegkörnyezettől függ.,other,tatoeba:hun
Ez a konteksztustól függ.,other,tatoeba:hun
"Nem szánalmas, hanem közkedvelt akarok lenni!!",other,tatoeba:hun
"Csodálatos dolog Amerikában lenni, ha azért vagy itt, hogy pénzt keressél.",other,tatoeba:hun
Földrengés bármikor előfordulhat.,other,tatoeba:hun
"Nem vagyok igazi hal, csupán csak egy plüss.",other,tatoeba:hun
Csak úgy mondom!,other,tatoeba:hun
"Valószínűleg ez volt az, ami befolyásolta döntésüket.",other,tatoeba:hun
"Mindig érdekelt, milyen volna, ha lennének testvéreim.",other,tatoeba:hun
Ezt mondtam volna.,other,tatoeba:hun
Sokáig tartana mindent megmagyarázni.,other,tatoeba:hun
"Néha nem tudom elkerülni, hogy érzelmeimet kimutassam.",other,tatoeba:hun
"Van egy szó, mely helyett szeretnék másikat találni.",other,tatoeba:hun
"Ez olyasmi lenne, amit be kellene programoznom.",other,tatoeba:hun
"Nincs szándékomban, hogy önző legyek.",other,tatoeba:hun
"Gondoljunk a legrosszabbra, ami megtörténhet.",other,tatoeba:hun
Hány közeli barátod van?,other,tatoeba:hun
"Talán antiszociális vagyok, de ez nem jelenti azt, hogy nem beszélek az emberekkel.",other,tatoeba:hun
Ez mindig így volt.,other,tatoeba:hun
"Azt hiszem, az a legjobb, ha nem vagyunk udvariatlanok.",other,tatoeba:hun
Mindig lehet időnk.,other,tatoeba:hun
Rögtön el kell kezdened.,other,tatoeba:hun
Nem kellett volna ilyesmit tenned.,other,tatoeba:hun
Fél pohár sör után látott evéshez.,other,tatoeba:hun
Fáj a hátsó felem.,other,tatoeba:hun
Hol van a tejes tea?,other,tatoeba:hun
Jó hírt hoztunk.,other,tatoeba:hun
Soha sem álmodtam ilyen csendes helyről ebben a zajos városban.,other,tatoeba:hun
"Amikor gimnáziumba jártam, minden reggel hatkor keltem.",other,tatoeba:hun
"Amikor felébredtem, szomorú voltam.",other,tatoeba:hun
Ez végül többé-kevésbé magyarázatot nyert.,other,tatoeba:hun
"Azt gondoltam, hogy szívesen tanulnál új dolgokat.",other,tatoeba:hun
A legtöbb ember a mindennapi életéről ír.,other,tatoeba:hun
"Trang, ha küldhetnék neked egy kis édességet, megtenném.",other,tatoeba:hun
"Hogy ezt megtedd, kockázatot kell vállalnod.",other,tatoeba:hun
"Minden magányos ember azért van egyedül, mert fél másoktól.",other,tatoeba:hun
Nem vagyok művész. Nem volt ehhez tehetségem.,other,tatoeba:hun
Ezt most nem tudom neki elmondani. A dolog már nem olyan egyszerű.,other,tatoeba:hun
"Ember vagyok, sok hibával, de ezek a hibák könnyen javíthatók.",other,tatoeba:hun
"Mindig, amikor egy nekem tetsző dolgot találok, az túl drága.",other,tatoeba:hun
Talán ez az ő számára pontosan ugyanaz lesz.,other,tatoeba:hun
Az ártatlanság szép dolog.,other,tatoeba:hun
Az embert nem teremtették örök életűnek.,other,tatoeba:hun
"Nem akarom elveszíteni eszméimet még akkor sem, ha közöttük túlzók is vannak.",other,tatoeba:hun
"Azt hiszem, hogy van erről egy elméletem.",other,tatoeba:hun
Terjesszük az eszperantót!,other,tatoeba:hun
Ő a legjobb barátom.,other,tatoeba:hun
Alig hallom őt.,other,tatoeba:hun
Ne kötelezd el magadat!,other,tatoeba:hun
Engedelmeskedned kell szüleidnek.,other,tatoeba:hun
"Túl későn vettem észre, hogy kihagytam előadásom legfontosabb részét.",other,tatoeba:hun
Alig hallom a hölgyet.,other,tatoeba:hun
Otthon levelet írtam a szüleimnek.,other,tatoeba:hun
Levelet írtam otthon lévő szüleimnek.,other,tatoeba:hun
"Egész reggel ezen a problémán töröd a fejedet. Tarts szünetet, menj ebédelni.",other,tatoeba:hun
"Ha most nem teszem meg, akkor soha.",other,tatoeba:hun
"Nem minden, amit a szemünkkel látunk, kell, hogy igaz legyen.",other,tatoeba:hun
Akarsz neki üzenetet hagyni?,other,tatoeba:hun
A háború nem elkerülhetetlen.,other,tatoeba:hun
"Állj fel, amikor hozzád beszélek!",other,tatoeba:hun
"Láttam, mikor bement a szobába.",other,tatoeba:hun
Kezdődik a film.,other,tatoeba:hun
"A film olyan unalmas volt, hogy a nézők egymás után távoztak.",other,tatoeba:hun
Mikor van a nyitvatartási idő?,other,tatoeba:hun
Délelőtt 10-től este 7-ig vagyunk nyitva.,other,tatoeba:hun
Beszéltem az eladóinkkal.,other,tatoeba:hun
Ez a legnagyobb szálloda ebben a városban.,other,tatoeba:hun
Száz szál piros rózsát küldenék tenéked.,other,tatoeba:hun
Több üzletben is kérdeztem ezt a könyvet.,other,tatoeba:hun
Ez az ő CD-je.,other,tatoeba:hun
Sikerült megérteni egymást.,other,tatoeba:hun
Innen csak néhány lépés.,other,tatoeba:hun
Ugye Smith úr nem beszél angolul?,other,tatoeba:hun
A kerékpár csikorgott és megállt.,other,tatoeba:hun
A motorkerékpárok olcsók.,other,tatoeba:hun
"Ne feledd, hogy holnap reggel találkozunk.",other,tatoeba:hun
Hirtelen halott anyámra gondoltam.,other,tatoeba:hun
Ezt látnod kellene!,other,tatoeba:hun
"Ha elmondta volna az igazat, most nem haragudnék.",other,tatoeba:hun
Ez kíváncsivá tesz.,other,tatoeba:hun
"Azt akarod mondani, hogy szándékosan elrejted szépségedet?",other,tatoeba:hun
Nem jelentkeztem be ezeken a fórumokon.,other,tatoeba:hun
"Ha valaki megkérdezné, hogy mi a történet csattanója, én bizony nem tudom.",other,tatoeba:hun
"Azt hiszem, hogy veled való együttélésem befolyásolta életmódodat.",other,tatoeba:hun
Ez nem tetszett nekem.,other,tatoeba:hun
"Azt kérdezi, ez hogyan lehetséges.",other,tatoeba:hun
Te egyszerűen elfutsz az élet problémái elől.,other,tatoeba:hun
"Ha a dal szövegét figyeled, az valójában nem sokat jelent.",other,tatoeba:hun
"Van itt egy probléma, amit nem látsz.",other,tatoeba:hun
Ezt meg tudod tenni!,other,tatoeba:hun
"A fizikatanáromnak mindegy, hogy járok-e az órákra.",other,tatoeba:hun
"Szeretném, ha elmehetnék Japánba.",other,tatoeba:hun
Nem szeretem a tömeget.,other,tatoeba:hun
Le kell feküdnöm.,other,tatoeba:hun
A játék sokakat lelkesített.,other,tatoeba:hun
"Miután elmentem, eszembe jutott, hogy náluk felejtettem a hátizsákomat.",other,tatoeba:hun
Ma már nem kérdezlek többet.,other,tatoeba:hun
A jövő héten talán fagyni fog.,other,tatoeba:hun
"Télapónak öltözött, hogy tetsszék a gyermekeinek.",other,tatoeba:hun
"Van egy barátom, aki Angliában él.",other,tatoeba:hun
"Melyik ér többet, az idő vagy a pénz?",other,tatoeba:hun
A kísérlet igazolta az elméletét.,other,tatoeba:hun
Nem akarok olyan soká várni.,other,tatoeba:hun
"Mennél rosszabb, annál jobb.",other,tatoeba:hun
Szeretem a természetet.,other,tatoeba:hun
Egy millió dolláros kárpótlást kapott.,other,tatoeba:hun
Három évig éltem Sasayamában.,other,tatoeba:hun
Európában Elbrusz a legmagasabb hegy.,other,tatoeba:hun
Ön írta ezt a riportot?,other,tatoeba:hun
"Bár bocsánatot kért, én még mindig dühös vagyok.",other,tatoeba:hun
"A rendőrség rá fog venni benneteket, hogy megtaláljátok a golyókat.",other,tatoeba:hun
"Köszönöm, hogy végre megmagyarázta, miért tartanak engem az emberek idiótának.",other,tatoeba:hun
Nem volt szándékomban.,other,tatoeba:hun
Köszönöm a magyarázatát.,other,tatoeba:hun
Elméletileg matematikával foglalkozom.,other,tatoeba:hun
"Ha nem így ismertél, akkor egyáltalán nem ismertél.",other,tatoeba:hun
"Majdnem megijesztett, hogy egész nap nem láttalak az interneten.",other,tatoeba:hun
"Nem tudom, mi a véleményed.",other,tatoeba:hun
"Kell, hogy a számítógépem jó legyen valamire.",other,tatoeba:hun
A szabadságról akartál velem beszélni?,other,tatoeba:hun
"Ó, ez most tényleg zavaros...",other,tatoeba:hun
"Ha meg akarnálak ijeszteni, elmesélném neked, hogy mit álmodtam néhány héttel ezelőtt.",other,tatoeba:hun
Nem lehet mindent az iskoláktól várni.,other,tatoeba:hun
"Sok szó van, amit nem értek.",other,tatoeba:hun
"Nem szeretem, amikor a matematikusok, akik nálam jóval többet tudnak, nem tudják pontosan kifejezni magukat.",other,tatoeba:hun
Tényleg nem vagy ostoba.,other,tatoeba:hun
Egy buta kérdést kell neked feltennem.,other,tatoeba:hun
"Nem tudom, hogyan bizonyítsam, hiszen teljesen nyilvánvaló.",other,tatoeba:hun
A főnöknek jó véleménye van a munkádról.,other,tatoeba:hun
A kertet magas fal vette körül.,other,tatoeba:hun
Hírnevet kell szereznünk.,other,tatoeba:hun
El fogom fogadni a javaslatodat.,other,tatoeba:hun
Ne érintsd az üveget.,other,tatoeba:hun
Előzetes tapasztalatai után érdeklődtek.,other,tatoeba:hun
Tevékenységünknek a probléma megoldását kell céloznia.,other,tatoeba:hun
Még korai erről beszélni.,other,tatoeba:hun
"Nem is tudom, mikor megyek vissza.",other,tatoeba:hun
Ennek a cipőnek már kampec.,other,tatoeba:hun
Ki az a férfi?,other,tatoeba:hun
Pénzügyileg a feleségétől függ.,other,tatoeba:hun
"Ha így van, akkor nincs is itt semmi probléma, úgy-e?",other,tatoeba:hun
Nagyon szeretne balerina lenni.,other,tatoeba:hun
"Egyáltalán nem probléma, igaz?",other,tatoeba:hun
"Csukd be a szemedet, és számolj tízig.",other,tatoeba:hun
A váza a padlóra esett és eltört.,other,tatoeba:hun
A nagybátyám Londonban él.,other,tatoeba:hun
A férfit az egész faluban jól ismerik.,other,tatoeba:hun
"Addig üsd a vasat, amíg meleg.",other,tatoeba:hun
Kellemes hangja van.,other,tatoeba:hun
Ne hagyd bekapcsolva a televíziót!,other,tatoeba:hun
Mondhatjuk másképp is?,other,tatoeba:hun
Kifejezhetjük másképp is?,other,tatoeba:hun
Senki sem fogja tudni.,other,tatoeba:hun
"Találtam egy megoldást, de olyan gyorsan, hogy az nem is lehet az igazi.",other,tatoeba:hun
Ez érdekesnek tűnik nekem.,other,tatoeba:hun
Szeretem a gyertyafényt.,other,tatoeba:hun
"Nem, ő nem az új barátom.",other,tatoeba:hun
"Kár, hogy nem kell lefogynom.",other,tatoeba:hun
"Akkor inkább sodoku-t játszom, ahelyett, hogy tovább zavarjalak.",other,tatoeba:hun
"Ez nem nagy meglepetés, ugye?",other,tatoeba:hun
Már nem szeretlek.,other,tatoeba:hun
Miért nem jössz meglátogatni bennünket?,other,tatoeba:hun
"Már nem tudom, hogy mit tegyek.",other,tatoeba:hun
"Elkerülhetetlen, hogy valamelyik napon Franciaországba menjek, csak azt nem tudom, hogy mikor.",other,tatoeba:hun
Gyűlölöm a kémiát.,other,tatoeba:hun
"Nem akartam, hogy ez történjen.",other,tatoeba:hun
Van más választásom?,other,tatoeba:hun
"Mielőtt felocsúdol, benne leszel az újságban.",other,tatoeba:hun
Nem vagyok nagy utazó.,other,tatoeba:hun
Nincs jobb tennivalóm.,other,tatoeba:hun
El sem tudom magyarázni.,other,tatoeba:hun
"Ez csak azt mutatja, hogy nem vagy egy robot.",other,tatoeba:hun
Hogyan lehetnék robot? A robotok nem álmodnak.,other,tatoeba:hun
- Erre sohasem gondoltam - mondta az öregember. - Mit tegyünk?,other,tatoeba:hun
"Ez nem olyan dolog, amit bárki meg tud tenni.",other,tatoeba:hun
Ő nem figyel a tanárra.,other,tatoeba:hun
"Ő intelligensebb, mint a többiek.",other,tatoeba:hun
Angliát megszállták a dánok.,other,tatoeba:hun
Jártál már külföldön?,other,tatoeba:hun
"Állj fel, ha hozzád beszélek!",other,tatoeba:hun
Te egy angyal vagy!,other,tatoeba:hun
A madridiak őrültek.,other,tatoeba:hun
"Jól van, az éjszaka elég hosszú, ugye?",other,tatoeba:hun
"Álljatok fel, ha hozzátok beszélek!",other,tatoeba:hun
"Szerencséd volt, hogy nem harapott meg.",other,tatoeba:hun
"Álljon fel, ha magához beszélek!",other,tatoeba:hun
"Álljanak fel, ha magukhoz beszélek!",other,tatoeba:hun
"Nem tudom, hogy még megvan-e.",other,tatoeba:hun
"Mit gondolsz, mit csináltam éppen?",other,tatoeba:hun
Ne becsüld alá az erőmet.,other,tatoeba:hun
Anyám nem beszél nagyon jól angolul.,other,tatoeba:hun
Nem beszélek elég jól franciául!,other,tatoeba:hun
Hol találsz táplálékot a világűrben?,other,tatoeba:hun
"Mindenki találkozni akar veled, híres vagy!",other,tatoeba:hun
"Miért sajnálsz valamit, amit nem tettél meg?",other,tatoeba:hun
Mélységesen utálom a formális írást!,other,tatoeba:hun
Nenszi fél a kutyáktól.,other,tatoeba:hun
Az egyik könyvesboltban vett egy angolkönyvet.,other,tatoeba:hun
"Ha mondasz valamit, én mindig a saját szájam íze szerint csinálom.",other,tatoeba:hun
A zöldet kéred vagy a kéket?,other,tatoeba:hun
Szerintem jó táncosnő.,other,tatoeba:hun
Megírta egy híres költő életrajzát.,other,tatoeba:hun
Az ott egy arckép Bobról a falnál.,other,tatoeba:hun
A férfi megijesztette a kisgyerekeket.,other,tatoeba:hun
"Olyan gyorsan futott, hogy teljesen kifulladt.",other,tatoeba:hun
"Úgy tűnik, ő ismeri Annát.",other,tatoeba:hun
Két sört kérek!,other,tatoeba:hun
A Nozomi az összes közül a leggyorsabb vonat Japánban.,other,tatoeba:hun
Jó csapatkapitány lesz belőle.,other,tatoeba:hun
"Gyakran játszottam baseball-t, amikor fiatal voltam.",other,tatoeba:hun
A külföldiek kíváncsivá tesznek.,other,tatoeba:hun
"Bármit teszek, azt mondja, hogy jobban is meg tudom csinálni.",other,tatoeba:hun
Miért vagy még ébren ilyen későn?,other,tatoeba:hun
Senki sem akar velem utazni.,other,tatoeba:hun
Nem vagy elég gyors.,other,tatoeba:hun
"Az élet kemény, de én keményebb vagyok.",other,tatoeba:hun
Tűrhetetlen lehet valamit eltűrni.,other,tatoeba:hun
A szabadságért fizetni kell.,other,tatoeba:hun
Kövesd az orvos tanácsát.,other,tatoeba:hun
Hagyd abba! Kellemetlenül érzi magát emiatt.,other,tatoeba:hun
Csak az igazság szép.,other,tatoeba:hun
Holnap leszáll a Holdra.,other,tatoeba:hun
Ez egy szójáték.,other,tatoeba:hun
Senki sem ért meg engem.,other,tatoeba:hun
Megtanultam nélküle élni.,other,tatoeba:hun
Mostanában túl sok dolog jár a fejemben.,other,tatoeba:hun
Éppen le akartam hívni az elektronikus postámat.,other,tatoeba:hun
"Valóban fel kell tenned a kérdést ahhoz, hogy megtudd a választ?",other,tatoeba:hun
"Nem várhatod el tőlem, hogy mindig mindenre gondoljak!",other,tatoeba:hun
"Feltételezem, hogy minden mögött, amit meg kell tennünk, van valami, amit meg akarunk tenni...",other,tatoeba:hun
Igazán nincsenek jó prioritásaid!,other,tatoeba:hun
Soha sincsen időd a fontos dolgokra!,other,tatoeba:hun
"Sokáig tartana elmagyarázni neked, hogy ez miért nem fog működni.",other,tatoeba:hun
Megtaláltad a kontaktlencsédet?,other,tatoeba:hun
"Olyan buta vagyok... Megpróbálok elmagyarázni neked olyan dolgokat, amelyeket magam sem értek.",other,tatoeba:hun
A kutya kimúlt.,other,tatoeba:hun
"A nagybátyád megengedte, hogy vezesd az autóját?",other,tatoeba:hun
Bárcsak tudnám a címét!,other,tatoeba:hun
Mit mondott? Meg tudná ismételni?,other,tatoeba:hun
"Ön filozófus, nemde?",other,tatoeba:hun
Mit gondol erről?,other,tatoeba:hun
Mit gondolsz erről?,other,tatoeba:hun
Három gyermek játszott a parkban.,other,tatoeba:hun
Énekeljünk egy vidám dalt.,other,tatoeba:hun
A boldog iskolaévek már elmúltak.,other,tatoeba:hun
"Hideg van ott, habár nyár van.",other,tatoeba:hun
Mindenki szereti az udvarias embereket.,other,tatoeba:hun
"Milyen messze van az iskola, ahova jársz?",other,tatoeba:hun
Hagyd abba a macerálást. El vagyok foglalva.,other,tatoeba:hun
Tegnap elvesztettem a karórámat.,other,tatoeba:hun
"Rá kellene nevelni a gyerekeket, hogy ne hazudjanak.",other,tatoeba:hun
"Nagyon kedves tőled, hogy segítesz nekem megcsinálni a házi feladatokat.",other,tatoeba:hun
Hallok egy kutyát ugatni az erdőben.,other,tatoeba:hun
Melyik a kedvenc mondatod?,other,tatoeba:hun
Ellen nem beszél angolul.,other,tatoeba:hun
Legközelebb korábban jövök.,other,tatoeba:hun
"Ugyanolyan idős, mint én.",other,tatoeba:hun
Szeretnék beváltani egy utazási csekket.,other,tatoeba:hun
Hány könyvet olvasol el havonta?,other,tatoeba:hun
"Aki mer, az nyer.",other,tatoeba:hun
"Olyan becsületes, hogy mindenki megbízik benne.",other,tatoeba:hun
Először találkozom vele.,other,tatoeba:hun
"Nara tetszik nekem, különösen ősszel.",other,tatoeba:hun
"Legalább megpróbálhatnál kissé udvariasabb lenni, még akkor is, ha nem ilyen a természeted.",other,tatoeba:hun
"Nem éri meg a fáradságot, hogy úgy tegyünk, mintha elhitetnéd velem, hogy olyan dolgokat hiszek, amelyeket te nem hiszel.",other,tatoeba:hun
"Mindig vannak olyan dolgok, amelyeket sohasem fogok megtanulni, nem rendelkezem az örökkévalósággal.",other,tatoeba:hun
Ez nem lehetséges!,other,tatoeba:hun
Szeretnél valamit inni?,other,tatoeba:hun
„A gördülő kő nem lesz mohos” egy közmondás.,other,tatoeba:hun
- Ki az? - Az édesanyád.,other,tatoeba:hun
- Mikor jössz vissza? - Ez teljesen az időjárástól függ.,other,tatoeba:hun
"- Mi van? - kérdezte a kis, fehér nyuszi.",other,tatoeba:hun
Devenin belini kıran son saman çöpüdür.,other,tatoeba:tur
"Bütün insanlar hür, haysiyet ve haklar bakımından eşit doğarlar. Akıl ve vicdana sahiptirler ve birbirlerine karşı kardeşlik zihniyeti ile hareket etmelidirler.",other,tatoeba:tur
Mum kendiliğinden söndü.,other,tatoeba:tur
Mum kendi kendine söndü.,other,tatoeba:tur
Babam bana yatakta kitap okumamamı söyledi.,other,tatoeba:tur
"On, on bir, on iki, on üç, on dört, on beş, on altı, on yedi, on sekiz, on dokuz, yirmi.",other,tatoeba:tur
Ek olarak yaşlılar birbirleriyle sosyalleşebilsin ve Amerikan hayatının aktif üyeleri olarak kalabilsinler diye birçok topluluk kurulmuştur.,other,tatoeba:tur
Bazıları yalnızca zaman geçsin diye kitap okurlar.,other,tatoeba:tur
Koyu kahverengi saçları vardı.,other,tatoeba:tur
Bu gemi okyanus yolculuğu için uygun değil.,other,tatoeba:tur
Hemen yolculuğa hazırlan.,other,tatoeba:tur
Masanın üstündeki hesap makinesi benim.,other,tatoeba:tur
Aşk onu rüyalarında görmektir.,other,tatoeba:tur
Kimse benim fikirlerimi dinlemek istemiyor.,other,tatoeba:tur
Sana satranç oynamayı öğreteceğim.,other,tatoeba:tur
Satranç oynamayı biliyor musun?,other,tatoeba:tur
Bunlar çok eski kitaplar.,other,tatoeba:tur
Bunlar benim kitaplarım.,other,tatoeba:tur
Bunlar bizim kitaplarımız.,other,tatoeba:tur
Bunlar benim kalemlerim.,other,tatoeba:tur
Bunlar her yerde satılıyor.,other,tatoeba:tur
Bu kitap okul kütüphanesinin.,other,tatoeba:tur
Bulaşık makinesinin nasıl çalıştığını anlatabilir misin?,other,tatoeba:tur
Zor durumlarla başa çıkamıyor.,other,tatoeba:tur
Günde en az yedi saat uyumak zorundayız.,other,tatoeba:tur
Sporu rekabet için değil zevk için yapıyorum.,other,tatoeba:tur
Yalnızca birkaç kişi vaktinde geldi.,other,tatoeba:tur
Sadece birkaç kişi beni anladı.,other,tatoeba:tur
Geçen sene kurulan lunapark sağolsun şehir popüler oldu.,other,tatoeba:tur
Onunla beraber olduğun sürece mutlu olamazsın.,other,tatoeba:tur
Çocuklar yerde uyumak zorunda kalacaklar gibi.,other,tatoeba:tur
Şarkıları gençler arasında iyi biliniyor.,other,tatoeba:tur
Bir davetiye aldım.,other,tatoeba:tur
Matsuyama'da doğup büyüdüm.,other,tatoeba:tur
Düşmanla anlaşmaya vardılar.,other,tatoeba:tur
Go büyük ihtimalle benim ülkemdeki en popüler Japon oyunu olsa da o bile bazı üniversite öğrencileri dışında pek bilinmiyor.,other,tatoeba:tur
Mahjong taşları çok güzeller.,other,tatoeba:tur
Mahjong genellikle dört kişi oynanan bir oyun.,other,tatoeba:tur
Mahjong dünyada çok popüler olan oyunlardan biri.,other,tatoeba:tur
Mahjong oynamayı biliyor musun?,other,tatoeba:tur
Mahjong'u çok seviyorum.,other,tatoeba:tur
Mahjong'da çok iyiymiş.,other,tatoeba:tur
Hayalim çok güçlü bir Mahjong oyuncusu olmak.,other,tatoeba:tur
Japoncayı Japonya'da mahjong oynamak için öğreniyorum.,other,tatoeba:tur
Ateşin var mı?,other,tatoeba:tur
Şu köpek elimi ısırmaya çalıştı.,other,tatoeba:tur
Evimin arkasında bir kilise var.,other,tatoeba:tur
Sam Tom'dan iki yaş küçük.,other,tatoeba:tur
Lütfen burayı imzalayın.,other,tatoeba:tur
Zamanda geçmişe seyahat etmenin imkansız olduğu düşünülüyor.,other,tatoeba:tur
Bu otobüs elli kişilik.,other,tatoeba:tur
John cebinden bir anahtar çıkardı.,other,tatoeba:tur
"John Floridalı, karısı ise Kaliforniyalı.",other,tatoeba:tur
"John, Fransızcayı iyi konuşamıyor.",other,tatoeba:tur
John birçok şişe şarap içti.,other,tatoeba:tur
John Bill'den daha zeki.,other,tatoeba:tur
John Bill'in zayıflığından istifade etti.,other,tatoeba:tur
John Bill kadar yaşlı değil; çok daha genç.,other,tatoeba:tur
John o kadar telaşlıydı ki konuşmaya vakti yoktu.,other,tatoeba:tur
John işe aşina.,other,tatoeba:tur
"John, New York'ta yaşıyor.",other,tatoeba:tur
John o kadar sesli konuştu ki ikinci kattan bile duyabildim.,other,tatoeba:tur
İş ben gelmeden önce bitmişti.,other,tatoeba:tur
Birini tanıyorum da ötekini değil.,other,tatoeba:tur
Ailesini çok endişelendirdi.,other,tatoeba:tur
Sadece beyaz kağıt yeterli.,other,tatoeba:tur
Üşüyüp ısıtıcıyı açtım.,other,tatoeba:tur
"Doğduğum yer olan Nagasaki, güzel bir liman kentidir.",other,tatoeba:tur
Kızın artık bir çocuk değil.,other,tatoeba:tur
Pardon ama radyoyu kısabilir misin acaba?,other,tatoeba:tur
Tenis oynamak sağlıklıdır.,other,tatoeba:tur
Sağlıklı olan adam sağlığın değerini bilmez.,other,tatoeba:tur
Tehlikenin farkında olmayabilir.,other,tatoeba:tur
Hangi düğmeye basacağımı söyler misin lütfen?,other,tatoeba:tur
Onunla görüşebildiğim için mutluyum.,other,tatoeba:tur
Yakınlardaki küçük bir kasabada yaşıyordu.,other,tatoeba:tur
Kulübe katılmaz mısın?,other,tatoeba:tur
Kulübe katılmak isteyenler lütfen buraya isimlerini yazsın.,other,tatoeba:tur
Kendimi nedense geceleri daha iyi hissediyorum.,other,tatoeba:tur
Ummak bir strateji değildir.,other,tatoeba:tur
Onu on dolara aldım.,other,tatoeba:tur
İyi akşamlar Şikago.,other,tatoeba:tur
Şu kız kim acaba.,other,tatoeba:tur
Amerika'da arabalar yolun sağ tarafını kullanırlar.,other,tatoeba:tur
"Yaşlı adam ""Kedi mi?"" diye sordu.",other,tatoeba:tur
Bazen bir kız mıyım diye merak ediyorum.,other,tatoeba:tur
"Üzülmeyin, her şey düzelecek.",other,tatoeba:tur
Bu sadece bir şakaydı.,other,tatoeba:tur
Bu oyunlar yetişkin kategorisi altında listelenmiş.,other,tatoeba:tur
Bu köprü on tondan fazlasını taşıyamaz.,other,tatoeba:tur
Mum ışığını severim.,other,tatoeba:tur
Artık seni sevmiyorum.,other,tatoeba:tur
Rap sever misin?,other,tatoeba:tur
Bu filmi sevdim.,other,tatoeba:tur
Sigara içmeyi bıraktım.,other,tatoeba:tur
Babana en iyi dileklerimle.,other,tatoeba:tur
Tek başıma yürüdüm.,other,tatoeba:tur
"Kapıyı kapatın, lütfen.",other,tatoeba:tur
Erken Ortaçağ cam üretimi Roma cam teknolojisinin bir devamı mıdır?,other,tatoeba:tur
Seni anlamak gerçekten çok zor.,other,tatoeba:tur
Dün on yedinci doğum günümdü.,other,tatoeba:tur
Evren nasıl oluştu?,other,tatoeba:tur
Elektronik sigaradan çıkan duman miktarı hiç fena değil.,other,tatoeba:tur
Kendimi kendi tanrım olarak görüyorum.,other,tatoeba:tur
Eve dönerken yağmura yakalanmıştım.,other,tatoeba:tur
Tatoeba'ya yüzlerce cümle yazmak isterdim ama yapmam gereken şeyler var.,other,tatoeba:tur
Geç kaldığım için üzgünüm.,other,tatoeba:tur
"Açıkça konuşmak gerekirse, o güvenilmez biri.",other,tatoeba:tur
"Irene Pepperberg, Alex adını taktığı bir papağanın önünde yuvarlak bir tepsi tutuyor.",other,tatoeba:tur
Japonya'da doğmuş olmayı tercih ederdim.,other,tatoeba:tur
Kızı onunla her yere gitmeye hevesli.,other,tatoeba:tur
"Sen olmasaydın, o hâlâ hayatta olacaktı.",other,tatoeba:tur
Çok daha iyi hissediyorum.,other,tatoeba:tur
Türkiye'den döndükten sonra Türkçem zayıfladı.,other,tatoeba:tur
Politik dünyada pek çok düşmanı var.,other,tatoeba:tur
Onunla kahve dükkanında buluşmaya söz verdi.,other,tatoeba:tur
"Büyük bedenimiz var, ama o renk mevcut değil.",other,tatoeba:tur
Onu Jim diye çağırırlar.,other,tatoeba:tur
Bence yarın yağmur yağmayacak.,other,tatoeba:tur
Beş köfte istiyorum.,other,tatoeba:tur
O kadar kötü birisi ki kimse ondan hoşlanmaz.,other,tatoeba:tur
Bir gün için bu kadarı yeterli.,other,tatoeba:tur
Artık çocuk değilim.,other,tatoeba:tur
"Daha dikkatli sür, aksi halde başın belaya girecek.",other,tatoeba:tur
Alkolsüz içecekleriniz var mı ?,other,tatoeba:tur
Çocukların daha çok uykuya ihtiyacı vardır.,other,tatoeba:tur
Hiç şüphe yok ki İngilizce dünyada en çok konuşulan dildir.,other,tatoeba:tur
Yumi öğretmen olacak.,other,tatoeba:tur
Bu tırtıl harika bir kelebek olacak.,other,tatoeba:tur
Bu tırtıl harika bir kelebeğe dönüşecek.,other,tatoeba:tur
Bugün hava kötü.,other,tatoeba:tur
Beklemekten başka çare yoktu.,other,tatoeba:tur
Odada 2 tane pencere var.,other,tatoeba:tur
Onu tanıdıkça daha çok seversin.,other,tatoeba:tur
Hastaymış gibi gözüküyor.,other,tatoeba:tur
Bu kıyafetim çok demode.,other,tatoeba:tur
Sonsuza dek burada kalamam.,other,tatoeba:tur
Seni nasıl da özledim!,other,tatoeba:tur
Az daha treni kaçırıyordum.,other,tatoeba:tur
Bir gece daha kalmak istiyorum. Mümkün mü?,other,tatoeba:tur
Mahjong en ilginç oyunlardan biri.,other,tatoeba:tur
Japonya'ya gidip Mahjong'da Japonları yenmek istiyorum.,other,tatoeba:tur
Sırada bir elma var.,other,tatoeba:tur
Atlas Okyanusu Amerika'yı Avrupa'dan ayırır.,other,tatoeba:tur
Evliyim ve iki çocuğum var.,other,tatoeba:tur
Haberler onu üzdü.,other,tatoeba:tur
Çok şarap içmiyorum.,other,tatoeba:tur
Nancy onu bir partiye çağırdı.,other,tatoeba:tur
Çok fazla yersen şişmanlarsın.,other,tatoeba:tur
Golfün büyük bir hayranıyım.,other,tatoeba:tur
İnsanlar savaştan korkar.,other,tatoeba:tur
Öğretmenimiz bize çok ödev verir.,other,tatoeba:tur
Çok teşekkür ederim!,other,tatoeba:tur
Çok teşekkür ederiz!,other,tatoeba:tur
İyi bir doktor kendi yöntemlerini uygular.,other,tatoeba:tur
"O, patronunu dinlememe numarası yaptı.",other,tatoeba:tur
Onu Kaliforniya'ya gönderiyorum.,other,tatoeba:tur
Kadının fotoğrafını çekiyorum.,other,tatoeba:tur
"Pekin, Çin'in başkentidir.",other,tatoeba:tur
Bu elma tatlı.,other,tatoeba:tur
Kaç tane elma var?,other,tatoeba:tur
Almanya parlamenter bir cumhuriyettir.,other,tatoeba:tur
İnternette Tatar dilinde çok az site vardır.,other,tatoeba:tur
Hiç kimse bilmiyor.,other,tatoeba:tur
Sigara içmek size çok zarar verecektir.,other,tatoeba:tur
Eve hoş geldin.,other,tatoeba:tur
O okulunu samimiyetle seviyor.,other,tatoeba:tur
Bir şey değil.,other,tatoeba:tur
Eve gidebilir miyiz?,other,tatoeba:tur
Doktor olarak iyi değil.,other,tatoeba:tur
Ne iş yapıyorsun?,other,tatoeba:tur
İngilizce konuşabiliyor musun?,other,tatoeba:tur
Kedi uzaktayken fareler oynayacak.,other,tatoeba:tur
Demiryolu istasyonu nerede?,other,tatoeba:tur
Tanıştığımıza memnun oldum.,other,tatoeba:tur
Yakında o bir baba olacak.,other,tatoeba:tur
Çocukların çoğunluğu değişimi çok iyi duyamazlar.,other,tatoeba:tur
Kredi kartıyla ödeyebilir miyim?,other,tatoeba:tur
Bana yardım edebilir misin?,other,tatoeba:tur
"Bir, iki, üç, dört, beş, altı, yedi, sekiz, dokuz, on.",other,tatoeba:tur
İyi akşamlar. Nasılsın?,other,tatoeba:tur
İyi akşamlar. Nasılsınız?,other,tatoeba:tur
Her parlayan şey altın değildir.,other,tatoeba:tur
Bir kılıcım yok.,other,tatoeba:tur
Büyükbaban nerede yaşıyor?,other,tatoeba:tur
Deden nerede yaşıyor?,other,tatoeba:tur
Aşağıdaki soruları İngilizce olarak cevapla.,other,tatoeba:tur
Son olarak o Amerika'ya gitti.,other,tatoeba:tur
Balık tutmayı seviyorum.,other,tatoeba:tur
Dün orası sıcaktı.,other,tatoeba:tur
"Mademki boş vaktimiz var, o zaman sinemaya gidelim.",other,tatoeba:tur
Adam gibi davran.,other,tatoeba:tur
Faturayı ödemediği için suyu kestiler.,other,tatoeba:tur
Her kimin ihtiyacı olursa ona yardım et.,other,tatoeba:tur
Evim otobüs durağına yakın.,other,tatoeba:tur
Zaman birimleri nelerdir?,other,tatoeba:tur
Buraya dün akşam altıda geldik.,other,tatoeba:tur
Ay bulutların üzerinde kaldı.,other,tatoeba:tur
Seni çok seviyorum.,other,tatoeba:tur
Kısa saç stilini severim.,other,tatoeba:tur
Konuya Fransız kaldım.,other,tatoeba:tur
Babanın nereye gittiğini biliyor musun?,other,tatoeba:tur
Benim adım Edgar Degas.,other,tatoeba:tur
Maria kıyafete çok para harcıyor.,other,tatoeba:tur
Havuçları tencereye koy.,other,tatoeba:tur
Yarın burada olacağım.,other,tatoeba:tur
Haydi Japonya'yı yenelim!,other,tatoeba:tur
"Siz burada bir öğretmen mi, yoksa öğrenci misiniz?",other,tatoeba:tur
"""Siz bir öğretmen misiniz?"" ""Evet, öğretmenim.""",other,tatoeba:tur
Sizin bir öğretmen olduğunuzu biliyorum.,other,tatoeba:tur
Beni liderinize götürün.,other,tatoeba:tur
Elmaları sever misin?,other,tatoeba:tur
Benim adım Andrea.,other,tatoeba:tur
Benim başım ağrıyor.,other,tatoeba:tur
O çok pahalı!,other,tatoeba:tur
Ben çok yorgunum.,other,tatoeba:tur
Her gün İngilizce çalışıyor musun?,other,tatoeba:tur
Bizimle burada kal.,other,tatoeba:tur
Ben dürüst bir insanım.,other,tatoeba:tur
Işığı kapatır mısınız?,other,tatoeba:tur
Almanca konuşuyor musun?,other,tatoeba:tur
İşte size bir mektup.,other,tatoeba:tur
"Ne zaman size yazılmış ve anlamadığınız bir şeyiniz varsa, ne yapabileceksiniz, ya beklenmedik sonuçlar alırsanız?",other,tatoeba:tur
Bu kişi kim?,other,tatoeba:tur
O kitabı hiç okumadım.,other,tatoeba:tur
Seninle birlikte mi gitmeliyim?,other,tatoeba:tur
Onun 100 dolardan az parası yok.,other,tatoeba:tur
O iyi bir yüzücüdür.,other,tatoeba:tur
Fileyle kelebek yakaladım.,other,tatoeba:tur
Benim çok iyi bir sözlüğüm yok.,other,tatoeba:tur
İstasyona giderken ben seni geçtim.,other,tatoeba:tur
Seninle seyahat etmek istiyorum.,other,tatoeba:tur
İki yıldır ilk defa bir film izledim.,other,tatoeba:tur
Londra'dayken Mary ve John'la karşılaştım.,other,tatoeba:tur
Ben Ken'e inanıyorum.,other,tatoeba:tur
Bu grupla kendimi tanıtmak istemiyorum.,other,tatoeba:tur
Ben senden daha güzelim.,other,tatoeba:tur
Bana öyle görünüyor ki sen hatalısın.,other,tatoeba:tur
Ve onu üç günde tekrar kaldıracağım.,other,tatoeba:tur
Amcamın cadde boyunca bir mağazası var.,other,tatoeba:tur
"Auckland, Yeni Zelanda'da bir şehirdir.",other,tatoeba:tur
Elmalar kırmızı veya yeşildir.,other,tatoeba:tur
"Batman, Robin ile arkadaştır.",other,tatoeba:tur
Auckland'ın bir milyon nüfusu vardır.,other,tatoeba:tur
Bu bir sürpriz.,other,tatoeba:tur
Bu önemli değil.,other,tatoeba:tur
Sizi tekrar görmekten memnunum.,other,tatoeba:tur
Bir şeyi değiştirmeyecek.,other,tatoeba:tur
O bir şeyi değiştirmeyecek.,other,tatoeba:tur
"İyi uyu, Timmy.",other,tatoeba:tur
Mutlu yıllar Muiriel!,other,tatoeba:tur
"""Teşekkürler."" ""Bir şey değil.""",other,tatoeba:tur
O bana hırsızlığın ne kadar yanlış bir şey olduğunu anlattı.,other,tatoeba:tur
O benim dağa tek başıma tırmanmamın imkansız olduğunu düşünüyor.,other,tatoeba:tur
"Bütün serveti ve şöhretine rağmen, o mutsuz.",other,tatoeba:tur
Ne yapacağımı bilmiyorum.,other,tatoeba:tur
Betty klasik müziği sever.,other,tatoeba:tur
Kâğıdın var mı?,other,tatoeba:tur
Restoranımız Güney Otogarı'na yakın.,other,tatoeba:tur
Bugün tek başına mı geldin?,other,tatoeba:tur
Etli pilav sekiz yuan. Vejetaryen pilav sadece dört yuan.,other,tatoeba:tur
Fare burada! Git de kediyi çağır!,other,tatoeba:tur
Hollanda küçük bir ülkedir.,other,tatoeba:tur
"""O bir kitap okuyor mu?"" ""Evet, o okuyor.""",other,tatoeba:tur
Burada biri var mı?,other,tatoeba:tur
Kitapları bu öğrenciye verdim.,other,tatoeba:tur
Lütfen bana nerede yaşayacağını söyle.,other,tatoeba:tur
Ne olduğunu biliyor musun?,other,tatoeba:tur
İngilizce benim ana dilim.,other,tatoeba:tur
Bu renk hoşuna gidiyor mu?,other,tatoeba:tur
Bulutlar mavi gökte yüzüyor.,other,tatoeba:tur
Onun bisikleti mavi.,other,tatoeba:tur
Benim gözlerim mavi.,other,tatoeba:tur
Bugün ya da yarın gitmen pek fark yaratmayacak.,other,tatoeba:tur
Mohan ile top oynamaya gidiyorum.,other,tatoeba:tur
Everest Dağı dünyanın en yüksek zirvesidir.,other,tatoeba:tur
Nerede oturmak istiyorsun?,other,tatoeba:tur
Bir zaman makinen olduğunu hayal et.,other,tatoeba:tur
Ne zaman geri döneceksin?,other,tatoeba:tur
"O, bankta arkadaşıyla oturuyor.",other,tatoeba:tur
O her sabah koşmaya gider.,other,tatoeba:tur
Onun birçok tarih kitabı var.,other,tatoeba:tur
Bir köpeğim var.,other,tatoeba:tur
Kentteki en iyi otel hangisi?,other,tatoeba:tur
Benim adım Wang.,other,tatoeba:tur
Ted trompet çalmayı sever.,other,tatoeba:tur
Buna ihtiyacım var.,other,tatoeba:tur
Bozuk kamerayı buldum.,other,tatoeba:tur
Kendimi tanıtmama izin ver.,other,tatoeba:tur
Benim adım Ludwig.,other,tatoeba:tur
Sekreter mektubu bir zarfa yerleştirdi.,other,tatoeba:tur
Onun iyi bir piyanist olduğunu söylemeye gerek bile yok.,other,tatoeba:tur
Tarih çalışmayı severim.,other,tatoeba:tur
Niye o uzağa koştu?,other,tatoeba:tur
Mary zaten başladı.,other,tatoeba:tur
Çoğu erkek çocuğu bilgisayar oyunlarını sever.,other,tatoeba:tur
"Dün cumartesi değil, pazardı.",other,tatoeba:tur
Ben tenis kulübünün bir üyesiyim.,other,tatoeba:tur
Örgütümüze nasıl katkıda bulunabilirsiniz?,other,tatoeba:tur
1956'da Atina'da doğdu.,other,tatoeba:tur
Hava bugün sıcak.,other,tatoeba:tur
Orası Sırbistan'ın üçüncü büyük şehridir.,other,tatoeba:tur
Hâlâ Çinceyi iyi yazamıyorum.,other,tatoeba:tur
Çok işime yaradı.,other,tatoeba:tur
Ne adi bir davranış!,other,tatoeba:tur
Yurtdışında okuma kararım ebeveynlerimi şaşırttı.,other,tatoeba:tur
O ne zaman doğdu?,other,tatoeba:tur
Tüm bu yılları kaybettin.,other,tatoeba:tur
Lütfen beni affet.,other,tatoeba:tur
"Kusura bakmayın, ben kayboldum.",other,tatoeba:tur
Benim bir sorum var.,other,tatoeba:tur
Kore'de hangi diller konuşuluyor?,other,tatoeba:tur
Hayat ne kadar garip!,other,tatoeba:tur
Çamaşır makinesi harika bir icattır.,other,tatoeba:tur
Japonya'ya hoş geldiniz.,other,tatoeba:tur
İrlanda danteliyle ünlüdür.,other,tatoeba:tur
Code Lyoko'yu izlemek hoşuma gidiyor.,other,tatoeba:tur
Benim adım Jack.,other,tatoeba:tur
Beypiliç'in tavuk etini seviyorum.,other,tatoeba:tur
"Alma-Ata halkı, haydi çocuk dostu bir şehir yaratalım!",other,tatoeba:tur
Sağlık ve lezzet için!,other,tatoeba:tur
"Lee Leffingwell, Austin Şehir Konseyi'nin başkanıdır.",other,tatoeba:tur
Paris Fransa'nın başkentidir.,other,tatoeba:tur
Britney Spears nerede?,other,tatoeba:tur
Android bir robot türüdür.,other,tatoeba:tur
Madonna şarkı söyleyebilir.,other,tatoeba:tur
"Batman hakkında bilmeniz gereken şey, onun süper kahraman olmasıdır.",other,tatoeba:tur
Yemek henüz hazır değil.,other,tatoeba:tur
O bu evleri kimin yaptığını bilmiyor.,other,tatoeba:tur
O her hafta annesine yazmaktan geri kalmaz.,other,tatoeba:tur
"Hoşça kal, Sayoko.",other,tatoeba:tur
İtalya'nın başkenti Roma'dır.,other,tatoeba:tur
Her diğerine yardım etmeliyiz.,other,tatoeba:tur
Yaşlı adam duymakta zorlanıyor.,other,tatoeba:tur
Bu makas iyi kesmiyor.,other,tatoeba:tur
Tatilimiz yakında bitecek.,other,tatoeba:tur
Babam genellike eve altıda gelir.,other,tatoeba:tur
Neredeyse her ailede televizyon var.,other,tatoeba:tur
Çok gürültü yapmadığımız sürece oynamaya devam edebiliriz.,other,tatoeba:tur
Öğle yemeğinden sonra gidebiliriz.,other,tatoeba:tur
Pirinç ılıman ülkelerde yetişir.,other,tatoeba:tur
O benimle konuşmuyor.,other,tatoeba:tur
O kendi görüşüne göre inatçı.,other,tatoeba:tur
Ben de gittim.,other,tatoeba:tur
"Betty şirin bir kız, değil mi?",other,tatoeba:tur
O yanlışlıkla bana çarptı,other,tatoeba:tur
"Kitabı, onu isteyen adama ver.",other,tatoeba:tur
Eşyalar dün geldi.,other,tatoeba:tur
Merhaba Mimi! Nasılsın?,other,tatoeba:tur
"Zengin olursam, onu satın alacağım.",other,tatoeba:tur
Kapta hiç su var mı?,other,tatoeba:tur
"Üzgünüm, ama seni iyi duyamıyorum.",other,tatoeba:tur
Haberi duyunca hayal kırıklığına uğradık.,other,tatoeba:tur
Otel rezervasyonumu iptal ettirdim.,other,tatoeba:tur
Pastaların ikisini de beğenmedim.,other,tatoeba:tur
"O, Taro'nun erkek kardeşi.",other,tatoeba:tur
Bu Brian Rock.,other,tatoeba:tur
"Bu, Kazakistan'da yapıldı.",other,tatoeba:tur
Banka ona 500 dolar kredi verdi.,other,tatoeba:tur
Bu Cao Cao'nun hilecisi.,other,tatoeba:tur
İki keki de sevmiyorum.,other,tatoeba:tur
O 80 kilo.,other,tatoeba:tur
Fonetik işaretleri okuyabiliyor musun?,other,tatoeba:tur
CD'yi alman 10 dolar tutuyor.,other,tatoeba:tur
Bir taksi çağırdım çünkü yağmur yağıyordu.,other,tatoeba:tur
Hiçbir şey olmadığı görünüyordu.,other,tatoeba:tur
Arkadaşım Korece öğreniyor.,other,tatoeba:tur
Karaoke barda soju içtik.,other,tatoeba:tur
Bugün bir sürü ödevim var.,other,tatoeba:tur
Onların başka şarapları yok.,other,tatoeba:tur
Yağmur nedeniyle toplantı iptal edildi.,other,tatoeba:tur
Ne kadar para istiyorsun?,other,tatoeba:tur
Saatimin onarılması gerekiyor.,other,tatoeba:tur
Toplantı yarım saat önce bitti.,other,tatoeba:tur
Saatin doğru mu?,other,tatoeba:tur
Duvarda bir saat var.,other,tatoeba:tur
Saatinde saat kaç?,other,tatoeba:tur
Mektubu göndermeyi unutma.,other,tatoeba:tur
Bir sorum var.,other,tatoeba:tur
Otele bir taksi çağır.,other,tatoeba:tur
Masanın üzerinde bir kedi var.,other,tatoeba:tur
İzlanda Danimarka'ya aitti.,other,tatoeba:tur
Esperanto'yu ana dilim gibi konuşabiliyorum.,other,tatoeba:tur
Dünya portakal şeklindedir.,other,tatoeba:tur
Kötü bir karın ağrım var.,other,tatoeba:tur
Tom peyniri sevmez.,other,tatoeba:tur
O çalışırken bir kaza yaptı.,other,tatoeba:tur
O harcadığından daha fazla para kazanıyor.,other,tatoeba:tur
Onun test sürüşünü geçmesi herkesi şaşırttı.,other,tatoeba:tur
Bu minibüs 25 yolcu alıyor.,other,tatoeba:tur
Çok yorgunum; Sanırım yatacağım.,other,tatoeba:tur
"O, görevinden istifa etti.",other,tatoeba:tur
"O benim, onun değil.",other,tatoeba:tur
Herkes ondan hoşlanıyor.,other,tatoeba:tur
Sana âşığım ve seninle evlenmek istiyorum.,other,tatoeba:tur
Muiriel şimdi 20 yaşında.,other,tatoeba:tur
Pokémon izleyerek büyüdüm.,other,tatoeba:tur
Bunu hiç kimse anlamıyor.,other,tatoeba:tur
Yağmur yağarken dışarı çıkmayı sevmem.,other,tatoeba:tur
Akşam yemeğin ne kadar lezzetliydi!,other,tatoeba:tur
Ibu sedang masak di dapur.,other,tatoeba:ind
"Mary tidak punya teman bicara, tapi dia tidak merasa kesepian.",other,tatoeba:ind
Mary adalah gadis yang enak diajak bicara.,other,tatoeba:ind
Mary memutuskan untuk tidak akan menemuinya lagi.,other,tatoeba:ind
Apakah Mary sudah mulai?,other,tatoeba:ind
Mary sangat suka susu.,other,tatoeba:ind
Mary belum mulai.,other,tatoeba:ind
"Mary gagal lagi. Meski begitu, dia masih muda.",other,tatoeba:ind
Mary selalu membantu pacarnya mengerjakan tugas.,other,tatoeba:ind
Pesawat ini mampu menampung 40 orang penumpang sekali terbang.,other,tatoeba:ind
Harga tanah di Jepang mahal sekali.,other,tatoeba:ind
"Dilihat dari pesawat, pulau itu terlihat indah sekali.",other,tatoeba:ind
Pulau itu ada di Jepang sebelah selatan.,other,tatoeba:ind
Pulau itu ada di Jepang sebelah barat.,other,tatoeba:ind
Pulau itu tertutup es dan salju selama musim dingin.,other,tatoeba:ind
Pulau itu ditemukan oleh siapa?,other,tatoeba:ind
Pulau itu dihantam topan.,other,tatoeba:ind
Pulau itu mudah dijangkau dengan perahu.,other,tatoeba:ind
Pulau itu bagaikan surga bagi anak-anak.,other,tatoeba:ind
Setiap jengkal pulau telah dijelajahi.,other,tatoeba:ind
Pulau itu terletak dua mil dari pantai.,other,tatoeba:ind
Pulau itu terletak satu mil dari pantai.,other,tatoeba:ind
Pulau itu hangat sepanjang tahun.,other,tatoeba:ind
Pulau itu pernah diperintah Prancis.,other,tatoeba:ind
Pada tahun 2030 dua puluh satu persen populasinya akan melebihi enam puluh lima.,other,tatoeba:ind
"Pada tahun 2020, populasi kota ini akan dua kali lipat.",other,tatoeba:ind
Dua ratus orang meninggal karena kolera tahun lalu.,other,tatoeba:ind
Tolong perlihatkan yang ini!,other,tatoeba:ind
Siapa yang merusak ini?,other,tatoeba:ind
Perempuan itu membeli daging ayam.,other,tatoeba:ind
Perempuan itu suka burung atau bunga.,other,tatoeba:ind
Perempuan itu membeli buku tentang burung.,other,tatoeba:ind
Apakah dia tahan melakukan perjalanan jauh?,other,tatoeba:ind
Perekam itu saya beli di toko ini.,other,tatoeba:ind
Masalahnya bukan pada tujuan pendidikan tapi lebih kepada pelaksanaannya.,other,tatoeba:ind
Masalahnya adalah kita tidak punya cukup uang.,other,tatoeba:ind
Saya seharusnya membersihkan ruangan itu.,other,tatoeba:ind
Saya simpati terhadap orang yang terkena penyakit itu.,other,tatoeba:ind
"Dibandingkan rumahnya, rumahku terlihat lebih kecil.",other,tatoeba:ind
Rumahku menghadap selatan.,other,tatoeba:ind
Rumahku dekat dengan Menara Tokyo.,other,tatoeba:ind
Halaman rumahku sempit.,other,tatoeba:ind
Rumahku berada di seberang jalan.,other,tatoeba:ind
Rumahku dirancang agar tahan gempa.,other,tatoeba:ind
Rumahku dekat dengan fasilitas yang nyaman di kota besar.,other,tatoeba:ind
Keluargaku keluarga besar.,other,tatoeba:ind
Rumahku di sebelah utara kota.,other,tatoeba:ind
Rumahku di samping pohon tinggi.,other,tatoeba:ind
Rumahku di pinggiran kota.,other,tatoeba:ind
Rumahku dekat sekali dengan taman.,other,tatoeba:ind
Rumahku lama dan jelek.,other,tatoeba:ind
Keluargaku keluarga lama.,other,tatoeba:ind
Rumahku berada di atas bukit.,other,tatoeba:ind
"Karena rumahku di atas bukit, pemandangannya indah.",other,tatoeba:ind
Rumahku menghadap laut.,other,tatoeba:ind
Rumahku dekat stasiun.,other,tatoeba:ind
Rumahku dekat sekali dengan stasiun.,other,tatoeba:ind
Rumahku dekat stasiun dan nyaman.,other,tatoeba:ind
Rumahku hanya 5 menit berjalan kaki dari stasiun.,other,tatoeba:ind
Rumahku 10 menit berjalan kaki dari stasiun.,other,tatoeba:ind
Rumahku agak jauh dari stasiun.,other,tatoeba:ind
Rumahku dekat dengan pemberhentian bis.,other,tatoeba:ind
Rumahku menghadap jalan ramai.,other,tatoeba:ind
Rumahku selalu bergetar saat truk lewat.,other,tatoeba:ind
Rumahku berada di daratan selatan sungai Thames.,other,tatoeba:ind
Rumahku tepat di seberang jalan.,other,tatoeba:ind
Rumahku sedikit masuk dari jalan itu.,other,tatoeba:ind
Rumahku di pinggiran kota itu.,other,tatoeba:ind
Rumahku jauh dari sini.,other,tatoeba:ind
Rumahku 5 blok dari sini.,other,tatoeba:ind
Rumahku di kampung.,other,tatoeba:ind
Rumahku di seberang jembatan itu.,other,tatoeba:ind
Rumahku di lantai 8.,other,tatoeba:ind
Rumahku berlantai 2.,other,tatoeba:ind
Rumahku mirip dengan rumahmu.,other,tatoeba:ind
Di sebelah rumahku didirikan bangunan tinggi.,other,tatoeba:ind
Di belakang rumahku ada kolam kecil.,other,tatoeba:ind
Di depan rumahku ada danau.,other,tatoeba:ind
Di halaman rumahku dulu ada kebun sayur.,other,tatoeba:ind
Di depan rumahku ada kantor pos.,other,tatoeba:ind
Di depan rumahku ada toko buku.,other,tatoeba:ind
Di depan rumahku ada toko.,other,tatoeba:ind
Di depan rumahku ada pohon besar.,other,tatoeba:ind
Di depan rumahku ada taman umum.,other,tatoeba:ind
Di depan rumahku sedang dibangun sebuah gedung.,other,tatoeba:ind
Di depan rumahku ada pohon sakura.,other,tatoeba:ind
Di atas rumahku jadi tenang.,other,tatoeba:ind
Di belakang rumahku hutan.,other,tatoeba:ind
Di belakang rumahku gereja.,other,tatoeba:ind
Di dekat rumahku mengalir sungai kecil.,other,tatoeba:ind
Di dekat rumahku ada taman indah.,other,tatoeba:ind
Di dekat rumahku ada jalan besar.,other,tatoeba:ind
Di dekat rumahku ada taman.,other,tatoeba:ind
Di dekat rumahku ada sekolah.,other,tatoeba:ind
Di dekat rumahku ada beberapa toko.,other,tatoeba:ind
Di dekat rumahku tidak ada toko.,other,tatoeba:ind
Di dekat rumahku ada taman bagus.,other,tatoeba:ind
Di dekat rumahku ada apartemen.,other,tatoeba:ind
Atap rumahku merah.,other,tatoeba:ind
Kalau mau datang ke rumahku tolong telepon dulu.,other,tatoeba:ind
Tolong datang ke rumahku.,other,tatoeba:ind
Bisa datang ke rumah dan main piano?,other,tatoeba:ind
Rumahku sudah diasuransikan penuh.,other,tatoeba:ind
Di rumahku cuma ada halaman kecil.,other,tatoeba:ind
Rumahku sudah punya asuransi kebakaran.,other,tatoeba:ind
Di rumahku perabotannya sedikit.,other,tatoeba:ind
Di rumahku memang ada hantunya.,other,tatoeba:ind
Tutup pintu itu!,other,tatoeba:ind
Tangannya terluka waktu jatuh.,other,tatoeba:ind
Dia punya sawah luas di Colorado.,other,tatoeba:ind
Dia tidak dapat berjalan lagi.,other,tatoeba:ind
Saya tahu dia tidak dapat bekerja lagi.,other,tatoeba:ind
Orang yang ingin berbicara denganmu sudah datang di bawah.,other,tatoeba:ind
Saya senang sekali berjumpa denganmu.,other,tatoeba:ind
"Senang sekali berjumpa dengan anda, Pak Tamori.",other,tatoeba:ind
"Saya pikir, dia akan senang jika bertemu denganmu.",other,tatoeba:ind
Saya merasa senang sekali berjumpa dengan anda.,other,tatoeba:ind
Boleh minta tolong?,other,tatoeba:ind
Aku ingin kamu buat teh untukku.,other,tatoeba:ind
Saya merasa terhormat bisa berjumpa dengan anda.,other,tatoeba:ind
Senang bisa bertemu denganmu.,other,tatoeba:ind
Saya merasa senang sekali bertemu denganmu.,other,tatoeba:ind
Senang bertemu denganmu. Saya tunggu kabar darimu.,other,tatoeba:ind
Tak terpikir bisa berjumpa denganmu.,other,tatoeba:ind
Saya berharap bisa bertemu denganmu.,other,tatoeba:ind
Senang bertemu denganmu.,other,tatoeba:ind
Wanita yang ingin bertemu denganmu sudah datang.,other,tatoeba:ind
"Berapa gaji yang harus kubayar, tergantung pada kemampuanmu.",other,tatoeba:ind
Tertawa adalah obat paling mujarab.,other,tatoeba:ind
Apakah tertawa hanya ada pada manusia?,other,tatoeba:ind
Tertawa terbahak-bahak membuat gerahamku serasa mau lepas.,other,tatoeba:ind
Peraturan seharusnya dipatuhi.,other,tatoeba:ind
Kita harus taat peraturan.,other,tatoeba:ind
Penting sekali mematuhi peraturan.,other,tatoeba:ind
Peraturan mengharuskan setiap warga negara membayar pajak.,other,tatoeba:ind
Peraturan mengatakan bahwa setiap warga negara sama.,other,tatoeba:ind
Awas! Ada truk lewat!,other,tatoeba:ind
Hampir saja aku tertabrak mobil.,other,tatoeba:ind
Kopi sebagai hidangan penutup.,other,tatoeba:ind
Mau kopi atau teh?,other,tatoeba:ind
"Sebagian orang suka kopi, sebagian lagi suka teh.",other,tatoeba:ind
Aku ingin sekali minum kopi.,other,tatoeba:ind
Aku ingin minum kopi.,other,tatoeba:ind
Jika masih ada sisa kopi tolong berikan padaku.,other,tatoeba:ind
Saya ingin meminum secangkir kopi.,other,tatoeba:ind
Ingin minum kopi?,other,tatoeba:ind
Gordon tertarik dengan gaya hidup Jepang.,other,tatoeba:ind
Gordon melamun terus minggu ini.,other,tatoeba:ind
"Saat kamu memakai jas, biar aku yang membawa tasmu.",other,tatoeba:ind
Biar kubantu memakai jas.,other,tatoeba:ind
Sebaiknya kamu pakai jasmu.,other,tatoeba:ind
Tolong lepas jasmu.,other,tatoeba:ind
Lepas jasmu dan silakan bersantai.,other,tatoeba:ind
Kenapa tidak kau lepas jasmu?,other,tatoeba:ind
Boleh kubawakan jasmu?,other,tatoeba:ind
Tolong gantung jasmu!,other,tatoeba:ind
Gantung jasmu di penggantung baju.,other,tatoeba:ind
Silakan taruh jasmu di bawah.,other,tatoeba:ind
Boleh kugantungkan jasmu?,other,tatoeba:ind
Kancing jasku lepas.,other,tatoeba:ind
Salah satu kancing jasku lepas.,other,tatoeba:ind
Saya ingin kursi di dekat jasku.,other,tatoeba:ind
Tempat duduk berjarak kira-kira 50 yard dari jasku boleh juga.,other,tatoeba:ind
Pelatih itu mengawasi berenangnya para perenang.,other,tatoeba:ind
Pelatih itu menyuruh para perenang berenang 5 mil setiap hari.,other,tatoeba:ind
"Menurut pelatih, Bob adalah perenang bagus.",other,tatoeba:ind
Ibunya guru bahasa Inggris.,other,tatoeba:ind
Ibunya dulu seorang penyanyi.,other,tatoeba:ind
Ibunya selalu mengeluh tentang hal itu.,other,tatoeba:ind
Ayahnya memanggilnya Tom.,other,tatoeba:ind
Sepertinya ayahnya sedang masuk rumah sakit.,other,tatoeba:ind
Sepertinya ayahnya sedang di luar negeri.,other,tatoeba:ind
Hobiku memancing ikan.,other,tatoeba:ind
Hobiku mengoleksi perangko luar negeri.,other,tatoeba:ind
Hobiku mendengarkan musik.,other,tatoeba:ind
Hobiku bermain piano.,other,tatoeba:ind
Hobiku mengoleksi koin.,other,tatoeba:ind
Hobiku mengumpulkan kupu-kupu cantik.,other,tatoeba:ind
Hobiku bermain gitar.,other,tatoeba:ind
Hobiku menulis cerita.,other,tatoeba:ind
Salah satu hobiku musik klasik.,other,tatoeba:ind
Salah satu hobiku membuat bunga palsu.,other,tatoeba:ind
Salah satu hobiku mengumpulkan perangko lama.,other,tatoeba:ind
Kecepatan pesawat jauh lebih tinggi daripada helikopter.,other,tatoeba:ind
Sudah pesan tempat di pesawat?,other,tatoeba:ind
Sepertinya pesawat terlambat.,other,tatoeba:ind
Pesawat itu sudah tak tampak.,other,tatoeba:ind
Suara pesawat pun terdengar.,other,tatoeba:ind
"Berkat pesawat, perjalanan dari Osaka ke Tokyo dapat ditempuh dalam 1 jam.",other,tatoeba:ind
"Berkat pesawat, orang dapat melakukan perjalanan jarak jauh dengan cepat.",other,tatoeba:ind
"Berkat pesawat, kita dapat mengelilingi dunia dalam 2, 3 hari.",other,tatoeba:ind
Salah satu mesin pesawat mati.,other,tatoeba:ind
Pak Sato telah naik pesawat dengan selamat.,other,tatoeba:ind
Ini adalah kali ke-2 naik pesawat.,other,tatoeba:ind
"Saya tertinggal pesawat, bisa naik penerbangan berikutnya?",other,tatoeba:ind
"Agar tak tertinggal pesawat, saya bergegas ke bandara.",other,tatoeba:ind
Saya tak ingin tertinggal pesawat.,other,tatoeba:ind
Ini adalah pertama kali saya naik pesawat.,other,tatoeba:ind
Sebanyak 150 penumpang naik pesawat.,other,tatoeba:ind
Saya tak suka bepergian naik pesawat.,other,tatoeba:ind
Pernah bepergian naik pesawat?,other,tatoeba:ind
"Dengan naik pesawat, ke London bisa hanya 1 hari.",other,tatoeba:ind
Naik pesawat atau kereta?,other,tatoeba:ind
Bepergian naik pesawat adalah paling cepat.,other,tatoeba:ind
Kalau naik pesawat lebih mahal lho!,other,tatoeba:ind
Bepergian naik pesawat berapa ongkosnya?,other,tatoeba:ind
Bepergian ke Okinawa naik pesawat berapa lama?,other,tatoeba:ind
"aku hanyalah pengelana, yang mencari kemurnian jiwa",other,tatoeba:ind
"Karena hanya satu menit, berharga hampir 4 pound.",other,tatoeba:ind
Saya menghadiri pesta hanya untuk bersosialisasi,other,tatoeba:ind
Anda jujur mengakui kesalahan Anda,other,tatoeba:ind
Orang Hindu menyembah di kuil.,other,tatoeba:ind
Tak ada hubungan antara mereka,other,tatoeba:ind
"Lakukan, tapi sekarang !",other,tatoeba:ind
Mari kita selesaikan segera.,other,tatoeba:ind
Kita butuh uang untuk melakukan apapun.,other,tatoeba:ind
Biarkan rasa yang memilih.,other,tatoeba:ind
Bersatu kita teguh. Bercerai kita runtuh,other,tatoeba:ind
Bhinneka Tunggal Ika.,other,tatoeba:ind
"Siapa bersungguh sungguh, dia akan sukses",other,tatoeba:ind
Berlomba - lomba dalam kebaikan.,other,tatoeba:ind
"Bukan itu maksud saya. Sex diskriminasi, diskriminasi perempuan, benar-benar selain itu, pria dan wanita berbeda.",other,tatoeba:ind
"Peringatan, dilarang cabul.",other,tatoeba:ind
Perang datang dan pergi. Tapi prajuritku tetap abadi.,other,tatoeba:ind
Matang lebih baik.,other,tatoeba:ind
Iblis menggugat Tuhan.,other,tatoeba:ind
Kiamat sudah dekat.,other,tatoeba:ind
Beranak dalam pohon.,other,tatoeba:ind
Tuhan adalah kejahatan,other,tatoeba:ind
Tahu sebelum terjadi.,other,tatoeba:ind
Melihat dengan telinga.,other,tatoeba:ind
"Baca musiknya, dengar fiksinya.",other,tatoeba:ind
Saya tidak mengetahui cara penggunaan komputer ini.,other,tatoeba:ind
Sangat penting baginya manakah dari keduanya yang lebih indah.,other,tatoeba:ind
Pria itu bukan hanya bisa berbahasa Inggris tapi juga Bahasa Jerman.,other,tatoeba:ind
Tidak dapat dipungkiri keberaniannya patut dikagumi.,other,tatoeba:ind
Nancy tersenyum bahagia.,other,tatoeba:ind
Berapa harga dasi ini?,other,tatoeba:ind
Opera apakah yang sedang dipertunjukkan di Lincoln Center saat ini?,other,tatoeba:ind
Karena itulah dia tidak pergi belajar ke luar negeri.,other,tatoeba:ind
Yang perlu Anda lakukan hanyalah menandatangani nama Anda di sini.,other,tatoeba:ind
Rapat tersebut ditunda hingga Jumat depan.,other,tatoeba:ind
Dia telah mencoba berbagai cara melangsingkan badan.,other,tatoeba:ind
Dia memberitahuku bahwa dia akan mengunjungi Nara bulan depan.,other,tatoeba:ind
Kurangi minum dan tidurlah lebih banyak.,other,tatoeba:ind
Kami dulu saling bertetangga.,other,tatoeba:ind
Pertanyaannya sesulit itu hingga tiada siapapun mampu menjawabnya.,other,tatoeba:ind
Kita banyak membuang waktu.,other,tatoeba:ind
Terus jalan lurus hingga tiba di gereja tersebut.,other,tatoeba:ind
Tolong kirimkan surat ini pada kesempatan berikutnya ke kantor pos.,other,tatoeba:ind
Kameraku tahan air.,other,tatoeba:ind
Sudah berapa lama menunggu bus?,other,tatoeba:ind
"Saat ayahku pensiun nanti, dia sudah hampir 30 tahun bekerja.",other,tatoeba:ind
Kereta tersebut terguling.,other,tatoeba:ind
Biasanya saya bangun pada pukul enam.,other,tatoeba:ind
"Seperti biasa, Tom terlambat datang ke kelas.",other,tatoeba:ind
Majalah apapun boleh.,other,tatoeba:ind
Mari mulai dari Pelajaran 10.,other,tatoeba:ind
"Saya baik-baik saja, terima kasih.",other,tatoeba:ind
"""Terima kasih."" ""Sama-sama.""",other,tatoeba:ind
Terima kasih banyak!,other,tatoeba:ind
Nama saya Jack.,other,tatoeba:ind
Siapa nama Anda?,other,tatoeba:ind
"Selamat pagi, semuanya.",other,tatoeba:ind
"""Selamat pagi,"" kata Tom sambil tersenyum.",other,tatoeba:ind
Tolong sampaikan salamku kepadanya.,other,tatoeba:ind
Dia meninggal dunia kemarin siang.,other,tatoeba:ind
Kami berangkat besok siang.,other,tatoeba:ind
"Selamat tidur, Bu.",other,tatoeba:ind
Kapan ulang tahunmu?,other,tatoeba:ind
Besok dia berulang tahun.,other,tatoeba:ind
"Selamat ulang tahun, Muiriel!",other,tatoeba:ind
Aku suka lasagna.,other,tatoeba:ind
Aku cinta kamu.,other,tatoeba:ind
Jaga dirimu sendiri.,other,tatoeba:ind
Saya tidak peduli.,other,tatoeba:ind
"Di Amerika Utara, usaha umumnya berpegang pada prinsip ""pelanggan selalu benar"".",other,tatoeba:ind
Penemuan ini akan tercatat dalam sejarah.,other,tatoeba:ind
Aku adalah seorang laki-laki tanpa wanita,other,tatoeba:ind
Saya tidak dapat melihat akhir.,other,tatoeba:ind
Saya tidak dapat mempercayai itu !,other,tatoeba:ind
"Saya mendengar anda, tapi saya tidak dapat melihat anda.",other,tatoeba:ind
Saya senang ketika saya membaca.,other,tatoeba:ind
Apakah Anda siap?,other,tatoeba:ind
Aku berikan kamu kataku.,other,tatoeba:ind
Kamu dapat beristirahat sampai malam.,other,tatoeba:ind
Dunia akan tersenyum bahagia tanpa diriku.,other,tatoeba:ind
Aku tidak dapat hidup tanpa sebuah TV.,other,tatoeba:ind
Aku tidak dapat hidup tanpa kamu.,other,tatoeba:ind
Aku tidak dapat membayangkan hidup tanpa kamu.,other,tatoeba:ind
Aku tidak dapat melakukannya tanpa bantuan dia(perempuan).,other,tatoeba:ind
Terbakar dengan cinta.,other,tatoeba:ind
Saya tidak terlalu mengerti apa yang ia(laki-laki) katakan.,other,tatoeba:ind
"Meskipun dia telah tiada, aku tetap mencintainya lebih dari apapun juga.",other,tatoeba:ind
Cinta adalah misteri dan penderitaan tanpa batas waktu.,other,tatoeba:ind
Aku akan memakan kamu anak kecil.,other,tatoeba:ind
Memberi lebih baik daripada diberi.,other,tatoeba:ind
Belajar untuk mencintai produk dalam negeri.,other,tatoeba:ind
Sesuatu yang kecil dapat menyebabkan hal yang besar.,other,tatoeba:ind
Cinta yang tulus adalah cinta yang tanpa paksaan.,other,tatoeba:ind
Kemanakah kita pergi setelah kita mati ?,other,tatoeba:ind
Perjodohan adalah suatu bentuk pelanggaran terhadap hak asasi manusia.,other,tatoeba:ind
Pernikahan yang indah adalah pernikahan yang didasari oleh kasih sayang dan cinta yang tulus.,other,tatoeba:ind
"Ada gula, ada semut.",other,tatoeba:ind
Saya mencoba menjelaskan kepada dia bahwa kami tidak bertanggung jawab atas kesalahannya namun ia menolak mendengar.,other,tatoeba:ind
Buku tua ini bernilai 50.000 yen.,other,tatoeba:ind
Pria ini benar-benar sangat tua.,other,tatoeba:ind
Aku memanggil namamu.,other,tatoeba:ind
"Setahu aku, museum itu tutup setiap hari Senin.",other,tatoeba:ind
Ranjang ini tampak kokoh.,other,tatoeba:ind
Kucing yang hilang tersebut masih belum ditemukan.,other,tatoeba:ind
Bosku dipaksa mengundurkan diri.,other,tatoeba:ind
Gaya hidup dan keseimbangan makanan yang teratur adalah kunci bagi hidup sehat.,other,tatoeba:ind
"5 tambah 2, hasilnya 7.",other,tatoeba:ind
Ibunya mengkhawatirkan anaknya.,other,tatoeba:ind
Saya lebih memilih berpergian dengan mobil.,other,tatoeba:ind
"Hari ini berawan dan kemungkinan hujan, jadi kita lebih baik tidak pergi berselancar.",other,tatoeba:ind
Sungguh terima kasih atas bantuannya.,other,tatoeba:ind
Sikapnya padaku berbeda dari biasanya.,other,tatoeba:ind
Saya tidak bisa menyetujui proyek ini. Masih banyak hal yang tidak memuaskan.,other,tatoeba:ind
Kyoto terkenal dengan kuil dan viharanya.,other,tatoeba:ind
Dapatkah Anda membantu saya mencarikan rumah dengan sebuah taman kecil?,other,tatoeba:ind
Makin hari makin dingin.,other,tatoeba:ind
Saya sama sekali tidak mengerti Bahasa Jerman.,other,tatoeba:ind
Ada rekomendasi makanan yang enak?,other,tatoeba:ind
Festival sekolah kami diadakan bulan lalu.,other,tatoeba:ind
Mohon tunggu giliran Anda.,other,tatoeba:ind
Pria tersebut mengaku bahwa ia merampok wanita tua itu.,other,tatoeba:ind
Besok dia di rumah.,other,tatoeba:ind
Dia pasti berhasil.,other,tatoeba:ind
Tolong tutup pintu di belakangmu.,other,tatoeba:ind
Bersikap lebih baiklah terhadap anak sendiri!,other,tatoeba:ind
Putraku telah masuk sekolah menengah.,other,tatoeba:ind
Boleh tolong buka pintunya?,other,tatoeba:ind
Dia bekerja di pabrik.,other,tatoeba:ind
Kamu mengambil kunci yang salah.,other,tatoeba:ind
Aku ingin mengganti ini ke ukuran yang lebih kecil.,other,tatoeba:ind
"Aku melihat dari jendela garasi, terkejut pada apa yang aku lihat.",other,tatoeba:ind
Saya cinta kamu.,other,tatoeba:ind
Saya mengecewakan karena dia (laki-laki) tidak hadir,other,tatoeba:ind
Mobil tersebut rusak.,other,tatoeba:ind
Saya suka semua film yang disutradarai Juzo Itami.,other,tatoeba:ind
Yesus dilahirkan Maria.,other,tatoeba:ind
Pria yang istrinya telah meninggal dunia disebut seorang duda.,other,tatoeba:ind
Tahukah kenapa langit terlihat berwarna biru?,other,tatoeba:ind
Baju itu memikat hatinya untuk masuk ke dalam toko,other,tatoeba:ind
Bis itu berhenti dan kami masuk,other,tatoeba:ind
"Air dalam tanki tinggal sedikit, mungkin juga habis",other,tatoeba:ind
Mereka memutuskan untuk bermukim di Virginia tahun itu,other,tatoeba:ind
Saya tidak menyangka ia bisa berbuat sekejam itu,other,tatoeba:ind
Kau harus membayar harganya,other,tatoeba:ind
Tahun 1990-an dimulai dengan peristiwa Teluk,other,tatoeba:ind
"""Aku ingin buku itu"", katanya pada dirinya sendiri.",other,tatoeba:ind
Dalam waktu dekat ini kita akan mampu mengobati AIDS,other,tatoeba:ind
"Pada pagi saya tiba di sana, saya berjalan-jalan dalam hutan Oak",other,tatoeba:ind
"Jika dia bertanya, saya akan berikan. Jika tidak, tidak.",other,tatoeba:ind
Kami semua bahagia.,other,tatoeba:ind
Semoga Tuhan memberkatimu.,other,tatoeba:ind
Pemasukannya berkurang setengah setelah pensiun.,other,tatoeba:ind
Saya tidak tahu apa arti kata ini.,other,tatoeba:ind
Saya suka musik instrumental.,other,tatoeba:ind
Rambut anak itu hitam.,other,tatoeba:ind
Ayahnya makan di sana dua kali seminggu.,other,tatoeba:ind
Dia membagi dua kuenya.,other,tatoeba:ind
Saya membaca New York Times.,other,tatoeba:ind
Sayang sekali hujan.,other,tatoeba:ind
Sungai ini bermuara di Pasifik.,other,tatoeba:ind
Ini sekolah kami.,other,tatoeba:ind
Yang coklat punya saya juga.,other,tatoeba:ind
Nancy takut anjing.,other,tatoeba:ind
Kepala saya masih merasa pusing.,other,tatoeba:ind
Apa kamu cukup tidur?,other,tatoeba:ind
Saya baru selesai membaca buku itu.,other,tatoeba:ind
Kemarin pagi sangat dingin.,other,tatoeba:ind
Dia keluar dari ruangan tanpa mengatakan sepatah kata pun.,other,tatoeba:ind
Bill membawakan saya buku ini.,other,tatoeba:ind
Dia suka bermain tenis.,other,tatoeba:ind
Buddhisme bermula dari India.,other,tatoeba:ind
Saya mulai malam ini.,other,tatoeba:ind
Bagaimana kabar ibumu?,other,tatoeba:ind
Judy melihat saya.,other,tatoeba:ind
Kalimat ini benar secara gramatik.,other,tatoeba:ind
Mohon tunggu sebentar.,other,tatoeba:ind
Bagaimana kabar Anda?,other,tatoeba:ind
Tom bukan anak yang pemalas.,other,tatoeba:ind
Semua orang dilahirkan merdeka dan mempunyai martabat dan hak-hak yang sama. Mereka dikaruniai akal dan hati nurani dan hendaknya bergaul satu sama lain dalam semangat persaudaraan.,other,tatoeba:ind
Saya dengar bahwa belajar di pagi hari lebih efektif. Belajar satu jam di pagi hari sama baiknya dengan belajar tiga jam di malam hari.,other,tatoeba:ind
Jalur Tokaido berhenti di Tokyo,other,tatoeba:ind
Dia kaya pengalaman.,other,tatoeba:ind
Perkataannya telah membuat kesan yang dalam terhadap murid-murid.,other,tatoeba:ind
Saya merasa agak tidak enak badan hari ini.,other,tatoeba:ind
Kami ingin Anda datang ke pesta kami.,other,tatoeba:ind
"Dia tidak datang, katanya.",other,tatoeba:ind
Pria itu tidak datang kata perempuan itu.,other,tatoeba:ind
Dia memiliki keinginan yang kuat untuk bekerja sebagai seorang penerjemah.,other,tatoeba:ind
Saya sedang ingin pergi berjalan-jalan.,other,tatoeba:ind
Saya tidak mengerti.,other,tatoeba:ind
Sepertinya dia yakin bahwa apa yang dia katakan adalah benar.,other,tatoeba:ind
Dia mengumpulkan banyak perangko.,other,tatoeba:ind
Tiba-tiba lampu padam.,other,tatoeba:ind
Tôi phải đi ngủ.,other,tatoeba:vie
Bạn đang làm gì đây?,other,tatoeba:vie
Cái này là gì?,other,tatoeba:vie
"Hôm nay là ngày 18 tháng sáu, và cũng là ngày sinh nhật của Muiriel!",other,tatoeba:vie
"Chúc mừng sinh nhật, Muiriel!",other,tatoeba:vie
Bây giờ Muiriel được 20 tuổi.,other,tatoeba:vie
"Mật mã là ""Muiriel"".",other,tatoeba:vie
Tôi trở lại mau.,other,tatoeba:vie
Tôi không biết.,other,tatoeba:vie
Tôi hết lời để nói.,other,tatoeba:vie
Cái này xẽ không bao giờ chấm giứt.,other,tatoeba:vie
Tôi không biết nên nói gì cả...,other,tatoeba:vie
Đó là một con thỏ hung ác.,other,tatoeba:vie
Tôi từ trên núi xuống.,other,tatoeba:vie
Tấm hình này có mới không?,other,tatoeba:vie
"Rốt cuộc, ai cũng phải tự học thôi.",other,tatoeba:vie
Sẽ không xảy ra đâu.,other,tatoeba:vie
Tôi sẽ cố không quấy rầy bạn học hành.,other,tatoeba:vie
Toi se goi ho ngay mai.,other,tatoeba:vie
Bạn nên đi ngủ đi.,other,tatoeba:vie
Người trước tôi nói ý kiến với tưởng tôi điên.,other,tatoeba:vie
"Nếu thế giới không như bây giờ, thì tôi có thể tin ai cũng được.",other,tatoeba:vie
Tiếc rằng cái đó là sự thật.,other,tatoeba:vie
Phần nhiều người ta nghĩ tôi điên.,other,tatoeba:vie
"Ô kìa, con bươm bướm!",other,tatoeba:vie
Giá mà tôi cũng như vậy...,other,tatoeba:vie
Cái đó tùy thuộc vào văn cảnh.,other,tatoeba:vie
Cái đó la một cái điều tào lao nhất tôi noi từ xưa đến giờ.,other,tatoeba:vie
Sống ở Mỹ rất thích nếu là ở đây để kiếm tiền.,other,tatoeba:vie
Tôi mập quá.,other,tatoeba:vie
Tao sẽ bắn hạ nó.,other,tatoeba:vie
Cái đó tại vì bạn là đàn bà.,other,tatoeba:vie
Tôi không có ý định ích kỷ đâu.,other,tatoeba:vie
Bạn có bao nhiêu bạn thân?,other,tatoeba:vie
Từ xưa đến giờ đả luôn luôn như vậy rồi.,other,tatoeba:vie
Một người luôn luôn có thể kiếm thêm thì giờ.,other,tatoeba:vie
Phần nhiều người ta viết về chuyện cuộc đời hàng ngày.,other,tatoeba:vie
Nếu tôi có thể gửi Trang một cục marshmallow thì tôi sẽ gửi.,other,tatoeba:vie
Tôi là người có nhiều thói xấu nhưng những thói xấu này có thể dễ dàng sửa.,other,tatoeba:vie
Hễ tôi kiếm được cái gì tôi thích thì nó lại đắt quá.,other,tatoeba:vie
Có lẽ cũng vậy cho anh ấy luôn.,other,tatoeba:vie
Cái đó nhìn hấp dẫn.,other,tatoeba:vie
Thầy vật lý không để ý đến việc lên lớp của tôi.,other,tatoeba:vie
Tôi ghét những lúc đông người.,other,tatoeba:vie
Cảnh sát sẽ bắt bạn tìm ra mấy viên đạn.,other,tatoeba:vie
Cám ơn chỉ dạy.,other,tatoeba:vie
Tôi không biết ý của bạn là gì.,other,tatoeba:vie
Bạn muốn nói với tôi về sự tự do hả?,other,tatoeba:vie
Có nhiều chữ tôi không hiểu.,other,tatoeba:vie
Tôi cần hỏi một câu hỏi ngớ ngẩn.,other,tatoeba:vie
"Tôi không biết phải trình bày thế nào, bởi vì nó đã quá rõ ràng rồi.",other,tatoeba:vie
Có thể nói cách khác được không?,other,tatoeba:vie
"Tôi đã tìm ra cách, nhưng mà tìm ra nhanh thế này thì chắc hẳn đó không phải là cách hay rồi.",other,tatoeba:vie
Cái này rất là hấp dẫn!,other,tatoeba:vie
"Nhưng ở đây, không dễ dàng như vậy đâu.",other,tatoeba:vie
"Không, anh ấy không phải bạn trai mới của tôi.",other,tatoeba:vie
Bạn không bao giờ có lớp hay sao?,other,tatoeba:vie
Vấn đề ở đâu?,other,tatoeba:vie
Tôi chỉ còn chờ đợi được thôi.,other,tatoeba:vie
Tao không thích mày nữa.,other,tatoeba:vie
Xin chúc mừng!,other,tatoeba:vie
Tôi không còn biết phải làm gì nữa.,other,tatoeba:vie
Tôi cũng không muốn vụ này xảy ra.,other,tatoeba:vie
Chắc bạn cũng đoán được cái gì xảy ra mà.,other,tatoeba:vie
Tôi còn có sự chọn lựa nào khác nữa?,other,tatoeba:vie
Tôi không có gì tốt hơn để làm hết.,other,tatoeba:vie
Người nào cũng có cái hay và cái dở của họ.,other,tatoeba:vie
Không biết là tôi còn không nữa.,other,tatoeba:vie
Bạn nghĩ tôi đang làm gì?,other,tatoeba:vie
Mẹ của tôi không nói tiếng Anh giỏi lắm.,other,tatoeba:vie
Làm sao để tìm được thức ăn khi đang ở ngoài không gian?,other,tatoeba:vie
Mọi người muốn gặp bạn vì bạn nổi tiếng!,other,tatoeba:vie
Tôi rất ghét phải viết theo khuôn mẫu!,other,tatoeba:vie
Bạn làm gì mà thức khuya quá vậy?,other,tatoeba:vie
Bạn không đủ nhanh.,other,tatoeba:vie
"Cuộc sống thì khó khăn đấy, nhưng tôi mạnh mẽ hơn nó nhiều.",other,tatoeba:vie
Đừng! Mày đang làm cô ấy bực bội đấy.,other,tatoeba:vie
Chỉ có sự thật là tốt đẹp.,other,tatoeba:vie
Tôi không biết nói tiếng Nhật.,other,tatoeba:vie
Không ai hiểu được tôi hết.,other,tatoeba:vie
"Đừng coi tôi như người ""bình thường""!",other,tatoeba:vie
Khong thế nào!,other,tatoeba:vie
"""Trong hang đang xảy ra chuyện gì vậy? Tôi rất là tò mò."" ""Tôi cũng không biết nữa.""",other,tatoeba:vie
"Con thỏ trắng và bé hỏi, ""Ước bạn là gì?""",other,tatoeba:vie
Ờ... cái đó sao rồi?,other,tatoeba:vie
"""Nói thật là tôi rất là sợ độ cao."" ""Bạn nhát quá!""",other,tatoeba:vie
"""Tin tôi đi,"" anh ấy nói.",other,tatoeba:vie
"""Đây đúng là thứ mà tôi đang tìm"" anh ta kêu lên.",other,tatoeba:vie
Sẽ có một ngày tôi sẽ chạy nhanh như gió.,other,tatoeba:vie
Cần gì thì cứ việc nói với tôi.,other,tatoeba:vie
Nó sẽ không bắt đầu cho tới lúc tám giờ rưỡi.,other,tatoeba:vie
"""Tôi muốn đánh bài."" ""Tôi cũng vậy.""",other,tatoeba:vie
Cộng sản sẽ chẳng bao giờ tồn tại đến đời của tôi.,other,tatoeba:vie
Làm ơn để bộ bài trên bàn gỗ sồi.,other,tatoeba:vie
Sao mình không đi về đi?,other,tatoeba:vie
Một triệu người đã ngã xuống trong cuộc chiến đó.,other,tatoeba:vie
"Trong tất cả các loại hình chính phủ, dân chủ là tệ nhất, trừ mọi chính phủ mà đã tồn tại từ xưa đến giờ.",other,tatoeba:vie
"Sếp à, không phải tôi đâu!",other,tatoeba:vie
Kìa mấy cái quần trắng của mình! Vẫn còn mới!,other,tatoeba:vie
"Khi tôi ra khỏi ga xe lửa, tôi gặp một gã đàn ông.",other,tatoeba:vie
Đêm cũng dài quá ha?,other,tatoeba:vie
Có nhớ tôi không?,other,tatoeba:vie
Cám ơn bạn nhiều nghe!,other,tatoeba:vie
Ý định tốt!,other,tatoeba:vie
Vé khứ hồi phải không? Một chiều thôi.,other,tatoeba:vie
Xếp gọn gàng sau khi giặt xong.,other,tatoeba:vie
Giặt trước khi mặc lần đầu.,other,tatoeba:vie
Đừng mở trước khi xe lửa ngừng lại.,other,tatoeba:vie
"Ờ, xin lỗi nghe.",other,tatoeba:vie
Người nghèo không phải là người có quá ít mà là người muốn quá nhiều.,other,tatoeba:vie
"Anh có vẻ không bất ngờ nhỉ, chắc anh đã biết cả rồi.",other,tatoeba:vie
Mất bao nhiêu thời gian để đi từ đay tới ga?,other,tatoeba:vie
Cái này sẽ là một kỷ niệm tốt của cuộc du ngoạn xung quanh nước Mỹ.,other,tatoeba:vie
"Rất là khó để nói chuyện với một người luôn luôn trả lời ""Có"" hay ""Không"".",other,tatoeba:vie
"""Má, con có thể ăn một miếng bánh quy được không?"" ""Không. Con không nên ăn giữa bữa ăn.""",other,tatoeba:vie
"""Bạn thấy sao?"" anh ấy hỏi.",other,tatoeba:vie
Rất là khó để thành thạo tiếng Pháp trong hai hay ba năm.,other,tatoeba:vie
Tôi không thế nào giải nghĩa cho bạn được.,other,tatoeba:vie
Tôi không muốn cả đời hối tiếc vì chuyện này.,other,tatoeba:vie
Tôi cũng không đoán được.,other,tatoeba:vie
Sự tưởng tượng ảnh hưởng đến mọi khía cạnh cuộc sống của chúng ta.,other,tatoeba:vie
Chúng tôi không ngủ được vì ồn quá.,other,tatoeba:vie
Tốt nhất là hãy làm theo mọi thứ anh ấy nói với bạn.,other,tatoeba:vie
Tôi tốn hơn hai tiếng để dịch vài trang tiếng Anh.,other,tatoeba:vie
Đã mười một giờ rồi.,other,tatoeba:vie
Paris là một thành phố đẹp nhất thế giới.,other,tatoeba:vie
Tôi có ước mơ.,other,tatoeba:vie
"Đây là bạn tôi tên Rachel, chúng tôi học trường trung học với nhau.",other,tatoeba:vie
Giá sinh hoạt đã nhất loạt tăng.,other,tatoeba:vie
Nhưng mà vũ trụ là vô tận.,other,tatoeba:vie
"Nhưng, sự trái ngược cũng luôn luôn có lý.",other,tatoeba:vie
Có em bên cạnh thì bây giờ mọi thứ đều ổn cả rồi.,other,tatoeba:vie
Ý cậu là cậu không biết hả?!,other,tatoeba:vie
Bạn nhìn ngốc quá.,other,tatoeba:vie
Tôi đi mua sắm một chút. Một tiếng sau trở lại.,other,tatoeba:vie
Trong tiếng Ý cái đó nói thế nào?,other,tatoeba:vie
Cám ơn. Thôi nhé.,other,tatoeba:vie
Không phải lỗi của tôi!,other,tatoeba:vie
Mở miệng ra!,other,tatoeba:vie
Có nhiều thứ để làm quá!,other,tatoeba:vie
Đừng nghĩ là ăn sôcôla của tôi được nghe!,other,tatoeba:vie
Nhờ ơn của bạn tôi hết còn thèm ăn.,other,tatoeba:vie
Tôi muốn đấm ai đó cho thỏa thích.,other,tatoeba:vie
Ai lại không biết về vấn đề này?!,other,tatoeba:vie
Nóng đến nỗi mà có thể luộc trứng trên nóc xe.,other,tatoeba:vie
Không ai tới hết.,other,tatoeba:vie
Làm ơn nhìn mặt tôi khi nói chuyện!,other,tatoeba:vie
Nếu bạn phát biểu nhưng không ai tới thì sao?,other,tatoeba:vie
Tôi không hiểu.,other,tatoeba:vie
Còn chúng tôi làm gì?,other,tatoeba:vie
Tôi bị nhức đầu.,other,tatoeba:vie
Tôi phải nhận là tôi có ngáy...,other,tatoeba:vie
"Giày của tôi bé quá, tôi cần đôi mới.",other,tatoeba:vie
Mau rời khỏi đây. Cảnh sát tới bây giờ.,other,tatoeba:vie
Chúc mừng giáng sinh!,other,tatoeba:vie
"""Nếu mệt thì ngủ một chút đi?"" ""Bây giờ mà ngủ thì sẽ dậy sớm lắm.""",other,tatoeba:vie
Nếu muốn chứng minh điều gì thì trước hết phải biết là nó đúng đã.,other,tatoeba:vie
Cái gì dễ bị hiểu lầm thì sẽ luôn như vậy thôi.,other,tatoeba:vie
Tôi đói quá rồi!,other,tatoeba:vie
"Tôi còn nhiều việc phải làm quá, chắc phải ở lại thêm một tiếng đồng hồ nữa.",other,tatoeba:vie
Tôi có chồng và hai đứa con.,other,tatoeba:vie
Tôi muốn đi du học ở Paris.,other,tatoeba:vie
Sao không ăn rau vậy?,other,tatoeba:vie
Cái xe đã đụng vô tường.,other,tatoeba:vie
Tìm thì sẽ thấy.,other,tatoeba:vie
"""Xong chưa vậy?"" ""Tôi còn chưa bắt đầu nữa mà.""",other,tatoeba:vie
"""Chào buổi sáng"" Tom mỉm cười và nói.",other,tatoeba:vie
Tôi thấy ngoại ngữ rất thú vị.,other,tatoeba:vie
Đối mặt sự sống với một nụ cười!,other,tatoeba:vie
Bạn khiến tôi mơ đấy.,other,tatoeba:vie
Kỳ nghỉ từ đây kết thúc.,other,tatoeba:vie
Đầm dạ hội luôn được mong chờ.,other,tatoeba:vie
Tôi khát nước.,other,tatoeba:vie
Khi tôi hỏi mọi người điều gì khiến họ cảm thấy tiếc nuối khi còn đi học thì phần đông đều trả lời rằng họ đã lãng phí quá nhiều thời gian.,other,tatoeba:vie
Bạn cố ý làm phải không!,other,tatoeba:vie
Bạn không nói với anh ấy cái gì à?,other,tatoeba:vie
Bạn có thể gọi lại được không?,other,tatoeba:vie
Tôi đang nói chuyện với ai đây?,other,tatoeba:vie
"Tôi chấp nhận, nhưng có một điều kiện.",other,tatoeba:vie
"Có thuyết cho là lý thuyết không khác gì với thực hành, nhưng trong thực hành thì lại có khác.",other,tatoeba:vie
Chuyện giữa chúng ta kết thúc rồi. Trả lại tôi chiếc nhẫn!,other,tatoeba:vie
Tôi tính đi ra biển chơi nhưng trời lại bắt đầu mưa.,other,tatoeba:vie
Cô ấy thông minh lắm phải không?,other,tatoeba:vie
Công lý rất đắt.,other,tatoeba:vie
Ngày mai tôi sẽ học ở thư viện.,other,tatoeba:vie
"Này, này, bạn còn ở đó không?",other,tatoeba:vie
Tôi đọc sách lúc ăn cơm.,other,tatoeba:vie
"""Đang lúc ăn chưa, tôi ngủ một hồi tại vì mệt quá.",other,tatoeba:vie
Tuần trước tôi mới bắt đầu học tiếng Trung quốc.,other,tatoeba:vie
Tôi ở gần biển cho nên có nhiều cơ hội đi ra biển chơi.,other,tatoeba:vie
Chúng mình đi qua London năm vừa rồi,other,tatoeba:vie
Cô ấy không muốn nói về chuyện đấy.,other,tatoeba:vie
Tôi đã mất hưng.,other,tatoeba:vie
Tôi cần thêm thì giờ.,other,tatoeba:vie
Cái đó không có ý nghĩa gì hết mà!,other,tatoeba:vie
"Làm ơn kiên nhẫn một chút đi, cái này phải tốn thì giờ.",other,tatoeba:vie
Không tồn tại vấn đề mà không có giải pháp.,other,tatoeba:vie
"Rất nhiều người ngại dậy sớm, cho dù họ phải làm điều đó.",other,tatoeba:vie
Có lý tưởng là điều tốt... bạn nghĩ sao?,other,tatoeba:vie
"Lúc máy bay gặp gió xoáy, phi công yêu cầu hành khách thắt dây an toàn.",other,tatoeba:vie
"Tùy theo bạn cách nghĩa sự ""tin"" Chúa là sao.",other,tatoeba:vie
Những người tham gia chương trình Maury Povich thường giả vờ rằng người yêu đang lừa dối họ.,other,tatoeba:vie
Bạn bè tôi nói tôi là người viết nhiều nhưng mấy tháng rồi tôi chưa viết cái gì hêt.,other,tatoeba:vie
Johnson là người hơi tự kỉ; anh ấy thích tách biệt mình với các học sinh khác trong lớp.,other,tatoeba:vie
Tôi muốn lấy lại lời tuyên bố của tôi.,other,tatoeba:vie
Tim rất thích truyện cười mỉa mai.,other,tatoeba:vie
Jimmy cố thuyết phục bố mẹ để anh có thể đi vòng quanh đất nước với bạn.,other,tatoeba:vie
Một bước Salsa tôi cũng không nhảy được.,other,tatoeba:vie
Thằng giết người bị xử tù chung thân.,other,tatoeba:vie
Cuộc biểu quyết chỉ ra rằng chúng ta phản đối ý kiến được đưa ra.,other,tatoeba:vie
Tôi thấy những từ mà giải thích ngắn gọn thì luôn dễ nhớ nhất.,other,tatoeba:vie
Tôi mơ đến bạn.,other,tatoeba:vie
Tôi không thua đâu!,other,tatoeba:vie
Sắp vô tiết rồi.,other,tatoeba:vie
Nhưng bạn chưa nói tôi về chuyện này mà!,other,tatoeba:vie
Tôi phải giặt đồ trong khi trời còn nắng.,other,tatoeba:vie
Bạn còn rất nhiều thời gian.,other,tatoeba:vie
Thôi nào! Nói chuyện với mình đi Trang.,other,tatoeba:vie
Tôi sắp xong rồi.,other,tatoeba:vie
Cái này làm tôi phát điên mất!,other,tatoeba:vie
Bạn vừa nói rằng tôi không thể thắng được à?,other,tatoeba:vie
Bên ngoài trời rất tối.,other,tatoeba:vie
Tôi đã quá già cho thế giới này.,other,tatoeba:vie
Không bao giờ trễ quá để học hỏi.,other,tatoeba:vie
Anh ấy nói với tôi chuyện đời của anh.,other,tatoeba:vie
Bạn đang nói cái gì vậy?,other,tatoeba:vie
Tôi có lớp ngày mai.,other,tatoeba:vie
Tôi không tin!,other,tatoeba:vie
"""Cám ơn."" ""Không có chi.""",other,tatoeba:vie
Bạn đến từ nước nào vậy?,other,tatoeba:vie
Chúng tôi đã đi bộ rất nhiều.,other,tatoeba:vie
"Chờ tí, có ai đang gõ cửa.",other,tatoeba:vie
"Bạn bị ốm rồi, nghỉ ngơi cho nhiều đi.",other,tatoeba:vie
Ai cũng muốn tin rằng mọi giấc mơ đều có thể trở thành hiện thực.,other,tatoeba:vie
Cậu nói rằng tôi đang gặp nguy hiểm đến tính mạng sao?,other,tatoeba:vie
Bị gay thì sao? Cái đó cũng là tội à?,other,tatoeba:vie
Tôi tốn hết buổi chiều tán chuyện với đám bạn.,other,tatoeba:vie
Tôi muốn tự lập hơn.,other,tatoeba:vie
Cậu định đứng đó cả ngày hay sao?,other,tatoeba:vie
Thỏ có tai dài và đuôi ngắn.,other,tatoeba:vie
Tim tôi tràn ngập hạnh phúc.,other,tatoeba:vie
Tôi không muốn nghe thêm bất kì lời than vãn nào từ cậu nữa.,other,tatoeba:vie
Hay quá! Tôi thắng hai lần liền!,other,tatoeba:vie
Tôi ngán thức ăn nhanh quá rồi.,other,tatoeba:vie
Tôi không đợi được tới lúc nghỉ hè.,other,tatoeba:vie
Bạn có thể hình dung được cuộc sống sẽ như thế nào nếu không có điện không?,other,tatoeba:vie
"Một, hai, ba, bốn, năm, sáu, bảy, tám, chín, mười.",other,tatoeba:vie
Nhà vệ sinh ở đâu vậy?,other,tatoeba:vie
Chuyện của nó tào lao đến nỗi chẳng ai tin được.,other,tatoeba:vie
Bạn cần bao nhiêu tiếng đồng hồ để ngủ vậy?,other,tatoeba:vie
Bạn thực sự nghĩ rằng con người một ngày nào đó có thể định cư trên Mặt trăng không?,other,tatoeba:vie
Tôi không biết cái gì có thể xấu hơn nữa.,other,tatoeba:vie
Vẻ đẹp chỉ tồn tại trong mắt của những người hiểu được nó.,other,tatoeba:vie
Tôi lười làm bài quá.,other,tatoeba:vie
Tôi cảm thấy mình rất tự do.,other,tatoeba:vie
Tự do không đồng nghĩa với được tự do.,other,tatoeba:vie
Tôi muốn có máy MP3!,other,tatoeba:vie
Em trai tôi rất là tự tin. Ít nhất chính nó nghĩ như vậy.,other,tatoeba:vie
"Không, tôi không cho bạn vào được. Đã nhiều người quá rồi.",other,tatoeba:vie
Mày làm tao tức quá!,other,tatoeba:vie
Chia sẻ đam mê của ai đó chính là sống thật trọn vẹn với nó.,other,tatoeba:vie
Cuộc đời không dài nhưng rộng!,other,tatoeba:vie
"Hồi tôi bằng tuổi cậu, Diêm Vương vẫn còn là một hành tinh.",other,tatoeba:vie
Tôi thường tắm vào buổi tối.,other,tatoeba:vie
Bạn đã suy nghĩ về vấn đề này hết cả buổi sáng rồi. Đi ăn trưa đi.,other,tatoeba:vie
Nếu tôi không làm bay giờ thì tôi sẽ không bao giờ làm hết.,other,tatoeba:vie
Ngủ ngon. Chúc bạn nhiều giấc mơ đẹp.,other,tatoeba:vie
"Có lẽ bạn nói đúng, tôi đã quá ích kỷ.",other,tatoeba:vie
Tôi sắp cạn ý tưởng rồi.,other,tatoeba:vie
Tôi cần lời chỉ bảo của bạn.,other,tatoeba:vie
Tôi tình cờ gặp lại người bạn cũ.,other,tatoeba:vie
Cô ta có đôi lúc tới thăm tôi.,other,tatoeba:vie
Từ thuở còn nhỏ tôi đã thích phiêu lưu.,other,tatoeba:vie
Tôi không biết đi đâu.,other,tatoeba:vie
Mình nên tự lo cho bản thân mình.,other,tatoeba:vie
Điểm đầu tiên cần làm rõ là bản thiết kế chỉ mang tính cách thí nghiệm.,other,tatoeba:vie
Cho tôi mượn cái gì đấy để cắt sợi dây này.,other,tatoeba:vie
Sự thất bại của anh ấy không có liên quan gì tới tôi.,other,tatoeba:vie
Anh ấy vừa tìm gì đó trong bóng tối.,other,tatoeba:vie
Quyển sách này thật là cũ!,other,tatoeba:vie
Tôi đã có cơ hội gặp anh ấy.,other,tatoeba:vie
Anh ấy hôm nay vui vẻ phấn chấn.,other,tatoeba:vie
"Vì hơi bị cảm lạnh, nên tôi đi ngủ sớm.",other,tatoeba:vie
Xin hãy giải thích lý do vì sao cô ta đã bị bắt giữ.,other,tatoeba:vie
John là một thanh niên người Mỹ.,other,tatoeba:vie
Bản phân tích này đưa ra kết quả sau đây.,other,tatoeba:vie
Tôi có một chiếc xe đạp.,other,tatoeba:vie
Và anh ta tự xưng mình là thủy thủ.,other,tatoeba:vie
Em học sinh nhút nhát lẩm bẩm ra câu trả lời.,other,tatoeba:vie
Họ đã có một cuộc sống hạnh phúc.,other,tatoeba:vie
Bạn không thể uống nước biển vì nó quá mặn.,other,tatoeba:vie
Sẽ tạnh mưa sớm thôi.,other,tatoeba:vie
Đừng uống bia trước khi đi ngủ.,other,tatoeba:vie
Tại sao bạn lại có thể không biết được?,other,tatoeba:vie
Rửa chân đi.,other,tatoeba:vie
Tôi quá mệt rồi nên không đi bộ được nữa đâu.,other,tatoeba:vie
Cửa hàng này chỉ phục vụ học sinh sinh viên.,other,tatoeba:vie
Buổi sáng bạn rời khỏi nhà vào lúc mấy giờ?,other,tatoeba:vie
"Nhanh nữa lên, không cậu sẽ bị muộn mất.",other,tatoeba:vie
Tôi không hợp với việc làm chân tay.,other,tatoeba:vie
Rất nhiều thực vật nở hoa vào mùa Xuân.,other,tatoeba:vie
Lời cầu nguyện của tôi đã được đáp lại.,other,tatoeba:vie
"Tôi biết lái xe ô-tô, nhưng Tom thì không.",other,tatoeba:vie
Họ đã đi săn sư tử.,other,tatoeba:vie
Lực lượng vũ trang đã thâu tóm toàn bộ lãnh thổ.,other,tatoeba:vie
Cầu thang hẹp thật!,other,tatoeba:vie
Đối với người nước ngoài thì ở Nhật trần nhà khá thấp.,other,tatoeba:vie
Tôi ghét những thứ đó.,other,tatoeba:vie
Thật ra thì tôi thích ở nhà hơn là đi ra ngoài.,other,tatoeba:vie
Cuộc đời tươi đẹp.,other,tatoeba:vie
Ông tôi thức dậy sớm.,other,tatoeba:vie
KHông gì có thể tả xiết sức hấp dẫn của cô ấy,other,tatoeba:vie
Tôi định sẽ nói với anh sự thật,other,tatoeba:vie
Việc anh ấy thi đậu bằng lái xe làm mọi người rất ngạc nhiên,other,tatoeba:vie
Tôi không thể chịu đựng tiếng ồn này thêm nữa,other,tatoeba:vie
Anh ta kiếm được nhiều tiền hơn mức có thể tiêu hết,other,tatoeba:vie
Anh ta bị thương trong khi làm việc,other,tatoeba:vie
Anh ta gặp tai nạn trong khi làm việc,other,tatoeba:vie
Tiu bendo ne gluecas.,other,tatoeba:vie
Em yêu anh!,other,tatoeba:vie
"Bạn có thể ăn gì cũng được, miễn là đừng ăn quá nhiều.",other,tatoeba:vie
"Nếu mà thế giới không như thế này, cái gì tôi cũng tin.",other,tatoeba:vie
Chúng tôi đã gặp một ông nhà văn.,other,tatoeba:vie
Con đường dài.,other,tatoeba:vie
Anh ấy ngủ say như một đứa bé.,other,tatoeba:vie
Tôi định gọi cho cô ấy mà lại quên mất.,other,tatoeba:vie
Tôi không muốn uống gì cả.,other,tatoeba:vie
Chỉ có những người thất nghiệp mới hẹn hò vào thứ tư.,other,tatoeba:vie
Đưa tôi chìa của cái khóa này đi!,other,tatoeba:vie
Kính của tôi đâu mất rồi?,other,tatoeba:vie
Ai mua bánh mỳ không?,other,tatoeba:vie
Hôm nay chúng ta sẽ ăn cơm với thịt gà rán.,other,tatoeba:vie
"Không, em thích ăn cháo cơ.",other,tatoeba:vie
Ăn cơm mãi chán lắm rồi!,other,tatoeba:vie
Chán cũng phải ăn.,other,tatoeba:vie
Cơm mẹ nấu ngon lắm đấy!,other,tatoeba:vie
Bố bảo nếu mà em không ăn thì bố sẽ đánh đòn.,other,tatoeba:vie
Em bé khóc rồi.,other,tatoeba:vie
Sao em ấy lại khóc?,other,tatoeba:vie
Ngày mai mẹ sẽ nấu món gì?,other,tatoeba:vie
Ngày mai còn xa lắm.,other,tatoeba:vie
Em thích con gấu bông màu đen kia kìa.,other,tatoeba:vie
Con gấu bông màu xanh đẹp hơn chứ.,other,tatoeba:vie
Buổi triển lãm sẽ được tổ chức vào tháng sau.,other,tatoeba:vie
Bác sĩ bảo tôi phải cai thuốc đi.,other,tatoeba:vie
Em ngủ sớm đi.,other,tatoeba:vie
Mai chúng ta phải đi thi đấy.,other,tatoeba:vie
Chúc bạn thi tốt nhé!,other,tatoeba:vie
Anh đã chuẩn bị xong chưa?,other,tatoeba:vie
Một con vịt xòe ra hai cái cánh.,other,tatoeba:vie
Con vịt kêu quác quác.,other,tatoeba:vie
Đừng làm phiền người ta nữa!,other,tatoeba:vie
Cô ấy đã hết kiên nhẫn rồi.,other,tatoeba:vie
Trời sắp mưa to rồi.,other,tatoeba:vie
Bộ phim này chán òm!,other,tatoeba:vie
Hôm qua anh ta nói dối đấy.,other,tatoeba:vie
Cậu bé ném đá con ếch.,other,tatoeba:vie
Đấy là sách của họ.,other,tatoeba:vie
Bức tường đó dài 30 yard.,other,tatoeba:vie
Tôi chỉ muốn kiểm tra hòm thư điện tử thôi.,other,tatoeba:vie
Nenormalas havi la koron dekstraflanke.,other,tatoeba:vie
"Nếu như câu bạn yêu cầu chưa được dịch, hãy viết nội dung của nó vào khung.",other,tatoeba:vie
Tôi thường thức dậy lúc 08:00.,other,tatoeba:vie
Tất cả mọi người sinh ra đều được tự do và bình đẳng về nhân phẩm và quyền lợi. Mọi con người đều được tạo hóa ban cho lý trí và lương tâm và cần phải đối xử với nhau trong tình anh em.,other,tatoeba:vie
Vậy bạn có quan tâm không?,other,tatoeba:vie
Tôi yêu em rất nhiều,other,tatoeba:vie
Bạn bên cạnh tôi thì bây giờ mọi thứ êm xuôi rồi,other,tatoeba:vie
"Tôi đi chơi, anh đi không?",other,tatoeba:vie
sau hơn hai ngày dầm mình giữa sóng to gió lớn,other,tatoeba:vie
vì sao lại như thế,other,tatoeba:vie
Tốc độ tăng trường kinh tế đang tăng lên,other,tatoeba:vie
Anh làm ngành gì ?,other,tatoeba:vie
Tôi sắp sinh em bé,other,tatoeba:vie
bạn thật tuyệt vời,other,tatoeba:vie
"Tôi biết em là người đã có tuổi, sự khao khát không còn mảnh liệt như trước, đã trãi nghiệm những cảm xúc tột cùng của tình yêu, mọi thứ đối với em giờ chỉ còn trong kí ức.",other,tatoeba:vie
con nhớ mẹ quá,other,tatoeba:vie
Giáo viên của chúng tôi hẳn phải học tiếng Anh rất chăm chỉ khi ông còn là một học sinh trung học.,other,tatoeba:vie
Lần đầu tiên tôi chơi quần vợt là khi tôi 16 tuổi,other,tatoeba:vie
Đừng dọa tôi như vậy nữa!,other,tatoeba:vie
Tối qua bạn đi ngủ khi nào?,other,tatoeba:vie
Mọi thứ bạn phải làm là thực hiện theo lời khuyên của anh ấy.,other,tatoeba:vie
Cô ấy sẽ được chuyển tới New Zealand.,other,tatoeba:vie
Chúng tôi sống ở nông thôn trong suốt mùa hè.,other,tatoeba:vie
Tôi đã không đi học ngày hôm qua.,other,tatoeba:vie
Anh ấy đang làm việc chăm chỉ để theo kịp những người khác.,other,tatoeba:vie
Con mèo đã đuổi sau con chuột.,other,tatoeba:vie
"Bề mặt của khí cầu không phải là một không gian Euclide, và do đó không thể tuân theo các quy tắc của hình học Euclide.",other,tatoeba:vie
Tôi có thể hỏi về gia đình bạn được không?,other,tatoeba:vie
Xin lỗi vì đã chậm phúc đáp,other,tatoeba:vie
"Lưu ý rằng đối với cùng một câu, nếu bạn cảm thấy có thể có nhiều bản dịch, bạn có thể thêm một số bản dịch đó trong cùng một ngôn ngữ.",other,tatoeba:vie
"Lưu ý rằng đối với cùng một câu, nếu bạn cảm thấy có thể có nhiều bản dịch, bạn có thể thêm một số bản dịch đó với cùng một ngôn ngữ.",other,tatoeba:vie
Chúng ta phải thực hiện kế hoạch đó.,other,tatoeba:vie
Anh ta đến đây vì mục đích gì?,other,tatoeba:vie
Miễn sao nó không bị cảm lạnh là được.,other,tatoeba:vie
Cô ấy đã cho tôi 1 chiếc đồng hồ.,other,tatoeba:vie
Người đàn ông đã thổi khói vào mặt cô ấy.,other,tatoeba:vie
Quốc gia bạn ở có nhiều tuyết không?,other,tatoeba:vie
Cuối cùng thì Ted đã có thể truyền đạt suy nghĩ của mình bằng tiếng Nhật.,other,tatoeba:vie
Tôi đã đến châu Âu trước khi có chiến tranh.,other,tatoeba:vie
Một phần trong câu chuyện của ông là sự thật.,other,tatoeba:vie
"Watu wote wamezaliwa huru, hadhi na haki zao ni sawa. Wote wamejaliwa akili na dhamiri, hivyo yapasa watendeane kindugu.",other,tatoeba:swh
Kwenda kwa teksi hotelini.,other,tatoeba:swh
Usisahau kupeleka barua,other,tatoeba:swh
Usisahau kupeleka barua.,other,tatoeba:swh
"Penye nia, pana njia.",other,tatoeba:swh
Ni kazi yake.,other,tatoeba:swh
Kazi yake nini kitu hiki?,other,tatoeba:swh
"Kwa heri, Sayoko.",other,tatoeba:swh
"Lala salama, Timmy.",other,tatoeba:swh
"Je, unaitwa nani?",other,tatoeba:swh
Mimi ninaitwa Jack.,other,tatoeba:swh
"Je, unakaa hapa?",other,tatoeba:swh
Mawazo ya kijani yasiyokamili yanalala hoi.,other,tatoeba:swh
Watoto wanakwenda shuleni?,other,tatoeba:swh
"Je, kuna sababu yoyote?",other,tatoeba:swh
"Kwa nini mambo yanakuwa hivi, Bwana Yusufu?",other,tatoeba:swh
"Ndiyo, kuna sababu kubwa mbili.",other,tatoeba:swh
"Kwanza, wanawake wana wakati mwingi zaidi kuliko wanaume. Pili, wanawake wanafikiri mambo machache zaidi kuliko wanaume.",other,tatoeba:swh
Wanaume wakakwenda kazini.,other,tatoeba:swh
Wanaume huchoka wakirudi kutoka kazini.,other,tatoeba:swh
"Pengine husema, ""Mimi leo siwezi kwenda shuleni. Nitakwenda kesho.""",other,tatoeba:swh
Nimesikia kuwa hamli mboga za majani kwenu. Mnasema kuwa ni chakula cha wanyama.,other,tatoeba:swh
Huo ni uongo mtupu.,other,tatoeba:swh
Kule watu wanaelewa.,other,tatoeba:swh
Wanajua maana ya vitamin ni nini.,other,tatoeba:swh
Usipokula chakula cha majani huwezi kupata vitamin.,other,tatoeba:swh
Mimi nilistaajabu sana.,other,tatoeba:swh
Nilistaajabu niliposikia kuwa kweli watu hawali mboga za majani.,other,tatoeba:swh
Hiyo si kweli hata kidogo.,other,tatoeba:swh
"Bwana Yusufu, sasa naona wakati unakaribia.",other,tatoeba:swh
Sina budi nikimbilie gari la moshi.,other,tatoeba:swh
Vema. Ningefurahi sana kama ungeniandikia barua mara tu ufikapo Mwanza.,other,tatoeba:swh
Unieleze habari zote za safari uliyosafiri.,other,tatoeba:swh
Unieleze jinsi utakavyopanda stima kutoka pale Mwanza mpaka Bukoba.,other,tatoeba:swh
Kwaheri bwana. Safiri salama!,other,tatoeba:swh
"Kwaheri bwana, asante!",other,tatoeba:swh
Wewe mwenyewe utashuhudia.,other,tatoeba:swh
Omba Mungu uitembelee nchi hiyo siku moja.,other,tatoeba:swh
"""Baba, kwa nini unavaa nguo safi?"" ""Kwa sababu ninakwenda kanisani.""",other,tatoeba:swh
"""Daudi, unataka twende kanisani?"" ""Hapana, baba. Sitaki leo. Nitakwenda kesho peke yangu.""",other,tatoeba:swh
Lakini mama yako anakwenda pia.,other,tatoeba:swh
"Ijapokuwa nitakaa nyumbani peke yangu, sitakwenda mahali popote siku ya leo.",other,tatoeba:swh
Sitaki ndizi zozote.,other,tatoeba:swh
Sitaki maziwa yoyote.,other,tatoeba:swh
Sitaki watu wo wote.,other,tatoeba:swh
Hatukuona michezo yo yote.,other,tatoeba:swh
Hatukuona watoto wo wote.,other,tatoeba:swh
Yeye hana jamaa ye yote.,other,tatoeba:swh
Yeye hana rafiki ye yote.,other,tatoeba:swh
"""Nitakwenda sokoni mchana. Na wewe je?"" ""La, mimi sitakwenda.""",other,tatoeba:swh
"""Nitanunua nyumba mpya. Na wewe je?"" ""La, mimi sitanunua.""",other,tatoeba:swh
"""Juma atalipa ada ya shule. Na Hamisi je?"" ""La, yeye hatalipa.""",other,tatoeba:swh
"""Juma atawasaidia rafiki zake. Na Hamisi je?"" ""La, yeye hatawasaidia.""",other,tatoeba:swh
"""Rafiki zangu watajifunza Kinyamwezi. Na wako je?"" ""La, wao hawatajifunza.""",other,tatoeba:swh
"""Utakwenda sokoni na Juma?"" ""La. Nitakwenda peke yangu.""",other,tatoeba:swh
"""Juma atakwenda sokoni na Hasani?"" ""La. Atakwenda peke yake.""",other,tatoeba:swh
"""Watoto watakaa nyumbani na mama yao?"" ""La. Watakaa peke yao.""",other,tatoeba:swh
"""Wachukuzi watakuja na bwana wao?"" ""La. Watakuja peke yao.""",other,tatoeba:swh
"""Wataka chungwa hili?"" ""Hapana, sitaki chungwa lo lote.""",other,tatoeba:swh
Magdalena na Ania ni marafiki wazuri,other,tatoeba:swh
Lazima kupumzika laurels yetu!,other,tatoeba:swh
Yeye hakusoma kitabu.,other,tatoeba:swh
Paka ni jamii ya wanyama.,other,tatoeba:swh
"Kama ningejua, ningekwenda.",other,tatoeba:swh
"Kama ningejua, nisingekuja.",other,tatoeba:swh
Bora usingekwenda hapo.,other,tatoeba:swh
"Kama angekaa nyumbani, asingepata taabu.",other,tatoeba:swh
Sijui niambie nini...,other,tatoeba:swh
Mimi ni mwalimu.,other,tatoeba:swh
Mimi si mjinga.,other,tatoeba:swh
Habari za leo?,other,tatoeba:swh
"Naweza kupata bili, tafadhali?",other,tatoeba:swh
Ni bei gani?,other,tatoeba:swh
Ningependa kukodi gari.,other,tatoeba:swh
Nimepoteza funguo zangu.,other,tatoeba:swh
Jina lako nani?,other,tatoeba:swh
Mnajuana kutoka wapi?,other,tatoeba:swh
Utaweza kurudia ulichosema?,other,tatoeba:swh
Unaweza kuimba wimbo.,other,tatoeba:swh
Kaka yako ni wapi?,other,tatoeba:swh
Mahaba ni tongo.,other,tatoeba:swh
Hakuna mtu anaelewa mimi.,other,tatoeba:swh
Ufaransa ni katika Ulaya ya Magharibi.,other,tatoeba:swh
Kusahau kuhusu hilo.,other,tatoeba:swh
Unataka nini wewe!?,other,tatoeba:swh
Watendeeni mema wanaowachukia.,other,tatoeba:swh
Unakumbuka mchezo huu?,other,tatoeba:swh
Mamako yupo nyumbani?,other,tatoeba:swh
Guardiola ametia saini mkataba wa miaka mitatu na Bayern Munich.,other,tatoeba:swh
Utakaa muda ghani?,other,tatoeba:swh
"Achanikaye kwenye mpini, hafi na njaa.",other,tatoeba:swh
"Achekaye kilema, hata kwao hipo.",other,tatoeba:swh
"Ada ya mja kunena, muungwana ni kitendo.",other,tatoeba:swh
Adhabu ya kaburi aijua maiti.,other,tatoeba:swh
"Adhihakiye kovu, hajaona jeraha.",other,tatoeba:swh
"Adui aangukapo, mnyanyue.",other,tatoeba:swh
Adui ya mtu ni mtu.,other,tatoeba:swh
Afadhali akutembeleaye kuliko akutumiaye salaam.,other,tatoeba:swh
Afadhali kuaibika kuliko kufa.,other,tatoeba:swh
Afadhali kufa kuliko kuaibika.,other,tatoeba:swh
Afadhali kuwa jirani wa mbuga kuliko kuwa jirani wa mwenye mdomo mrefu.,other,tatoeba:swh
"Afua ni mbili, kufa na kupona.",other,tatoeba:swh
Ahadi ni deni.,other,tatoeba:swh
"Aibu ya maiti, aijuaye mwosha.",other,tatoeba:swh
Ajali haina kinga.,other,tatoeba:swh
"Ajidhanie kasimama, aangalie asianguke.",other,tatoeba:swh
"Ajuaye mengi, hasemi mengi.",other,tatoeba:swh
Usinywe maji yaliyo bilaurini!,other,tatoeba:swh
kwamba ni kwa nini yeye alikuwa na hasira.,other,tatoeba:swh
"Hujambo, bwana? Habari gani za mchana?",other,tatoeba:swh
Habari za nyumbani?,other,tatoeba:swh
Mwanamume anakula mkate.,other,tatoeba:swh
Mvulana anakula mkate.,other,tatoeba:swh
Mimi si daktari.,other,tatoeba:swh
Niliandika kitabu kuhusu China.,other,tatoeba:swh
Yeye ni mwimbaji.,other,tatoeba:swh
Naweza kuzungumza lugha yako.,other,tatoeba:swh
Nina paka wawili.,other,tatoeba:swh
Nanywa maji jikoni.,other,tatoeba:swh
Emily aliandika sentensi.,other,tatoeba:swh
Kupigana kwa haki yako.,other,tatoeba:swh
Nini uraia wako?,other,tatoeba:swh
Habari za asubuhi?,other,tatoeba:swh
Habari za mchana?,other,tatoeba:swh
"Tafadhali, niletee mayai.",other,tatoeba:swh
"Je, unataka chakula?",other,tatoeba:swh
"Je, unataka mayai?",other,tatoeba:swh
"Je, unataka matunda?",other,tatoeba:swh
"Tafadhali, niletee matunda.",other,tatoeba:swh
"Tafadhali, niletee uji.",other,tatoeba:swh
Kuna chakula gani?,other,tatoeba:swh
"Je, unataka uji?",other,tatoeba:swh
Ndiyo. Niletee uji.,other,tatoeba:swh
Yeye amekwisha kunywa pombe.,other,tatoeba:swh
Wewe ni rafiki yangu.,other,tatoeba:swh
Ndege ni mwekundu.,other,tatoeba:swh
Yeye ni ndani ya nyumba hii.,other,tatoeba:swh
Mtu ni mwenye nguvu.,other,tatoeba:swh
Yeye ni mwalimu wangu.,other,tatoeba:swh
Melanie anapenda muziki.,other,tatoeba:swh
Yeye ni daktari.,other,tatoeba:swh
Naenda kwa miguu.,other,tatoeba:swh
Fedha zake ni katika benki.,other,tatoeba:swh
Jiwe ni zito.,other,tatoeba:swh
Jorge azungumza lugha nne.,other,tatoeba:swh
Msichana anataka kujua ukweli.,other,tatoeba:swh
Mtu anataka kujua ukweli.,other,tatoeba:swh
Mwanamke anataka kujua ukweli.,other,tatoeba:swh
Mvulana anataka kujua ukweli.,other,tatoeba:swh
Hakuna anayejua ukweli.,other,tatoeba:swh
Melanie si mpigaramli.,other,tatoeba:swh
Millie ananywa maji.,other,tatoeba:swh
Millie hanywi maji.,other,tatoeba:swh
Unaweza kusema ukweli.,other,tatoeba:swh
Huwezi kwenda huko.,other,tatoeba:swh
Pua aliimba kanisani.,other,tatoeba:swh
Mke wangu alikwenda shamba.,other,tatoeba:swh
Yeye ni mwanafunzi mzuri.,other,tatoeba:swh
Gari yao si jizuri.,other,tatoeba:swh
Yeye ni mwanamke mzuri.,other,tatoeba:swh
Farasi hii ni mweupe.,other,tatoeba:swh
Farasi hii si mweupe.,other,tatoeba:swh
Farasi si mweupe.,other,tatoeba:swh
Ninataka kunywa chai.,other,tatoeba:swh
"Je, unakula samaki?",other,tatoeba:swh
Farasi ni mweusi.,other,tatoeba:swh
"Je, wewe ni nyumbani?",other,tatoeba:swh
"Je, unaweza kutunza siri?",other,tatoeba:swh
"Je, una njaa?",other,tatoeba:swh
Usivute sigara kitandani.,other,tatoeba:swh
Millie anapenda chokoleti.,other,tatoeba:swh
Millie atatusema ukweli.,other,tatoeba:swh
Mtawala alikuwa na wana wasita.,other,tatoeba:swh
Kitabu changu ni hapa.,other,tatoeba:swh
Mtu alibisha mlango.,other,tatoeba:swh
Millie ni mzuri sana.,other,tatoeba:swh
Millie ana macho mazuri.,other,tatoeba:swh
Millie ana macho ya kijani.,other,tatoeba:swh
Millie ana macho ya bluu.,other,tatoeba:swh
Mungu aliumba dunia.,other,tatoeba:swh
Nina simu katika chumba changu.,other,tatoeba:swh
"Je, una wasiwasi?",other,tatoeba:swh
Ninajua kuwa alikuwa wa ajabu.,other,tatoeba:swh
Atapita mtihani kwa hakika.,other,tatoeba:swh
Millie anajifunza Kiswahili.,other,tatoeba:swh
Millie ana njaa.,other,tatoeba:swh
Wote tuliangalia saa yake.,other,tatoeba:swh
"Je, unakumbuka jina lake?",other,tatoeba:swh
Ni nyumba nzuri.,other,tatoeba:swh
Kalamu changu ni mpya.,other,tatoeba:swh
Millie anakwenda shule.,other,tatoeba:swh
Millie ana paka.,other,tatoeba:swh
Millie ana mbwa.,other,tatoeba:swh
Millie anakula mkate.,other,tatoeba:swh
Millie anasikiliza muziki.,other,tatoeba:swh
Nyinyi ni waalimu.,other,tatoeba:swh
Jina langu ni John.,other,tatoeba:swh
Wao ni wabaya.,other,tatoeba:swh
Pua anaimba kanisani.,other,tatoeba:swh
Tuko wapi sasa?,other,tatoeba:swh
Millie anakula ndizi.,other,tatoeba:swh
Ni kitabu kipya.,other,tatoeba:swh
Millie ana kitabu.,other,tatoeba:swh
Millie anasoma kitabu chake.,other,tatoeba:swh
Ninasoma kitabu changu.,other,tatoeba:swh
Ule ni mti.,other,tatoeba:swh
Ninaenda katika safari.,other,tatoeba:swh
"Je, kuna mashine ya kufulia nyumbani?",other,tatoeba:swh
Watoto ni maua ya maisha yetu.,other,tatoeba:swh
Wewe ni mzuri.,other,tatoeba:swh
Mimi ni nani?,other,tatoeba:swh
Mimi ni Mmarekani.,other,tatoeba:swh
Ni saa tisa.,other,tatoeba:swh
Mtu huyu ni nani?,other,tatoeba:swh
Sisi ni wanafunzi.,other,tatoeba:swh
Wewe ni nani?,other,tatoeba:swh
Nyinyi ni nani?,other,tatoeba:swh
Wewe ni mwanafunzi.,other,tatoeba:swh
Mbona unanywa maji?,other,tatoeba:swh
"Je, mna njaa?",other,tatoeba:swh
Una vitabu vingi.,other,tatoeba:swh
Mna vitabu vingi.,other,tatoeba:swh
"Je, ungependa kikombe kingine cha kahawa?",other,tatoeba:swh
Millie anakula tufaha.,other,tatoeba:swh
Millie hali tufaha.,other,tatoeba:swh
"Je, ana kompyuta npya?",other,tatoeba:swh
Ana maua mekundu.,other,tatoeba:swh
Msichana ana farasi nyeupe.,other,tatoeba:swh
Yeye hana bunduki.,other,tatoeba:swh
Huna macho ya kahawia.,other,tatoeba:swh
Ninapenda mwili wako.,other,tatoeba:swh
"Je, wasema Kijapani?",other,tatoeba:swh
Kitabu si kipya.,other,tatoeba:swh
Mvulana ana farasi.,other,tatoeba:swh
Ndugu yangu ana akaunti ya Twitter.,other,tatoeba:swh
Nina akaunti ya Twitter.,other,tatoeba:swh
Paka wako ni mweusi.,other,tatoeba:swh
Maktaba ni upande wa kulia.,other,tatoeba:swh
Maktaba ni upande wa kushoto.,other,tatoeba:swh
Ninataka kwenda uvuvi.,other,tatoeba:swh
Ulivunja meza uliyekuwa ukikaa.,other,tatoeba:swh
Wewe si mwanamke.,other,tatoeba:swh
Wewe si mtu.,other,tatoeba:swh
Kuna wanafunzi maktabani.,other,tatoeba:swh
Tunaweza kunywa nini?,other,tatoeba:swh
Hamisi anatumia sukari.,other,tatoeba:swh
Hamisi anataka sukari.,other,tatoeba:swh
Rafiki yangu anataka sukari.,other,tatoeba:swh
Rafiki yangu anataka maziwa.,other,tatoeba:swh
Rafiki yangu anatumia sukari.,other,tatoeba:swh
Watoto wanatumia sukari.,other,tatoeba:swh
Hamisi hapendi sukari.,other,tatoeba:swh
Hamisi hatumii sukari.,other,tatoeba:swh
Hamisi hatumii maziwa.,other,tatoeba:swh
Rafiki yangu hatumii maziwa.,other,tatoeba:swh
Rafiki yangu hatumii sukari.,other,tatoeba:swh
Rafiki yangu hapendi sukari.,other,tatoeba:swh
Nyinyi ni watoto.,other,tatoeba:swh
Wao ni watoto.,other,tatoeba:swh
Yeye si mtoto.,other,tatoeba:swh
Sitaki kwenda shule.,other,tatoeba:swh
Lugha ambayo inasemwa Brazil ni nini?,other,tatoeba:swh
"Je, una uhakika?",other,tatoeba:swh
Paka yetu ipo jikoni.,other,tatoeba:swh
Ninataka kuwa mchezaji.,other,tatoeba:swh
Tlaloc anapenda kusafiri.,other,tatoeba:swh
Yanipasa kukuambia kitu.,other,tatoeba:swh
Hii ni wiki yangu ya tatu.,other,tatoeba:swh
Anachemka mayai jikoni.,other,tatoeba:swh
Ni nyumba ya Anita.,other,tatoeba:swh
"Je, unajua mwanamke huyu?",other,tatoeba:swh
"Je, unajua wimbo huu?",other,tatoeba:swh
Kuna visiwa katika bahari.,other,tatoeba:swh
Samaki anaweza kuogelea.,other,tatoeba:swh
Kuna miji mingi mikubwa katika Brazil.,other,tatoeba:swh
"Lugha ya kirusi ni lugha ya kislavoni inayoongelewa kama lugha ya asili huko Urusi, Belarusi, Ukraine, Kazakhstan na Kyrgyzstan, na pia inatumika sana, ijapokuwa si kama lugha rasmi huko Latvia, Estonia na nchi nyingine nyingi zilizokuwa ni jamhuri katika Umoja wa Sovieti wa zamani.",other,tatoeba:swh
Si rahisi hivyo.,other,tatoeba:swh
"Kwa sasa, Burj Khalifa ni jengo refu zaidi duniani.",other,tatoeba:swh
Kwa heri ya kuonana!,other,tatoeba:swh
Leo ni jumapili.,other,tatoeba:swh
Mary yuko wapi?,other,tatoeba:swh
Tom yuko wapi?,other,tatoeba:swh
Viatu viko wapi?,other,tatoeba:swh
Tizama hii picha.,other,tatoeba:swh
Hii paka ni yangu.,other,tatoeba:swh
Jina lako ni nani?,other,tatoeba:swh
"Jambo, jina lako ni nani?",other,tatoeba:swh
Mimi ni mbaya sana.,other,tatoeba:swh
Vitabu viko wapi?,other,tatoeba:swh
Sentensi hizi zote zinahitaji kikomo.,other,tatoeba:swh
Una miaka mingapi?,other,tatoeba:swh
Ana miaka mingapi?,other,tatoeba:swh
Bendera hii ni nzuri sana.,other,tatoeba:swh
Kobe hana meno.,other,tatoeba:swh
Lugha zina maneno magumu.,other,tatoeba:swh
Angalikuwa na nafasi angalikwenda.,other,tatoeba:swh
Nilikula mayai jana.,other,tatoeba:swh
Maji ni uhai.,other,tatoeba:swh
Watoto wangu wanaishi katika New York.,other,tatoeba:swh
Nilisikia kwamba uliolewa.,other,tatoeba:swh
Nilisikia kwamba ulioa.,other,tatoeba:swh
Si ya maana.,other,tatoeba:swh
Tembo wanakula nyasi.,other,tatoeba:swh
"Niliamka nikazunguka mjini, barabarani na hata vichochoroni, nikimtafuta yule wangu wa moyo.",other,tatoeba:swh
Mtu atampenda mwana.,other,tatoeba:swh
Heri ya mwaka mpya!,other,tatoeba:swh
Nipe paspoti yako.,other,tatoeba:swh
Una mizigo zaidi?,other,tatoeba:swh
Saa ngapi ndege inaruka?,other,tatoeba:swh
Saa ngapi itabidi nifike kiwanjani?,other,tatoeba:swh
"Umechelewa, ndege imeshaondoka.",other,tatoeba:swh
Ni raha kubwa.,other,tatoeba:swh
Furaha ni yangu.,other,tatoeba:swh
Ni furaha yangu!,other,tatoeba:swh
"Jina langu ni Nuno kutoka Portugal, lakini ninaishi Rio.",other,tatoeba:swh
Jina langu ni Nuno kutoka Ureno lakini naishi Rio.,other,tatoeba:swh
"Je, wewe umetoka Uholanzi?",other,tatoeba:swh
"""Habari yako?"" ""Njema sana, nawe je?"" ""Mzuri sana, asante.""",other,tatoeba:swh
"Uko sawa?"" ""Ndio, niko sawa.""",other,tatoeba:swh
"""Ninaishi Urusi, wewe je?"" ""Ninaishi Ukraine.""",other,tatoeba:swh
"Natoka Brasil, wewe je?",other,tatoeba:swh
Mimi natoka Brazil na wewe?,other,tatoeba:swh
Asante kwa kuniuliza.,other,tatoeba:swh
Asante kwa kuuliza.,other,tatoeba:swh
"Uko sawa, Lucia?",other,tatoeba:swh
Kazi nzuri nyie.,other,tatoeba:swh
"Niko sawa, asante, na wewe?",other,tatoeba:swh
Habari za asubuhi watu!,other,tatoeba:swh
Huyu ni Julia.,other,tatoeba:swh
Ninaongea lugha kadhaa.,other,tatoeba:swh
Unaweza kuniita Bob.,other,tatoeba:swh
Ninaongea Kijerumani kidogo.,other,tatoeba:swh
Unaongea lugha gani?,other,tatoeba:swh
Unazungumza lugha Zipi?,other,tatoeba:swh
"Rick , jina langu la utani.",other,tatoeba:swh
Rick ni jina langu la utani.,other,tatoeba:swh
Jina langu la utani ni Ryck.,other,tatoeba:swh
Jina langu la utani ni Tom.,other,tatoeba:swh
Jina lako la utani ni lipi?,other,tatoeba:swh
"Ninaongea Kiyunani, nawe je?",other,tatoeba:swh
Sina jina la utani.,other,tatoeba:swh
Je! Unalo jina la utani?,other,tatoeba:swh
Niko na miaka thelathini sasa.,other,tatoeba:swh
Carlos ni Mhispania na mkewe ni Mjerumani.,other,tatoeba:swh
Mimi ni Mfaransa na yeye ni Mamerika.,other,tatoeba:swh
Yeye ni wa Argentina.,other,tatoeba:swh
Je! Wewe ni Mromania?,other,tatoeba:swh
Nina miaka kumi na sita.,other,tatoeba:swh
Nina umri wa miaka themanini.,other,tatoeba:swh
Nina umri wa miaka kumi na nne.,other,tatoeba:swh
Nina miaka kumi na nne.,other,tatoeba:swh
Nina miaka kumi na nane.,other,tatoeba:swh
Nina miaka 12.,other,tatoeba:swh
Nina umri wa miaka arobaini.,other,tatoeba:swh
Nina miaka 27.,other,tatoeba:swh
Una miaka ngapi Michele?,other,tatoeba:swh
Je! Kila kitu kiko wazi kwako?,other,tatoeba:swh
Agizo limepitwa na wakati.,other,tatoeba:swh
Tulikaa wazi hadi usiku wa manane.,other,tatoeba:swh
Je! Unapenda takwimu?,other,tatoeba:swh
Yeye ni mrefu.,other,tatoeba:swh
Andika namba kwa ukamilifu.,other,tatoeba:swh
Jina lako kamili ni nani?,other,tatoeba:swh
Unaweza kuniita chochote unachotaka.,other,tatoeba:swh
Unazungumza lugha ngapi?,other,tatoeba:swh
Anna anatoka Kusini mwa Ujerumani.,other,tatoeba:swh
Daima huenda pamoja naye.,other,tatoeba:swh
Anaongea lugha kadhaa.,other,tatoeba:swh
Kila wakati unanunua vitu vizuri.,other,tatoeba:swh
Kila wakati anaenda pamoja naye.,other,tatoeba:swh
Je! Ni mwezi upi unaopenda zaidi kwa mwaka na kwanini?,other,tatoeba:swh
Niambie kidogo kuhusu.,other,tatoeba:swh
Nina kaka mmoja na dada wawili.,other,tatoeba:swh
Ninapenda kutuma ujumbe,other,tatoeba:swh
Rangi ninayopenda zaidi ni machungwa.,other,tatoeba:swh
Anafundisha masomo ya Kifaransa.,other,tatoeba:swh
"Sichumbani, kwa bahati mbaya",other,tatoeba:swh
Ninapenda sana lugha.,other,tatoeba:swh
Nitaenda kupata mtoto wa mbwa.,other,tatoeba:swh
Niko nyumbani sasa.,other,tatoeba:swh
Tuko kwenye msimu wa baridi.,other,tatoeba:swh
Ni moto sana.,other,tatoeba:swh
Leo ni Jumamosi.,other,tatoeba:swh
Umri wako ni upi?,other,tatoeba:swh
Ana umri gani?,other,tatoeba:swh
Yeye ni msichana wa miaka kumi na mbili.,other,tatoeba:swh
Watu huniita Ryck.,other,tatoeba:swh
Je! Albania ni nchi halali?,other,tatoeba:swh
Nina paka mmoja.,other,tatoeba:swh
Ana paka mmoja mzuri.,other,tatoeba:swh
Je! Una jina la utani?,other,tatoeba:swh
"Unaishi Colombia, sawa?",other,tatoeba:swh
"Adelina anaongea Kiingereza, Kiromania, Kifaransa kidogo na Kireno.",other,tatoeba:swh
Siku yako ya kuzaliwa ni lini?,other,tatoeba:swh
"Nimefurahi kukutana nawe, Eunice.",other,tatoeba:swh
Tuko moja kwa moja kwenye Facebook!,other,tatoeba:swh
Yeye ni nani?,other,tatoeba:swh
Nina umri wa miaka 33.,other,tatoeba:swh
Anapenda sana maisha.,other,tatoeba:swh
Je! Unatoka hapa?,other,tatoeba:swh
Mae e'n byw yng Nghaerdydd.,other,tatoeba:cym
Dw i ddim yn hoffi coffi.,other,tatoeba:cym
Es i i'r siop.,other,tatoeba:cym
Dw i'n dod o Loegr.,other,tatoeba:cym
Dw i'n dy garu di.,other,tatoeba:cym
Mae'r car yn las.,other,tatoeba:cym
Ble mae'r llyfr?,other,tatoeba:cym
Dw i'n hoffi ieithoedd.,other,tatoeba:cym
Dw i'n gwybod.,other,tatoeba:cym
Ond fe gysgodd fel baban.,other,tatoeba:cym
Dyma eich allwedd.,other,tatoeba:cym
Mae annwyd arnaf i.,other,tatoeba:cym
Wyt ti'n hoffi te?,other,tatoeba:cym
Beth sydd fel arfer yn achosi'r boen?,other,tatoeba:cym
"Pwnc heddiw ydyw ""y broblem o bobol Siapanaidd sydd wedi cael eu herwgipio gan Ngogledd Corea"".",other,tatoeba:cym
Cafodd hi ei geni yn America.,other,tatoeba:cym
Mae e'n dod o Gymru.,other,tatoeba:cym
Mae e'n gwybod ble dyn ni'n byw.,other,tatoeba:cym
Pwy ydw i?,other,tatoeba:cym
Esgusodwch fi. Ydych chi'n siarad Saesneg?,other,tatoeba:cym
Faint yw hwn?,other,tatoeba:cym
Ble mae'r toiled?,other,tatoeba:cym
Mae fy hofrenfad yn llawn llyswennod.,other,tatoeba:cym
Tom ydy fy ffrind gorau.,other,tatoeba:cym
Mae llygaid du 'da fi.,other,tatoeba:cym
Wyt ti'n byw yn Nhokyo?,other,tatoeba:cym
Dych chi'n byw yn Nhokyo?,other,tatoeba:cym
Mae cath wen 'da fi.,other,tatoeba:cym
Mae Tom yn chwyrnu.,other,tatoeba:cym
Dw i'n hoffi cŵn.,other,tatoeba:cym
Dyn ni ym Mharis.,other,tatoeba:cym
Gaf i eistedd yma?,other,tatoeba:cym
Dw i'n hoffi tennis.,other,tatoeba:cym
Sut wyt ti?,other,tatoeba:cym
Sut dych chi?,other,tatoeba:cym
Dw i'n dod o'r Eidal a dw i'n siarad Eidaleg.,other,tatoeba:cym
Dw i'n dod o Awstralia.,other,tatoeba:cym
Dw i'n dod o Frasil.,other,tatoeba:cym
Dw i'n dod o Siapan.,other,tatoeba:cym
"Does dim arian 'da fi, ond breuddwydion 'da fi.",other,tatoeba:cym
Mae hi'n bwrw glaw.,other,tatoeba:cym
Mae hi'n bwrw cesair.,other,tatoeba:cym
Iaith hardd yw'r Gymraeg.,other,tatoeba:cym
Dw i wedi ennill y gêm.,other,tatoeba:cym
Dw i ddim yn teimlo'n dda.,other,tatoeba:cym
Dw i'n hen.,other,tatoeba:cym
Dw i'n caru Tatoeba.,other,tatoeba:cym
Dw i eisiau cysgu.,other,tatoeba:cym
Mae Tom yn dal.,other,tatoeba:cym
Mae Tom yn benfoel.,other,tatoeba:cym
Dw i'n gallu deall dy iaith di.,other,tatoeba:cym
Mae ci 'da fe.,other,tatoeba:cym
Mae e'n ei helpu hi.,other,tatoeba:cym
Mae car 'da fe.,other,tatoeba:cym
Arwr yw e.,other,tatoeba:cym
Bardd yw e.,other,tatoeba:cym
Carodd e hi.,other,tatoeba:cym
Mae e'n ei charu hi.,other,tatoeba:cym
Dw i'n gweithio.,other,tatoeba:cym
Dw i'n teimlo'n hapus.,other,tatoeba:cym
Mae llygad ddu 'da fi.,other,tatoeba:cym
Doedd bron ddim arian ar ôl.,other,tatoeba:cym
Dydy o ddim yn gallu cyfri.,other,tatoeba:cym
Doedd ddim digon o aur gyda nhw.,other,tatoeba:cym
Panda wyt ti.,other,tatoeba:cym
Mae fy marn i yn debyg i dy farn di.,other,tatoeba:cym
Mathemateg ydy ein gwers cyntaf ni.,other,tatoeba:cym
Mae hi'n bwyta ei chinio yn yr adref.,other,tatoeba:cym
Peidiwch â thaflu sbwriel fan yma.,other,tatoeba:cym
Peidiwch â chymryd ei hochr ef bob amser.,other,tatoeba:cym
Mae Tom yn wallgof dros Mary.,other,tatoeba:cym
Ble mae'r problem?,other,tatoeba:cym
"Yn sicr, mae'n mynd i bwrw glaw.",other,tatoeba:cym
Aeth Alice i'r gwely am ddeg o'r gloch.,other,tatoeba:cym
Dros fy nghrogi!,other,tatoeba:cym
Rwyt ti'n fy neall i.,other,tatoeba:cym
Dych chi'n fy neall i.,other,tatoeba:cym
Nid yw un iaith byth yn ddigon.,other,tatoeba:cym
Dw i methu aros yma heno.,other,tatoeba:cym
Gofynodd y dewin am wirfoddolwr o'r gynulleidfa.,other,tatoeba:cym
Wyt ti'n hoffi golff?,other,tatoeba:cym
Dydi hi ddim yn dda i orfwyta.,other,tatoeba:cym
Mae Tom yn casáu pawb.,other,tatoeba:cym
Mae hi'n braf iawn heddiw.,other,tatoeba:cym
Pa bryd wnawn ni ail-baentio ei hystafell hi?,other,tatoeba:cym
Doeddwn i ddim yn barod.,other,tatoeba:cym
"""Beth yw enw dy wraig?"" ""Dydw i ddim yn briod.""",other,tatoeba:cym
Cuddiodd y llwynog yn y goeden wag.,other,tatoeba:cym
Mae ganddo fab a dwy ferch.,other,tatoeba:cym
Mae'r ferch yn hoffi ceffylau.,other,tatoeba:cym
Mae Tocio yn ddinas enfawr.,other,tatoeba:cym
Rwyt ti'n ddynes.,other,tatoeba:cym
Mae o'n hunanol iawn.,other,tatoeba:cym
Dw i'n casáu'r byd oherwydd bod y byd yn fy nghasáu innau.,other,tatoeba:cym
Mae Tom wedi bod yn tyfu barf trwy'r haf.,other,tatoeba:cym
Roeddwn i'n ddyn cyfoethog.,other,tatoeba:cym
Prynais tair potel o win.,other,tatoeba:cym
Wyt ti erioed wedi bwyta cig morfil?,other,tatoeba:cym
Mi glywais i'r dail yn siffrwd.,other,tatoeba:cym
Mae gan y ddwy ferch llygaid gleision.,other,tatoeba:cym
Mae Tatoeba yn wefan gyfieithu.,other,tatoeba:cym
Cafodd ei fagu gan ei daid a'i nain.,other,tatoeba:cym
Creda Tom mewn tylwyth teg.,other,tatoeba:cym
Gwna beth sy'n iawn.,other,tatoeba:cym
Ble mae'r safle bws?,other,tatoeba:cym
Tybed beth ddigwyddodd iddo?,other,tatoeba:cym
Dydw i ddim eisiau brechdanau.,other,tatoeba:cym
Dydy Tom ddim yn deall Ffrangeg.,other,tatoeba:cym
Teimlas yn unig hebddi.,other,tatoeba:cym
Mae'r ci hwn yn rhedeg yn gyflym.,other,tatoeba:cym
Dw i angen nodiadur er mwyn ysgrifennu fy nodiadau.,other,tatoeba:cym
Paid â darllen fy nyddiadur.,other,tatoeba:cym
Peidiwch â darllen fy nyddiadur.,other,tatoeba:cym
Dydw i ddim yn gwybod ei rhif ffôn hi.,other,tatoeba:cym
"Er ei bod hi'n bwrw glaw, mi es i allan.",other,tatoeba:cym
Mae gen i ddau frawd ac un chwaer.,other,tatoeba:cym
Mi es i i'r parc gyda Mary ddoe.,other,tatoeba:cym
Mae o'n byw yn ei gar.,other,tatoeba:cym
Rwyt ti'n berffaith normal.,other,tatoeba:cym
Dw i'n berffeithydd.,other,tatoeba:cym
Mae fy mrawd yn cyrraedd bore 'fory.,other,tatoeba:cym
Dw i ddim yn hoffi dyddiau gwyntog.,other,tatoeba:cym
Mae hi'n saith o'r gloch.,other,tatoeba:cym
Roedd y tywysog ar goll yn y goedwig.,other,tatoeba:cym
Mae'n stori amwys.,other,tatoeba:cym
Mae o'n casáu Nancy.,other,tatoeba:cym
Mae'n rhaid i mi fynd rŵan.,other,tatoeba:cym
Mae o newydd gyrraedd.,other,tatoeba:cym
Mae'r trên yn gyflym iawn.,other,tatoeba:cym
Oes gen ti unrhyw lyfrau am Armenia?,other,tatoeba:cym
Oes gennych chi unrhyw lyfrau am Armenia?,other,tatoeba:cym
Tybed beth ddigwyddodd?,other,tatoeba:cym
Mae yna ddwy gath yn cysgu ar y gwely.,other,tatoeba:cym
Mae hanner yr afalau hyn wedi pydru.,other,tatoeba:cym
Wyt ti wir eisiau aros am Tom?,other,tatoeba:cym
Dw i'n hoffi darllen.,other,tatoeba:cym
Cyflwyna dy waith cartref ar ddydd Llun.,other,tatoeba:cym
Cyflwynwch eich gwaith cartref ar ddydd Llun.,other,tatoeba:cym
"Mae yna ddau sero yn y rhif ""2010"".",other,tatoeba:cym
Roedd hi'n niwlog iawn.,other,tatoeba:cym
Athrawes ydy hi.,other,tatoeba:cym
Mae hi'n athrawes.,other,tatoeba:cym
Rydym yn gwylio.,other,tatoeba:cym
Rhedodd yr arth ar fy ôl i.,other,tatoeba:cym
Mae o'n dalach na'i frawd.,other,tatoeba:cym
Mae'r glaw yn fy nilyn i bob man!,other,tatoeba:cym
Beth wyt ti'n ei wneud dydd Sul nesa'?,other,tatoeba:cym
"Yn ôl Meic, mi brynodd Mac gar newydd.",other,tatoeba:cym
Dw i'n gwerthfawrogi'r cyngor.,other,tatoeba:cym
"Mae'r Gymraeg, Cernyweg a'r Llydaweg oll yn perthyn yn agos i'w gilydd.",other,tatoeba:cym
Prynais gar yn Neri ddoe.,other,tatoeba:cym
Dw i'n dod adre.,other,tatoeba:cym
Myfyrwraig feddygol oedd hi.,other,tatoeba:cym
Roedd hi'n sefyll yng nghanol yr ystafell.,other,tatoeba:cym
Mae Tom yn swrth iawn.,other,tatoeba:cym
Dw i'n mynd i'r eglwys ar ddydd Sul.,other,tatoeba:cym
Mae hi wedi bod yn ddiwrnod da.,other,tatoeba:cym
Dw i'n heneiddio.,other,tatoeba:cym
Mae'r trên yn ddeng munud yn hwyr heddiw.,other,tatoeba:cym
Mae eu traed yn fudr.,other,tatoeba:cym
Mae'r cwmni eisiau cyflogi ugain o bobl.,other,tatoeba:cym
Mae hi wedi bod yn bwrw glaw yn ddi-stop am dri diwrnod.,other,tatoeba:cym
Wyt ti'n hoffi bwyd Japaneaidd?,other,tatoeba:cym
Pa bryd wyt ti'n mynd?,other,tatoeba:cym
Roedd yr ardd yn llawn o flodau melyn.,other,tatoeba:cym
Mae aros adre yn ddiflas.,other,tatoeba:cym
Wyt ti'n adnabod Mr. Bingley?,other,tatoeba:cym
Ydych chi'n adnabod Mr. Bingley?,other,tatoeba:cym
Pam wnest ti gadael dy swydd?,other,tatoeba:cym
"S'mae, fy enw i yw Pekka. Beth yw dy enw di?",other,tatoeba:cym
Dydw i ddim yn gwylio teledu.,other,tatoeba:cym
Mae gan gath gynffon a phedair coes.,other,tatoeba:cym
Mae traean yn llai na hanner.,other,tatoeba:cym
Ysgrifennodd Alexander frawddegau yn yr iaith Ferber.,other,tatoeba:cym
Arabeg yw fy mamiaith.,other,tatoeba:cym
A oes yna unrhyw draethau yn yr Almaen?,other,tatoeba:cym
A oes yna ddaeargrynfeydd yn yr Almaen?,other,tatoeba:cym
A oes yna orlifoedd yn yr Almaen?,other,tatoeba:cym
A oes yna sgorpionau yn yr Almaen?,other,tatoeba:cym
Wyt ti am dalu amdano?,other,tatoeba:cym
Mae Barack Obama yn Gristion.,other,tatoeba:cym
Mae marwolaeth yn barhaol.,other,tatoeba:cym
Wyt ti erioed wedi plannu coeden?,other,tatoeba:cym
Welaist ti ei hwyneb hi?,other,tatoeba:cym
Welaist ti ei wyneb o?,other,tatoeba:cym
Welaist ti eu wynebau?,other,tatoeba:cym
Ydy cathod yn breuddwydio?,other,tatoeba:cym
Ydy'r ddau ohonynt yn deall Siapaneg?,other,tatoeba:cym
Oes ganddyn nhw arian?,other,tatoeba:cym
Wyt ti dal yn ei garu o?,other,tatoeba:cym
Oes ganddo arian?,other,tatoeba:cym
Ydy o'n hoffi Siapan?,other,tatoeba:cym
Ydy cariad yn bodoli?,other,tatoeba:cym
Oes ganddi hi gariad?,other,tatoeba:cym
Ydy'r cloc yna yn gweithio?,other,tatoeba:cym
Ydy dy ffrind yn siarad Esperanto?,other,tatoeba:cym
Ydy dy gyfaill yn siarad Esperanto?,other,tatoeba:cym
Mae'n rhaid i mi brynu blodau i'm cariad.,other,tatoeba:cym
Mae'r ci yn cysgu yn y car.,other,tatoeba:cym
Mae yna gath ar y bwrdd.,other,tatoeba:cym
Roeddwn i'n darllen llyfr.,other,tatoeba:cym
Ble mae'r swyddfa bost?,other,tatoeba:cym
Wnest ti anghofio unrhyw beth?,other,tatoeba:cym
Mae Tom yn anorecsig.,other,tatoeba:cym
Mae ei theulu yn fawr iawn.,other,tatoeba:cym
Mae gen i syniad da.,other,tatoeba:cym
Dw i'n rhy fyr.,other,tatoeba:cym
Pa danlwybr sy'n mynd i ganol y dref?,other,tatoeba:cym
Mae'r dref yn enwog am ei hen gastell.,other,tatoeba:cym
Roedd y llyfr hwn yn hawdd.,other,tatoeba:cym
Mae gen i lawer o dir.,other,tatoeba:cym
Mae hadau grawnafal yn gymharol fawr.,other,tatoeba:cym
Mae Muiriel yn ugain mlwydd oed.,other,tatoeba:cym
Dw i'n hoffi bod gyda thi.,other,tatoeba:cym
Mi es i i'r gwely yn hwyr yn y nos.,other,tatoeba:cym
Peidiwch â dweud celwydd!,other,tatoeba:cym
Mae Tom yn chwarae ffrisbi.,other,tatoeba:cym
Dw i am gael rhywbeth i'w fwyta.,other,tatoeba:cym
Mae'n amlwg i bawb ei fod e mewn cariad.,other,tatoeba:cym
Dw i angen cael swydd.,other,tatoeba:cym
"Be' sy'n bod, cariad?",other,tatoeba:cym
Mae'n amhosib iddo rhoi'r gorau i ysmygu.,other,tatoeba:cym
Dw i wir angen siarad gyda thi.,other,tatoeba:cym
Mae'r llyfr hwn yn rhy ddrud i mi.,other,tatoeba:cym
Roedd gen i syniad gwych.,other,tatoeba:cym
Gad i mi wybod.,other,tatoeba:cym
Gadewch i mi wybod.,other,tatoeba:cym
Wyt ti wedi ymweld â sw yn dy wlad di?,other,tatoeba:cym
Mae'n rhaid i mi weld meddyg ar unwaith.,other,tatoeba:cym
Mae'r ieithydd yn eitha gyfarwydd â'r dafodiaith.,other,tatoeba:cym
Nid yw'r llyfr hwn am ieithyddiaeth.,other,tatoeba:cym
"Gall berson dwyieithog newid o un iaith i iaith arall yng nghanol frawddeg, ac mae'r cyfnewid-cod hwn yn bwnc astudio i ieithyddion.",other,tatoeba:cym
Ieithydd Americanaidd oedd Edward Sapir.,other,tatoeba:cym
Mae gen i'r ffliw a dw i wedi blino.,other,tatoeba:cym
Dwyt ti ddim i fod i ysmygu yma.,other,tatoeba:cym
Rydym ni am wahodd Tom a Mary i'n parti Nos Galan Gaeaf.,other,tatoeba:cym
Tywynna'r bryn gan liwiau hydrefol.,other,tatoeba:cym
Roedd hi'n noswaith hydrefol hyfryd.,other,tatoeba:cym
Mae'r hydref yma.,other,tatoeba:cym
Try'r mynydd i gyd yn goch yn yr hydref.,other,tatoeba:cym
Mae'r dail yn newid eu lliw yn yr hydref.,other,tatoeba:cym
"Yn yr hydref, syrth y dail o'r coed.",other,tatoeba:cym
Yr hydref yw'r tymor gorau ar gyfer darllen.,other,tatoeba:cym
Fel deilen yn yr hydrefwynt.,other,tatoeba:cym
Mae ganddo ddwylo esmwyth.,other,tatoeba:cym
Wyt ti'n siarad Saesneg?,other,tatoeba:cym
Mae gen i lyfr.,other,tatoeba:cym
Sut mae'r tywydd?,other,tatoeba:cym
Wyt ti'n hoffi astudio?,other,tatoeba:cym
Mae fy llygaid yn las.,other,tatoeba:cym
Mae'r tywydd yn braf heddiw.,other,tatoeba:cym
Mae'r bwrdd hwn yn lân.,other,tatoeba:cym
Llosgodd ei sigarét o dwll yn ei ffrog hi.,other,tatoeba:cym
Mae'r athro newydd yn y dosbarth.,other,tatoeba:cym
Mae'r athrawes newydd yn y dosbarth.,other,tatoeba:cym
Mae hi'n fyd creulon.,other,tatoeba:cym
Dw i'n hoffi bananas yn fwy nag afalau.,other,tatoeba:cym
Mi gaeodd o'r drws yn flin.,other,tatoeba:cym
"""Mae gen ti gyfnod canolbwyntio iâr."" ""Mae ieir yn blasus."" ""Fy mhwynt yn union.""",other,tatoeba:cym
"Ddoe, aeth fy chwaer i Kobe.",other,tatoeba:cym
Y broblem yw bod egni solar yn rhy ddrud.,other,tatoeba:cym
Mae'r bobl yn dioddef.,other,tatoeba:cym
Mi dreuliodd o lawer o'i amser yn darllen.,other,tatoeba:cym
Gest ti amser da ddoe?,other,tatoeba:cym
Heddiw yw dydd Gwener.,other,tatoeba:cym
Mae Tom a Mary yn chwarae Cluedo gyda'u ffrindiau.,other,tatoeba:cym
Mae'r myfyrwyr yn gwirioni at yr athro Saesneg newydd.,other,tatoeba:cym
Mae'r myfyrwyr yn gwirioni at yr athrawes Saesneg newydd.,other,tatoeba:cym
Does dim rhaid i Tom ymddiheuro i Mary.,other,tatoeba:cym
Pa fathau o frechdanau sydd gennych?,other,tatoeba:cym
Pa fathau o frechdanau sydd gennyt ti?,other,tatoeba:cym
"Mae o'n sgrechian, nid canu.",other,tatoeba:cym
Mae o'n ddigon hen i fynd i'r ysgol.,other,tatoeba:cym
Beth ydy Tom yn darllen?,other,tatoeba:cym
Mae o'n gweithio oriau hir.,other,tatoeba:cym
"Os wyt ti eisiau rhedeg, yna rheda.",other,tatoeba:cym
Graddiais o brifysgol eleni.,other,tatoeba:cym
Sul y mamau hapus!,other,tatoeba:cym
Ble mae'r banc agosaf?,other,tatoeba:cym
Rwy'n gweithio mewn banc.,other,tatoeba:cym
Paid eistedd ar y bench na.,other,tatoeba:cym
Dyma fy nghyfrinach i. Mae hi'n syml iawn. Dim ond efo'r galon mae gweld yn iawn. Mae'r hyn sy'n bwysig anweledig i'r llygad.,other,tatoeba:cym
Dw i'n mynd i ddysgu almanaeg.,other,tatoeba:cym
Ydych chi'n siarad Saesneg?,other,tatoeba:cym
"Ein Tad yn y nefoedd, sancteiddier dy enw; deled dy deyrnas; gwneler dy ewyllys, ar y ddaear fel yn y nef. Dyro inni heddiw ein bara beunyddiol, a maddau inni ein troseddau, fel yr ym ni wedi maddau i'r rhai a droseddodd yn ein herbyn; a phaid â'n dwyn i brawf, ond gwared ni rhag yr Un drwg.",other,tatoeba:cym
Rhaid i chi ateb y cwestiwn.,other,tatoeba:cym
Mae e'n gallu darllen yn dda.,other,tatoeba:cym
Dydy Ellen ddim yn gallu siarad Cymraeg.,other,tatoeba:cym
Mae Tom yn siarad.,other,tatoeba:cym
Does dim cath gyda fi.,other,tatoeba:cym
Oes ci gyda fe?,other,tatoeba:cym
Oes ci gyda hi?,other,tatoeba:cym
Dych chi'n siarad.,other,tatoeba:cym
Wyt ti'n siarad.,other,tatoeba:cym
Dw i'n nofio yn y cefnfor.,other,tatoeba:cym
Mae'r nos yn dywyll.,other,tatoeba:cym
Mae'r coffi yn oer.,other,tatoeba:cym
Mae'r dŵr yn poeth.,other,tatoeba:cym
Mae'r dŵr yn lân.,other,tatoeba:cym
Mae'r tŷ yn mawr.,other,tatoeba:cym
Mae'r dyn yn tal.,other,tatoeba:cym
Mae gen i ddwy gath.,other,tatoeba:cym
"Pan ydw i'n rhoi bwyd i'r tlodion, 'dw i'n cael 'ngalw i'n saint. Pan ydw i'n gofyn pam nag oes bwyd gyda'r tlodion, 'dw y'n cael 'ngalw i'n gomiwnydd.",other,tatoeba:cym
Gwelon nhw gath yn yr ardd.,other,tatoeba:cym
Gwelodd y ddraig hi.,other,tatoeba:cym
Cerddon nhw adre.,other,tatoeba:cym
Hoffwn i ymgeisio am y swydd honno.,other,tatoeba:cym
Mi brynais i docyn.,other,tatoeba:cym
Ni chafodd e ginio.,other,tatoeba:cym
Phryna i mo'r car yfory.,other,tatoeba:cym
Roedd yr afal yn flasus.,other,tatoeba:cym
Diflanodd yr hwyaden.,other,tatoeba:cym
Dw i'n casáu'r bwyd yn y ffreutur.,other,tatoeba:cym
Mae'r plant wedi anghofio eu gwaith cartref.,other,tatoeba:cym
Mae hi fan hyn.,other,tatoeba:cym
Mae hi'n darllen.,other,tatoeba:cym
Mae'r dyn yn cryf.,other,tatoeba:cym
Mae hi'n cantores.,other,tatoeba:cym
Mae gen i frawd hŷn.,other,tatoeba:cym
Mae'n braf cwrdd â chi.,other,tatoeba:cym
Rydw i'n bwyta.,other,tatoeba:cym
Rydw i'n bwyta reis nawr.,other,tatoeba:cym
Rydw i'n bwyta cinio.,other,tatoeba:cym
Rydw i'n bwyta yma.,other,tatoeba:cym
Maen nhw'n darllen llyfr.,other,tatoeba:cym
Gyda pha stryd y dylem ddechrau?,other,tatoeba:cym
Sasha yw fy enw i.,other,tatoeba:cym
'Rydyn ni'n hapus.,other,tatoeba:cym
Paid ag ysmygu yn y gwely!,other,tatoeba:cym
Ble mae'i thŷ?,other,tatoeba:cym
'Rwy'n byw yn Hyogo.,other,tatoeba:cym
Nid yw ef yn ein hoffi.,other,tatoeba:cym
Llyfr newydd yw'r llyfr hwnnw.,other,tatoeba:cym
Wyt ti'n byw yma?,other,tatoeba:cym
Nid oes cwrw yma.,other,tatoeba:cym
'Rwyf tu ôl iddo.,other,tatoeba:cym
Mae'r bachgen yn bwyta bara.,other,tatoeba:cym
Mae gennyf lyfr.,other,tatoeba:cym
Ble mae'i dŷ?,other,tatoeba:cym
Mae'n rhaid i mi ysgrifennu llythyr.,other,tatoeba:cym
Bob wythnos yr â i bysgota.,other,tatoeba:cym
Merch deg yw Laurie.,other,tatoeba:cym
Mae gennyf gerdyn gredid.,other,tatoeba:cym
Mae gennych lawer o lyfrau.,other,tatoeba:cym
Bydd hi'n gweithio.,other,tatoeba:cym
Byddent yn dod o hyd inni.,other,tatoeba:cym
Mae Tom wedi mynd i'r gwely.,other,tatoeba:cym
Rydw i'n yfed llaeth.,other,tatoeba:cym
Mae ganddi blodau coch.,other,tatoeba:cym
Rwyt ti'n mynd i'r ysgol.,other,tatoeba:cym
Mae hi'n mynd i'r ysgol.,other,tatoeba:cym
"Coffi, ys gwelwch yn dda.",other,tatoeba:cym
'Dwi yn y tŷ.,other,tatoeba:cym
Mae Ken yn hapus.,other,tatoeba:cym
Dw i'n hoffi siarad Cymraeg.,other,tatoeba:cym
Dw i'n hoffi coffi.,other,tatoeba:cym
"Dim problem, wrth cwrs, os chi'n mynd",other,tatoeba:cym
Does gen i ddim amser.,other,tatoeba:cym
Does gen i ddim arian.,other,tatoeba:cym
Dw i'n hoffi Hokkaido.,other,tatoeba:cym
Fy enw I yw Jack.,other,tatoeba:cym
Mae 'na ynysoedd yn y môr.,other,tatoeba:cym
Dw i'n trio dysgu Saesneg.,other,tatoeba:cym
Dw i'n chwarae yn yr ardd.,other,tatoeba:cym
Rwyt ti'n chwarae yn yr ardd.,other,tatoeba:cym
Dych chi'n chwarae yn yr ardd.,other,tatoeba:cym
Mae e'n chwarae yn yr ardd.,other,tatoeba:cym
Mae hi'n chwarae yn yr ardd.,other,tatoeba:cym
Dyn ni'n chwarae yn yr ardd.,other,tatoeba:cym
Maen nhw'n chwarae yn yr ardd.,other,tatoeba:cym
Dw i'n dysgu cerddoriaeth.,other,tatoeba:cym
Mae'r pysgod yn byw yn y môr.,other,tatoeba:cym
Mae'r ty yn fach,other,tatoeba:cym
I ble mae Tom yn mynd?,other,tatoeba:cym
Pwy sy'n mynd i'r farchnad?,other,tatoeba:cym
Be' sy'n bod gyda Tom?,other,tatoeba:cym
Beth mae Tom yn gwneud?,other,tatoeba:cym
Beth ydy Tom?,other,tatoeba:cym
Pwy ydy Tom?,other,tatoeba:cym
Cwestiwn: Ai gi neu gath yw Cwci? Ateb: Un o rhein.,other,tatoeba:cym
Dwi byth yn codi cyn saith.,other,tatoeba:cym
Nid Tom ydw i.,other,tatoeba:cym
Mae'r gwr yn yfed dwr.,other,tatoeba:cym
Ddoe oedd o.,other,tatoeba:cym
Paid â phoeni.,other,tatoeba:cym
"Ar hyn o bryd, Burj Khalifa yw'r nendwr uchaf yn y byd.",other,tatoeba:cym
Dw i ddim yn deall.,other,tatoeba:cym
Mae un o gŵn fy ffrind yn dew.,other,tatoeba:cym
Mae swydd arall gen i.,other,tatoeba:cym
Ces i swydd arall.,other,tatoeba:cym
Ddyweda i byth wrth neb pwy wyt ti mewn gwirionedd.,other,tatoeba:cym
Mae llyfr gen i.,other,tatoeba:cym
Mae rhaffau yn amgylchu'r lle.,other,tatoeba:cym
Mae fy chwaer yn hoffi dawnsio.,other,tatoeba:cym
Mae'r te yn rhy oer.,other,tatoeba:cym
Dw i'n gweithio bob dydd ond Dydd Sul.,other,tatoeba:cym
Dw i'n Wyddel.,other,tatoeba:cym
Sgen i ddim waith heddiw.,other,tatoeba:cym
Mae o'n medru gweld drwy gefn ei phen.,other,tatoeba:cym
Mae'r ci yn ddu.,other,tatoeba:cym
"Laboremo igis Jack tio, kio li estas.",other,tatoeba:epo
Laborema homo havos sukceson en la vivo.,other,tatoeba:epo
"Oni ne povas esti sukcesa, se oni ne estas laborema.",other,tatoeba:epo
"Li malsukcesos en sia nova projekto, krom se li estos laborema.",other,tatoeba:epo
Oni ne povas esti sukcesa se oni ne multe laboras.,other,tatoeba:epo
Laboremo estis la ĉefa faktoro de lia nekredebla sukceso.,other,tatoeba:epo
La fajro ekbrulis.,other,tatoeba:epo
"Pardonu, permesu al mi indiki tri erarojn en la supra artikolo.",other,tatoeba:epo
Ĉu vi entute aŭskultas min?,other,tatoeba:epo
"Ĉiuj homoj estas denaske liberaj kaj egalaj laŭ digno kaj rajtoj. Ili posedas racion kaj konsciencon, kaj devus konduti unu al alia en spirito de frateco.",other,tatoeba:epo
Neniu komprenas min.,other,tatoeba:epo
Tio ŝanĝos nenion.,other,tatoeba:epo
Mi ne komprenas.,other,tatoeba:epo
Mi ne malgajnos!,other,tatoeba:epo
Ne forgesu nin!,other,tatoeba:epo
Mi ne plu volas tion.,other,tatoeba:epo
Kiom for estas la flughaveno?,other,tatoeba:epo
Ni ne povas dormi pro la bruo.,other,tatoeba:epo
Kiom longe daŭras la vojaĝo per la flughavena buso al la flughaveno?,other,tatoeba:epo
Mi ŝatus rezervi ĉambron en hotelo.,other,tatoeba:epo
Al la hotelo Hilton bonvolu.,other,tatoeba:epo
Kie ekas la flughavenaj busoj?,other,tatoeba:epo
Kiu estas via sangogrupo?,other,tatoeba:epo
Mi ŝatus havi tason da kafo.,other,tatoeba:epo
Bonvolu doni al mi glason da akvo.,other,tatoeba:epo
Ĝi helpis min multege.,other,tatoeba:epo
La filmo daŭris du horojn.,other,tatoeba:epo
"Mi scivolis, kial homoj fikse rigardis min.",other,tatoeba:epo
Mi revenis! Ho? Ĉu ni havas gaston?,other,tatoeba:epo
La demando jenas.,other,tatoeba:epo
Tio tro multekostas!,other,tatoeba:epo
Tio estas surprizo.,other,tatoeba:epo
Tio ne gravas.,other,tatoeba:epo
Ne forgesu la bileton.,other,tatoeba:epo
Mi ĝojas revidi vin.,other,tatoeba:epo
Mi ne scias.,other,tatoeba:epo
Mi veturigos vin al la flughaveno.,other,tatoeba:epo
Ho! Montru ĝin al mi bonvole.,other,tatoeba:epo
Bonvolu pardoni min.,other,tatoeba:epo
Tio estas nur via imago.,other,tatoeba:epo
Tio estas plezuro por ni.,other,tatoeba:epo
Ĉu vi memoras?,other,tatoeba:epo
Kion mi kunportu?,other,tatoeba:epo
Mi hontas pri mi mem.,other,tatoeba:epo
Prenu taksion al la hotelo.,other,tatoeba:epo
Ĝi estas novega.,other,tatoeba:epo
Ekzistas multaj hoteloj en la urbocentro.,other,tatoeba:epo
Portu ĝin al mi.,other,tatoeba:epo
Ne forgesu sendi la leteron.,other,tatoeba:epo
"Mi memoras, ke mi spektis la filmon.",other,tatoeba:epo
"Mi ja esperas, ke vi venos denove.",other,tatoeba:epo
Bonvolu reskribi baldaŭ.,other,tatoeba:epo
"Ni esperas, ke vi ĝuos la montraĵon.",other,tatoeba:epo
"Ne. Mi pardonpetas, mi devas reveni frue.",other,tatoeba:epo
Ĉi tiu pomo estas tre ruĝa.,other,tatoeba:epo
"Tiu gitaro estas tiom multekosta, ke mi ne povas aĉeti ĝin.",other,tatoeba:epo
Mi montros kelkajn fotojn al vi.,other,tatoeba:epo
Nun mi memoras.,other,tatoeba:epo
Ĝi estas tiu de mia frato.,other,tatoeba:epo
Mi ne parolas la japanan.,other,tatoeba:epo
Mi amas vin!,other,tatoeba:epo
"Aĥ, kiam ili renkontiĝos denove?",other,tatoeba:epo
Respondu la demandon.,other,tatoeba:epo
Mi havas demandon.,other,tatoeba:epo
Mi devos retelefoni vin.,other,tatoeba:epo
Ne rigardu malantaŭen.,other,tatoeba:epo
Estas varmege hodiaŭ.,other,tatoeba:epo
Mi memoras la unuan fojon.,other,tatoeba:epo
Kutime mi lavas la telerojn.,other,tatoeba:epo
Kunportu viajn infanojn.,other,tatoeba:epo
Mi montros la urbon al vi.,other,tatoeba:epo
"Ne forgesu, ke ni havas hejmtaskojn.",other,tatoeba:epo
Ĉu vi memoras min?,other,tatoeba:epo
Mi ne reiros tien.,other,tatoeba:epo
Mi estas en la flughaveno nun.,other,tatoeba:epo
Gepatroj amas siajn gefilojn.,other,tatoeba:epo
Malŝaltu la lumon. Mi ne povas ekdormi.,other,tatoeba:epo
Ŝaltu la lumon. Mi ne povas vidi ion ajn.,other,tatoeba:epo
Ĉu vi povus retelefoni pli malfrue?,other,tatoeba:epo
La vivo belas.,other,tatoeba:epo
Mi ne ŝatas lerni malregulajn verbojn.,other,tatoeba:epo
"La kalkulon, bonvolu.",other,tatoeba:epo
"Kiam mi estis infano, mi pasigis multajn horojn legante sola en mia ĉambro.",other,tatoeba:epo
Prenu libron kaj legu ĝin!,other,tatoeba:epo
Mi havas kapdoloron.,other,tatoeba:epo
Mi devas enlitiĝi.,other,tatoeba:epo
Li saltis el la fenestro.,other,tatoeba:epo
"Ŝajnas, ke la trajno malfruas.",other,tatoeba:epo
"Dankon, tio estas ĉio.",other,tatoeba:epo
"Li diris al mi, ke li iros al Venecio.",other,tatoeba:epo
La filmo komenciĝis je la 2a.,other,tatoeba:epo
Ĉiun matenon mi iras aĉetumi.,other,tatoeba:epo
"Kiel oni literumas ""pretty""?",other,tatoeba:epo
Ĉu vi havas kondomon?,other,tatoeba:epo
Kiom kostas tio?,other,tatoeba:epo
Ĉu vi volas danci kun mi?,other,tatoeba:epo
Mi iros aŭte.,other,tatoeba:epo
Kial vi demandas?,other,tatoeba:epo
"Feliĉan naskiĝtagon, Muiriel!",other,tatoeba:epo
Mi ne havas multe da mono.,other,tatoeba:epo
Mi ankoraŭ ne skribas bone la ĉinan.,other,tatoeba:epo
Kioma horo estas?,other,tatoeba:epo
Kie estas la enirejo en la muzeon?,other,tatoeba:epo
Li parolas ankaŭ en la franca.,other,tatoeba:epo
Mi ne povas paroli kun homoj.,other,tatoeba:epo
Ŝi memoras la aŭton de sinjoro Black.,other,tatoeba:epo
Kiam vi intencas ĉesi fumi?,other,tatoeba:epo
Ĉi tiu libro ne estas tiel facila kiel tiu.,other,tatoeba:epo
Ĉi tiu kuko estas dolĉa.,other,tatoeba:epo
"Vian kreditkarton, mi petas.",other,tatoeba:epo
"Mi ne scias, ĉu li venos aŭ ne.",other,tatoeba:epo
Mi ŝatas ludi tenison.,other,tatoeba:epo
Ni ne rajtas paroli en la biblioteko.,other,tatoeba:epo
"Bedaŭrinde, via projekto estas tro multekosta por povi ĝin enkonduki.",other,tatoeba:epo
Prefere ni ne ŝanĝu la planojn.,other,tatoeba:epo
Junaj japanoj ŝatas rok-muzikon kaj ĵazon.,other,tatoeba:epo
Mi scias nenion pri Japanio.,other,tatoeba:epo
Parolas Tom. Mi volus paroli kun Anna.,other,tatoeba:epo
Li montris al mi albumon.,other,tatoeba:epo
Ĉi tie oni ne parolas angle.,other,tatoeba:epo
"Mi estas ĉi tie, do ne zorgu.",other,tatoeba:epo
Kiu diris al vi pri tio?,other,tatoeba:epo
Mi malfermis la skatolon - ĝi estis malplena.,other,tatoeba:epo
Ĉu mi devas klarigi al li la kialojn?,other,tatoeba:epo
Mi parolas france ne malpli bone ol ŝi.,other,tatoeba:epo
Mi parolas france same bone kiel ŝi.,other,tatoeba:epo
"Mi supozas, ke vi ŝatas lin.",other,tatoeba:epo
Estis du kukoj.,other,tatoeba:epo
"Mi mensogis, pardonu al mi.",other,tatoeba:epo
Ŝi dormas sur du kusenoj.,other,tatoeba:epo
Ni iru ludi basbalon!,other,tatoeba:epo
"Se vi ne manĝas, vi mortas.",other,tatoeba:epo
Li fintrinkis bieron kaj mendis sekvan.,other,tatoeba:epo
Tom finfine ĉesis pri fumado.,other,tatoeba:epo
Mi volus telefoni al la gepatroj.,other,tatoeba:epo
Li klarigis la ĉefan celon de la plano.,other,tatoeba:epo
Ĉu vi lernas la anglan ĉiutage?,other,tatoeba:epo
"Iuj homoj ŝatas someron, kaj la aliaj ŝatas vintron.",other,tatoeba:epo
Mi ĵus finis mian hejmtaskon.,other,tatoeba:epo
Li rapide alkutimiĝis al malvarma klimato.,other,tatoeba:epo
Li estas respektata de ĉiuj.,other,tatoeba:epo
Ŝi montris al mi sian novan aŭton.,other,tatoeba:epo
Vi povas atendi min morgaŭ.,other,tatoeba:epo
"La ruĝa lumo signifas ""haltu"".",other,tatoeba:epo
Ni devas respekti lokajn morojn.,other,tatoeba:epo
La homa korpo konsistas el nekalkuleblaj ĉeloj.,other,tatoeba:epo
Li eble venos.,other,tatoeba:epo
La instruisto substrekadis gravecon de ĉiutagaj ekzercoj.,other,tatoeba:epo
Helpu al mi.,other,tatoeba:epo
Mi apartenas al neniu klubo.,other,tatoeba:epo
Spektado de sovaĝaj birdoj estas bona ludo.,other,tatoeba:epo
Ĉu vi jam legis ĉi tiun libron?,other,tatoeba:epo
Usono konsistas el 50 ŝtatoj.,other,tatoeba:epo
Sinjorino West preparas matenmanĝon.,other,tatoeba:epo
La patro malpermesis al mi legi librojn en lito.,other,tatoeba:epo
Kiu prizorgis la hundon kiam vi ne ĉeestis?,other,tatoeba:epo
Ili ambaŭ estas bonaj instruistoj.,other,tatoeba:epo
Li tute ne timas serpentojn.,other,tatoeba:epo
"Kiel kutime, kamparanoj estis okupitaj pri dissemado.",other,tatoeba:epo
Hodiaŭ ni havis ekzamenon pri matematiko.,other,tatoeba:epo
"Mi hastis, do mi devis preni taksion.",other,tatoeba:epo
Mi ŝatas aranĝon de mebloj en ĉi tiu ĉambro.,other,tatoeba:epo
Shitennoji estas la plej malnova templo en Japanio.,other,tatoeba:epo
Li mortis pro pulmo-kancero.,other,tatoeba:epo
Venu al mi kiam vi volos.,other,tatoeba:epo
Onidire Nancy estas tre bela.,other,tatoeba:epo
Ĉu vi perdiĝis?,other,tatoeba:epo
Oni trovas legadon de bildstrioj infaneca distraĵo.,other,tatoeba:epo
Ŝi uzadas la nomon Yotchan.,other,tatoeba:epo
Mia filo scipovas jam nombri ĝis cent.,other,tatoeba:epo
La tuta sumo estas proksimume 10 mil dolaroj.,other,tatoeba:epo
Ĉu ĝi estas kato?,other,tatoeba:epo
Multaj junaj vilaĝanoj deziras loĝi en urbo.,other,tatoeba:epo
Ni iru spekti televidon.,other,tatoeba:epo
Mi havas stultan demandon.,other,tatoeba:epo
Mi estis sola en la klasĉambro.,other,tatoeba:epo
Bill estis en Japanio.,other,tatoeba:epo
Prezidantoj de usonaj firmaoj gajnas kelkoble pli ol iliaj japanaj kolegoj.,other,tatoeba:epo
Ĉu floroj interesas vin?,other,tatoeba:epo
Mi elspezis 3 mil enojn por nova lumdisko.,other,tatoeba:epo
Ĉu morgaŭ vi havos tempon?,other,tatoeba:epo
"Mi estas surprizita, ke ŝi faris ion tian.",other,tatoeba:epo
La arboj jam perdis siajn foliojn.,other,tatoeba:epo
Ĉi tie ĉio estas en ordo.,other,tatoeba:epo
Li estis tute ebria.,other,tatoeba:epo
"Mi parolas ne al vi, sed al la simio.",other,tatoeba:epo
Nemultaj studentoj konis lian nomon.,other,tatoeba:epo
Ŝi vekiĝis per si mem.,other,tatoeba:epo
"Kantu ion, mi petas.",other,tatoeba:epo
Faru tion ankoraŭ foje.,other,tatoeba:epo
Liaj vortoj surprizis min.,other,tatoeba:epo
Restu kun ni.,other,tatoeba:epo
Granda besto fuĝis el la bestoĝardeno.,other,tatoeba:epo
Mi vidis lin kuranta.,other,tatoeba:epo
En la kunveno estis nur ses personoj.,other,tatoeba:epo
Maljunulo ripozis sub arbo.,other,tatoeba:epo
"La lago Biwa estis videbla el la loko, en kiu ni staris.",other,tatoeba:epo
Ĉu mi povas eniri?,other,tatoeba:epo
Mi ne povas ion kontraŭdiri.,other,tatoeba:epo
Kiom kostis ĉi tiuj okulvitroj?,other,tatoeba:epo
Li havas eksterlandan aŭton.,other,tatoeba:epo
Ekde mateno mi tralegis tri librojn.,other,tatoeba:epo
La plejparto de la svisoj parolas du aŭ tri lingvojn.,other,tatoeba:epo
Mi ekkonis ŝin en Francio.,other,tatoeba:epo
Japanio eluzas amason da papero.,other,tatoeba:epo
Japanio estas industria lando.,other,tatoeba:epo
Ĉinio estas multe pli granda ol Japanio.,other,tatoeba:epo
Japanio eksportas multajn aŭtojn eksterlanden.,other,tatoeba:epo
Japanio estas belega lando.,other,tatoeba:epo
Azianoj devas kunlabori.,other,tatoeba:epo
Mi interesiĝas pri la historio de Azio.,other,tatoeba:epo
Azio estas multe pli granda ol Aŭstralio.,other,tatoeba:epo
"Iuj studentoj estis el Azio, kaj la aliaj el Eŭropo.",other,tatoeba:epo
Li estas bona homo.,other,tatoeba:epo
"Iam oni opiniis, ke homo ne kapablas flugi.",other,tatoeba:epo
Li estas tre talenta homo.,other,tatoeba:epo
Li estas sankta homo.,other,tatoeba:epo
"La homo estas la sola besto, kiu uzas fajron.",other,tatoeba:epo
Tiu homo regis la landon dum kvindek jaroj.,other,tatoeba:epo
Homo devas labori.,other,tatoeba:epo
Tiu juna homo nemulte scias pri sia lando.,other,tatoeba:epo
Li donis libron al ŝi.,other,tatoeba:epo
Ĉiuj studentoj protestis kontraŭ la milito.,other,tatoeba:epo
"Kiam vi forveturos, vi mankos al mi.",other,tatoeba:epo
Pri kio vi interesiĝas?,other,tatoeba:epo
En la ĝardeno estis neniu.,other,tatoeba:epo
Ja estis farenda hejmtasko.,other,tatoeba:epo
Mi respondecas pri tiu ĉi eraro.,other,tatoeba:epo
Ambaŭ liaj fratinoj estas belegaj.,other,tatoeba:epo
Mi devas trovi lin.,other,tatoeba:epo
Mi devas trovi ĝin.,other,tatoeba:epo
Finfine Jane tion ne aĉetis.,other,tatoeba:epo
Li ĵus revenis.,other,tatoeba:epo
"Mi volus skribi centojn da frazoj ĉe Tatoeba, sed mi havas aliajn farendaĵojn.",other,tatoeba:epo
Li foriris por promeni kun ŝi hodiaŭ matene.,other,tatoeba:epo
Mi volus esti Picasso.,other,tatoeba:epo
Mia plej ŝatata koloro estas la ruĝa.,other,tatoeba:epo
Maljunulo sidis apud mi en buso.,other,tatoeba:epo
Tiutempe ŝi estis studentino ĉe la universitato Yale.,other,tatoeba:epo
Li kapablas tranaĝi unu mejlon.,other,tatoeba:epo
Fiziko tute ne interesas min.,other,tatoeba:epo
Mi ne kapablas priskribi miajn sentojn.,other,tatoeba:epo
Hieraŭ mi aĉetis ruĝan aŭton.,other,tatoeba:epo
Pro ŝtormo la aviadilo ne povis ekflugi.,other,tatoeba:epo
Mi ofte pensas pri mia mortinta patrino.,other,tatoeba:epo
La greka estas malfacila lingvo.,other,tatoeba:epo
Vi ambaŭ eraras - vi kaj via frato.,other,tatoeba:epo
Jen la plej bona restoracio kun marfruktoj en la tuta kvartalo.,other,tatoeba:epo
Kiel vi sentas vin hodiaŭ?,other,tatoeba:epo
Kiom da loĝantoj havas ĉi tiu urbo?,other,tatoeba:epo
Kie estas dentopasto?,other,tatoeba:epo
Li publike insultis min.,other,tatoeba:epo
En ĉi tiu hotelo estas hejmeca etoso.,other,tatoeba:epo
Li estis eksterordinare afabla rilate al mi.,other,tatoeba:epo
Tabulo ne devas nepre esti nigra.,other,tatoeba:epo
Ni konas lin.,other,tatoeba:epo
La floroj ĝojigis ŝin.,other,tatoeba:epo
Li studis eksterlande.,other,tatoeba:epo
Mi tuj alportos la kvitancon.,other,tatoeba:epo
Cathy ŝajne ŝatas muzikon.,other,tatoeba:epo
Ŝi havas malmultajn geamikojn.,other,tatoeba:epo
Justeco estas multekosta.,other,tatoeba:epo
En kiu lingvo oni parolas en via lando?,other,tatoeba:epo
Tony parolas angle pli bone ol mi.,other,tatoeba:epo
Ŝi fianĉiniĝis al riĉulo.,other,tatoeba:epo
Ne ekzistas esceptoj al tiu ĉi regulo.,other,tatoeba:epo
Hieraŭ oni ŝtelis de mi monon.,other,tatoeba:epo
Ĉe mi ĉio en ordo.,other,tatoeba:epo
Li estas en Tokio.,other,tatoeba:epo
Italio estas belega lando.,other,tatoeba:epo
Vi havas tri aŭtojn.,other,tatoeba:epo
Kia grandega hundo!,other,tatoeba:epo
Li estas mia patro.,other,tatoeba:epo
Li havas amason da aĵoj en sia sako.,other,tatoeba:epo
Mi devas aĉeti novajn skiojn.,other,tatoeba:epo
Ĉio estis tre bongusta!,other,tatoeba:epo
"Ne moviĝu, mi petas.",other,tatoeba:epo
Ĉu vere oni povas antaŭvidi tertremon?,other,tatoeba:epo
Ĝi estas bona lernolibro.,other,tatoeba:epo
Kiel vi fartas? Kiel pasis la vojaĝo?,other,tatoeba:epo
"Se vi ne komprenas la signifon de vorto, kontrolu en vortaro.",other,tatoeba:epo
Li vidis neniun.,other,tatoeba:epo
Ĉu li mortos?,other,tatoeba:epo
Ili kliniĝis el la fenestro por rigardi la paradon.,other,tatoeba:epo
"Ĉiuj volas ekkoni vin, vi estas fama!",other,tatoeba:epo
Mi preferas grapfruktojn al oranĝoj.,other,tatoeba:epo
Ĉio iris glate.,other,tatoeba:epo
Mi ne volas lin vidi.,other,tatoeba:epo
Per ĉi tiu trajno vi veturos duoble pli rapide.,other,tatoeba:epo
Ili ĉiam estis bonaj amikoj.,other,tatoeba:epo
Li montris al mi tri legendajn librojn.,other,tatoeba:epo
Dio benu vin!,other,tatoeba:epo
"Ĉu vi scias, ĉu li havas koramikinon?",other,tatoeba:epo
Pomo falis surgrunden.,other,tatoeba:epo
Vi devas ŝanĝi la trajnon ĉe Shinjuku.,other,tatoeba:epo
La komputilo estas nova.,other,tatoeba:epo
Ne legu irante.,other,tatoeba:epo
Ĉu knabo aŭ knabino?,other,tatoeba:epo
Ĉu mi povas sidi apud vi?,other,tatoeba:epo
Mi estas dekstramana.,other,tatoeba:epo
Gutom na ako.,other,tatoeba:tgl
"Paano mo sabihin ang ""good bye"" sa Aleman?",other,tatoeba:tgl
Diyos ang lumikha sa mundo.,other,tatoeba:tgl
Pwede ba kitang tulungan?,other,tatoeba:tgl
Paano ang opisina?,other,tatoeba:tgl
Magdadala ako sa iyo doon.,other,tatoeba:tgl
Kumusta po kayo?,other,tatoeba:tgl
Ang lahat ng tao'y isinilang na malaya at pantay-pantay sa karangalan at mga karapatan. Sila'y pinagkalooban ng katwiran at budhi at dapat magpalagayan ang isa't isa sa diwa ng pagkakapatiran.,other,tatoeba:tgl
Tigilan mo na ang asawa ko kasi nakakahiya sa mga anak ko.,other,tatoeba:tgl
"Pakiusap, intindihin mo na lang ang trabaho mo.",other,tatoeba:tgl
Natutulog nang magalit ang mga ideyang walang kulay at kulay berde.,other,tatoeba:tgl
Siya ay nagbebenta ng gamot sa botika.,other,tatoeba:tgl
Nais kong maging kaibigan si Nancy.,other,tatoeba:tgl
Nagsasaulo siya ng sampung salitang Ingles kada araw.,other,tatoeba:tgl
"Huwag kang mag-alala, magpakasaya ka!",other,tatoeba:tgl
Gumaling sa sipnayan ang anak ko ngayong taon na ito.,other,tatoeba:tgl
Naglakad ako papunta sa parke.,other,tatoeba:tgl
Ano'ng binili mo para sa kanya noong Pasko?,other,tatoeba:tgl
Ano'ng klaseng trabaho ang papasukan mo?,other,tatoeba:tgl
Sampung taon na ang nakalipas mula nang dumating ako sa Tokyo.,other,tatoeba:tgl
Mukhang 19 taong gulang iyong mestiza na iyon.,other,tatoeba:tgl
Masarap makatrabaho si Ginoong Norton.,other,tatoeba:tgl
Ganito ba kainit araw-araw?,other,tatoeba:tgl
Nagtagumpay siya sa harap ng maraming pagsusubok.,other,tatoeba:tgl
May asong sumunod sa akin sa paaralan.,other,tatoeba:tgl
Hindi niya kailangang magtrabaho.,other,tatoeba:tgl
Pagod siya sa kakalakad sa mga museo.,other,tatoeba:tgl
Ano'ng klase ng karne ang ihinahain niyo?,other,tatoeba:tgl
Sigurado akong magreretiro siya sa trabaho niya.,other,tatoeba:tgl
"Sa tingin ko, iniisip niyang isa siya sa mga lalaki.",other,tatoeba:tgl
Ayaw mo bang pumunta sa party?,other,tatoeba:tgl
"Madalas silang nag-uusap, harap-harapan at sa pamamagitan ng telepono.",other,tatoeba:tgl
Kung ano sinasabi natin at ang ibig nating sabihin ay kadalasang magkaiba.,other,tatoeba:tgl
Hindi siya nakarating kahapon.,other,tatoeba:tgl
Noon ay sampung taong gulang lang siya.,other,tatoeba:tgl
Hindi mo masasabi kung gaano katagal itong mga meeting na ito.,other,tatoeba:tgl
Dumating kami sa paliparan tatlong oras bago ang paglipad.,other,tatoeba:tgl
Bawal kang lumabas pagtapos ng hapunan.,other,tatoeba:tgl
Gusto ng lahat ang kaligayahan.,other,tatoeba:tgl
Ang balita ko nagkasakit ka raw.,other,tatoeba:tgl
Wala akong oras para kumuha ng iba pang estudyante.,other,tatoeba:tgl
Maraming bata ang nananatili sa paaralan kahit tapos na ang klase para sa club activities.,other,tatoeba:tgl
Bumalik ka bago mag ika-10.,other,tatoeba:tgl
Aling pangkat ang nakalalamang?,other,tatoeba:tgl
Tinanggihan ni Mayuko ang tsismis.,other,tatoeba:tgl
"Hoy, iwasan mo muna yung boss natin. Mukhang badtrip siya ngayon eh.",other,tatoeba:tgl
Konti lang ang nasa beach dahil umulan.,other,tatoeba:tgl
Nabigyan siya ng pag-asa dahil doon.,other,tatoeba:tgl
Kailangan ng pintura ng bahay mo.,other,tatoeba:tgl
Dati nang nahuli si Betty dahil sa pagnanakaw.,other,tatoeba:tgl
"Bago pa man maimbento ang computer, mayroon nang mga mala-calculator na kasangkapan.",other,tatoeba:tgl
"Magsulat ng sanaysay tungkol sa ""Pagkakaibigan"".",other,tatoeba:tgl
Maagang umalis ang barko.,other,tatoeba:tgl
Ano'ng pangalan ng web page mo?,other,tatoeba:tgl
Nasa pinakamalalang yugto na ang bagyo.,other,tatoeba:tgl
Pakiramdam ko'y iniwasan niya ang mga pinakamahalagang problema.,other,tatoeba:tgl
30 taon na siyang nagtatrabaho para sa kapakanan ng kanyang taong-bayan.,other,tatoeba:tgl
"Bumili ako ng camera, pero nawala ko sa sumunod na araw.",other,tatoeba:tgl
Kailan ba magsisimula?,other,tatoeba:tgl
Huwag mo kalimutang magdala ng payong.,other,tatoeba:tgl
"Sa totoo lang, kapatid ko siya.",other,tatoeba:tgl
Atin-atin lang ito.,other,tatoeba:tgl
Ang putla niya. Baka may sakit siya.,other,tatoeba:tgl
Natapos mo na bang basahin ang dyaryo ngayong araw?,other,tatoeba:tgl
Si Judy ay magsasalita tungkol sa Hapon bukas.,other,tatoeba:tgl
Mas mainit-init na.,other,tatoeba:tgl
"Ang sabi niya, ""Ayaw kong gumawa ng palusot, kaya wala na akong sasabihin pa.""",other,tatoeba:tgl
Pakibagalan niyo po ang inyong pagsasalita.,other,tatoeba:tgl
Sa tingin ko OK lang.,other,tatoeba:tgl
Ipinakilala niya sa akin ang anak niyang babae.,other,tatoeba:tgl
Maraming batang lalaki ang pumunta sa digmaan.,other,tatoeba:tgl
Mga sampung minuto papunta sa istasyon gamit ang bus.,other,tatoeba:tgl
Maraming uri ng kape.,other,tatoeba:tgl
Maraming kaakit-akit na hayop sa Australia.,other,tatoeba:tgl
Magpapalaki ako ng maraming puno rito.,other,tatoeba:tgl
Wala akong tiwala sa kanya.,other,tatoeba:tgl
Nakuha mo ba?,other,tatoeba:tgl
Mukhang nabigo siya sa kanyang anak.,other,tatoeba:tgl
Talunin natin ang Hapon!,other,tatoeba:tgl
Lagi na lang siyang humihiram ng pera sa akin.,other,tatoeba:tgl
Itong-ito ang hinahanap niya.,other,tatoeba:tgl
Mahilig magbasa ang lolo ko.,other,tatoeba:tgl
Mahiyain siya noong high school pa lang siya.,other,tatoeba:tgl
Magsisimula ako pagdating niya.,other,tatoeba:tgl
Mahina siya sa sipnayan.,other,tatoeba:tgl
Lalabas ang katotohanan.,other,tatoeba:tgl
Maglalayag ang eroplano sa ika-5.,other,tatoeba:tgl
Sinunog ang aso hanggang mamatay ito.,other,tatoeba:tgl
Hindi ko alam na galing pala sa binhi ang puno ng mansanas.,other,tatoeba:tgl
Hindi ka makakaasa sa kanya.,other,tatoeba:tgl
Sinuwerte siya at nanalo sa lotto.,other,tatoeba:tgl
Nakita ko 'yong taong pumasok sa silid.,other,tatoeba:tgl
May asong biglang dumamba sa akin.,other,tatoeba:tgl
Magaling na atleta si Ken.,other,tatoeba:tgl
Hindi lahat ng mga tauhan ay dumalo.,other,tatoeba:tgl
Naglakad ako nang mabilis para maabutan ang unang tren.,other,tatoeba:tgl
Tutulungan niya akong pumili ng bagong kotse.,other,tatoeba:tgl
Pupunta ako sa America sa pamamagitan ng eroplano.,other,tatoeba:tgl
Mas matangkad ako.,other,tatoeba:tgl
Naaalala ko ang masasaya kong araw kapag nakikita ko itong litrato na ito.,other,tatoeba:tgl
Sana may aircon ang silid namin.,other,tatoeba:tgl
Magsindi ka naman ng kandila.,other,tatoeba:tgl
Aso ni Mary ito.,other,tatoeba:tgl
"Kahit ano'ng sabihin niya, hindi magbabago ang isip ko.",other,tatoeba:tgl
Ano'ng oras ako pupunta?,other,tatoeba:tgl
Mabilis kumalat ang balita tungkol sa nangyari.,other,tatoeba:tgl
"Kahit sino pa ang magsabi, hindi ako maniniwala.",other,tatoeba:tgl
Maaari mo bang sabihin sa akin kung paano pumunta sa istasyon ng Osaka?,other,tatoeba:tgl
Sinenyasan niya silang tumigil.,other,tatoeba:tgl
Pinayagan siyang gamitin ang silit-aklatan.,other,tatoeba:tgl
Kadaraan lang ng pusa sa tabi ko.,other,tatoeba:tgl
Labas-pasok siya sa ospital.,other,tatoeba:tgl
Ginawa ng diyos ang mundo.,other,tatoeba:tgl
Mahirap alagaan ang umiiyak na sanggol.,other,tatoeba:tgl
Gusto mo ba ng upuang malapit sa bintana o malapit sa pasilyo?,other,tatoeba:tgl
Maraming tao sa kalye noong dumaan ang parada.,other,tatoeba:tgl
Gumigising sila ng ika-6 ng umaga araw-araw.,other,tatoeba:tgl
Huwag mo kaming tawagan. Kami ang tatawag sa'yo.,other,tatoeba:tgl
Nanghihingi kami ng paumanhin dahil sa masamang panahon.,other,tatoeba:tgl
Pagbabayaran niya ang mga kasalanan niya.,other,tatoeba:tgl
Paano ako makakapunta sa estasyon ng pulis?,other,tatoeba:tgl
Nagsisimula pa lang ang party.,other,tatoeba:tgl
Pupunta ako sa Tsina sa susunod na linggo.,other,tatoeba:tgl
Saan ka nagsusulat?,other,tatoeba:tgl
Lumalangoy si Naoko.,other,tatoeba:tgl
Darating ang araw na makakapunta ang tao sa Mars.,other,tatoeba:tgl
Siya ang pinapangarap kong babae.,other,tatoeba:tgl
Nakita ko siya pagkalipas ng sampung taon.,other,tatoeba:tgl
Nanahimik kami sa silid.,other,tatoeba:tgl
Isang tasa pa ng kape?,other,tatoeba:tgl
Mahirap maglakad ng 60 kilometro sa isang araw.,other,tatoeba:tgl
Halos hindi marinig ang boses niya sa ingay.,other,tatoeba:tgl
Kumuha ka lang.,other,tatoeba:tgl
Nanatili siya sa bahay ng tiyahin niya.,other,tatoeba:tgl
Dapat maglakad ka lang papunta doon.,other,tatoeba:tgl
Siguradong makaaasa ka sa kanya.,other,tatoeba:tgl
Halos hindi natin naiwasan ang aksidente.,other,tatoeba:tgl
Maaantala ang pag-alis ng tren.,other,tatoeba:tgl
Isa-isang nilabas ni Mary ang mga itlog.,other,tatoeba:tgl
Pumili ng pagkain sa bawat bahagi ng menu.,other,tatoeba:tgl
Parang ayaw ko sagutan itong questionnaire. Masyadong maraming tanong.,other,tatoeba:tgl
Kating-kati na siyang ibunyag ang sikreto.,other,tatoeba:tgl
Mahigpit niyang hinawakan ang kamay ko.,other,tatoeba:tgl
Sinubukan ng nanay ko na pagbatiin ang magkasintahan.,other,tatoeba:tgl
Ang bahay ay hindi lang basta gusali.,other,tatoeba:tgl
Ano'ng oras na?,other,tatoeba:tgl
Dapat maidaan ang makina sa lahat ng mga test.,other,tatoeba:tgl
Una ang pangalan mo sa listahan.,other,tatoeba:tgl
Dapat malaman ng magulang mo iyon.,other,tatoeba:tgl
Wala akong kaalam-alam.,other,tatoeba:tgl
Bakit mo sila pinaparusahan?,other,tatoeba:tgl
"Hindi namin siya tinulungan, kaya ginawa niya mag-isa.",other,tatoeba:tgl
Libangan kong mangolekta ng lumang barya.,other,tatoeba:tgl
Yan ang pinakamagandang puwit na nakita ko sa buong buhay ko.,other,tatoeba:tgl
Ang ganyang uri ng laruan ay may masamang impluwensiya sa mga kabataan.,other,tatoeba:tgl
Inamin ng lalaki na pinasok niya ang bahay.,other,tatoeba:tgl
Nagulat sila sa balita.,other,tatoeba:tgl
Napakalamig kagabi kaya nanatili lang ako sa bahay.,other,tatoeba:tgl
Kaya gawin ng computer ang trabaho nang madalian.,other,tatoeba:tgl
"Anuman ang mangyari, hindi mo malalaman.",other,tatoeba:tgl
Kinailangan kong magtrabaho hanggang gabi kaya ipinagpaliban ko ang aking date.,other,tatoeba:tgl
Hindi kilala ni Masha ang kanyang magulang.,other,tatoeba:tgl
Pinapasok siya ni tatay sa study.,other,tatoeba:tgl
Namimiss ko na siya.,other,tatoeba:tgl
Masyado siyang maagang dumating.,other,tatoeba:tgl
"Pasensya na at late ako, ang dami kasi ng kinailangan kong gawin.",other,tatoeba:tgl
Tapusin natin ang laro.,other,tatoeba:tgl
Nawala siya sa isang iglap.,other,tatoeba:tgl
Alam mong pinaiyak mo ako.,other,tatoeba:tgl
"Alam mo, pinaiyak mo ako.",other,tatoeba:tgl
Bakit hindi mo sinabi 'to nang mas maaga? May nagawa sana tayo tungkol dito.,other,tatoeba:tgl
Hinalal nila siyang chairman.,other,tatoeba:tgl
Tumakbo 'yong bata nang nakita niya ako.,other,tatoeba:tgl
Hindi niya kayang patakbuhin itong makinang ito.,other,tatoeba:tgl
Limang taon na ang nakalipas nang namatay ang lolo ko.,other,tatoeba:tgl
Wala pang limang taong gulang si Cookie.,other,tatoeba:tgl
Binigyan ako ng lolo ko ng regalo sa aking kaarawan.,other,tatoeba:tgl
Mahirap simulang patakbuhin ang makina sa malalamig na umaga.,other,tatoeba:tgl
Hindi malinaw ang nais sabihin ng manunulat.,other,tatoeba:tgl
Medyo mainip ang unang araw ko sa unibersidad.,other,tatoeba:tgl
Maraming matatangkad na gusali sa bayang ito.,other,tatoeba:tgl
Maglakad ka pa ng tatlong kanto at makikita mo ang museo sa kaliwa.,other,tatoeba:tgl
Wala pa siyang kasanayan sa trabahong ito.,other,tatoeba:tgl
Dumating siya kahit malakas ang pag-snow.,other,tatoeba:tgl
Tumingin-tingin ako sa loob ng tindahan.,other,tatoeba:tgl
Pahingi ng inumin.,other,tatoeba:tgl
Bihira siyang lumabas kapag Linggo.,other,tatoeba:tgl
Pumunta ka lang kapag gusto mo.,other,tatoeba:tgl
Naubos niya ang pera niya.,other,tatoeba:tgl
Walang ulap ngayong araw.,other,tatoeba:tgl
Sumigaw 'yung babae nang makakita siya ng apoy.,other,tatoeba:tgl
Bihira lang umulan dito.,other,tatoeba:tgl
Phoenix ang kabisera ng Arizona.,other,tatoeba:tgl
Mahilig sa alak ang mga European.,other,tatoeba:tgl
Mahilig ako sa tsokolate.,other,tatoeba:tgl
Dito ako kakain.,other,tatoeba:tgl
"Wala akong brilyanteng singsing, pero masaya pa rin ako.",other,tatoeba:tgl
Nakapagkolehiyo siya salamat sa scholarship.,other,tatoeba:tgl
Umupo kami nang pabilog.,other,tatoeba:tgl
Mahilig ka ba sa baseball?,other,tatoeba:tgl
Tunawin ang asukal sa mainit na tubig.,other,tatoeba:tgl
Umiibig sa kapatid kong babae ang lalaking iyon.,other,tatoeba:tgl
Padalhan mo ako ng postcard.,other,tatoeba:tgl
Itinuturo ang Chinese bilang ikalawang pambansang wika sa Singapore.,other,tatoeba:tgl
Papuntang Finland ang barko.,other,tatoeba:tgl
Ano ang ginagawa niya?,other,tatoeba:tgl
Kumakanta ang mga ibon sa gubat.,other,tatoeba:tgl
Nakapagtrabaho siya hanggang 75 taong gulang dahil sa kanyang malusog na katawan.,other,tatoeba:tgl
Saan mo gagamitin ang perang 'to?,other,tatoeba:tgl
Gumagana naman nang maayos ang relo ko.,other,tatoeba:tgl
Nagpakasal ang kapatid kong babae sa isang guro ng mataas na paaralan noong Hunyo.,other,tatoeba:tgl
Maaari ka bang magbigay ng alternatibong petsa?,other,tatoeba:tgl
"Kahit ano'ng mangyari, wala akong sasabihan.",other,tatoeba:tgl
Maghanda ka na! Bukas na ang huling araw.,other,tatoeba:tgl
Maghanda na kayo! Bukas na ang huling araw.,other,tatoeba:tgl
Pwede ko bang hiramin itong payong?,other,tatoeba:tgl
"Di siya nag-oonline kahit kailan, kahit sa bakasyon.",other,tatoeba:tgl
Malapit na siyang gumaling.,other,tatoeba:tgl
Pinasalamatan ako ni Tom para sa regalo.,other,tatoeba:tgl
Mahahanap mo ang libro sa silid-aklatan.,other,tatoeba:tgl
Hindi ko alam na malakas pala siya uminom.,other,tatoeba:tgl
Nagplano kaming magkita sa estasyon ng tren ng alas-singko.,other,tatoeba:tgl
Halatang pagod na siya.,other,tatoeba:tgl
Bisitahin mo ako kapag nasa bayan ka.,other,tatoeba:tgl
Bata pa lang si John ay nangongolekta na siya ng mga stamp.,other,tatoeba:tgl
May kaunting lamang siya sa kalaban niya.,other,tatoeba:tgl
Malaki ang pag-asang manalo ang pangkat natin.,other,tatoeba:tgl
"Sabi ng guro namin, ""Ang tubig ay kumukulo sa 100 antas ng sentigrado.""",other,tatoeba:tgl
Nakita namin si Gng. Brown sa teatro.,other,tatoeba:tgl
Kalilinis lang namin ng mga kubeta.,other,tatoeba:tgl
Ang buong experimento ay naitala sa pelikula.,other,tatoeba:tgl
Minsan hindi ako mapalagay kapag naiisip ko ang kinabukasan.,other,tatoeba:tgl
Naramdaman ko ang pagod pagkatapos ng laro.,other,tatoeba:tgl
Hindi matapos-tapos ang daldalan ng mga babae.,other,tatoeba:tgl
Nagpakita sila ng bagong produkto sa telebisyon.,other,tatoeba:tgl
Pupunta ka ba sa party mamayang gabi?,other,tatoeba:tgl
Gusto ni Tatay na mag-aral ako sa ibang bansa habang bata pa ako.,other,tatoeba:tgl
Dapat maitala sa dokumento ang kasal sa Japan.,other,tatoeba:tgl
Patas dapat ang pagtrato ng mga guro sa kanilang estudyante.,other,tatoeba:tgl
Siya ang kumatawan sa klase niya sa pagtitipon.,other,tatoeba:tgl
Binili ko ito nang sampung dolyar.,other,tatoeba:tgl
"Waiter, pakisingil kami nang hiwa-hiwalay.",other,tatoeba:tgl
Huwag mo kalimutang ikandado ang pinto.,other,tatoeba:tgl
"Ang populasyon ng bansa ay tinatayang mga 50,000,000.",other,tatoeba:tgl
Pinakamagandang araw ito ng buhay ko.,other,tatoeba:tgl
Bigyan mo ako ng isa pang pagkakataon.,other,tatoeba:tgl
Maghintay lang po kayo sandali.,other,tatoeba:tgl
"Sa palagay ko, ang soccer ay isang kahanga-hangang paligsahan.",other,tatoeba:tgl
Hindi mahalaga kung manalo ka o hindi.,other,tatoeba:tgl
Nakatira kami sa nayon.,other,tatoeba:tgl
"Sa pagpasok ng recession, isa-isang tinanggal sa trabaho ang mga pansamantalang empleyado.",other,tatoeba:tgl
Nilapitan siya ng swerte.,other,tatoeba:tgl
Nagsusuot kami ng uniporme sa aming paaralan.,other,tatoeba:tgl
Nakahanap ako ng isa pang trabaho.,other,tatoeba:tgl
Tinitingala ka ng lahat.,other,tatoeba:tgl
Mukhang pupunta siya ng Kashgar.,other,tatoeba:tgl
"Mayroon siyang maliit na piano na may gulong, at isang kawawang payat na unggoy na nakaupo dito.",other,tatoeba:tgl
Laging maganda ang sinasabi tungkol kay Tom.,other,tatoeba:tgl
Walang mali sa ating dalawa.,other,tatoeba:tgl
Nakapaglakbay ka na ba sa pamamagitan ng eroplano?,other,tatoeba:tgl
Gusto niyo po bang umupo?,other,tatoeba:tgl
Inunahan nila ang aming sasakyan.,other,tatoeba:tgl
Malaki ang isdang ito.,other,tatoeba:tgl
Hindi ka makakasalungat sa batas ng kalikasan.,other,tatoeba:tgl
Maswerte itong taon na ito para sa kanya.,other,tatoeba:tgl
"Dumating si Takeshi, ngunit hindi siya nagtagal.",other,tatoeba:tgl
Sira ang tiyan ko.,other,tatoeba:tgl
"Pagkabukas na pagkabukas niya ng pinto, may naamoy siyang nasusunog.",other,tatoeba:tgl
Hinuli si Tom bilang isang suspek sa krimen.,other,tatoeba:tgl
Mahina na ang memorya ko.,other,tatoeba:tgl
Kamakailan lamang pinaluwag ang mga alituntunin.,other,tatoeba:tgl
Natapos kargahan ang barko sa loob ng dalawang araw.,other,tatoeba:tgl
Sinindihan niya ang ilaw.,other,tatoeba:tgl
Ito ang anak kong babae.,other,tatoeba:tgl
Turuan mo akong maglaro.,other,tatoeba:tgl
Nagpapatong-patong ang mga bayarin.,other,tatoeba:tgl
OK lang ba sayo'ng tulungan ako sa trabahong iyon?,other,tatoeba:tgl
"Maliban sa iilang pagkakamali sa pagbaybay, ito ay isang magandang katha.",other,tatoeba:tgl
Patay iyong taong iyon.,other,tatoeba:tgl
Mas malaki ang pagmamahal ko sa'yo kaysa sa pagmamahal mo sa akin.,other,tatoeba:tgl
Ano ang kulay ng pinakakanang singsing sa watawat ng Olympics?,other,tatoeba:tgl
Kulang ang tangkad niya upang maabot ang kisame.,other,tatoeba:tgl
"Noong pumasok ako sa kuwarto niya, nagbabasa siya ng libro.",other,tatoeba:tgl
Sa tingin ko hindi niya kamukha ang nanay niya.,other,tatoeba:tgl
Ang pagtulog ay kailangan para sa magandang kalusugan.,other,tatoeba:tgl
Ano'ng tingin mo sa vegetable tempura?,other,tatoeba:tgl
Gusto ko sanang pumunta sa concert.,other,tatoeba:tgl
Sinira ng ulan ang piknik namin.,other,tatoeba:tgl
Gusto namin ng kotse.,other,tatoeba:tgl
Tinanggal sa listahan ang mga pangalan niyo.,other,tatoeba:tgl
Kapareho ito sa bisikleta ko.,other,tatoeba:tgl
Popular siya sa kanyang mga kasamahan.,other,tatoeba:tgl
Tumingin ka sa magandang panig ng mga bagay.,other,tatoeba:tgl
Tumakbo siya pababa ng hagdan.,other,tatoeba:tgl
Ano'ng binabasa mo?,other,tatoeba:tgl
Ang inosenteng crush ni Lucy ay naging isang pagkahumaling.,other,tatoeba:tgl
Ang tiyuhin ni Ken ay may malaking manukan.,other,tatoeba:tgl
"Sabi ng pahayagan, tinamaan daw ng bagyo ang Kyushu.",other,tatoeba:tgl
Bukas ba sa lahat ang gusaling ito?,other,tatoeba:tgl
Pinagsikapan niyang gawin ang kanyang tungkulin.,other,tatoeba:tgl
Saya pergi ke sekolah pada pukul tujuh.,other,tatoeba:zsm
Semua manusia dilahirkan bebas dan samarata dari segi kemuliaan dan hak-hak. Mereka mempunyai pemikiran dan perasaan hati dan hendaklah bertindak di antara satu sama lain dengan semangat persaudaraan.,other,tatoeba:zsm
Tiada apa-apa lebih penting lagi daripada persahabatan.,other,tatoeba:zsm
Berapa lamakah kamu telah tinggal di Osaka?,other,tatoeba:zsm
Kebun kami telah dipenuhi oleh rumput liar.,other,tatoeba:zsm
Mana-mana satu majalah pun boleh.,other,tatoeba:zsm
Adakah anda fasih berbahasa Inggeris?,other,tatoeba:zsm
Anda Tinggal Di mana?,other,tatoeba:zsm
Saya Tidak Faham.,other,tatoeba:zsm
Saya tidak tahu.,other,tatoeba:zsm
Tetapi ayah tidak akan suka akan ini.,other,tatoeba:zsm
Dia telah bangun daripada ketiduran.,other,tatoeba:zsm
Bilakah akan teksi bertolak ke lapangan terbang?,other,tatoeba:zsm
Kamu tidak akan dimarahi tentang kejadian itu.,other,tatoeba:zsm
Perempuan itu telah membantah rancangan kami.,other,tatoeba:zsm
Jane telah mengguntingkan rambutnya pendek sebelum mesyuarat hari sukan.,other,tatoeba:zsm
Ini dianggap sebagai hal yang penting.,other,tatoeba:zsm
Dia bergantung pada isterinya dalam keadaan kewangan.,other,tatoeba:zsm
Langit berwarna biru.,other,tatoeba:zsm
Gambar ini diambil di kota Nara.,other,tatoeba:zsm
"Melihat dari pandangan saya, Australia ialah salah satu negara yang terbaik dalam dunia ini.",other,tatoeba:zsm
Apakah tujuan utama pendidikan?,other,tatoeba:zsm
Tiada sesiapa yang membantu saya.,other,tatoeba:zsm
Biarlah kita mula dari pelajaran 10.,other,tatoeba:zsm
Aku punya anjing.,other,tatoeba:zsm
"Dalam mimpipun, mereka takkan membayangkan akan kalah dalam pertandingan tersebut.",other,tatoeba:zsm
Jangan lupakan kami!,other,tatoeba:zsm
Oh! Sila tunjukkan kepada saya.,other,tatoeba:zsm
Tolong maafkan saya.,other,tatoeba:zsm
Sila tunjukkan tiket anda.,other,tatoeba:zsm
Dompet saya sudah hilang.,other,tatoeba:zsm
Bawakan kepada saya.,other,tatoeba:zsm
Saya berada di lapangan terbang sekarang.,other,tatoeba:zsm
Saya akan kembali.,other,tatoeba:zsm
Kawan yang dirindui.,other,tatoeba:zsm
"Setahu saya, dia seorang yang baik.",other,tatoeba:zsm
Adakah awak boleh bercakap bahasa Turki?,other,tatoeba:zsm
"Sistem abjad bahasa Esperanto terdiri daripada 28 huruf: a, b, c, ĉ, d, e, f, g, ĝ, h, ĥ, i, j, ĵ, k, l, m, n, o, p, r, s, ŝ, t, u, ŭ, v, z.",other,tatoeba:zsm
Buku itu kecil.,other,tatoeba:zsm
Kami tidak bercakap semalam,other,tatoeba:zsm
Inilah perkataan yang saya jumpa di dalam kamus,other,tatoeba:zsm
Boleh saya beri awak sedikit nasihat?,other,tatoeba:zsm
Mereka telah merancang percutian pertama mereka.,other,tatoeba:zsm
Saya akan pergi memberi kasut saya kepada tukang kasut.,other,tatoeba:zsm
Saya tidak faham apa yang anda katakan.,other,tatoeba:zsm
Dinding ini lebih tinggi dari dinding itu.,other,tatoeba:zsm
"Saya pergi berjalan setiap hari, kecuali apabila hujan.",other,tatoeba:zsm
Pastikan perkara ini tidak berlaku lagi.,other,tatoeba:zsm
"Pada 21 Jun, 1974, José bersarapan pagi bersama Liliana buat kali pertama.",other,tatoeba:zsm
Dia meninggalkan syarikat setelah 20 tahun.,other,tatoeba:zsm
Di manakah bilik air?,other,tatoeba:zsm
Dia telah membuat sebuah kesilapan serius.,other,tatoeba:zsm
Kamu telah jumpa seorang lelaki yang baik.,other,tatoeba:zsm
Tolong masukkan ini ke dalam ketuhar gelombang mikro.,other,tatoeba:zsm
Boleh kamu terangkan peraturan-peraturan kepada saya?,other,tatoeba:zsm
Bahasa Cina lebih susah dari bahasa asing lain.,other,tatoeba:zsm
Beijing lebih besar daripada Rom.,other,tatoeba:zsm
Tolong carikan penyelesaian kepada masalah tersebut.,other,tatoeba:zsm
Saya sangat gembira.,other,tatoeba:zsm
Keluarga saya dari Malaysia.,other,tatoeba:zsm
Perdana Menteri Malaysia yang keenam ialah Dato' Sri Najib Abdul Razak.,other,tatoeba:zsm
Kelantan adalah sebuah negeri di Semenanjung Malaysia.,other,tatoeba:zsm
Belia di Malaysia amat menggemari selebriti-selebriti Korea dan Jepun.,other,tatoeba:zsm
Saya sudah menunggu kamu sejak pukul dua.,other,tatoeba:zsm
T-shirt ini terlalu kecil untuk saya.,other,tatoeba:zsm
Dia minta saya buka tingkap.,other,tatoeba:zsm
Dia bertanya kepada saya siapa yang sampai dahulu.,other,tatoeba:zsm
Dia memberi saya jam tangan sebagai hadiah hari jadi.,other,tatoeba:zsm
Dia menunjukkan albumnya kepada saya,other,tatoeba:zsm
Dia bertanya jika saya mengetahui alamatnya,other,tatoeba:zsm
Dia bertanya jika saya tahu alamatnya,other,tatoeba:zsm
Dia memberitahu saya rahsianya.,other,tatoeba:zsm
Dia bertanya tentang Ibu saya,other,tatoeba:zsm
Dia bertanya tentang emak saya.,other,tatoeba:zsm
Dia telah memberitahu saya sebuah cerita yang menarik.,other,tatoeba:zsm
Dia mahu saya datang.,other,tatoeba:zsm
Dia berjanji kepada saya untuk datang.,other,tatoeba:zsm
Dia telah memberi saya sebuah nasihat yang berguna.,other,tatoeba:zsm
Dia tahu sepuluh kali ganda lebih banyak perkataan Bahasa Inggeris dari saya.,other,tatoeba:zsm
Dia ialah rakan sekelas saya.,other,tatoeba:zsm
Dia merupakan rakan sekelas saya.,other,tatoeba:zsm
Dia menarik baju saya.,other,tatoeba:zsm
Dia menarik baju kemeja saya.,other,tatoeba:zsm
Api telah dipadamkan sebelum sempat menjadi serius.,other,tatoeba:zsm
Cukup cukup lah!,other,tatoeba:zsm
Jangan merokok banyak sangat,other,tatoeba:zsm
Jangan hisap rokok terlalu banyak,other,tatoeba:zsm
Dia dilanggar kereta dan terus mati,other,tatoeba:zsm
Selamat tahun baru!,other,tatoeba:zsm
Enjin telah mati.,other,tatoeba:zsm
Dia takut adiknya akan gagal.,other,tatoeba:zsm
Dia takut abangnya akan gagal.,other,tatoeba:zsm
Adakah terdapat kerusi yang ditempah untuk filem ini?,other,tatoeba:zsm
Semua orang mencintai dia.,other,tatoeba:zsm
Semua orang suka dia.,other,tatoeba:zsm
Basikal saya telah dicuri semalam.,other,tatoeba:zsm
Biar saya ganti tempat dia.,other,tatoeba:zsm
Sandarkan tangga pada dinding.,other,tatoeba:zsm
Saya suka bela kura-kura.,other,tatoeba:zsm
Jangan letakkan gelas dekat degan tepi meja.,other,tatoeba:zsm
Dia menangkap tiga ekor ikan.,other,tatoeba:zsm
Mereka berhenti bercakap.,other,tatoeba:zsm
Anda tidak boleh percaya apa dia cakap.,other,tatoeba:zsm
"Namanya Kenji, tetapi kita memanggilnya Ken.",other,tatoeba:zsm
Dia berada di Tokyo.,other,tatoeba:zsm
Mereka memandu ke stesen dengan menggunakan kereta.,other,tatoeba:zsm
Boleh saya meninggalkan mesej?,other,tatoeba:zsm
Saya dengar dengan telinga.,other,tatoeba:zsm
Saya akan melawatnya pada esok hari.,other,tatoeba:zsm
Dia di dalam bilik air.,other,tatoeba:zsm
Anda mahu kopi?,other,tatoeba:zsm
"Selain Bahasa Inggeris, dia boleh bercakap Bahasa Perancis.",other,tatoeba:zsm
Anda tahu siapa yang menulis novel ini?,other,tatoeba:zsm
Kita merasa bimbang terhadap anda.,other,tatoeba:zsm
Sila menghadiri pesta ulang tahun saya.,other,tatoeba:zsm
Kita mesti tidur untuk sekurang-kurangnya tujuh jam sehari.,other,tatoeba:zsm
Saya mahu dia pergi ke sana.,other,tatoeba:zsm
Hobi saya adalah mengumpul syiling lama.,other,tatoeba:zsm
Dia menyikat topinya.,other,tatoeba:zsm
Dia tidak muda memutus asa.,other,tatoeba:zsm
Kita pergi ke sekolah kerana kita mahu belajar.,other,tatoeba:zsm
Dia digantung sekolah untuk satu minggu kerana dia melakukan pekara yang buruk.,other,tatoeba:zsm
Sekolah bermula pada hari lusa.,other,tatoeba:zsm
Impian saya adalah untuk menjadi seorang ahli bomba.,other,tatoeba:zsm
"Kalau saya anda, saya tidak akan membuat perkara begitu.",other,tatoeba:zsm
Tanganya rasa kasar.,other,tatoeba:zsm
Mereka terserempak kita semalam.,other,tatoeba:zsm
Dia selalu menalifon saya.,other,tatoeba:zsm
Dia berdoa ke Tuhan untuk menolong perempuan itu.,other,tatoeba:zsm
Kami sedang belajar keras untuk peperiksaan.,other,tatoeba:zsm
Anda sedang membohong kan?,other,tatoeba:zsm
Tirai telah jatuh.,other,tatoeba:zsm
Dia naikkan tanganya supaya teksi itu berhenti.,other,tatoeba:zsm
Saya belum lagi menghabiskan makan.,other,tatoeba:zsm
Perkataan ini dipinjam daripada Bahasa Perancis.,other,tatoeba:zsm
Masa lapangnya digunakan untuk bermain golf.,other,tatoeba:zsm
"Kerana ia hari Ahad, ramai orang berada di pasar raya.",other,tatoeba:zsm
Pergi ke kedai gunting.,other,tatoeba:zsm
Dia meninggal dunia semalam.,other,tatoeba:zsm
Jangan lupa tiket!,other,tatoeba:zsm
"Maafkan saya, saya tersesat.",other,tatoeba:zsm
Ada garpu hilang.,other,tatoeba:zsm
Anda harus naik bas nombor 5.,other,tatoeba:zsm
Soalan yang baik.,other,tatoeba:zsm
Saya akan memandu anda ke lapangan terbang.,other,tatoeba:zsm
Epal itu sangat merah.,other,tatoeba:zsm
Bawanya ke dalam.,other,tatoeba:zsm
Apakah yang baru?,other,tatoeba:zsm
Boleh saya membawa kot anda?,other,tatoeba:zsm
Apa anda katakan?,other,tatoeba:zsm
Saya selalu menggunakan SSH untuk mengakses komputer dari jauh.,other,tatoeba:zsm
"Linux adalah sistem pengendalian yang percuma, anda harus mencubanya.",other,tatoeba:zsm
"Satu, tiga dan lima adalah nombor-nombor ganjil.",other,tatoeba:zsm
Pasukan kita kalah.,other,tatoeba:zsm
Bila anda dilahirkan?,other,tatoeba:zsm
Saya tidak boleh ingat kembali melodi lagu itu.,other,tatoeba:zsm
Anda telah hilang berat badan?,other,tatoeba:zsm
Kopi anda tertumpah.,other,tatoeba:zsm
Boleh saya mengatakan sesuatu?,other,tatoeba:zsm
Bila dia dilahirkan?,other,tatoeba:zsm
Dia terhilang beg tanganya.,other,tatoeba:zsm
Saya membayar kereta itu dengan wang tunai.,other,tatoeba:zsm
Saya terserempak Encik Lynch di dalam bas.,other,tatoeba:zsm
Ada berapa huruf di dalam abjad Bahasa Rusia?,other,tatoeba:zsm
Saya harus pergi tidur.,other,tatoeba:zsm
Saya ingin menjadi seorang raja apabila saya menjadi dewasa.,other,tatoeba:zsm
Boleh saya tanya soalan?,other,tatoeba:zsm
Mengapa anda begitu gembira?,other,tatoeba:zsm
Fungsi sinus dan kosinus mengabil nilai antara -1 dan 1 (termasuk -1 dan 1).,other,tatoeba:zsm
"Pada umumnya, budak perempuan suka anak patung.",other,tatoeba:zsm
Cuci muka anda.,other,tatoeba:zsm
Bila kereta api selanjutnya akan berangkat?,other,tatoeba:zsm
Anda mahu yang hijau atau yang biru?,other,tatoeba:zsm
Dia berjanji yang dia tidak akan membohong sekali lagi.,other,tatoeba:zsm
Rasa air laut masin.,other,tatoeba:zsm
Angin bertiup dari arah timur,other,tatoeba:zsm
Boleh saya masuk?,other,tatoeba:zsm
Saya bekerja dengannya.,other,tatoeba:zsm
Dia suka memasak untuk keluarganya.,other,tatoeba:zsm
Dia telah tinggal sendiri selama bertahun-tahun,other,tatoeba:zsm
Tidak perlu menangis seperti anak kecil.,other,tatoeba:zsm
Sepertinya dia berkata bohong.,other,tatoeba:zsm
Dia sedang belajar sekarang.,other,tatoeba:zsm
Terima kasih banyak atas undangannya.,other,tatoeba:zsm
Dia mewariskan banyak kekayaan ke anaknya.,other,tatoeba:zsm
Tambahkan lagi garam ke dalam sup.,other,tatoeba:zsm
Dia pasti sangat cantik pada masa mudanya.,other,tatoeba:zsm
Dapatkan kamu membaca tanda fonetik?,other,tatoeba:zsm
Ada banyak anak kecil di taman.,other,tatoeba:zsm
Intel mendapat royalti besar dari penemuan itu.,other,tatoeba:zsm
Ulat ini akan berubah menjadi kupu-kupu yang cantik.,other,tatoeba:zsm
Ayah akan pulang besok,other,tatoeba:zsm
Dia terbakar rasa marah.,other,tatoeba:zsm
Saya suka musik dan juga melukis.,other,tatoeba:zsm
"Sejauh yang saya tahu,hanya ini terjemahan yang tesedia.",other,tatoeba:zsm
Orang tua itu tinggal seorang diri.,other,tatoeba:zsm
Saya orang Islam.,other,tatoeba:zsm
Anak dia berumur lapan tahun.,other,tatoeba:zsm
Biar saya fikirkan dulu.,other,tatoeba:zsm
Siapa gadis jelita itu?,other,tatoeba:zsm
Rumah ini perlu dibaiki.,other,tatoeba:zsm
Kamu semua mesti membacanya.,other,tatoeba:zsm
Yang ini tak mahal.,other,tatoeba:zsm
Kamu tak payah risau.,other,tatoeba:zsm
Kedai ini tutup pada pukul 9.,other,tatoeba:zsm
Saya lepaskan tali.,other,tatoeba:zsm
Saya langsung tidak belajar.,other,tatoeba:zsm
Saya berasa sedikit kecewa.,other,tatoeba:zsm
"Manga ""One Piece"" amat popular di Malaysia.",other,tatoeba:zsm
"Semua kuda ialah haiwan, tetapi bukan semua haiwan ialah kuda.",other,tatoeba:zsm
Magdalena dan Ania adalah kawan baik.,other,tatoeba:zsm
Ania berminat terhadap komputer.,other,tatoeba:zsm
Pilihlah baju kemeja yang kamu paling suka.,other,tatoeba:zsm
"Maafkan saya, apa masa itu?",other,tatoeba:zsm
Aku ingin mati bersama Getter Jaani.,other,tatoeba:zsm
Dia mesti telah melawat England pada musim panas lalu.,other,tatoeba:zsm
Betulkan kesalahan itu.,other,tatoeba:zsm
"Semakin dia menjadi tua, dia menjadi semakin cantik.",other,tatoeba:zsm
Menari adalah bagus untuk bentuk tubuh.,other,tatoeba:zsm
Terdapat ramai orang di konsert itu.,other,tatoeba:zsm
Dia mempunyai sedikit kawan dan sedikit duit.,other,tatoeba:zsm
Berapakah harga untuk topi merah ini?,other,tatoeba:zsm
Hanya kerana awak tidak mengetahui tentangnya tidak bermakna ia adalah suatu penipuan.,other,tatoeba:zsm
Saya akan menelefon kembali dalam dua puluh minit.,other,tatoeba:zsm
40 euro untuk skarf? Anda tidak ada sebarang yang lebih murah?,other,tatoeba:zsm
Kenapa anda menolak permintaannya untuk menaikan gajinya?,other,tatoeba:zsm
Boleh saya pinjam basikal anda?,other,tatoeba:zsm
Sahara adalah padang pasir yang luas terbentang.,other,tatoeba:zsm
Ayat ini perlu untuk dipadam.,other,tatoeba:zsm
Harga ini sangat melampau-lampau.,other,tatoeba:zsm
Saya membeli sebuah kamera untuk 30 dolar.,other,tatoeba:zsm
Dia bertegas bahawa anak lelakinya tidak bersalah.,other,tatoeba:zsm
Saya menafikan kesemua tuduhan-tuduhan itu.,other,tatoeba:zsm
Awak tahu beberapa perkara tentang keluarga awak?,other,tatoeba:zsm
Anak saya lebih tinggi daripada saya.,other,tatoeba:zsm
Kerja itu telah selesai sebenarnya.,other,tatoeba:zsm
Doktor gigi mencabut gigi yang buruk.,other,tatoeba:zsm
Penjenayah itu rasa tegang,other,tatoeba:zsm
Dia melakukan rancanganya.,other,tatoeba:zsm
Saya membuat keputusan untuk belajar bahasa Esperanto hari ini.,other,tatoeba:zsm
Saya berharap agar dia dapat datang! Saya mahu untuk melihatnya.,other,tatoeba:zsm
Ini buku-buku siapa?,other,tatoeba:zsm
"Adalah mungkin untuk kita mengetahui apa yang telah dicapai pada masa lalu, tetapi kita tidak mungkin untuk mengubahnya. Dan adalah mungkin untuk kita mengubah masa depan, tetapi kita tidak mungkin untuk mengetahui apa yang akan dicapai padanya.",other,tatoeba:zsm
Pada pukul berapa awak pulang dari pejabat?,other,tatoeba:zsm
Mereka menjatuhkan bom atom di Hiroshima.,other,tatoeba:zsm
Pada pukul berapa anda keluar dari pejabat?,other,tatoeba:zsm
Carl menunjukkan kepada saya piala emas itu.,other,tatoeba:zsm
Seorang polis mendendanya.,other,tatoeba:zsm
Awak boleh meminta daripadanya untuk menolong awak.,other,tatoeba:zsm
Bilakah saya boleh berenang di sini?,other,tatoeba:zsm
Manusia harus faham bahawa dunia ini berubah.,other,tatoeba:zsm
Saya lebih suka untuk menjadi seekor burung merpati daripada menjadi seekor ikan.,other,tatoeba:zsm
"Sebelum awak menulis sesuatu, adalah perlu untuk awak memastikan fakta-faktanya.",other,tatoeba:zsm
Budak lelaki itu hampir-hampir lemas.,other,tatoeba:zsm
Saya tidak suka untuk memasak ketika cuaca panas.,other,tatoeba:zsm
Apa yang awak suka untuk makan?,other,tatoeba:zsm
Sila ingat untuk menghantar surat saya.,other,tatoeba:zsm
Inilah dia apa yang kita mahu mengetahuinya.,other,tatoeba:zsm
"Saya mencuba beberapa kali, tetapi saya tidak boleh berjaya.",other,tatoeba:zsm
Kita mesti mementingkan untuk menjaga warisan-warisan kebangsaan kita.,other,tatoeba:zsm
Masalah ini adalah mudah hinggakan mana-mana pelajar boleh menyelesaikannya.,other,tatoeba:zsm
Awak hendaklah mematuhi kedua-dua ibu bapa awak.,other,tatoeba:zsm
Adakah boleh untuk saya merokok di sini?,other,tatoeba:zsm
Elok saya bermain Sudoku dan tidak mengganggu anda lagi.,other,tatoeba:zsm
Saya sedang bermain permainan apabila saya rasa sebuah gempa bumi.,other,tatoeba:zsm
"Disebabkan salji turun dengan lebat, perlepasan mereka ditangguhkan.",other,tatoeba:zsm
Dia mampu untuk membina sebuah rumah yang kecil.,other,tatoeba:zsm
Adakah awak boleh mengajar saya bagaimana menggunakan mesin basuh?,other,tatoeba:zsm
Menterjemahkan petikan ini secara harfiah.,other,tatoeba:zsm
Saya mahu belajar di luar negeri.,other,tatoeba:zsm
Saya terlupa untuk bertanyakannya.,other,tatoeba:zsm
Apa yang patut untuk saya bawa?,other,tatoeba:zsm
Rumah itu yang berdiri di atas bukit sudah terlalu lama.,other,tatoeba:zsm
Saya berharap awak akan datang sekali lagi.,other,tatoeba:zsm
Jangan lupa bahawa kita ada tugasan.,other,tatoeba:zsm
Kapal terbang itu terbang atas awan.,other,tatoeba:zsm
Hidupkan lampu. Saya tidak dapat melihat apa-apa.,other,tatoeba:zsm
Saya tidak boleh memaafkannya atas apa yang dia telah lakukan.,other,tatoeba:zsm
Saya mesti beli satu.,other,tatoeba:zsm
Sebuah tembok api akan menjamin keselamatan Internet.,other,tatoeba:zsm
Awak mesti membersihkan bilik awak.,other,tatoeba:zsm
Saya mahu menukar sepuluh ribu yen untuk dolar.,other,tatoeba:zsm
Tom telah berada dalam penjara maut selama tiga tahun.,other,tatoeba:zsm
Betapa mudahnya untuk seseorang mendapat tabiat-tabiat yang buruk!,other,tatoeba:zsm
Awak mesti menolongnya.,other,tatoeba:zsm
Jam tangan ini perlu dipasang.,other,tatoeba:zsm
Saya mesti menolongnya.,other,tatoeba:zsm
Boleh anda bermain sebarang alat muzik?,other,tatoeba:zsm
Saya pernah memiliki kereta Nissan sebelum saya memiliki yang ini.,other,tatoeba:zsm
Burung ini boleh meniru suara manusia.,other,tatoeba:zsm
Apa yang awak mahu makan?,other,tatoeba:zsm
Awak perlu turun di perhentian berikutnya.,other,tatoeba:zsm
Saya perlu belajar bahasa Jepun.,other,tatoeba:zsm
Bolehkah saya memanggil awak Bob?,other,tatoeba:zsm
Bolehkah saya meminjam pisau awak?,other,tatoeba:zsm
Saya sangat dahaga dan saya mahu untuk minum sesuatu yang sejuk.,other,tatoeba:zsm
Saya mahu pergi ke Tokyo.,other,tatoeba:zsm
"Saya telah kehilangan jam saya, jadi sekarang saya perlu membeli satu yang lain.",other,tatoeba:zsm
Izinkan saya untuk memperkenalkan Mayuko kepada awak.,other,tatoeba:zsm
Sila tanggalkan kasut awak sebelum awak memasuki rumah.,other,tatoeba:zsm
Visi žmonės gimsta laisvi ir lygūs savo orumu ir teisėmis. Jiems suteiktas protas ir sąžinė ir jie turi elgtis vienas kito atžvilgiu kaip broliai.,other,tatoeba:lit
Ryžiai auga šiltose šalyse.,other,tatoeba:lit
Turiu eiti miegoti.,other,tatoeba:lit
Aš turiu klausimą.,other,tatoeba:lit
Jie gerai su ja elgėsi.,other,tatoeba:lit
Katė ant kėdės ar po kėde?,other,tatoeba:lit
Ji rūpinosi vargšu paukšteliu.,other,tatoeba:lit
Nėra prasmės prašyti manęs pinigų.,other,tatoeba:lit
Šis veiksmažodis įprastai naudojamas tik trečiam asmeny.,other,tatoeba:lit
Bet jai patiko vaikai ir ji mėgo savo darbą.,other,tatoeba:lit
Stručiai nemoka skraidyti.,other,tatoeba:lit
Japonija importuoja įvairias žaliavas iš užsienio.,other,tatoeba:lit
Jis papasakojo vaikams apie savo nuotykius Afrikoje.,other,tatoeba:lit
Aš turiu keletą gerų draugų.,other,tatoeba:lit
Jiems patinka Tsuneoki Ikeda.,other,tatoeba:lit
Aš gavau šį siurblį už dyką.,other,tatoeba:lit
Prašyčiau atnešti man stiklinę vandens.,other,tatoeba:lit
Aš galėčiau atsakyti jiems visiems.,other,tatoeba:lit
Tu neprivalai man padėti.,other,tatoeba:lit
Jūs neprivalote man padėti.,other,tatoeba:lit
Tu eisi į mokyklą.,other,tatoeba:lit
Tikslas nebūtinai pateisina priemones.,other,tatoeba:lit
Jis pasisiūlė padėti man.,other,tatoeba:lit
Aš tik ką perskaičiau šią knygą.,other,tatoeba:lit
Aš padovanosiu jai gėlių.,other,tatoeba:lit
"Jis padarys bet ką, kad uždirbtų pinigų.",other,tatoeba:lit
Aš esu buvęs Kanadoje.,other,tatoeba:lit
Derybų žlugimas reikš karą.,other,tatoeba:lit
"Štai namas, kuriame jis gyveno.",other,tatoeba:lit
"Turėk omeny, kad jaunystė neamžina.",other,tatoeba:lit
Tas kaklaraištis tau labai tinka.,other,tatoeba:lit
Aš šito visiškai nesuprantu.,other,tatoeba:lit
Rytoj bus karšta.,other,tatoeba:lit
Ji sedėjo šalia manęs.,other,tatoeba:lit
Jis nusprendė tapti gydytoju.,other,tatoeba:lit
Ji atmetė mano prašymą.,other,tatoeba:lit
Kodėl tu atsisakei jo pasiūlymo?,other,tatoeba:lit
Dienos tampa vis ilgesnės ir ilgesnės.,other,tatoeba:lit
Aš manau jis niekad negrįš.,other,tatoeba:lit
Gali čia mokytis.,other,tatoeba:lit
Buvo labai malonu su tavim vėl pasimatyti.,other,tatoeba:lit
Mano batai yra rudi.,other,tatoeba:lit
Man nepatinka žmonės kurie lengvai įpyksta.,other,tatoeba:lit
Pavasaris yra mano mėgstamiausias metų laikas.,other,tatoeba:lit
Jie plauna rankas.,other,tatoeba:lit
Man nepatinka kaip jis kalba.,other,tatoeba:lit
Kitą savaitę mano sūnus išvažiuoja į Prancuziją.,other,tatoeba:lit
"Būk tylus. Jei nebūsi tylus, būsi išmestas.",other,tatoeba:lit
Prašau paduoti man cukrų.,other,tatoeba:lit
Vyras paėmė berniuką už rankos.,other,tatoeba:lit
"Jei esi pavargęs, eik miegoti.",other,tatoeba:lit
Tai tik sapnas.,other,tatoeba:lit
Man nepatinka rizikuoti.,other,tatoeba:lit
Sutikau Tomą pakeliui į mokyklą.,other,tatoeba:lit
Jis dirba kasdien išskyrus sekmadienius.,other,tatoeba:lit
Jam labai patinka anglų kalba.,other,tatoeba:lit
Kuris yra sunkesnis?,other,tatoeba:lit
Pažadu kad niekam to nesakysiu.,other,tatoeba:lit
Ar jau balsavai?,other,tatoeba:lit
Ta vietovė buvo tyli.,other,tatoeba:lit
Žodžiai išreiškia mintis.,other,tatoeba:lit
Prašau uždaryti duris.,other,tatoeba:lit
Aš žaidžiau futbolą.,other,tatoeba:lit
Tigras pabėgo iš zoologijos sodo.,other,tatoeba:lit
Jo sėkmė mane padrąsino.,other,tatoeba:lit
Jis turėjo mesti mokyklą dėl skurdo.,other,tatoeba:lit
Robertas kartais mane aplanko.,other,tatoeba:lit
Ji irgi turi savo ydas.,other,tatoeba:lit
Jie nesutiks su tavo pasiūlymu.,other,tatoeba:lit
Gavai mano laišką?,other,tatoeba:lit
Jis nėra kvailas.,other,tatoeba:lit
Ar nupirkai arbūzą?,other,tatoeba:lit
Paštas yra pusė mylios nuo čia.,other,tatoeba:lit
Šiandien jaučiuosi daug geriau.,other,tatoeba:lit
Man tas irgi patinka.,other,tatoeba:lit
Tas reginys ją nustebino.,other,tatoeba:lit
Jis miega kaip kūdikis.,other,tatoeba:lit
Stomatologas jai pašalino sugedusį dantį.,other,tatoeba:lit
Kas padeda tavo motinai?,other,tatoeba:lit
Senukas poilsiavo po medim.,other,tatoeba:lit
Žmogaus kūnas susideda iš nesuskaičiuojamos daugybės ląstelių.,other,tatoeba:lit
Mano draugas pavadino mane bailiu.,other,tatoeba:lit
Kendžis yra tenisininkas.,other,tatoeba:lit
Eskalatorius staigiai sustojo.,other,tatoeba:lit
Ar esi pavargęs?,other,tatoeba:lit
Ar esi pavargusi?,other,tatoeba:lit
Ji gavo avansą.,other,tatoeba:lit
Geriau jau eik.,other,tatoeba:lit
Durys atsidarė automatiškai.,other,tatoeba:lit
Ši rožė yra nuostabi.,other,tatoeba:lit
Esu labai alkanas.,other,tatoeba:lit
Esu labai alkana.,other,tatoeba:lit
Mano albumas yra čia.,other,tatoeba:lit
Čia Tonio knyga.,other,tatoeba:lit
Čia mano dviratis.,other,tatoeba:lit
Pažvelk į namą su raudonu stogu.,other,tatoeba:lit
Jis ją myli.,other,tatoeba:lit
Pakeliui namo užeisiu į paštą.,other,tatoeba:lit
Šioje skrynioje yra penki obuoliai.,other,tatoeba:lit
Eikite tiesiai šia gatve.,other,tatoeba:lit
Gerai išvalyk dantis.,other,tatoeba:lit
Bet tu niekad man to nepasakei.,other,tatoeba:lit
Nežinau ką ir pasakyti.,other,tatoeba:lit
Tai nauja fotografija?,other,tatoeba:lit
Aš nežinau ar turėsiu laiko.,other,tatoeba:lit
Kažkodėl mikrofonas iki tol neveikė.,other,tatoeba:lit
Tai nieko nepakeis.,other,tatoeba:lit
Aš uždirbu 100 eurų per dieną.,other,tatoeba:lit
Jis kartais labai keistas.,other,tatoeba:lit
Aš pasistengsiu netrukdyti tau mokytis.,other,tatoeba:lit
Aš tavęs ilgiuosi.,other,tatoeba:lit
"Paskambinsiu jiems rytoj, kai grįšiu namo.",other,tatoeba:lit
Man visad labiau patiko paslaptingi personažai.,other,tatoeba:lit
Aš negaliu taip gyventi.,other,tatoeba:lit
Kadaise aš norėjau tapti astrofiziku.,other,tatoeba:lit
Mes valgom sriubą su šaukštais.,other,tatoeba:lit
Man niekada nepatiko biologija.,other,tatoeba:lit
Paskutinis žmogus kuriam aš papasakojau savo idėją nusprendė kad aš esu beprotis.,other,tatoeba:lit
Ši gėlė yra gražesnė už aną.,other,tatoeba:lit
Ši gėlė yra gražesnė nei ana.,other,tatoeba:lit
"Jeigu pasaulis nebūtų toks kaip jis yra dabar, tada aš galėčiau pasitikėti žmonėmis.",other,tatoeba:lit
Jeigu tik aš galėčiau būti toks...,other,tatoeba:lit
Jis padėjo pataisyti mano laikrodį.,other,tatoeba:lit
Kuo vardu tavo duktė?,other,tatoeba:lit
Koks tavo batų dydis?,other,tatoeba:lit
Koks tavo namų adresas?,other,tatoeba:lit
Kuo tu dirbi?,other,tatoeba:lit
Kokia tavo kraujo grupė?,other,tatoeba:lit
Kokia tavo nuomonė?,other,tatoeba:lit
Kuo tu vardu?,other,tatoeba:lit
Kiek tau metų?,other,tatoeba:lit
Koks tavo telefono numeris?,other,tatoeba:lit
Kas paveldės sostą?,other,tatoeba:lit
Kas pavogė šį obuolį?,other,tatoeba:lit
Ji atsakė visa ašarota.,other,tatoeba:lit
Tai pigiausia parduotuvė mieste.,other,tatoeba:lit
Kada grįši namo?,other,tatoeba:lit
Mano dviratis buvo pavogtas.,other,tatoeba:lit
Mano dviratį pavogė.,other,tatoeba:lit
Prašau parodyti savo bilietą.,other,tatoeba:lit
Jo pastaba mane suerzino.,other,tatoeba:lit
Šis bandymas baigėsi nesėkme.,other,tatoeba:lit
"Kai jie yra pavojuje, jie pabėga.",other,tatoeba:lit
Aš visiškai prieš šį planą.,other,tatoeba:lit
Merė moka gerai šokti.,other,tatoeba:lit
Palaipsniui suvokiau kad blogai jį supratau.,other,tatoeba:lit
Ar galite man duoti nuolaidą?,other,tatoeba:lit
Aš labai tave myliu.,other,tatoeba:lit
Jis čia atėjo prieš baigiantis pamokoms.,other,tatoeba:lit
Jis išmoko anglų prieš išvykstant į Angliją.,other,tatoeba:lit
Jis turi vieną šunį ir šešias kates.,other,tatoeba:lit
Visatoje yra nesuskaičiuojama daugybė žvaigždžių.,other,tatoeba:lit
"Tas kuris ieško, randa.",other,tatoeba:lit
Bet gal vaikinai jų nemėgsta.,other,tatoeba:lit
Norėčiau mokėti grynais.,other,tatoeba:lit
Aš pasiekiau savo tikslą per savaitę.,other,tatoeba:lit
Jis prajuokino vaikus.,other,tatoeba:lit
Tai virš mano supratimo ribų.,other,tatoeba:lit
Aš pažiūrėjau jam į akis.,other,tatoeba:lit
Policininkas pareikalavo jų vardų ir adresų.,other,tatoeba:lit
Ne tavo reikalas.,other,tatoeba:lit
Tomiko atspėjo mano svorį.,other,tatoeba:lit
Kodėl nenori apsikirpti?,other,tatoeba:lit
Nepažįstu ne vienos iš šių seserų.,other,tatoeba:lit
Tu neturėtum eiti.,other,tatoeba:lit
Tau geriau neiti.,other,tatoeba:lit
Kuo dabar užsiimi?,other,tatoeba:lit
Jis neleidžia priešininkui prie jo prisiartinti.,other,tatoeba:lit
Dainuokim ir šokim.,other,tatoeba:lit
Kas atrado šią salą?,other,tatoeba:lit
Šuo buvo miręs.,other,tatoeba:lit
Aš tada buvau Kanadoje.,other,tatoeba:lit
Aš gavau tas žinias tik vakar.,other,tatoeba:lit
Viskas ką jis pasakė buvo tiesa.,other,tatoeba:lit
Tas kambarys nėra labai didelis.,other,tatoeba:lit
Jo žodžiai mane nustebino.,other,tatoeba:lit
Vienintelis dalykas kuris jai rūpi yra jos vaikų saugumas.,other,tatoeba:lit
Ką tu atsakei?,other,tatoeba:lit
Jis stiprus kaip arklys.,other,tatoeba:lit
Ką tu padarei su savo kamera?,other,tatoeba:lit
Ieškau dovanos draugui.,other,tatoeba:lit
Prie mano bato pado prilipo kramtomoji guma.,other,tatoeba:lit
Ak ne! Mano namas dega!,other,tatoeba:lit
Duosiu jam dar vieną šansą.,other,tatoeba:lit
"Kuris stipresnis, tigras ar liūtas?",other,tatoeba:lit
Tai mano krepšys.,other,tatoeba:lit
Tai mano maišas.,other,tatoeba:lit
Tai vienintelė kamera kurią aš turiu.,other,tatoeba:lit
Ši knyga priklauso bibliotekai.,other,tatoeba:lit
Ši knyga turi daug gražių paveikslėlių.,other,tatoeba:lit
Šioje knygoje yra daug gražių paveikslėlių.,other,tatoeba:lit
Jis visiškai nesimokė.,other,tatoeba:lit
Sūrį gamina iš pieno.,other,tatoeba:lit
Jie aptarė tą problemą.,other,tatoeba:lit
Jie mane pakvietė žaisti kortomis.,other,tatoeba:lit
Jos mane pakvietė žaisti kortomis.,other,tatoeba:lit
Jie tvirtino kad jis ją nužudė.,other,tatoeba:lit
Jos tvirtino kad jis ją nužudė.,other,tatoeba:lit
"Jei ne oras ir vanduo, mes negalėtume gyventi.",other,tatoeba:lit
Aš jo paklausiau ar jis gavo mano laišką.,other,tatoeba:lit
Kada norėtum jį pamatyti?,other,tatoeba:lit
Ko norėtum vakarienei?,other,tatoeba:lit
Pakeiskite senas padangas į naujas.,other,tatoeba:lit
Ši idėja yra labai patraukli.,other,tatoeba:lit
Tai yra pieštukas.,other,tatoeba:lit
Aš supainiojau tave su tavo broliu.,other,tatoeba:lit
Aš pamaniau kad tu mano brolis.,other,tatoeba:lit
Mes ilgai laukėm parke.,other,tatoeba:lit
Tai nėra svarbu.,other,tatoeba:lit
Ar norėtum su manim pašokti?,other,tatoeba:lit
Niekas manęs nesupranta.,other,tatoeba:lit
Tomas turi grįžti vidurdienį.,other,tatoeba:lit
Tomas neturi šiandien eiti į mokyklą.,other,tatoeba:lit
Teisėjas turi būti bešališkas.,other,tatoeba:lit
Ką turėčiau atnešti?,other,tatoeba:lit
Ką turiu atnešti?,other,tatoeba:lit
Norėčiau pamatyti tavo seserį.,other,tatoeba:lit
Paukštis ieškojo kirmėlių.,other,tatoeba:lit
Ar turiu atsakyti angliškai?,other,tatoeba:lit
Jis turi ten nueiti rytoj.,other,tatoeba:lit
Parašykite savo vardą didelėmis raidėmis.,other,tatoeba:lit
Parašyk savo vardą didelėm raidėm.,other,tatoeba:lit
"Jei oras leis, mes pradėsim rytoj.",other,tatoeba:lit
Mano priešo priešas yra mano draugas.,other,tatoeba:lit
Nežinau ar tai yra gerai.,other,tatoeba:lit
"Staiga, dangus patamsėjo.",other,tatoeba:lit
Jis padarė savo tėvus laimingus.,other,tatoeba:lit
Ji nusižudė vakar.,other,tatoeba:lit
Jis pabandė perplaukti per upę.,other,tatoeba:lit
Nupirkau jai naują automobilį.,other,tatoeba:lit
Jie sumalė kviečius į miltus.,other,tatoeba:lit
Trumpi sijonai jau nebemadingi.,other,tatoeba:lit
Trumpi sijonai jau išėjo iš mados.,other,tatoeba:lit
Ar galėtumėte kalbėti lėčiau?,other,tatoeba:lit
Ar moki naudotis kompiuteriu?,other,tatoeba:lit
Ar mokate naudotis kompiuteriu?,other,tatoeba:lit
Pažinojau Džimą nuo vaikystės.,other,tatoeba:lit
Ar aš turiu likti ligoninėje?,other,tatoeba:lit
Vakar susipykau su savo vyresniu broliu.,other,tatoeba:lit
Apgailėstauju kad negaliu šiąnakt su tavim susitikti.,other,tatoeba:lit
Ar žinai kaip atidaryti šią dėžę?,other,tatoeba:lit
Ar gali mane pavežti iki stoties?,other,tatoeba:lit
Mano brolis turi gerą atmintį.,other,tatoeba:lit
"Mano tėvas moka plaukti, bet mano motina ne.",other,tatoeba:lit
Ar žinojai kad ant šio kalno gyveno kelios lapės?,other,tatoeba:lit
Kiekvienas berniukas turi dviratį.,other,tatoeba:lit
Aš dažnai žaidžiu tenisą po pamokų.,other,tatoeba:lit
Tu nežaidi teniso?,other,tatoeba:lit
Aš mėgstu žaisti krepšinį.,other,tatoeba:lit
Jis gerai žaidžia krepšinį.,other,tatoeba:lit
Krepšinio komanda susideda iš penkių žaidėjų.,other,tatoeba:lit
"Krepšinyje, aukšti žaidėjai turi pranašumą.",other,tatoeba:lit
Aš mėgstu žiūrėti krepšinį.,other,tatoeba:lit
Prieš dvejus metus aš visiškai nemokėjau žaisti krepšinio.,other,tatoeba:lit
"Žmonės, kurie nemano kad lotynų kalba yra pati gražiausia, nieko nesupranta.",other,tatoeba:lit
Jis metė rūkyti.,other,tatoeba:lit
Jūs tikrai per geras.,other,tatoeba:lit
Jūs tikrai per gera.,other,tatoeba:lit
Duok man ką nors ant ko galėčiau rašyti.,other,tatoeba:lit
Mano tėvas nupirko man dviratį.,other,tatoeba:lit
Kiekvienas asmuo užmokėjo tūkstantį dolerių.,other,tatoeba:lit
Turi ką nors karšto išgerti?,other,tatoeba:lit
Ar jūs turite ką nors karšto išgerti?,other,tatoeba:lit
Ar turite pigesnių kambarių?,other,tatoeba:lit
Ar turite klausimų?,other,tatoeba:lit
Tuoj pat paruošk savo namų darbus.,other,tatoeba:lit
Kava kenkia tavo skrandžiui.,other,tatoeba:lit
"Jis parašė sakinį ant popieriaus, bet aš to sakinio nesupratau.",other,tatoeba:lit
Palygink savo sakinį su tuo ant lentos.,other,tatoeba:lit
Palyginkite savo sakinį su tuo ant lentos.,other,tatoeba:lit
Išversk pabrauktus sakinius.,other,tatoeba:lit
Išverskite pabrauktus sakinius.,other,tatoeba:lit
Ši lenta yra ne juoda o žalia.,other,tatoeba:lit
Paimk šį gabalą kreidos ir rašyk ant lentos.,other,tatoeba:lit
Ana kažką parašė ant lentos.,other,tatoeba:lit
Mūsų matematikos mokytojas nupiešė apskritimą ant lentos.,other,tatoeba:lit
Ji devėjo juodą kepurę.,other,tatoeba:lit
Tu baltas kaip popierius.,other,tatoeba:lit
Tu balta kaip popierius.,other,tatoeba:lit
Ten yra geltona rožė.,other,tatoeba:lit
Visi to medžio lapai pageltonavo.,other,tatoeba:lit
Niekada nemačiau raudono šaldytuvo.,other,tatoeba:lit
Mūsų komanda devėjo raudonus marškinėlius.,other,tatoeba:lit
"Gaisro atveju, išdaužkite stiklą ir nuspauskite raudoną mygtuką.",other,tatoeba:lit
Mano mama nupirko du butelius apelsinų sulčių.,other,tatoeba:lit
Šie apelsinai yra skanūs.,other,tatoeba:lit
Apelsinai šiame maiše yra supuvę.,other,tatoeba:lit
Mano kalaraištis yra oranžinis.,other,tatoeba:lit
Ar galiu suvalgyti šį apelsiną?,other,tatoeba:lit
Jam nepatinka apelsinai.,other,tatoeba:lit
Namas su žaliu stogu yra mano.,other,tatoeba:lit
Ši tvora yra nudažyta žaliai.,other,tatoeba:lit
"Bet jie atrodo labai žali, ar ne?",other,tatoeba:lit
"Bet jos atrodo labai žalios, ar ne?",other,tatoeba:lit
Rožinė pagalvė yra švari.,other,tatoeba:lit
Žalias dviratis man patinka labiau nei rožinis.,other,tatoeba:lit
Dangus yra mėlynas.,other,tatoeba:lit
Ar žinai kodėl dangus yra mėlynas?,other,tatoeba:lit
Jo plaukai buvo rudii.,other,tatoeba:lit
Kas ta moteris rudame palte?,other,tatoeba:lit
Sellises kärestikus ujuma minna oleks väga mõtlematu.,other,tatoeba:est
Jõesängi mööda puhuv jäine tuul pani kõrvaotsad ka läbi paksu villamütsi tulitama.,other,tatoeba:est
Läinud aastavahetuse melu meenutasid tänavatel vedelevad pudelid ja ilutulestiku rapped.,other,tatoeba:est
Viirpuu hekk oli täis varblaste agarat säutsumist.,other,tatoeba:est
Tema hoolimatu autojuhtimine lõppes surmaga.,other,tatoeba:est
Kõik inimesed sünnivad vabadena ja võrdsetena oma väärikuselt ja õigustelt. Neile on antud mõistus ja südametunnistus ja nende suhtumist üksteisesse peab kandma vendluse vaim.,other,tatoeba:est
Lobisedes maast ja ilmast möödus õhtu märkamatult.,other,tatoeba:est
Lõpuks jõudsime välja kompromissile.,other,tatoeba:est
Kas siis valetamine on ikka alati patt?,other,tatoeba:est
Kohtunik mõistis ta aastaks ajaks vangi.,other,tatoeba:est
"Pole midagi, mis sunniks mind sulle oma tegevuse kohta aru andma.",other,tatoeba:est
Kannatlikkus viib sihile.,other,tatoeba:est
"Tema plaan oli nii pöörane, et võttis meid keeletuks.",other,tatoeba:est
"Oota, kord koidab päev, mil paras on ilm.",other,tatoeba:est
Lisage palun kvaliteedi sertifikaat.,other,tatoeba:est
Käratsesime ja bussijuht heitis meie suunas pika pilgu.,other,tatoeba:est
Teatud mõttes mõjub viisakas kõnestiil hävitavalt suhtlusõhkkonna siirusele.,other,tatoeba:est
Kaenlaalused olid higised.,other,tatoeba:est
"Katustele kuhjunud lumi vajus sula saabudes räästaserva purikateks, mis panid möödujaid pilke pilvede poole pöörama.",other,tatoeba:est
Ma sain hakkama täiesti uskumatu veaga.,other,tatoeba:est
Ekspordisektori seis on nutune.,other,tatoeba:est
Itaalia rahvaarv moodustab umbes poole Jaapani rahvaarvust.,other,tatoeba:est
"Just rahvastiku juurekasv oli see, mis tõi kaasa vaesust ja häda.",other,tatoeba:est
Vihm oli kaljupinna lohkudesse mitmed loigud tekitanud.,other,tatoeba:est
"Ma mõistan küll, aga ometigi nõus ma sellega pole.",other,tatoeba:est
Ma ei taha piirata oma tegevust ainult ühe firmaga,other,tatoeba:est
"Ma olen, millal iganes, valmis siit lahkuma.",other,tatoeba:est
Ta sai inimelu päästmise eest kiita.,other,tatoeba:est
"Tänu sinu heale tegutsemisele, läks kõik hästi.",other,tatoeba:est
Jaapanis sõltub palk enamasti vanusest ja tööstaažist,other,tatoeba:est
Meie hinnaläbirääkimised äripartneriga lõppesid tulemuslikult.,other,tatoeba:est
Rikas inimene peab kõrget tulumaksu maksma.,other,tatoeba:est
Ateenasse teel olnud kaubalaev uppus Vahemerre ilma mingit jälge jätmata.,other,tatoeba:est
See tehas otsustas loobuda vanast masinapargist.,other,tatoeba:est
Meie arutelu talletatakse kirjutaja poolt.,other,tatoeba:est
Temast oli mõistlik end sellega mitte siduda.,other,tatoeba:est
"Ta tuli selleks, et välja selgitada faktid.",other,tatoeba:est
See noor kriitik on magnetiks mõnelgi pool.,other,tatoeba:est
Inimestele pole miski ebameeldivam kui neile antud lubaduste murdmine.,other,tatoeba:est
Kuidas sul läheb?,other,tatoeba:est
Ta nõudis osa kasumist endale.,other,tatoeba:est
Hr Smith eksis tihedas udus teelt.,other,tatoeba:est
Mida sa teed siin?,other,tatoeba:est
Sina oled inimene.,other,tatoeba:est
"Ma ütlesin talle, et sa oled armas tüdruk.",other,tatoeba:est
Tüdruk andis talle kella.,other,tatoeba:est
Minu pojal on halb tervis.,other,tatoeba:est
Kuidas teie nimi kirjutatakse?,other,tatoeba:est
Palun mõelge sellest ja andke mulle teada teie otsusest.,other,tatoeba:est
"Ma tunnen kaasa inimestele, kellel on see haigus.",other,tatoeba:est
See on minu raamat.,other,tatoeba:est
Ma läksin üksinda metsa.,other,tatoeba:est
Kogu vastutus jäi mulle.,other,tatoeba:est
Ta lükkas mütsi kuklasse.,other,tatoeba:est
Vestlus kestis üle kesköö.,other,tatoeba:est
Töö kaunistab inimest.,other,tatoeba:est
Ta ei teadnud seda.,other,tatoeba:est
Istun üksi kodus.,other,tatoeba:est
Mul on sind väga vaja.,other,tatoeba:est
Nad tegelevad sellega vajaduse pärast.,other,tatoeba:est
See on meeste jutt.,other,tatoeba:est
Nad armastavad teineteist kirglikult.,other,tatoeba:est
Jutt siirdus poliitikale.,other,tatoeba:est
"Oletame, et ma tulen.",other,tatoeba:est
Ta jäi tõesti haigeks.,other,tatoeba:est
Ta on oma ema täpne koopia.,other,tatoeba:est
Mis meid ootab?,other,tatoeba:est
Ma armastan sind.,other,tatoeba:est
Õunad juba varisevad aias.,other,tatoeba:est
Ta peab seda tavaliseks.,other,tatoeba:est
Iseenesest ei muutu midagi paremaks.,other,tatoeba:est
Keegi peab selle töö ära tegema.,other,tatoeba:est
Me ei teadnud seda ja ei olnud sellest ka kuulnud.,other,tatoeba:est
Kas sa oled aru saanud oma veast?,other,tatoeba:est
Ta jättis kohtumisele minemata.,other,tatoeba:est
Kas sa ei karda hilineda?,other,tatoeba:est
"Kui on vajadus sõna võtta, siis tuleb seda teha.",other,tatoeba:est
Oli võimalus raha teenida.,other,tatoeba:est
Kus oled sa?,other,tatoeba:est
Sa olevat mind eile otsinud?,other,tatoeba:est
Nii esmaspäeval kui teisipäeval ei ole mul aega.,other,tatoeba:est
Eduks on vaja visadust.,other,tatoeba:est
Ta on rahvuselt ukrainlane.,other,tatoeba:est
Sellel mehel on hea naine.,other,tatoeba:est
"Arst tegi kõik võimaliku, nii et süüdistada ei saa kedagi.",other,tatoeba:est
Ta on minu õde.,other,tatoeba:est
Su käsi on külm nagu jää.,other,tatoeba:est
Enne õhtut ärge mind oodake.,other,tatoeba:est
Aja jooksul haavad paranevad.,other,tatoeba:est
Pärast tööd läksime jalutama.,other,tatoeba:est
Kohtume tunni pärast sinu vanemate juures.,other,tatoeba:est
Sinu käitumine kurvastab mind.,other,tatoeba:est
Ta viskus valu pärast maha.,other,tatoeba:est
Kass mõnules diivanil.,other,tatoeba:est
"Kulutasin oma raha riietele, söögile ja raamatutele.",other,tatoeba:est
Jookseme koos kuni järgmise peatuseni.,other,tatoeba:est
"Kohtasin tütarlast, kes mulle meeldis.",other,tatoeba:est
Me lõpetame töö kell kuus.,other,tatoeba:est
Minge kohe ära!,other,tatoeba:est
Mis laule siis lauldi?,other,tatoeba:est
Linna kohale ilmusid lennukid.,other,tatoeba:est
Tutvusime kahe aasta eest.,other,tatoeba:est
Tuul on lõunast.,other,tatoeba:est
Rannas on suured kivid.,other,tatoeba:est
Kas nüüd on kõik?,other,tatoeba:est
Õnneks ei ole kõik nädalapäevad nii rasked.,other,tatoeba:est
"Ma loeksin seda raamatut, aga ei ole aega.",other,tatoeba:est
"Ta ei ole esimene, vaid teine.",other,tatoeba:est
Ta ei andesta seda enesele.,other,tatoeba:est
Ema jäi mõtlema.,other,tatoeba:est
Alustatud tööd tuleb tõsiselt võtta.,other,tatoeba:est
"Eksamit edukalt sooritatud, sõitis ta koju.",other,tatoeba:est
"Kulla mees, mis nalja te teete?",other,tatoeba:est
See ei ole just kerge.,other,tatoeba:est
"Mere ääres on praegu üle kahekümne kraadi sooja, mägedes on aga alla kümne kraadi.",other,tatoeba:est
Sinu jaoks on mul alati aega.,other,tatoeba:est
Ära minu pärast muretse!,other,tatoeba:est
Tal on kõige kohta oma arvamus.,other,tatoeba:est
Soola lisage maitse järgi!,other,tatoeba:est
Näo poolest on ta ema moodi.,other,tatoeba:est
Keskaeg tuletab end siin igal sammul meelde.,other,tatoeba:est
Jõe äärde ehitatakse uut elamut.,other,tatoeba:est
Palun tule pühapäeval minu juurde!,other,tatoeba:est
Ma tutvun selle teosega.,other,tatoeba:est
Igal linnul oma laul.,other,tatoeba:est
Praegu on päevad kõige pikemad ja ööd kõige lühemad.,other,tatoeba:est
Ta sai üldise imetluse objektiks.,other,tatoeba:est
"Tuleb leppida hilissuvega, mil üha pikemaks veniv öö laseb õhul vabamalt jahtuda.",other,tatoeba:est
Hoidke kõrgel tema au!,other,tatoeba:est
Eesti mees on tantsulõvi.,other,tatoeba:est
Laual oli pakk paberit.,other,tatoeba:est
Mägede tippudel oli lumi.,other,tatoeba:est
Sain sõbralt kirja.,other,tatoeba:est
Mis loom on suur?,other,tatoeba:est
Eestis valitseb mandrilise ja merelise kliima vaheline üleminekuline paraskliima.,other,tatoeba:est
Ma ei räägi saksa keelt.,other,tatoeba:est
"Pea suu, häbitu loom!",other,tatoeba:est
Ta sõi looma isuga.,other,tatoeba:est
Ta on loomu poolest isasse.,other,tatoeba:est
Tal on looma jõud.,other,tatoeba:est
Ta läks teiste edust kuuldes kadedusest roheliseks.,other,tatoeba:est
Kaselehed on juba kollaseks läinud.,other,tatoeba:est
Telefon on rääkimisest punane.,other,tatoeba:est
Sa näed kõike mustades värvides.,other,tatoeba:est
Sinine mõjub rahustavalt.,other,tatoeba:est
Ta toppis riiuli tihedalt raamatuid täis.,other,tatoeba:est
Valitsus deklareeris maksude vähendamise kavatsust.,other,tatoeba:est
Selle ettevõtte tugevuse aluseks on tulevikku suunatud strateegia.,other,tatoeba:est
Tema nali maandas toas tekkinud pinget.,other,tatoeba:est
Mida see sõna tähendab?,other,tatoeba:est
Nagu hane selga vesi.,other,tatoeba:est
"Ei ole vahet, kas lähed täna või homme.",other,tatoeba:est
Kas nad said aru?,other,tatoeba:est
Ta ootas mu vastust.,other,tatoeba:est
Ta rääkis kiiresti.,other,tatoeba:est
See oli hea tunne.,other,tatoeba:est
See oli tõesti kohutav.,other,tatoeba:est
Mitte ühtegi ei jäetud ellu.,other,tatoeba:est
Nad liikusid kiiremini kui galopeerivad hobused.,other,tatoeba:est
Kes oleks julgenud?,other,tatoeba:est
Kosmoses ei kuule keegi su karjumist.,other,tatoeba:est
"Mida varem me alustame, seda varem me lõpetame.",other,tatoeba:est
Aegajalt ta külastab mind.,other,tatoeba:est
Põrgus ei ole enam ruumi.,other,tatoeba:est
Järgmisel laupäeval olen ma vaba.,other,tatoeba:est
"Tunnistan, et ma ei saa aru.",other,tatoeba:est
Nad pidid otsast peale hakkama.,other,tatoeba:est
Nad oskavad kala püüda.,other,tatoeba:est
Sa ei näe puude taga metsa.,other,tatoeba:est
Keegi on ukse taga.,other,tatoeba:est
Kus lapsed on?,other,tatoeba:est
"Ma räägin sellest talle, kui ta järgmine kord tuleb.",other,tatoeba:est
Tema uus romaan ilmub järgmisel kuul.,other,tatoeba:est
Selles sõnaraamatus on umbes pool miljonit sõna.,other,tatoeba:est
"Need, kes surma igatsevad on haletsust väärt, veelgi haletsusväärsemad on aga need, kes surma kardavad.",other,tatoeba:est
Värvusetud rohelised ideed magavad raevukalt.,other,tatoeba:est
Menüüs oli suur valik roogi.,other,tatoeba:est
Nad tahtsid pulmapilti Eiffeli torni ees.,other,tatoeba:est
"Tähelepanu, valmis olla, start!",other,tatoeba:est
"Vabandage, mis kell on?",other,tatoeba:est
Minu nimi on Sally.,other,tatoeba:est
Ma tahan surra koos Getter Jaaniga.,other,tatoeba:est
Ma olen Kylie Minogue'i uskunud alates 12. juunist 1998.,other,tatoeba:est
Millal on järgmine giidiga ekskursioon?,other,tatoeba:est
Leedu on hea riik.,other,tatoeba:est
"Üks, kaks, kolm, neli, viis, kuus, seitse, kaheksa, üheksa, kümme.",other,tatoeba:est
Ta on juba söönud.,other,tatoeba:est
Ma tundsin end halvasti.,other,tatoeba:est
Tema silmad on sinised.,other,tatoeba:est
Just siis buss peatus.,other,tatoeba:est
Ma ei mäleta tema seletust.,other,tatoeba:est
Kelle ratas see veel on?,other,tatoeba:est
Ta hüppas rongi.,other,tatoeba:est
Tema hooletus põhjustas õnnetuse.,other,tatoeba:est
Mis kiri see on?,other,tatoeba:est
Kassid näevad pimedas.,other,tatoeba:est
Muidu me peame selle tellimuse tühistama.,other,tatoeba:est
Ma olen rõdul.,other,tatoeba:est
See kell on palju parem kui too.,other,tatoeba:est
Alati kui me kohtume kurdab ta oma naise üle.,other,tatoeba:est
Jänes jookseb aias.,other,tatoeba:est
Miks sa ostsid nii kalli sõnastiku?,other,tatoeba:est
Küünarnukid laualt ära.,other,tatoeba:est
Mu isa ajab vannitoas habet.,other,tatoeba:est
See on minu meiliaadress.,other,tatoeba:est
Maja Keuc on hea laulja.,other,tatoeba:est
"Ei, see pole minu kodu.",other,tatoeba:est
See pole minu suur maja.,other,tatoeba:est
"Jah, see on minu kodu.",other,tatoeba:est
Sa peaksid magama.,other,tatoeba:est
Ja feminism? Mida sa feminismist arvad?,other,tatoeba:est
Phoenix on Arizona osariigi pealinn.,other,tatoeba:est
Sa oled mu printsess.,other,tatoeba:est
Ta ostis oma tütrele uue kleidi.,other,tatoeba:est
See on ilus kleit.,other,tatoeba:est
Ta mängib jalgpalli.,other,tatoeba:est
Palun sulge aken.,other,tatoeba:est
Mees on alasti.,other,tatoeba:est
Naine on alasti.,other,tatoeba:est
Beebi oli paljas.,other,tatoeba:est
Ma tahan sind suudelda.,other,tatoeba:est
Ta tahab teda suudelda.,other,tatoeba:est
Janet ostis seeliku ja pluusi.,other,tatoeba:est
Talle meeldivad lühikesed seelikud.,other,tatoeba:est
Kes te kõik olete?,other,tatoeba:est
Kes see tüdruk on?,other,tatoeba:est
Ta on blond tüdruk.,other,tatoeba:est
Ann on väike tüdruk.,other,tatoeba:est
Ma otsin sooja villast seelikut.,other,tatoeba:est
See on Brian Rock.,other,tatoeba:est
Homme ma lähen jalgpalli mängima.,other,tatoeba:est
"Tere päevast, kuidas läheb?",other,tatoeba:est
Ameerika Ühendriigid koosnevad 50-st osariigist.,other,tatoeba:est
Kes see naine on?,other,tatoeba:est
Ma ei saa saksa keelest aru.,other,tatoeba:est
Mary on väga ilus tüdruk.,other,tatoeba:est
Tüdrukud on tüdrukud ja poisid on poisid.,other,tatoeba:est
"John ei tea, mida edasi teha.",other,tatoeba:est
Teie kleit on väga ilus.,other,tatoeba:est
Kus sa olid?,other,tatoeba:est
Ma olen rase.,other,tatoeba:est
Mu seelik on liiga pikk.,other,tatoeba:est
Tal on palju kleite.,other,tatoeba:est
Maja Keuc on hea lauljatar.,other,tatoeba:est
"Nagu ma arvasin, ta on neitsi!",other,tatoeba:est
Ta on väga kena tüdruk.,other,tatoeba:est
See kena tüdruk on minu õde.,other,tatoeba:est
Mis oleks maailm ilma naisteta?,other,tatoeba:est
Me naersime ja naersime.,other,tatoeba:est
Talle meeldib leib ja või.,other,tatoeba:est
Lipitsemisega ei võida midagi.,other,tatoeba:est
Loe arvesti näit.,other,tatoeba:est
Tema hääl käis mulle närvidele.,other,tatoeba:est
See on hullumaja.,other,tatoeba:est
Ta õpetab inglise keelt.,other,tatoeba:est
"Ta pole pikka kasvu, aga on tugev.",other,tatoeba:est
See on minu enda jalgratas.,other,tatoeba:est
Ma sooviksin selle linna kaarti.,other,tatoeba:est
Minu ema on vihane.,other,tatoeba:est
Teie maja on suur.,other,tatoeba:est
Ma olen üliõpilane.,other,tatoeba:est
Mu onu ostis eile koera.,other,tatoeba:est
Mul on palju unistusi.,other,tatoeba:est
Poiss ostab koera.,other,tatoeba:est
Poiss viskab ühe kivi.,other,tatoeba:est
Eile sadas lund.,other,tatoeba:est
Kaks päeva tagasi puhus tuul.,other,tatoeba:est
Maja on külm.,other,tatoeba:est
See on minu tütar.,other,tatoeba:est
Kes sa oled?,other,tatoeba:est
Kus sa töötad?,other,tatoeba:est
Täna on laupäev.,other,tatoeba:est
Ma elan Jaapanis.,other,tatoeba:est
See on toit.,other,tatoeba:est
See on tehtud Kasahstanis.,other,tatoeba:est
Kes see on?,other,tatoeba:est
Hetkel pole midagi süüa.,other,tatoeba:est
Mul on külm. Kas ma võiksin akna kinni panna?,other,tatoeba:est
See ruum ei sobi magamiseks.,other,tatoeba:est
Me lähme õhtul Havaile.,other,tatoeba:est
Mu naine üritab magada.,other,tatoeba:est
Ma pesen selle pluusi ära.,other,tatoeba:est
Kes on roolis?,other,tatoeba:est
Ega sa ometigi ei eksi ju.,other,tatoeba:est
Kuldraha osutus palju väärtuslikumaks kui arvati.,other,tatoeba:est
Ta nõustus temaga.,other,tatoeba:est
"Ta on minister, kes vastutab keskkonna asjade eest.",other,tatoeba:est
"Tundub, et teine korrus on banketisaal.",other,tatoeba:est
Probleem lahenes iseenesest.,other,tatoeba:est
Millal sa koju tuled?,other,tatoeba:est
Mul ei ole kuigi head sõnaraamatut.,other,tatoeba:est
Tal on rohkem kui viis sõnaraamatut.,other,tatoeba:est
Ma tahan head sõnaraamatut.,other,tatoeba:est
Kas sa kavatsed sõnastiku osta?,other,tatoeba:est
"""Tatoeba"" on mitmekeelne sõnastik.",other,tatoeba:est
Saab otsida sõnu ja leida tõlkeid. Kuid tegu pole mitte just tüüpilise sõnastikuga.,other,tatoeba:est
Kas riiulis on inglise-jaapani sõnastik?,other,tatoeba:est
Selle sõnastiku ostmiseks mul tõesti raha pole.,other,tatoeba:est
Selle raamatu lugemiseks pole sõnastikku vaja kasutada.,other,tatoeba:est
Kas teil on inglise sõnastik?,other,tatoeba:est
Ja sam student.,other,tatoeba:hrv
Tko si ti?,other,tatoeba:hrv
Zovem se Jack.,other,tatoeba:hrv
Kako se ti zoveš?,other,tatoeba:hrv
Zove se Tomojuki Ogura.,other,tatoeba:hrv
Što je ovo?,other,tatoeba:hrv
To je lutka.,other,tatoeba:hrv
Je li tvoje?,other,tatoeba:hrv
Je li tvoja?,other,tatoeba:hrv
Je li tvoj?,other,tatoeba:hrv
"Moja je, nije njegova.",other,tatoeba:hrv
"Moj je, nije njegov.",other,tatoeba:hrv
"Moje je, nije njegovo.",other,tatoeba:hrv
"Bilježnica nije tvoja, njegova je.",other,tatoeba:hrv
"Njezin je, zar ne?",other,tatoeba:hrv
"Njezina je, zar ne?",other,tatoeba:hrv
"Njezino je, zar ne?",other,tatoeba:hrv
To je njihova knjiga.,other,tatoeba:hrv
To je moja mačka.,other,tatoeba:hrv
"Njegov je, zar ne?",other,tatoeba:hrv
"Njegovo je, zar ne?",other,tatoeba:hrv
"Njegova je, zar ne?",other,tatoeba:hrv
Ovo je dobar udžbenik.,other,tatoeba:hrv
"To nije mačka, pas je.",other,tatoeba:hrv
Ovo je moje pitanje.,other,tatoeba:hrv
"Dobar dan, kako si?",other,tatoeba:hrv
Kako se zove?,other,tatoeba:hrv
Pas zove se Ken.,other,tatoeba:hrv
Dobro. A vi?,other,tatoeba:hrv
Dobro. A ti?,other,tatoeba:hrv
Kako se zovete?,other,tatoeba:hrv
"I ti, Brute?",other,tatoeba:hrv
Ovo je moja žena Edita.,other,tatoeba:hrv
Kako se kaže...?,other,tatoeba:hrv
"Kako se kaže ""Hvala"" na japanskom?",other,tatoeba:hrv
Kako se kaže to na talijanskom?,other,tatoeba:hrv
Kako se kaže XXX na nizozemskom jeziku?,other,tatoeba:hrv
"Kako se kaže ""mačka"" na španjolskom?",other,tatoeba:hrv
"Kako se kaže ""doviđenja"" na nemačkom jeziku?",other,tatoeba:hrv
Jesi li ti student?,other,tatoeba:hrv
Jesi li ti studentica?,other,tatoeba:hrv
"""Jesi li ti nastavnik?"" ""Da, jesam.""",other,tatoeba:hrv
Ja sam profesor.,other,tatoeba:hrv
Ja sam profesorica.,other,tatoeba:hrv
Mačka nije čovjek!,other,tatoeba:hrv
"On nije znanstvenik, ali on jest naš prijatelj.",other,tatoeba:hrv
Jesu li oni prijatelji?,other,tatoeba:hrv
Je li on nastavnik?,other,tatoeba:hrv
Je li on doktor?,other,tatoeba:hrv
On je Amerikanac.,other,tatoeba:hrv
Mi smo Australci.,other,tatoeba:hrv
Ovo je knjiga.,other,tatoeba:hrv
Kako se zove tvoj prijatelj?,other,tatoeba:hrv
Kako se zoveš na bosanskom?,other,tatoeba:hrv
Koje je tvoje bosansko ime?,other,tatoeba:hrv
On je znanstvenik.,other,tatoeba:hrv
To je njegov auto.,other,tatoeba:hrv
Ta torba je moja.,other,tatoeba:hrv
"Oprosti, tko je ova žena?",other,tatoeba:hrv
"Oprostite, tko je ova žena?",other,tatoeba:hrv
Ona se zove Lucifera.,other,tatoeba:hrv
Tko je ovaj čovjek?,other,tatoeba:hrv
Ona je moja profesorica.,other,tatoeba:hrv
On je moj prijatelj.,other,tatoeba:hrv
Tko ste vi?,other,tatoeba:hrv
Ja sam prevoditelj.,other,tatoeba:hrv
Pas je moj.,other,tatoeba:hrv
Tko je taj čovjek?,other,tatoeba:hrv
"Sva ljudska bića rađaju se slobodna i jednaka u dostojanstvu i pravima. Ona su obdarena razumom i sviješću, i trebaju jedni prema drugima postupati u duhu bratstva.",other,tatoeba:hrv
"Jedan, dva, tri, četiri, pet, šest, sedam, osam, devet, deset.",other,tatoeba:hrv
Vrijeme je tako lijepo!,other,tatoeba:hrv
Vang Lao Dži nije pivo. Čaj je.,other,tatoeba:hrv
"Triput meri, jednom seci.",other,tatoeba:hrv
Jesi li ti siguran?,other,tatoeba:hrv
Jesi li ti Ujgur?,other,tatoeba:hrv
Tvoji rezultati ispita su odlični.,other,tatoeba:hrv
Znaš li da joj se sviđaju životinje?,other,tatoeba:hrv
Kažu da zmije hipnotiziraju male životinje i ptice.,other,tatoeba:hrv
George me otpratio kući.,other,tatoeba:hrv
Najbogatiji čovjek na svijetu ne bi mogao kupiti njezinu ljubav.,other,tatoeba:hrv
Pušenje je štetno za zdravlje.,other,tatoeba:hrv
Imate li slobodnih soba?,other,tatoeba:hrv
Jako me brine tvoje zdravlje.,other,tatoeba:hrv
Oni kopaju rupu.,other,tatoeba:hrv
Bliži se veliki tajfun.,other,tatoeba:hrv
"Izgubila je novac, obitelj, prijatelje.",other,tatoeba:hrv
Moraš više raditi.,other,tatoeba:hrv
Kakav je ovo film? Je li popularan?,other,tatoeba:hrv
Trgovina igračaka je zatvorena.,other,tatoeba:hrv
Otišao je na more da bi plivao.,other,tatoeba:hrv
"Kažem li svojoj majci, brinut će se, zato mislim da joj neću reći.",other,tatoeba:hrv
Odlučila sam joj reći da ga volim.,other,tatoeba:hrv
"Tatoeba: Gdje je pozornost za detalje sveta, a kazna brza.",other,tatoeba:hrv
Vi ste njezine kćeri.,other,tatoeba:hrv
"Ne, to je sve.",other,tatoeba:hrv
S takvom cijenom vaš proizvod neće preživjeti konkurenciju na japanskom tržištu.,other,tatoeba:hrv
Ne postoji ništa vrijednije od ljubavi.,other,tatoeba:hrv
Mogu li uzeti tvoj rječnik?,other,tatoeba:hrv
Hoćeš li otvoriti vrata?,other,tatoeba:hrv
To se mora promijeniti.,other,tatoeba:hrv
Ne znam hoću li imati vremena.,other,tatoeba:hrv
Kada će se sagraditi ovaj hram?,other,tatoeba:hrv
Koja je tvoja omiljena TV zvijezda?,other,tatoeba:hrv
Hoćemo li stići na koncert?,other,tatoeba:hrv
Nitko me ne razumije.,other,tatoeba:hrv
Dojim svoje dijete.,other,tatoeba:hrv
"Ne, nikada nisam tamo bio.",other,tatoeba:hrv
Tko je tvoj omiljeni skladatelj?,other,tatoeba:hrv
Ostavljam ti to.,other,tatoeba:hrv
To ne može biti istina.,other,tatoeba:hrv
Danas je više oblaka nego jučer.,other,tatoeba:hrv
Zašto ste sami?,other,tatoeba:hrv
Kakvo je vrijeme u New Yorku?,other,tatoeba:hrv
Savjest grize bez zuba.,other,tatoeba:hrv
To su umjetne suze.,other,tatoeba:hrv
I što ako sam homoseksualac? Zar je to zločin?,other,tatoeba:hrv
Zlato je skuplje od željeza.,other,tatoeba:hrv
Evo restorana u kojem često jedem.,other,tatoeba:hrv
Ona uvijek marljivo radi.,other,tatoeba:hrv
"Djevojke su lagano plesale, kao mnoštvo leptira.",other,tatoeba:hrv
Ne mogu se s tobom dogovoriti po tom pitanju.,other,tatoeba:hrv
Dugo je govorila o svojim inozemnim iskustvima.,other,tatoeba:hrv
Kunići imaju duga uha.,other,tatoeba:hrv
Ne razumiju me kada govorim njemački.,other,tatoeba:hrv
Sviđa mu se talijanska kuhinja.,other,tatoeba:hrv
Razbio je ovaj prozor.,other,tatoeba:hrv
On kaže da će doći.,other,tatoeba:hrv
Muškarac je ustao i zapjevao.,other,tatoeba:hrv
Možete li mi poslati brošuru?,other,tatoeba:hrv
On ima desetke knjiga.,other,tatoeba:hrv
Rodio se u Ohiu.,other,tatoeba:hrv
On često citira Shakespeara.,other,tatoeba:hrv
To jelo je ukusnije od onoga.,other,tatoeba:hrv
Vaš prijedlog je suprotan našemu.,other,tatoeba:hrv
On se ne boji opasnosti.,other,tatoeba:hrv
Žena mu je otvorila vrata.,other,tatoeba:hrv
"On nije znanstvenik, ali nam je prijatelj.",other,tatoeba:hrv
Ona je moja prva ljubav.,other,tatoeba:hrv
I malo kruha.,other,tatoeba:hrv
Bio je strašno ranjen.,other,tatoeba:hrv
Uvijek govori o vladi s prijezirom.,other,tatoeba:hrv
To svatko zna.,other,tatoeba:hrv
Želim da mi se san ostvari.,other,tatoeba:hrv
Ona će platiti najviše 50 dolara.,other,tatoeba:hrv
Pozdravio nas je i otišao.,other,tatoeba:hrv
"Ukratko, neki pištolji imaju odlične sigurnosne sustave kako bi spriječili slučajna opaljivanja (npr. kod ispuštanja), a drugi nemaju.",other,tatoeba:hrv
Daj mu vremena.,other,tatoeba:hrv
Ljeto je gotovo.,other,tatoeba:hrv
Ona govori i engleski i njemački.,other,tatoeba:hrv
Čovjek je racionalno biće.,other,tatoeba:hrv
Studiram američku dramu.,other,tatoeba:hrv
Vatra se proširila na susjednu zgradu prije nego što su vatrogasci pristigli.,other,tatoeba:hrv
Zato sam ga otpustio.,other,tatoeba:hrv
Otac mi je kupio tu knjigu.,other,tatoeba:hrv
On ima oči na potiljku.,other,tatoeba:hrv
Isplati se posjetiti muzej.,other,tatoeba:hrv
"Ukoliko pronađem tvoju putovnicu, smjesta ću te nazvati.",other,tatoeba:hrv
Radio sam na tome dan za danom.,other,tatoeba:hrv
Ne volim učiti po ovakvoj vrućini.,other,tatoeba:hrv
Nema koristi da ga se pokuša nagovoriti.,other,tatoeba:hrv
Ne može doći jer je bolestan.,other,tatoeba:hrv
Nisam baš bio spreman.,other,tatoeba:hrv
Napustit ću školu.,other,tatoeba:hrv
Iznosio sam svoje cipele.,other,tatoeba:hrv
Vani je poput ljeta.,other,tatoeba:hrv
Čini se da Cathy voli glazbu.,other,tatoeba:hrv
"Učiteljica je, ne čuvši zvono, nastavila pričati.",other,tatoeba:hrv
Ona će stići u Tokio početkom sljedećeg mjeseca.,other,tatoeba:hrv
Dao sam svojoj majci devetnaest cvijetova za Majčin dan.,other,tatoeba:hrv
Učiteljica mi je dodijelila najduže poglavlje.,other,tatoeba:hrv
Vozio je auto ulicom.,other,tatoeba:hrv
To ostavlja loš okus.,other,tatoeba:hrv
Govoriti engleski je zabavno.,other,tatoeba:hrv
Nadam se da sutra neće padati kiša.,other,tatoeba:hrv
Oni su zaista pobijedili.,other,tatoeba:hrv
Brinuo se za dijete.,other,tatoeba:hrv
Bol je malo popustila.,other,tatoeba:hrv
Svi učitelji su bili mladi i voljeli podučavati.,other,tatoeba:hrv
Organizirao je bojkot autobusnog prijevoza.,other,tatoeba:hrv
Njegova priča možda nije istinita.,other,tatoeba:hrv
Visoko je podignuo trofej.,other,tatoeba:hrv
Inzistirala je da on ode u bolnicu.,other,tatoeba:hrv
Svi smo zurili u nju; toliko se promijenila.,other,tatoeba:hrv
Svi vole to mjesto.,other,tatoeba:hrv
"Kažeš ""siromašan"", ali postoji puno stupnjeva siromaštva.",other,tatoeba:hrv
Tvar je dovoljno lagana da pluta na vodi.,other,tatoeba:hrv
Čini se da je to prilično veliki muzej.,other,tatoeba:hrv
Dobro je građen.,other,tatoeba:hrv
Popustili smo njihovim zahtjevima.,other,tatoeba:hrv
Njegovo mišljenje je razumno.,other,tatoeba:hrv
Umirem od gladi!,other,tatoeba:hrv
On igra golf.,other,tatoeba:hrv
Možeš uvijek računati na mene.,other,tatoeba:hrv
To je bio zao kunić.,other,tatoeba:hrv
U toj knjizi autor uspoređuje Japan i Ameriku.,other,tatoeba:hrv
Nikakve kiše tijekom protekla tri mjeseca nije bilo.,other,tatoeba:hrv
Posudit ću ti svoju knjigu za zabilješke.,other,tatoeba:hrv
Rođena sam 1979. godine.,other,tatoeba:hrv
Zla je vještica bacila zle čini na muškarca i pretvorila ga u kukca.,other,tatoeba:hrv
Takav običaj je karakterističan za Britance.,other,tatoeba:hrv
Munja prethodi grom.,other,tatoeba:hrv
Meni se sviđa pješačiti.,other,tatoeba:hrv
Nimalo nisam zadovoljan stanjem.,other,tatoeba:hrv
"Neka ti Bog pomogne, brate, za to što si nama dvojici tako pomogao.",other,tatoeba:hrv
Zašto ne bismo dijelili sobu?,other,tatoeba:hrv
"Dakle, ja želim pojasniti tko su ti ljudi.",other,tatoeba:hrv
Lako je učiti strani jezik.,other,tatoeba:hrv
Ona je veoma lijepa.,other,tatoeba:hrv
"Molim vas, ne fotografirajte tu.",other,tatoeba:hrv
Mislimo da je Venecija prekrasan grad.,other,tatoeba:hrv
Tko je pronašao izgubljenog psa?,other,tatoeba:hrv
Japan ima diplomatske odnose s Kinom.,other,tatoeba:hrv
"Zanimljivo bi bilo znati, tko je pokopan u toj grobnici.",other,tatoeba:hrv
Nikada mi se nije sviđala biologija.,other,tatoeba:hrv
"Tko pod drugim jamu kopa, sam u nju upada.",other,tatoeba:hrv
"Tko rano rani, dvije sreće grabi.",other,tatoeba:hrv
Ruka ruku mije.,other,tatoeba:hrv
"Tko živ, tko mrtav.",other,tatoeba:hrv
"Vuk dlaku mijenja, ali ćud nikad.",other,tatoeba:hrv
Pod vodom se može vidjeti cijeli niz stvorenja.,other,tatoeba:hrv
Cijeli grad je bio pod vodom.,other,tatoeba:hrv
"Bilo, pa prošlo.",other,tatoeba:hrv
"Koji je glavni grad Sjedinjenih Država, Washington ili New York?",other,tatoeba:hrv
Vi ste lijepi.,other,tatoeba:hrv
"Tko se mača laća, od mača i pogiba.",other,tatoeba:hrv
Pero je jače od mača.,other,tatoeba:hrv
Planirate li dugo ostati?,other,tatoeba:hrv
To je Alina knjiga.,other,tatoeba:hrv
Jučer me usrećio.,other,tatoeba:hrv
On uopće ne zna francuski.,other,tatoeba:hrv
"Bog je visoko, a kralj daleko.",other,tatoeba:hrv
Bez muke nema nauke.,other,tatoeba:hrv
Više nije mogao izdržati bol.,other,tatoeba:hrv
Bolje ikad nego nikad.,other,tatoeba:hrv
Bolje spriječiti nego liječiti.,other,tatoeba:hrv
Bolje vrabac u ruci nego golub na grani.,other,tatoeba:hrv
Ptica je letjela nebom.,other,tatoeba:hrv
Ptica je visoko letjela nebom.,other,tatoeba:hrv
Čovjek je čovjeku vuk.,other,tatoeba:hrv
Jedna lasta ne čini proljeće.,other,tatoeba:hrv
"Kad mačke nema, miševi kolo vode.",other,tatoeba:hrv
"Kako došlo, tako prošlo.",other,tatoeba:hrv
"Mi o vuku, a vuk na vrata.",other,tatoeba:hrv
"Veoma mi se sviđa engleski jezik, ali mi je ponekad jako težak.",other,tatoeba:hrv
"Čim me vidio, pobjegao je.",other,tatoeba:hrv
Nancy se boji pasa.,other,tatoeba:hrv
"Ljudi ne postoje na ovome svijetu da postanu bogati, nego da postanu sretni.",other,tatoeba:hrv
"Htio sam još govoriti, ali mi je ona jednostavno spustila slušalicu.",other,tatoeba:hrv
Na nebu nema oblaka.,other,tatoeba:hrv
Nadali smo se da će kiša prestati do ručka.,other,tatoeba:hrv
Neki lijekovi nam škode.,other,tatoeba:hrv
Koliko duboko je to jezero?,other,tatoeba:hrv
Tko je otkrio taj otok?,other,tatoeba:hrv
Tata je za mene kupio knjige.,other,tatoeba:hrv
Osjećam se dobro sada.,other,tatoeba:hrv
Ona sliči na majku.,other,tatoeba:hrv
Živite li u gradu?,other,tatoeba:hrv
"Mama kupa psa, jer je prljav.",other,tatoeba:hrv
Prestala je pušiti.,other,tatoeba:hrv
"Ta gospođa, odjevena u bijelo, je poznata glumica.",other,tatoeba:hrv
Glumi da je bolestan.,other,tatoeba:hrv
Svi su osim mene pjevali.,other,tatoeba:hrv
Koliko košta ta kravata?,other,tatoeba:hrv
Ponosan sam na tebe.,other,tatoeba:hrv
Je li ta crna torba ženska?,other,tatoeba:hrv
Koji si gledao film?,other,tatoeba:hrv
Je li to tvoj automobil?,other,tatoeba:hrv
"On je usamljen čovjek, nema puno prijatelja.",other,tatoeba:hrv
Gimnastika je njegova jaka strana.,other,tatoeba:hrv
"Pij svoj čaj, jer će se ohladiti.",other,tatoeba:hrv
Što se dogodilo da se tako smiješ?,other,tatoeba:hrv
"Molim, ispunite taj formular.",other,tatoeba:hrv
Jesi li vježbao danas?,other,tatoeba:hrv
"On je liječnik, a osim toga i pisac.",other,tatoeba:hrv
Neću to nikome nikada reći.,other,tatoeba:hrv
Bez vode je nemoguće živjeti.,other,tatoeba:hrv
On sliči na svog djeda.,other,tatoeba:hrv
"Ja, osobno, nikada nisam vidio NLO.",other,tatoeba:hrv
Sviđa li ti se ta majica?,other,tatoeba:hrv
Tom i Frank su dobri prijatelji.,other,tatoeba:hrv
"Zanimljivo, on će danas doći?",other,tatoeba:hrv
Kako mogu zaboraviti te dane?,other,tatoeba:hrv
Slažem se s vama.,other,tatoeba:hrv
Evo tvoje torbe.,other,tatoeba:hrv
Hoće li on stići na vlak?,other,tatoeba:hrv
Taj bicikl treba popraviti.,other,tatoeba:hrv
Kako ste proveli odmor?,other,tatoeba:hrv
Najveća životinja na Zemlji je plavi kit.,other,tatoeba:hrv
Možda ti znaš gdje ona živi?,other,tatoeba:hrv
Umorio sam se i hoću spavati.,other,tatoeba:hrv
Koliko imate olovaka?,other,tatoeba:hrv
Jedite što hoćete.,other,tatoeba:hrv
"Sve što znam o moralu, znam zahvaljujući nogometu.",other,tatoeba:hrv
"Ne mogu pisati ispit, jer sam se razbolio.",other,tatoeba:hrv
On je znanstvenik i glazbenik.,other,tatoeba:hrv
Pitala je o svojem prijatelju.,other,tatoeba:hrv
Oplakujem svoju izgubljeni mladost.,other,tatoeba:hrv
Mislim otići u inozemstvo.,other,tatoeba:hrv
Gdje se nalazi muzej?,other,tatoeba:hrv
Isusova majka je bila tamo.,other,tatoeba:hrv
Chcem tu ostať dlhšie.,other,tatoeba:slk
Mám ísť s tebou?,other,tatoeba:slk
Prečo si prišiel do Japonska?,other,tatoeba:slk
"Prekvapuje ma, že tvoja rodina má japonské auto.",other,tatoeba:slk
Penis je jeden z mužských pohlavných orgánov.,other,tatoeba:slk
Bojím sa búrky.,other,tatoeba:slk
Niet boha okrem Boha a Muhammad je posol Boží.,other,tatoeba:slk
"Všetci ľudia sa rodia slobodní a sebe rovní, čo sa týka ich dôstojnosti a práv. Sú obdarení rozumom a majú navzájom jednať v bratskom duchu.",other,tatoeba:slk
Ja nechcem tak dlho čakať.,other,tatoeba:slk
Správne nás usmerni na cestu rovnú.,other,tatoeba:slk
"Aj keby som išiel dolinou tône smrti, nebudem sa báť zlého, lebo ty si so mnou; tvoj prút a tvoja palica ma potešujú.",other,tatoeba:slk
"Skujú svoje meče v motyky a svoje kopie v srpy. Nepozdvihne národ proti národu meča, ani sa viacej nebudú učiť boju.",other,tatoeba:slk
"Jeden, dva, tri, štyri, päť, šesť, sedem, osem, deväť, desať.",other,tatoeba:slk
Ellen nehovorí po anglicky.,other,tatoeba:slk
Kto je ten chlap?,other,tatoeba:slk
Sú všetci rovnakí?,other,tatoeba:slk
Môj dom je blízko vlakovej stanice.,other,tatoeba:slk
Zastávka autobusu je blízko našej školy.,other,tatoeba:slk
Svrbí ma ucho.,other,tatoeba:slk
Je tam niekto?,other,tatoeba:slk
Leto sa skončilo.,other,tatoeba:slk
Niekedy som chcel byť astrofyzikom.,other,tatoeba:slk
Život je pekný.,other,tatoeba:slk
Čo sa tam deje?,other,tatoeba:slk
Musíš sa veľa učiť.,other,tatoeba:slk
To je veru strašné.,other,tatoeba:slk
Kúpil som si tašku.,other,tatoeba:slk
Táto kniha sa tu nepredáva.,other,tatoeba:slk
Čo je to?,other,tatoeba:slk
Nemožno s ním debatovať.,other,tatoeba:slk
Aká pekná dúha!,other,tatoeba:slk
Ako sa máš?,other,tatoeba:slk
"Ked' učiteľ dočítal, jeden zo žiakov zdvihol ruku.",other,tatoeba:slk
Nikto tu nesedí.,other,tatoeba:slk
Iste máš chrípku.,other,tatoeba:slk
Bezfarebné zelené nápady spia razantne.,other,tatoeba:slk
Čakaj na mňa.,other,tatoeba:slk
Ona hovorí po anglicky a nemecky.,other,tatoeba:slk
Každý sa môže pomýliť.,other,tatoeba:slk
Srdce mi od žiaľu puká.,other,tatoeba:slk
Čo musím urobiť s jej listom?,other,tatoeba:slk
Austrália je približne 20-krát väčšia ako Japonsko.,other,tatoeba:slk
Píše listy svojej matke.,other,tatoeba:slk
"Môj rodný jazyk je najkrajší dar, ktorý som získal od mojej matky.",other,tatoeba:slk
Môžete mi pomôcť?,other,tatoeba:slk
Stratil som moje hodinky.,other,tatoeba:slk
Život nie je ľahký.,other,tatoeba:slk
Snáď máte pravdu.,other,tatoeba:slk
Mám recept pre tento liek.,other,tatoeba:slk
Kde je najbližšia policajná stanica?,other,tatoeba:slk
"Som si istý, že nájdeme riešenie.",other,tatoeba:slk
Mám rada čokoládovú zmrzlinu!,other,tatoeba:slk
O koľkej si dnes vstal?,other,tatoeba:slk
"Určite sa u nás zastavte, keď budete nabudúce v Londýne.",other,tatoeba:slk
Všetci chválili jeho hrdinské činy.,other,tatoeba:slk
Poznám jeho rodinu.,other,tatoeba:slk
"Neviem, kto to urobil.",other,tatoeba:slk
Je žiakom gymnázia Yushu.,other,tatoeba:slk
Dva obrázky sa prekrývali.,other,tatoeba:slk
"Bol by som Vám veľmi vďačný, ak by ste mi tie peniaze požičali.",other,tatoeba:slk
Veľmi rád chodím na ryby. Dá sa pri tom príjemne relaxovať.,other,tatoeba:slk
Svetlo sa postupne vytratilo.,other,tatoeba:slk
Pre ktorú firmu pracuješ?,other,tatoeba:slk
"Linda bola tak sklamaná, že sa hneď rozplakala.",other,tatoeba:slk
Jeho reč nás veľmi dojala.,other,tatoeba:slk
Už je najvyšší čas ísť do postele.,other,tatoeba:slk
"V tejto knihe sa píše, že slon sa dožíva až sto rokov.",other,tatoeba:slk
Tento prípad ma stál mnoho bezsenných nocí.,other,tatoeba:slk
"Nezabudni zamknúť, keď budeš odchádzať.",other,tatoeba:slk
"Lucka má asi toľko kamarátov, čo ja.",other,tatoeba:slk
Získal cenu. Presne ako sme očakávali.,other,tatoeba:slk
Čo sa deje?,other,tatoeba:slk
Napadla ho skvelá myšlienka.,other,tatoeba:slk
"Získal cenu presne tak, ako sme očakávali.",other,tatoeba:slk
"Mám pocit, že v tej krčme prilievajú do piva vodu.",other,tatoeba:slk
"Daj mi vedieť, kedy sa vrátiš domov.",other,tatoeba:slk
Takmer nič o tom neviem.,other,tatoeba:slk
Pil som príliš veľa a podlamovali sa mi nohy.,other,tatoeba:slk
"Bolo pekné počasie, tak sme sa vybrali na ryby.",other,tatoeba:slk
Včera som mal narodeniny.,other,tatoeba:slk
Máš právo dozvedieť sa pravdu.,other,tatoeba:slk
"Keď zaplatím všetky dlhy, neostanú mi asi vôbec žiadne peniaze.",other,tatoeba:slk
Smiem použiť toaletu?,other,tatoeba:slk
Presne tak! Ty ma miluješ!,other,tatoeba:slk
Mal som problém zohnať taxík.,other,tatoeba:slk
Mal by si byť verný svojim priateľom.,other,tatoeba:slk
Politické rokovanie sa odročilo.,other,tatoeba:slk
Obrad sa uskutoční zajtra.,other,tatoeba:slk
Špecializuje sa na ekonómiu.,other,tatoeba:slk
Včera prišiel neskoro do školy.,other,tatoeba:slk
Nechaj ma ísť s tebou.,other,tatoeba:slk
Je krajšia než ktorákoľvek iná.,other,tatoeba:slk
Zastavili vlaky kvôli hustému lejaku.,other,tatoeba:slk
"Radšej by som umrel, než by som sa mal vzdať.",other,tatoeba:slk
O koľkej zvyčajne odchádzaš z domu?,other,tatoeba:slk
Jej vlasy sa pekne vlnili.,other,tatoeba:slk
Každá osoba má práva a povinnosti.,other,tatoeba:slk
Odoberáš nejaké časopisy?,other,tatoeba:slk
Vrátil spisy späť do priečinku.,other,tatoeba:slk
Takáto šanca už druhý raz nepríde.,other,tatoeba:slk
Truman dorazil do Bieleho Domu v priebehu niekoľkých minút.,other,tatoeba:slk
Tí dvaja chlapci majú zhruba rovnakú angličtinu.,other,tatoeba:slk
Dvadsaťosem hlasov bolo za a dvadsať bolo proti.,other,tatoeba:slk
Posunul som šachovú figúrku o jedno políčko vpred.,other,tatoeba:slk
To nie moja vina.,other,tatoeba:slk
Ja chcem zomrieť s Getter Jaani.,other,tatoeba:slk
Magdalena a Lech majú trinásť rokov.,other,tatoeba:slk
Magdalena a Ania sú z Poľska.,other,tatoeba:slk
Ania a Piotr majú dvanásť rokov.,other,tatoeba:slk
Moja žena je Poľka.,other,tatoeba:slk
Moja žena sa volá Lidia Zarębowa.,other,tatoeba:slk
Moja staršia dcéra je Magdalena Zarębówna.,other,tatoeba:slk
Môj starší syn je Lech Zaręba.,other,tatoeba:slk
Lidia má plavé rovné vlasy.,other,tatoeba:slk
Tímea je Maďarka a žije v Poľsku.,other,tatoeba:slk
Kati Wolf je dobrá speváčka.,other,tatoeba:slk
Maďarsko a Slovensko sú susedia.,other,tatoeba:slk
Cítil som sa zle.,other,tatoeba:slk
Sedí vedľa svojho brata.,other,tatoeba:slk
Nesmieme zaspať na vavrínoch!,other,tatoeba:slk
Požičiam vám pero.,other,tatoeba:slk
Požičiam si pero.,other,tatoeba:slk
Ona stála v strede izby.,other,tatoeba:slk
Prosil som ho o vyhotovenie štyroch kópií listu.,other,tatoeba:slk
"Pamätaj, že musíš zomrieť.",other,tatoeba:slk
To nie sú tvoje veci.,other,tatoeba:slk
On hovorí príliš rýchlo.,other,tatoeba:slk
To dievča hovorí po anglicky a nemecky.,other,tatoeba:slk
Som veľmi hrubý.,other,tatoeba:slk
"Ktorúkoľvek cestu si vyberieš, dostaneš sa tam načas.",other,tatoeba:slk
Mám mačku a psa. Mačka je čierna a pes je biely.,other,tatoeba:slk
Videl som psa. Pes držal v papuli kus mäsa.,other,tatoeba:slk
Mám čierneho a bieleho psa.,other,tatoeba:slk
Pes môjho suseda nebude žrať suché psie krmivo.,other,tatoeba:slk
Zvyčajne kŕmi svojho psa lacným psím krmivom.,other,tatoeba:slk
Ako donútim svojho psa žrať psie krmivo?,other,tatoeba:slk
Pochoval som svojho psa na zvieracom cintoríne.,other,tatoeba:slk
Kto sa ti staral o psa kým si bol preč?,other,tatoeba:slk
Prečo si sama?,other,tatoeba:slk
"Musíš brať do úvahy fakt, že bola chorá.",other,tatoeba:slk
Mali by sme brať do úvahy meškanie vlaku.,other,tatoeba:slk
"Musíme brať do úvahy skutočnosť, že je stará.",other,tatoeba:slk
Musíme brať do úvahy želania celej rodiny v plánovaní výletu.,other,tatoeba:slk
Mary pomohla mame s varením.,other,tatoeba:slk
Mária pomohla mame s varením.,other,tatoeba:slk
"Povedal som Tomovi, aby išiel na stretnutie.",other,tatoeba:slk
"Zastavil, aby sa obul.",other,tatoeba:slk
Tom to urobil pre zábavu.,other,tatoeba:slk
Čítal si v tom čase knihu?,other,tatoeba:slk
Zo sprchy nejde žiadna voda.,other,tatoeba:slk
Bill bol zastrelený.,other,tatoeba:slk
"Prosím, zadržte dych.",other,tatoeba:slk
"Nie je až taký dobrý spisovateľ a myslím, že to vie.",other,tatoeba:slk
Je pokojný zimný večer.,other,tatoeba:slk
Tom je vyberavý jedák a zriedka vyskúša niečo nové.,other,tatoeba:slk
"Ukázala mi, ktoré šaty si mám obliecť.",other,tatoeba:slk
Mal nepríjemný piskľavý hlas.,other,tatoeba:slk
Nedávno som začal maľovať.,other,tatoeba:slk
Nevystavujte to dažďu!,other,tatoeba:slk
Tvrdá práca mu umožnila dostávať dobré známky.,other,tatoeba:slk
Chlapec v škole chýbal osem dní.,other,tatoeba:slk
Dočítal si ten román?,other,tatoeba:slk
Môžem po teba prísť?,other,tatoeba:slk
Sme jeho deti.,other,tatoeba:slk
"Urobili sme početné vylepšenia na našom dome, odkedy sme ho kúpili.",other,tatoeba:slk
"Môžeš mi, prosím, urobiť láskavosť?",other,tatoeba:slk
Nevyhadzujte nič z okna.,other,tatoeba:slk
Kto je ďalší?,other,tatoeba:slk
Ako to ide?,other,tatoeba:slk
Boli opustení ich matkou.,other,tatoeba:slk
Matka ich opustila.,other,tatoeba:slk
Náš vlak zrazu zastavil.,other,tatoeba:slk
"Hovorí sa, že chuť lásky je horká.",other,tatoeba:slk
Tom má spoločenskú povahu.,other,tatoeba:slk
Na učenie nikdy nie je neskoro.,other,tatoeba:slk
Moje minulé ja je iná osoba.,other,tatoeba:slk
Som unavený po plávaní v rieke.,other,tatoeba:slk
Účinkuje ten liek rýchlo?,other,tatoeba:slk
"Beth je čudné dievča, ktoré má rado hady.",other,tatoeba:slk
Tom musí vypratať jeho apartmán do dvoch dní.,other,tatoeba:slk
"Toto je najhoršia vec, aká sa mi kedy stala!",other,tatoeba:slk
"Je pravdepodobné, že uspeje.",other,tatoeba:slk
Deti sa zabávali hraním hier.,other,tatoeba:slk
Niektorí zo študentov radi hrajú na gitare.,other,tatoeba:slk
"Povedz komukoľvek kto príde, že som vonku.",other,tatoeba:slk
Tom nechce ísť sám.,other,tatoeba:slk
Je nemožné naučiť sa po anglicky za krátky čas.,other,tatoeba:slk
Je nemožné naučiť sa po anglicky za rok alebo tak.,other,tatoeba:slk
Hodiny práve odbili tri hodiny.,other,tatoeba:slk
Počas zimy je ostrov pokrytý ľadom a snehom.,other,tatoeba:slk
Požiadal ju o ruku a ona súhlasila.,other,tatoeba:slk
Môj spolubývajúci sa učí čínštinu.,other,tatoeba:slk
Rád by som si dal koláč ako dezert.,other,tatoeba:slk
Pedro má motorku a rád na nej jazdí.,other,tatoeba:slk
Kolekcia je prístupná verejnosti.,other,tatoeba:slk
"Povie ti iba to, čo si myslí, že chceš počuť.",other,tatoeba:slk
Je pre mňa ťažké pomenovať moje myšlienky slovami.,other,tatoeba:slk
Pozerala naňho nahnevane.,other,tatoeba:slk
Nerozumiem tomu slovu.,other,tatoeba:slk
Nemám nič viac než desať anglických učebníc.,other,tatoeba:slk
Farbil si si niekedy vlasy?,other,tatoeba:slk
Učím sa angličtinu v priemere dve hodiny denne.,other,tatoeba:slk
Je to lacnejšie ako chemické hnojivá.,other,tatoeba:slk
Deti sa hrajú s hračkami.,other,tatoeba:slk
"Mrzí ma, že to počujem.",other,tatoeba:slk
Nebo a peklo existujú v srdci človeka.,other,tatoeba:slk
Môj otec mi pripravil vynikajúci obed.,other,tatoeba:slk
"Myslel som si, že si bol nahnevaný na mňa a nie na celý zvyšok rodiny.",other,tatoeba:slk
"Dala niekoľko príkladov, ako môžme meniť veci.",other,tatoeba:slk
Mala by som upratať izbu.,other,tatoeba:slk
Vo svojom voľnom čase hrám na gitaru.,other,tatoeba:slk
Čo spieval Jano na pódiu?,other,tatoeba:slk
Iný policajt začal strieľať do davu.,other,tatoeba:slk
"Myslím, teda som.",other,tatoeba:slk
"Dúfam, že to nebude trvať dlho a znova ťa uvidím.",other,tatoeba:slk
Tom to nemusí povedať Mary ak nechce.,other,tatoeba:slk
Nehrajte tu bejsbal.,other,tatoeba:slk
Vrátil sa z Číny.,other,tatoeba:slk
Uvidíme sa neskôr!,other,tatoeba:slk
Zvedavosť zabila mačku.,other,tatoeba:slk
"Musím dostať povolenie od rodičov, aby som mohla ísť s tebou tancovať.",other,tatoeba:slk
Chce sa s tebou stretnúť.,other,tatoeba:slk
Mary bola v Maďarsku.,other,tatoeba:slk
Nemohol som dýchať kvôli dymu.,other,tatoeba:slk
"Nikto nevie, kam Bill odišiel.",other,tatoeba:slk
Išla na koncert minulú nedeľu?,other,tatoeba:slk
Hovoríš po nemecky?,other,tatoeba:slk
Nakrájať tortu na rovnaké kúsky je dosť ťažké.,other,tatoeba:slk
V lete v Anglicku vychádza slnko okolo štvrtej ráno.,other,tatoeba:slk
Prečo si išiel do jeho domu?,other,tatoeba:slk
"Po tom, ako som si urobil domácu úlohu, išiel som spať.",other,tatoeba:slk
"Barman, dal by som si drink.",other,tatoeba:slk
"Hľadám klobúk, čo sa hodí k hnedým šatám.",other,tatoeba:slk
Vybral si pár ponožiek hodiacich sa k jeho obleku.,other,tatoeba:slk
"Vybrala si klobúk, ktorý sa hodil k jej novým šatám.",other,tatoeba:slk
"Pôjde na stanicu hodinu predtým, ako odíde vlak.",other,tatoeba:slk
"Nenechávaj zapnuté svetlá, keď opúšťaš izbu.",other,tatoeba:slk
Zavri dvere keď odídeš.,other,tatoeba:slk
"Povedz im, aby mi zavolali predtým ako odídu.",other,tatoeba:slk
Prečo chceš dnes odísť?,other,tatoeba:slk
Jeho zuby sú biele ako perly.,other,tatoeba:slk
"Zakladateľ Facebooku, Mark Zuckerberg, je skoro casanova.",other,tatoeba:slk
"Gréčtina a latinčina sú užitočné jazyky, preto ich študujem.",other,tatoeba:slk
"""ẽ"" je písmeno v abecede jazyka Guarani.",other,tatoeba:slk
"Podľa môjho názoru, esperanto je veľmi ťažké.",other,tatoeba:slk
"Islandská vláda pracuje samostatne, ale nezaujíma sa o ľudí žijúcich v jej krajine.",other,tatoeba:slk
Chce ju pobozkať.,other,tatoeba:slk
Ten muž je nahý.,other,tatoeba:slk
"Abeceda esperanta pozostáva z 28 písmen: a, b, c, ĉ, d, e, f, g, ĝ, h, ĥ, i, j, ĵ, k, l, m, n, o, p, r, s, ŝ, t, u, ŭ, v, z.",other,tatoeba:slk
"Čína hraničí s Pakistanom, Indiou, Afganistanom, Tadžikistanom, Kirgizstanom, Kazachstanom, Severnou Kóreou, Laosom, Vietnamom, Nepálom, Bhutánom, Mjanmarskom, Mongolskom a Ruskom.",other,tatoeba:slk
"„Myslíme si, že Justin Bieber je krásna speváčka,“ hovoria nepriatelia.",other,tatoeba:slk
Twitter je lepší a bezpečnejší ako Facebook.,other,tatoeba:slk
Neboj sa. Môžeš mi dôverovať.,other,tatoeba:slk
Hovoríš dobre po francúzsky!,other,tatoeba:slk
Nenávidím teroristické organizácie.,other,tatoeba:slk
Kde si sa naučil po francúzsky?,other,tatoeba:slk
V Ankare sú všetky ročné obdobia ako zima.,other,tatoeba:slk
Našiel som svoje topánky.,other,tatoeba:slk
Hovoríš po svahilsky?,other,tatoeba:slk
Hovoríš po macedónsky?,other,tatoeba:slk
Hovoríš po albánsky?,other,tatoeba:slk
Milujem Evelinu Sašenko.,other,tatoeba:slk
Maja Keuc je dobrá speváčka.,other,tatoeba:slk
Išiel som do Paríža.,other,tatoeba:slk
Utečenci sa skryli pod mostom.,other,tatoeba:slk
"Snívam o tom, že odídem a budem žiť v Litve.",other,tatoeba:slk
Najkrajšie dievčatá sú z Litvy.,other,tatoeba:slk
Nechcem ísť do Talianska.,other,tatoeba:slk
Chcem ísť do Anglicka.,other,tatoeba:slk
Američania stratili dôveru k Toyote.,other,tatoeba:slk
Čečenci majú sklon k nezávislosti.,other,tatoeba:slk
Zvukovod vedie zvukové vlny k ušnému bubienku.,other,tatoeba:slk
Inžinier nežije. Funguje to.,other,tatoeba:slk
Iker Casillas je najlepší brankár na svete.,other,tatoeba:slk
"V Belgicku, flámsky obyvatelia chcú jedného dňa vyhlásiť nezávislosť.",other,tatoeba:slk
"Portugalsko má len jedného suseda, a to Španielsko.",other,tatoeba:slk
"Kto spáva so psami, zobúdza sa s blchami.",other,tatoeba:slk
"Dosiahnutie cieľa stojí úsilie, vyžaduje určité obete. To nemusí byť nevyhnutne cieľom, ale je to stále krok dopredu.",other,tatoeba:slk
Leopard nedokáže zmeniť svoje škvrny.,other,tatoeba:slk
Ožením sa k krásnou Estónkou.,other,tatoeba:slk
TWiiNS oslavovali moje narodeniny prostredníctvom Twitteru 12. júna.,other,tatoeba:slk
Zabudol som svoju emailovú adresu.,other,tatoeba:slk
"Ak chceš ísť do Izraela, potrebuješ veľa šekelov. Voda stojí len 0,50 ₪.",other,tatoeba:slk
Diétna kola stojí na Ukrajine ₴2.,other,tatoeba:slk
Terorizmus je najdôležitejší faktor pre rozdelenie krajiny a vytvorenie autonómnych regiónov.,other,tatoeba:slk
Zvrchovanosť bezpodmienečne patrí národu.,other,tatoeba:slk
"Dnešok začal a som veľmi šťastný, lebo nie je žiadna škola až do septembra.",other,tatoeba:slk
"Je to dom ako ten, čo som videl.",other,tatoeba:slk
Urobil som objav.,other,tatoeba:slk
"Používanie len ""Tom"" a ""Mike"" v mnohých vetách je veľmi čudné.",other,tatoeba:slk
"Kvôli bezpečnosti našich detí, nenavštevujte porno stránky.",other,tatoeba:slk
Lotyšské dievčatá patria medzi najlepšie dievčatá na svete!,other,tatoeba:slk
Kedy je ďalšia prehliadka so sprievodcom?,other,tatoeba:slk
"Kde bolo tam bolo, bol raz jeden muž a jeho žena. Nemali žiaden dom. Bývali na poli a spávali pod stromom.",other,tatoeba:slk
Už dlho hľadám novú prácu.,other,tatoeba:slk
Dal by som si šálku kávy.,other,tatoeba:slk
Obyčajne používa nožničky na nechty.,other,tatoeba:slk
Plakal nad smrťou svojej dcéry.,other,tatoeba:slk
"Łazarzove deti si myslia, že ich mama Felicja je najkrajšia žena na svete.",other,tatoeba:slk
"Felicjine deti si myslia, že ich otec Łazarz je krajší ako Justin Bieber.",other,tatoeba:slk
Shumë të falemnderit!,other,tatoeba:sqi
"Gjumë të ëmbël, Timi.",other,tatoeba:sqi
Gëzuar ditëlindjen Muriel!,other,tatoeba:sqi
Të gjithë njerëzit lindin të lirë dhe të barabartë në dinjitet dhe në të drejta. Ata kanë arsye dhe ndërgjegje dhe duhet të sillen ndaj njëri tjetrit me frymë vëllazërimi.,other,tatoeba:sqi
"""Faleminderit."" ""S'ka gjë.""",other,tatoeba:sqi
"Mirëmëngjes, të gjithë.",other,tatoeba:sqi
Ide jeshile pa ngjyrë flenë shpejt.,other,tatoeba:sqi
Rroftë Bashkimi Sovjetik!,other,tatoeba:sqi
Ditën e mirë!,other,tatoeba:sqi
Vrasin dy zogj me një gur.,other,tatoeba:sqi
A flisni anglisht?,other,tatoeba:sqi
Ka shume para.,other,tatoeba:sqi
"Më falni, çfarë është ora?",other,tatoeba:sqi
Mirë se vini.,other,tatoeba:sqi
Gëzohem që u njohëm.,other,tatoeba:sqi
"Gjithashtu, më vjen mirë që u takuam.",other,tatoeba:sqi
Kam goxha prej tyre.,other,tatoeba:sqi
Une dua shumë më tepër.,other,tatoeba:sqi
Yangzi iu shmang pyetjes që i bëra unë.,other,tatoeba:sqi
"Nuk mund të shoh asgjë, pa syzet e mia.",other,tatoeba:sqi
Jemi kënaqur vërtet.,other,tatoeba:sqi
Unë dhe kjo kompani kemi nënshkruar një kontratë trevjeçare.,other,tatoeba:sqi
"Kur Mikeli është në shtëpi, ai merret me pastrimin e dritareve.",other,tatoeba:sqi
Dua të shoh këtë film.,other,tatoeba:sqi
Ajo ka perdorur mollët për të bërë reçelin.,other,tatoeba:sqi
"En, a ka fëmijë ai?",other,tatoeba:sqi
Ajo nuk ka më shumë se dymbëdhjetë këlyshër.,other,tatoeba:sqi
Shkojmë të bëjmë një shëtitje në park.,other,tatoeba:sqi
Mos harro të fikësh zjarrin!,other,tatoeba:sqi
"Kur Di Ma provoi për të 966-tën herë, kishte tashmë filluar të humbiste shpresat.",other,tatoeba:sqi
Keni është i mirë në not.,other,tatoeba:sqi
Ai ka avancuar shumë në Anglisht.,other,tatoeba:sqi
Ajo nuk ka kthyer përgjigje.,other,tatoeba:sqi
Unë jam vegjetarian.,other,tatoeba:sqi
Unë jam shumë i lumtur në Gjeorgji.,other,tatoeba:sqi
Nënë Tereza u lind në Jugosllavi në vitin 1910.,other,tatoeba:sqi
Ne kemi një tavolinë katrore.,other,tatoeba:sqi
Franca është në Evropën Perëndimore.,other,tatoeba:sqi
Ajo nuk vjen në ekskurzion sepse nuk e lejojnë prindërit.,other,tatoeba:sqi
Krishti u ngjall!,other,tatoeba:sqi
Babai im na do,other,tatoeba:sqi
"kjo eshte motra ime, Aynur",other,tatoeba:sqi
E dua shtëpinë time,other,tatoeba:sqi
babai im mungon mua dhe nënën time,other,tatoeba:sqi
Me mire te jesh i urryer per ate qe je se sa i dashur per ate qe nuk je.,other,tatoeba:sqi
Me mire vone se kurr.,other,tatoeba:sqi
"Nuk kam para, por kam ëndërra.",other,tatoeba:sqi
"Pershendetje, emri im është Pekka. Si është emri juaj?",other,tatoeba:sqi
Shkruaje emrin tend me shkronja kapitale.,other,tatoeba:sqi
Ju flisini i pari; Une do te flas pastaj.,other,tatoeba:sqi
"Ne donim te flisnim me presidentin e kompanise, por ai refuzoi te fliste me ne.",other,tatoeba:sqi
"Ju nuk mund te gjeni fjalite qe keni shtuar tani sepse ato nuk jane indeksuar akoma. Indeksimi i fjalive nuk eshte akoma i egekutueshem , kjo behet cdo jave.",other,tatoeba:sqi
Nuk shoh analogji midis problemit tend dhe te timit.,other,tatoeba:sqi
Do ta gjesh dyqanin midis nje banke dhe nje shkolle.,other,tatoeba:sqi
Shum njerez pelqejne te shohin ne pikture cfare ata do pelqenin te shihnin ne realitet .,other,tatoeba:sqi
Une e humba filmin pa e pare. E keni pare u ?,other,tatoeba:sqi
"Eshte se ju nuk doni ta bene ate , jo sepse ju nuk jeni i lejuar ta bene ate.",other,tatoeba:sqi
"I varfer nuk eshte ai qe ka shum pak , por ai i cili kerkon shum.",other,tatoeba:sqi
"Kur nuk mund te beni cfare doni,ju beni cfare mundeni.",other,tatoeba:sqi
Faleminderit qe me keni shpjeguar me ne fund pse njerzit me marrin mua per nje idiot.,other,tatoeba:sqi
Me jep mua lirine ose me jep vdekjen.,other,tatoeba:sqi
"Nje qen vrapon pas nje mace, dhe nje mace pas nje mini.",other,tatoeba:sqi
Vazhdoni te beni te njejtin gabim here pas here.,other,tatoeba:sqi
Do ta shoh ate pasi te kthehem.,other,tatoeba:sqi
"Sipas shkencatarve, atmosfera ngrohet vit pas viti.",other,tatoeba:sqi
Mund te me telefononi perseri me vone ju lutem?,other,tatoeba:sqi
Ke bere shum gabime te njejta.,other,tatoeba:sqi
Vullkani eshte bere aktiv perseri.,other,tatoeba:sqi
Nje dite endrra jote do behet realitet.,other,tatoeba:sqi
"Mund te tingelloj cuditshem , por eshte e vertete.",other,tatoeba:sqi
"Nje per gjith, gjith per nje.",other,tatoeba:sqi
Eshte errsire jashte.,other,tatoeba:sqi
"Vetem nje moment ne jeten time ishte i mjaftueshe per te njohur dhe dashur juve, por gjith jeta ime nuk do te jete e mjaftueshme per te te harruar .",other,tatoeba:sqi
Duaj shoket e klases! Duaj prinderit e tu! Duaj vendin tend!,other,tatoeba:sqi
Une dua te te puthe.,other,tatoeba:sqi
Puthja juaj eshte me e embel se mjalta.,other,tatoeba:sqi
"Ne qofte se nuk do kishte uje, ne nuk mund te jetojme.",other,tatoeba:sqi
"Nqs do kisha me shum kohe, une do te shkruaja ju.",other,tatoeba:sqi
Ky dimire kishte me pak debore sec kishim pritur.,other,tatoeba:sqi
Ata e kishin kete problem me perpara.,other,tatoeba:sqi
Ne moshen 6 vjece ai kishte mesuar to perdorte makinen e shkrimit dhe i tregoi mesuesit qe nuk kishte nevoje te mesonte te shkruante me duar.,other,tatoeba:sqi
"Une isha duket te shkruajtur, por isha shum i zene.",other,tatoeba:sqi
A keni nevoje te jap para?,other,tatoeba:sqi
Këpucet e mija jane shum te vogla. Kam nevojë për nje parë të reja.,other,tatoeba:sqi
Ai eshte i pasur. Ai nuk ka nevoje per para!,other,tatoeba:sqi
Sa ore gjume keni nevoje?,other,tatoeba:sqi
Ju dueht te studioni shum.,other,tatoeba:sqi
Shtëpia juaj ka nevojë për riparim.,other,tatoeba:sqi
Njerzit shpesh jane shum skeptik ndaj gjerave derisa kane prova te besueshme.,other,tatoeba:sqi
Shpesh mendoj për vendin ku të kam takuar ty.,other,tatoeba:sqi
Asaj i shkruaja shpesh kur isha student.,other,tatoeba:sqi
Ne duhet te dime. Ne do te dime.,other,tatoeba:sqi
Une e di qe nuk e di.,other,tatoeba:sqi
"Ai qe nuk di si te mbaj qetesi , nuk di si te flase gjithashtu.",other,tatoeba:sqi
"Duket sikur ju me njihni mua, por une nuk ju njoh ju.",other,tatoeba:sqi
"Ikeda është mbiemri im, dhe Kazuko është emri.",other,tatoeba:sqi
Nuk ka zot tjetër përveç Allahut dhe se Muhammedi është i Dërguari i Allahut.,other,tatoeba:sqi
"Më par emigrantët, pastaj ti. Solidariteti është përgjigja jonë për kanibalizëm sociale.",other,tatoeba:sqi
Ajo cfare ju thate eshte shum e ndryshme nga ajo qe degjova nga ai.,other,tatoeba:sqi
Disa nga studentat ishin nga Azia dhe te tjeret ishin nga Europa.,other,tatoeba:sqi
"Nqs do te vini ndonjehere ne qytet, ejani te me vizitoni.",other,tatoeba:sqi
Menyra me e mire te realizoni enderrat tuaja eshte te zgjoheni.,other,tatoeba:sqi
Tani egziston vetëm nje mundësi.,other,tatoeba:sqi
Unë e urrej botën sepse bota më urren mua.,other,tatoeba:sqi
Zakonisht macet urrejnë qentë.,other,tatoeba:sqi
Unë te dua me shumë seç më do ti mua.,other,tatoeba:sqi
Të dëgjoj me vështirsi.,other,tatoeba:sqi
Suksesi jot është rezultat i punës tënde të vështirë.,other,tatoeba:sqi
Ishte e vështirë për mua te gjeja apartamentin tënd.,other,tatoeba:sqi
Përformanca e kompjutërit tuaj ndoshta është shumë e dobët.,other,tatoeba:sqi
Ju do te futeni në telashe nqs shpenzoni kohë me të.,other,tatoeba:sqi
Unë mendova nqs nuk do të shkoj me të nuk do ta dij asnjëherë nqs ai është apo jo i rrezikshëm.,other,tatoeba:sqi
Për herë të fundit ata i kam parë në Shqipëri.,other,tatoeba:sqi
Unë pa ty si një trup pa shpirtë.,other,tatoeba:sqi
Ai erdhi herët në shtëpi në mënyrë që te shihte fëmijët përpara se ata të shkonin në krevat.,other,tatoeba:sqi
"Ti e ke parë shtëpinë e tyre të re, apo jo ? Si është ajo ?",other,tatoeba:sqi
"Fatkeqësisht, asnjëherë se pata mundësinë ta takoja atë.",other,tatoeba:sqi
"Bën mirë të respektosh rregullat këtu, zonjushë.",other,tatoeba:sqi
Të gjith ikën.,other,tatoeba:sqi
E kam bërë jetën tënde shumë më të lehtë.,other,tatoeba:sqi
Dy minuta për nxehje.,other,tatoeba:sqi
Doja ta qartësoja këtë me ju.,other,tatoeba:sqi
Pa marrë parasyshë pasojat.,other,tatoeba:sqi
Vetëm po kërkoj të dijë çfarë bën ti për tu argëtuar?,other,tatoeba:sqi
Ishte një vejushë lufte.,other,tatoeba:sqi
Një paraqitje e shkurtëer e përjetsisë.,other,tatoeba:sqi
"Por kur gjithçka është thënë dhe bërë, ata kanë një gjë të përbashkët.",other,tatoeba:sqi
Ti duhet të ndalosh pijen dhe cigaren.,other,tatoeba:sqi
Çfarë metode ke përdorur per të ndalur duhanin?,other,tatoeba:sqi
Doktori këshilloi babanë tim të ndalte duhanin.,other,tatoeba:sqi
"Nuk e pëlqej shumë atë , në fakt unë e urrej atë.",other,tatoeba:sqi
"Nuk e kam takuar atë si person , por unë di për të.",other,tatoeba:sqi
Nuk mund te ndalojmë ketu.,other,tatoeba:sqi
Nuk është e lehtë për të zgjidhur problemin.,other,tatoeba:sqi
Ma kalo mua kripen.,other,tatoeba:sqi
Akoma besoj në dashuri.,other,tatoeba:sqi
Unë kam një llogari Facebook-u.,other,tatoeba:sqi
"Ivy Bean, perodoruesi me i vjeter i Facebook dhe Twitter , vdekur 104 vjec.",other,tatoeba:sqi
Twitter eshte me i mire dhe me shum i sigurtë se Facebook.,other,tatoeba:sqi
Një intelektual është një person i cili ka zbuluar dicka me interesante se seksin.,other,tatoeba:sqi
"Egzistojn energji te reja per tu shfryteyuar, vende te reja pune te krijuara, shkolla te reja per te ndërtuar, dhe kërcenime për te takuar, aleanca për tu riparuar.",other,tatoeba:sqi
Kam nevojë për një kompjutër të ri.,other,tatoeba:sqi
Ideja jote nuk mund te jetë krej e re. Unë kisha dëgjuar përrreth sajë nga një burim tjetër vitin e kaluar.,other,tatoeba:sqi
"Gjëja më e vështirë të bësh është të shohësh atë që ti do, që do dikë tjetër.",other,tatoeba:sqi
"Miqt e mirë janë si yjet. Jo gjithmonë i sheh ata, por ti e di ata janë gjithmonë atje.",other,tatoeba:sqi
"Gjithçka është OK në fund. Nëqoftë se nuk është OK , ath ky nuk është fundi.",other,tatoeba:sqi
Librat janë mbi bankë.,other,tatoeba:sqi
Do të jetë një provim i vështirë ?,other,tatoeba:sqi
"Si thuhet ""të lutem"" në italisht?",other,tatoeba:sqi
Duhet të shkosh ne komisariat.,other,tatoeba:sqi
Mund të ma shpjegosh të lutem.,other,tatoeba:sqi
Ëeshtë një mjergull që mund ta presësh me thikë.,other,tatoeba:sqi
"Keni mënduar ndonjëherë për lidhjen midis frymarrjes, mendjes, dhe trupit ?",other,tatoeba:sqi
Yotube është një vend i mirë për te gjetur muzikë me lyrics ne vidio.,other,tatoeba:sqi
Është mjaftueshëm hekur në trupin tënd për të marrë një gozhdë.,other,tatoeba:sqi
"Eja në Shqipëri, ne gjithmonë bëjme kafe të mira atje.",other,tatoeba:sqi
Ai do të bëhet një doktor i mirë.,other,tatoeba:sqi
"Nqs do te kishe ngritur telefonin, do te kisha ftuar ne shtëpinë e Paulos.",other,tatoeba:sqi
Ai është duke kërkuar për një punë në programim kompjuteri.,other,tatoeba:sqi
"Është shum shpejt për të folur për martesë, ne akoma jemi duke njohur njëri -tjetrin.",other,tatoeba:sqi
Policia kërkoi për kompjuterat e vjedhur por ata nuk u gjetën asnjëherë.,other,tatoeba:sqi
"Bëj kujdes me mënyren që ju përdorni fjalën ""larg"" kur përshkruani distanca. Ju mund ta përdorni në pyetje ose në fjalitë negative.",other,tatoeba:sqi
Ti nuk do të keshë arsye që mos të hipësh mbi të.,other,tatoeba:sqi
"Më jep mua një minut jam i mirë. Nqs kam një orë, jam i shkëlqyer. Ti me jep gjashtë muaj, jam i pathyeshëm.",other,tatoeba:sqi
Gëzuar Ditën e Nënës!,other,tatoeba:sqi
A ju kujtohet kjo lojë?,other,tatoeba:sqi
Unë të dua.,other,tatoeba:sqi
A keni fëmijë?,other,tatoeba:sqi
Jam nëntëmbëdhjetë vjeç.,other,tatoeba:sqi
Unë jam Gregor.,other,tatoeba:sqi
Çfarë bëni ju në kohën e lirë?,other,tatoeba:sqi
Ajo e këndon në mënyrë të mahnitshme.,other,tatoeba:sqi
"Ne shkuam në stadium, ku shijuam lojën emocionuese.",other,tatoeba:sqi
"Mos shkruani asnjëherë fjalët ""borsh"" dhe ""supë me lakra"" në gjermanisht!",other,tatoeba:sqi
"Mos shkruani asnjëherë fjalët ""supë me panxhar"" dhe ""supë me lakra"" në gjermanisht!",other,tatoeba:sqi
Shtëpia ime është në rrethinat e qytetit.,other,tatoeba:sqi
Nuk kam qejf të vrapoj deri tek stacioni.,other,tatoeba:sqi
Kemi filluar të riciklojmë gazetat.,other,tatoeba:sqi
Kush ju mëson?,other,tatoeba:sqi
"Ndryshon forma, por në parim ngelesh vetëm.",other,tatoeba:sqi
A do të ta rregulloj këtë orën?,other,tatoeba:sqi
Kam një biçikletë të vjetër.,other,tatoeba:sqi
Do ta mbaroj në dy ose tre minuta.,other,tatoeba:sqi
Z(oti). Brown është babai i saj.,other,tatoeba:sqi
Z. Brown është babai i saj.,other,tatoeba:sqi
Ata e vazhduan eksperimentin ditë e natë.,other,tatoeba:sqi
Nuk duhet të thuash gjëra të tilla në mes të njerëzve.,other,tatoeba:sqi
Ajo u fsheh pas derës dhe mbajti frymën.,other,tatoeba:sqi
Ndërtesa e re më zuri pamjen e dritares.,other,tatoeba:sqi
"Mirë, koha mbaroi. Le të mbarojmë mësimin tani.",other,tatoeba:sqi
Çfarë do të bësh nesër?,other,tatoeba:sqi
I thashë Tomit vetëm të paguajë faturën.,other,tatoeba:sqi
"Xhazi nuk ka vdekur, thjesht duket qesharak.",other,tatoeba:sqi
Ku janë paratë e mia?,other,tatoeba:sqi
Ajo s'ka aq durim sa ti.,other,tatoeba:sqi
Mos u shqetëso. E kam qepur gojën.,other,tatoeba:sqi
Ajo iku në Amerikë.,other,tatoeba:sqi
"Nuk më bëri dyshues ajo çfarë tha ai, por mënyra se si e tha.",other,tatoeba:sqi
Ajo meriton më shumë.,other,tatoeba:sqi
Qeni yt ka putra të stërmëdhaja.,other,tatoeba:sqi
"Tomi shkon në shkollë me biçikletë, si shumë nxënës të tjerë.",other,tatoeba:sqi
Tomi është i vëmendshëm.,other,tatoeba:sqi
A shkon te muzeu ky autobusi?,other,tatoeba:sqi
Bukuria e njeriut është sjellja në shoqeri.,other,tatoeba:sqi
Unë jam i lodhur.,other,tatoeba:sqi
Sot është e diel.,other,tatoeba:sqi
Sot është pushim.,other,tatoeba:sqi
Çfarë jeni duke bërë?,other,tatoeba:sqi
Ata nuk po vijnë.,other,tatoeba:sqi
Cili ushqim ju pëlqen më shumë?,other,tatoeba:sqi
Jeta është e vetmja rrugë që nuk udhëtohet dy herë.,other,tatoeba:sqi
Natyra në Shqipëri është shumë e pasur.,other,tatoeba:sqi
Çfarë prisni për vitin e ri?,other,tatoeba:sqi
Psherëtima e parë e dashurisë është e fundit e urtësisë.,other,tatoeba:sqi
Unë e dua gjuhën shqipe.,other,tatoeba:sqi
Tungjatjeta. Unë quhem José Silva. Si të quajnë?,other,tatoeba:sqi
Si të quajnë?,other,tatoeba:sqi
Si ju quajnë?,other,tatoeba:sqi
Unë nuk dua të punoj në këto kushte.,other,tatoeba:sqi
Tom përbërë një sonet.,other,tatoeba:sqi
Unë nuk jam mjek.,other,tatoeba:sqi
Unë jam mësues.,other,tatoeba:sqi
Macja është nën tryezë.,other,tatoeba:sqi
Një biskotë është nën tryezë.,other,tatoeba:sqi
"""Ku është libri i tij?"" ""Ai është mbi tryezë.""",other,tatoeba:sqi
Luani është mbreti i xhunglës.,other,tatoeba:sqi
Një gjuhë asnjëherë nuk është mjaft.,other,tatoeba:sqi
Tirana është kryeqyteti i Shqipërisë.,other,tatoeba:sqi
Tirana është në Shqipëri.,other,tatoeba:sqi
Jam i kënaqur që nuk jam grua.,other,tatoeba:sqi
Je zgjuar shumë herët sot. A ke diçka?,other,tatoeba:sqi
Të shkokan ata syze.,other,tatoeba:sqi
Duket se m'u ngul në grykë një kockë peshku.,other,tatoeba:sqi
Stilolapsi është gjuha e shpirtit.,other,tatoeba:sqi
Askush nuk mund të shqetësojë një miqësi të vërtetë.,other,tatoeba:sqi
Nuk do të dorëzohem sepse kam diçka për të cilën ia vlen të luftoj.,other,tatoeba:sqi
"Nuk mund të besoj se kjo po ndodh. Të lutem, më thuaj se është një gënjeshtër!",other,tatoeba:sqi
U takova me një plake.,other,tatoeba:sqi
Në asnjë rast nuk duhet ta prekësh atë çelës.,other,tatoeba:sqi
Por miqtë e tij u bashkuan për ta ndihmuar.,other,tatoeba:sqi
Ti gjithmonë ishe një djalë shumë i lumtur.,other,tatoeba:sqi
Mendova se Tomi ishte i ndryshëm.,other,tatoeba:sqi
Jam shumë i kënaqur të njihem me ju.,other,tatoeba:sqi
U zgjodhën gjashtëdhjetë deputete.,other,tatoeba:sqi
Ajo kishte shumë nevojë për paratë.,other,tatoeba:sqi
Oqeani Paqësor është një nga pesë oqeanet.,other,tatoeba:sqi
Nuk më vjen turpi për asgjë.,other,tatoeba:sqi
Tomi duket i shqetësuar.,other,tatoeba:sqi
Dua që të më duash.,other,tatoeba:sqi
Ajo u mundua shumë të hiqte dyshimet nga mendja.,other,tatoeba:sqi
"Nuk llogaritet ajo që thua, por ajo që bën.",other,tatoeba:sqi
Dua një kollar që i shkon këtij kostumi.,other,tatoeba:sqi
"Pra, duhet të jesh një besimtar.",other,tatoeba:sqi
Në çfarë ore vjen treni?,other,tatoeba:sqi
Tomi sugjeroi që të bënim një mbrëmje lamtumirë për Merin.,other,tatoeba:sqi
Do të vij.,other,tatoeba:sqi
Nuk do të të them përsëri.,other,tatoeba:sqi
Nuk duhet të dalësh pas darkës.,other,tatoeba:sqi
"Për mendimin tim, biznesi po përmirësohet.",other,tatoeba:sqi
Duhet të më kishe besuar.,other,tatoeba:sqi
Më duhet të vajtem në punë herët sot.,other,tatoeba:sqi
"Po të jetë i zënë, ndihmoje atë.",other,tatoeba:sqi
Xhorxhi është kapiteni i ekipit tonë.,other,tatoeba:sqi
Ata të dy po punojnë tek dyqani i kafshëve shtëpiake.,other,tatoeba:sqi
Thuhet se ai ka qenë një burrë me pozicion të respektueshëm.,other,tatoeba:sqi
"Cila është më e madhe, Japonia apo Britania?",other,tatoeba:sqi
Shpresoj ti arrijme deri ne fund keti misteri sebashku.,other,tatoeba:sqi
"Nuk e dija atehere, por e di tani.",other,tatoeba:sqi
E vlerësoj përkushtimin tënd.,other,tatoeba:sqi
Je duke u tallur me mua ?,other,tatoeba:sqi
Shpresoj ti arrijmë deri në fund këti misteri sëbashku.,other,tatoeba:sqi
Ajo do të jetë lëvizja më e zgjuar që ke bërë ndonjëherë.,other,tatoeba:sqi
Balena e madhe blu është gjallesa më e madhe që jeton.,other,tatoeba:sqi
"Një krim i caktuar është i dënueshm nëse je përjekur, por jo e dënueshme nëse kryer. Çfarë është kjo?",other,tatoeba:sqi
Ju përdorni një thikë për të më prerë kryet dhe pastaj qani pasi unë kam vdekur. Kush jam unë?,other,tatoeba:sqi
"Duke e konsideruar bashkëpunimin rajonal dhe marrëdhëniet e fqinjësisë së mirë, si shtylla që garantojnë paqen.",other,tatoeba:sqi
Mbaje ne mend qe ju mund te vdisni.,other,tatoeba:sqi
"Duke u mbajtur ne menyre te vendosur ne litare, erdha i sigurte ne toke.",other,tatoeba:sqi
Ia gatoi darken.,other,tatoeba:sqi
Kam dy mace.,other,tatoeba:sqi
Fëmija im ka lindur sot.,other,tatoeba:sqi
Unë pashë atë me sytë e mi.,other,tatoeba:sqi
Ajo është mësuesja ime.,other,tatoeba:sqi
Njeriu është i ri.,other,tatoeba:sqi
Unë lexova një libër.,other,tatoeba:sqi
Unë lexova librin e tij.,other,tatoeba:sqi
Vajza është e bukur.,other,tatoeba:sqi
Unë shoh se vajza është e bukur.,other,tatoeba:sqi
Njeriu është i fortë.,other,tatoeba:sqi
Unë jam në shtëpi.,other,tatoeba:sqi
Unë nuk jam këtu.,other,tatoeba:sqi
Djali i asaj gruas është i sëmurë.,other,tatoeba:sqi
Unë jam këtu.,other,tatoeba:sqi
Kjo është gruaja ime.,other,tatoeba:sqi
Melanie tha se ajo e pëlqen të notoj.,other,tatoeba:sqi
Ajo është e martuar me një të huaj.,other,tatoeba:sqi
Vajza po nuhat lulet.,other,tatoeba:sqi
"Ti nuk je spiun, apo jo?",other,tatoeba:sqi
"Jo, nuk jam mësues. Jam vetëm nxënës.",other,tatoeba:sqi
Nuk jam një fangirl.,other,tatoeba:sqi
Nuk jam një notar i shkëlqyer.,other,tatoeba:sqi
Nuk jam mësues.,other,tatoeba:sqi
Nuk jam një njeri i mirë.,other,tatoeba:sqi
Nuk jam një njeri i keq.,other,tatoeba:sqi
Nuk jam diktator.,other,tatoeba:sqi
Nuk jam një anëtar.,other,tatoeba:sqi
Nuk jam një foshnjë.,other,tatoeba:sqi
Jam nga Rusia.,other,tatoeba:sqi
Kam një vëlla.,other,tatoeba:sqi
Ajo ka njëzet fëmijë.,other,tatoeba:sqi
Dua të ju them diçka.,other,tatoeba:sqi
Ti nuk mund të vras veten duke mbajtur frymën.,other,tatoeba:sqi
Unë do të vij në orën pesë.,other,tatoeba:sqi
Unë nuk kam forcën tuaj.,other,tatoeba:sqi
Unë do të të ndihmoj.,other,tatoeba:sqi
Më ler të të ndihmoj.,other,tatoeba:sqi
"Esperanto, gjuhë zyrtare e Bashkimit Evropian, tani!",other,tatoeba:sqi
Unë jam Tom.,other,tatoeba:sqi
Shqiponja është e bardhë.,other,tatoeba:sqi
A keni parë ndonjëherë atë duke notuar?,other,tatoeba:sqi
Nuk kam frikë vetëtimën.,other,tatoeba:sqi
Ai është më mirë se unë.,other,tatoeba:sqi
Ajo ka një karakter i fortë.,other,tatoeba:sqi
Pema e madhe nuk është e gjelbër.,other,tatoeba:sqi
Unë po shikoj në televizor.,other,tatoeba:sqi
Athina është në Greqi.,other,tatoeba:sqi
Kjo frikë është e kuptueshme.,other,tatoeba:sqi
Kjo ishte ideja ime.,other,tatoeba:sqi
Bora zgjati katër ditë.,other,tatoeba:sqi
Ai kishte një mace të bardhë.,other,tatoeba:sqi
Thika ime është e mprehtë.,other,tatoeba:sqi
Unë isha mësues.,other,tatoeba:sqi
Gota ime është e plotë.,other,tatoeba:sqi
Unë dua të jem një fotograf i natyrës.,other,tatoeba:sqi
Emily nuk është studente.,other,tatoeba:sqi
Unë jam anglez.,other,tatoeba:sqi
Unë nuk jam francez.,other,tatoeba:sqi
Ti nuk e di të vërtetën.,other,tatoeba:sqi
Ju nuk e dini të vërtetën.,other,tatoeba:sqi
Unë kam një llogari në Twitter.,other,tatoeba:sqi
Vëllai im ka një llogari në Twitter.,other,tatoeba:sqi
Millie ka sy të kaltër.,other,tatoeba:sqi
"Unë të dua, Millie!",other,tatoeba:sqi
Pua po këndon në kishë.,other,tatoeba:sqi
Millie po shkon në shkollë.,other,tatoeba:sqi
Sot nuk është aq e ftohtë.,other,tatoeba:sqi
Ai jeton në Angli.,other,tatoeba:sqi
Millie po ha bukë.,other,tatoeba:sqi
Millie ka një libër.,other,tatoeba:sqi
Ajo ka lule të kuqe.,other,tatoeba:sqi
Ti nuk ke sy të kafe.,other,tatoeba:sqi
Millie po ha një banane.,other,tatoeba:sqi
A ti do të di sekretin tim? Ai është shumë i thjeshtë...,other,tatoeba:sqi
Ajo kishte nevojë për dikë që do të kuptojnë atë.,other,tatoeba:sqi
Kjo është arsyeja pse unë të pëlqej ty.,other,tatoeba:sqi
Ky libër është i shkruar në shqip.,other,tatoeba:sqi
A janë ato vathët e mia?,other,tatoeba:sqi
Unë kisha një ide e mirë.,other,tatoeba:sqi
Ky libër nuk është i shkruar në anglisht.,other,tatoeba:sqi
Nuk bëj asgjë.,other,tatoeba:sqi
Mëlçia nuk po funksionon më.,other,tatoeba:sqi
A mund të ngasësh një makinë?,other,tatoeba:sqi
Unë mendoj që unë të po bie në gjumë.,other,tatoeba:sqi
Qeni im ka një pasaportë daneze.,other,tatoeba:sqi
Ne po mësojmë gjuhën kineze.,other,tatoeba:sqi
Ky telefon nuk po funksionon siç duhet.,other,tatoeba:sqi
Nuk dua të shkoj në shkollë.,other,tatoeba:sqi
Ishujt janë në det.,other,tatoeba:sqi
Gratë ndryshojnë botën.,other,tatoeba:sqi
Unë nuk flas shqip.,other,tatoeba:sqi
Burj Khalifa është aktualisht qiell gërvishtësja më e lartë në botë.,other,tatoeba:sqi
Greqia është shtet i vjeter.,other,tatoeba:sqi
A e doni nënën tuaj?,other,tatoeba:sqi
Qyteti ku unë jetoj është shumë i vogël.,other,tatoeba:sqi
Vet-koncepti i një fëmije është se si fëmija i sheh karakteristikat perrreth tij apo sajë.,other,tatoeba:sqi
Puna që jam duke bërë në këtë moment është shumë interesante.,other,tatoeba:sqi
Natën e mirë!,other,tatoeba:sqi
Numri im i telefonit është 9876-5432.,other,tatoeba:sqi
Nuk mund të bësh këtë!,other,tatoeba:sqi
Shoqëria është e ndarë.,other,tatoeba:sqi
"Mbulohu, do të ikim.",other,tatoeba:sqi
Ata po zihen.,other,tatoeba:sqi
E vërteta qëndron në mes.,other,tatoeba:sqi
Ajo është shumë krenare për aftësitë e saj.,other,tatoeba:sqi
Mendoj se Tomi nuk qëllonte të bëntë atë.,other,tatoeba:sqi
Tomi e shkroi numrin e telefonit të Marisë.,other,tatoeba:sqi
Tomi punon aq shumë sa çdonjeri tjetër.,other,tatoeba:sqi
Tomi nuk do të jetë gati për të ikur deri në orën 2.30.,other,tatoeba:sqi
Tomi mendon se ato këpucë do të jenë shumë të mëdha.,other,tatoeba:sqi
Tomi vjodhi një unazë diamanti shumë të vlefshme.,other,tatoeba:sqi
Tomi erdhi në Boston kur ishte fëmijë.,other,tatoeba:sqi
Tomi beson gjithçka që thotë Mary.,other,tatoeba:sqi
Tomi më pyeti nëse isha i zënë apo jo.,other,tatoeba:sqi
Tomi më kërkoi ta zgjoj në orën gjashtë e gjysëm.,other,tatoeba:sqi
Tomi më shkruan të paktën një herë në javë.,other,tatoeba:sqi
"Emri i përhapur në anglisht i pitaja-s, ""fruta dragua"", e pasqyron emrin e saj popullor në shumë gjuhë aziatike.",other,tatoeba:sqi
Ka mijëra pjesëmarrës në ngjarjen e sotme.,other,tatoeba:sqi
Unë hyj në Tatoeba çdo javë.,other,tatoeba:sqi
Unë hyj në Tatoeba një herë në javë.,other,tatoeba:sqi
"Pjesa dërrmuese e kinezëve nuk janë takuar kurrë me të huajt, kështu që u ndihet çuditshëm, si një takim me jashtëtokësorët.",other,tatoeba:sqi
"Sveiks, Tom. Labrīt.",other,tatoeba:lvs
"Sveiks, Džon! Kā tev iet?",other,tatoeba:lvs
"Sveiki, šeit Maiks.",other,tatoeba:lvs
"Sveiks, kā tev klājas?",other,tatoeba:lvs
"Sveiki, es esmu Nensija.",other,tatoeba:lvs
"Visi cilvēki piedzimst brīvi un vienlīdzīgi savā cieņā un tiesībās. Viņiem ir saprāts un sirdsapziņa, un viņiem citam pret citu jāizturas brālības garā.",other,tatoeba:lvs
Kā jums klājas?,other,tatoeba:lvs
Es esmu noguris un vēlos iet gulēt.,other,tatoeba:lvs
"Lai arī es esmu noguris, es strādāšu cītīgi.",other,tatoeba:lvs
Viņš ir nesen atgriezies no Francijas.,other,tatoeba:lvs
Dažkārt suns var būt bīstams dzīvnieks.,other,tatoeba:lvs
Japānā praktiski katrai ģimenei ir veļas mašīna.,other,tatoeba:lvs
Ja vien es būtu jaunāks.,other,tatoeba:lvs
Kur tas notika?,other,tatoeba:lvs
Cilvēks nevar dzīvot mūžīgi.,other,tatoeba:lvs
Es tevi arī mīlu.,other,tatoeba:lvs
Es domāju par tevi.,other,tatoeba:lvs
Mēs esam gluži kā brāļi.,other,tatoeba:lvs
Mēs esam gandrīz kā brāļi.,other,tatoeba:lvs
Daijisen un Daijirin ir ļoti līdzīgi.,other,tatoeba:lvs
"Teikumu tulkošana ""Tatoebā"" ir jautrāka kā mājasdarbu pildīšana.",other,tatoeba:lvs
Tas pieder manam brālim.,other,tatoeba:lvs
Tu pabeidzi mazgāt rokas?,other,tatoeba:lvs
Tu esi dziedātājs.,other,tatoeba:lvs
Viņa ir daudz garāka par mani.,other,tatoeba:lvs
Kurš ir šīs mašīnas īpašnieks?,other,tatoeba:lvs
"Sava ceļojuma uz Zviedriju laikā, es ceru ieraudzīt ziemļbriedi.",other,tatoeba:lvs
"Pēc uzkāpšanas Fuji kalnā, es guvu iedvesmu uzrakstīt dzejoli.",other,tatoeba:lvs
Šī māja un šī zeme ir mana!,other,tatoeba:lvs
Viņa nogāja divdesmit jūdzes dienā.,other,tatoeba:lvs
Suņi nespēj atšķirt krāsas.,other,tatoeba:lvs
Lielveikalā viņa nopirka putekļu sūcēju.,other,tatoeba:lvs
Tu lietas atceries vieglāk kā es.,other,tatoeba:lvs
Paņem papīru un raksti!,other,tatoeba:lvs
Kad tu atgriezies no Londonas?,other,tatoeba:lvs
Es studēju ķīniešu valodu Venēcijas Universitātē.,other,tatoeba:lvs
Ko tu šovasar darīji?,other,tatoeba:lvs
Es nevēlos lasīt šo grāmatu.,other,tatoeba:lvs
Apgūt svešvalodu ir interesanti.,other,tatoeba:lvs
Es neizpildīju savus mājasdarbus.,other,tatoeba:lvs
Mana māte ir traka.,other,tatoeba:lvs
Facebook man nozog daudz laika.,other,tatoeba:lvs
"Viņa brālis ir precējies, bet viņam nav bērnu.",other,tatoeba:lvs
Mana skola ir netālu no stacijas.,other,tatoeba:lvs
Piecu gadu vecumā es jau varēju slēpot.,other,tatoeba:lvs
Es nopirku grāmatu.,other,tatoeba:lvs
"Desmit, divdesmit, trīsdesmit, četrdesmit, piecdesmit, sešdesmit, septiņdesmit, astoņdesmit, deviņdesmit, simts.",other,tatoeba:lvs
Viņa tevi pazīst?,other,tatoeba:lvs
"Viņi nezin, ka esmu japānis.",other,tatoeba:lvs
Man ļoti patīk studēt svešvalodas.,other,tatoeba:lvs
Ko tas nozīmē?,other,tatoeba:lvs
"Ja kāds negrib strādāt, tas lai neēd.",other,tatoeba:lvs
"Nekas nav noslēpts, kas neatklāsies.",other,tatoeba:lvs
"Visi, kas zobenu tver, no zobena ies bojā.",other,tatoeba:lvs
Bezkrāsainas zaļas idejas vētraini guļ.,other,tatoeba:lvs
Mana karote ir ļoti liela!,other,tatoeba:lvs
"Tas ir bīstami, nirt seklā ūdenī.",other,tatoeba:lvs
"Tagad ir labi; ne par smagu, ne par vieglu.",other,tatoeba:lvs
Es klausos šo grupu.,other,tatoeba:lvs
Sūzija spēj rakstīt daudz ātrāk kā es.,other,tatoeba:lvs
Es došos uz veikalu. Tev kaut ko nopirkt ?,other,tatoeba:lvs
Uz skatuves es kļuvu nervozs.,other,tatoeba:lvs
Viņš bija pusdienot kopā ar mums.,other,tatoeba:lvs
Es neatceros cik garš tu esi.,other,tatoeba:lvs
Es mīlu tevi vairāk kā tu mīli mani.,other,tatoeba:lvs
"Piedod, es tevi mīlu.",other,tatoeba:lvs
Es tevi mīlu daudz vairāk kā to varu izteikt vārdos.,other,tatoeba:lvs
Es tevi mīlu.,other,tatoeba:lvs
Viņa man pateica 'Es mīlu tevi'.,other,tatoeba:lvs
Viņš centās rakstīt noveli.,other,tatoeba:lvs
Viņu zināja ikviens ciematā.,other,tatoeba:lvs
"Šī ir māja, kurā es piedzimu.",other,tatoeba:lvs
Vēlme uzņemties atbildību ir brieduma pazīme.,other,tatoeba:lvs
"Pēc manām domām, tas varētu būt grūti atrisināt šo problēmu.",other,tatoeba:lvs
Tu vari viņam uzticēties.,other,tatoeba:lvs
"Protams, ka es tevi atceros, mēs bijām labākie draugi, kad mācījāmies pamatskolā!",other,tatoeba:lvs
Kur tu esi?,other,tatoeba:lvs
Kafija ir tikai remdena.,other,tatoeba:lvs
"Es zinu meiteni, kura vienmēr smaida.",other,tatoeba:lvs
Es vienmēr ceļos sešos.,other,tatoeba:lvs
Viņa bija inteliģenta kā arī skaista.,other,tatoeba:lvs
Tev nav tiesību tiesāt šos cilvēkus.,other,tatoeba:lvs
Tie ir vieni vienīgi meli.,other,tatoeba:lvs
"Viņa apsēdās uz gultas, kad māte pina viņas matus.",other,tatoeba:lvs
"Tas ir acīmredzami, ka tie ir meli!",other,tatoeba:lvs
Vairāk un vairāk studentu pievienojas protestiem.,other,tatoeba:lvs
Es nesaprotu kļūdu.,other,tatoeba:lvs
Mēs labāk paliksim šeit.,other,tatoeba:lvs
Vai es drīkstu jūs pavadīt ?,other,tatoeba:lvs
Kas tev ir svarīgs?,other,tatoeba:lvs
Man ir ērta māja.,other,tatoeba:lvs
Viņš mani pamodināja agri no rīta.,other,tatoeba:lvs
Viņš klusi teica uz redzēšanos.,other,tatoeba:lvs
Viņai ir sens uzvārds.,other,tatoeba:lvs
Nākamā ceturtdiena ir brīvdiena.,other,tatoeba:lvs
Viņa ir zaudējusi visas cerības.,other,tatoeba:lvs
Magdalena un Ania ir labas draudzenes.,other,tatoeba:lvs
Būs jau labi.,other,tatoeba:lvs
Vai tu steidzies?,other,tatoeba:lvs
Ar labu nakti!,other,tatoeba:lvs
Es jūs nesapratu!,other,tatoeba:lvs
Es tā negribēju!,other,tatoeba:lvs
Ar labu nākti!,other,tatoeba:lvs
No kurienes jūs esat?,other,tatoeba:lvs
Priecājos ar Jums iepazīties.,other,tatoeba:lvs
Laimīgs gadījums! Veiksmi!,other,tatoeba:lvs
Uz veselību! Priekā!,other,tatoeba:lvs
Ar vienu valodu nekad nepietiek.,other,tatoeba:lvs
Laimīgu dzimšanas dienu!,other,tatoeba:lvs
Priecīgus Ziemassvētkus un laimīgu Jauno gadu!,other,tatoeba:lvs
Lieciet mani mierā!,other,tatoeba:lvs
Vai jūs vēlaties dejot?,other,tatoeba:lvs
Cik tas maksā?,other,tatoeba:lvs
Vai jūs runājat latviski?,other,tatoeba:lvs
Vai jūs nevarētu Lūdzu to uzrakstīt?,other,tatoeba:lvs
"Lūdzu, pasakiet to vēlreiz!",other,tatoeba:lvs
"Lūdzu, runājiet lēnāk!",other,tatoeba:lvs
Lai jums laba diena!,other,tatoeba:lvs
"Vai te ir kāds, kas māk angļu valodu?",other,tatoeba:lvs
Vai jūs runājat... angliski?,other,tatoeba:lvs
Tas ir pārāk dārgi.,other,tatoeba:lvs
Vai jums ir kas lētāks?,other,tatoeba:lvs
Rēķinā ir kļūda.,other,tatoeba:lvs
Daudz laimes dzimšanas dienā!,other,tatoeba:lvs
"Paldies, man iet labi.",other,tatoeba:lvs
Man nav naudas.,other,tatoeba:lvs
Es esmu pazaudējis savus draugus.,other,tatoeba:lvs
Kur es esmu?,other,tatoeba:lvs
Tev ir skaistas acis.,other,tatoeba:lvs
Ko tu dzersi?,other,tatoeba:lvs
"Vienu alu, ludzu!",other,tatoeba:lvs
Bija patikami tikties.,other,tatoeba:lvs
Es mācos no galvas.,other,tatoeba:lvs
Man tas vēl nav zināms.,other,tatoeba:lvs
Es mācu kādam angļu valodu.,other,tatoeba:lvs
Es paklausos dziesmu.,other,tatoeba:lvs
Tu esi bezgaršīgam.,other,tatoeba:lvs
Es jutos slikti.,other,tatoeba:lvs
"Atvainojiet, cikos tas ir?",other,tatoeba:lvs
Kad būs nākamā ekskursija ar gidu?,other,tatoeba:lvs
Maja Keuc ir laba dziedātāja.,other,tatoeba:lvs
Es mīlu oksitāņu valoda.,other,tatoeba:lvs
Es esmu skolotājs.,other,tatoeba:lvs
Man šodien ir daudz darbu.,other,tatoeba:lvs
Vecs cilvēks nomira no bada.,other,tatoeba:lvs
Es skatos televizoru katru dienu.,other,tatoeba:lvs
Viņš gāž kokus uz kalna.,other,tatoeba:lvs
Es tevi uzaicināšu.,other,tatoeba:lvs
Māte un tēvs ir diezgan nervozi.,other,tatoeba:lvs
Viņā runa es nepamanīju ne piliena jēgas.,other,tatoeba:lvs
Viņa ļoti labi šuj.,other,tatoeba:lvs
Tu par karu vai pret?,other,tatoeba:lvs
Neviens nezin atbildi.,other,tatoeba:lvs
Tā ir mana grāmata.,other,tatoeba:lvs
"Kur vārdi kā upe skrien, tur darba nevar atrast.",other,tatoeba:lvs
Kāda jums ir asins grupa?,other,tatoeba:lvs
Viņa krekls bija pelēks un kaklasaite dzeltena.,other,tatoeba:lvs
Tas ir galds.,other,tatoeba:lvs
Es esmu tik resns.,other,tatoeba:lvs
Viņa atnāca ar viņu?,other,tatoeba:lvs
Tu tiešām neproti peldēt?,other,tatoeba:lvs
Šī vietne ir diezgan noderīga.,other,tatoeba:lvs
"Es zinu, ka Marks slimo.",other,tatoeba:lvs
Bērni spēlēja parkā.,other,tatoeba:lvs
Šodien mākoņu ir vairāk nekā vakar.,other,tatoeba:lvs
Vakar mūs nebija mājās.,other,tatoeba:lvs
Šī grāmata ir par zvaigznēm.,other,tatoeba:lvs
"Lūdzu, dodiet man vēl vienu iespēju.",other,tatoeba:lvs
Mežā dzīvo savvaļas dzīvnieki.,other,tatoeba:lvs
Viņš ir labs advokāts.,other,tatoeba:lvs
Visi ir vienlīdzīgi likuma priekšā.,other,tatoeba:lvs
Es nolēmu kļūt par ārstu.,other,tatoeba:lvs
Mana māsa ļoti labi dzied.,other,tatoeba:lvs
"Dodiet to man, lūdzu.",other,tatoeba:lvs
"Dodiet man glāzi ūdens, lūdzu.",other,tatoeba:lvs
"Lūdzu, ļaujiet man nomierināties.",other,tatoeba:lvs
"Dodiet man paēst, lūdzu.",other,tatoeba:lvs
Tagad tu esi apmierināts?,other,tatoeba:lvs
Kas rīt pieskatīs tavu suni?,other,tatoeba:lvs
Man nepatīk ilgi braucieni ar automašīnu.,other,tatoeba:lvs
Mēs apēdam dažus ābolus.,other,tatoeba:lvs
Cik daudz angļu vārdus tu zini?,other,tatoeba:lvs
Tu ej uz kino?,other,tatoeba:lvs
Es grasos nopirkt savai meitai fotoaparātu.,other,tatoeba:lvs
Muriel tagad 20.,other,tatoeba:lvs
"Interesanti, vai lidmašīna atlidos laikā.",other,tatoeba:lvs
Man ir auksti.,other,tatoeba:lvs
Es ļoti noguru šovakar.,other,tatoeba:lvs
Es tā dzīvot nevaru.,other,tatoeba:lvs
"Mana mamma bieži teica, ka laiks ir nauda.",other,tatoeba:lvs
Vēl joprojām vajag tik daudz izdarīt.,other,tatoeba:lvs
Policijai izdevās atrast likumpārkāpēju.,other,tatoeba:lvs
Neviens nezina patiesību.,other,tatoeba:lvs
Vakar mēs spēlējam tenisu.,other,tatoeba:lvs
Zelts - visvērtīgākais no visiem metāliem.,other,tatoeba:lvs
Kāpēc tu dusmojies?,other,tatoeba:lvs
Tagad viņiem ir trīs bērni.,other,tatoeba:lvs
Viņš izdarīja ļoti vērtīgu atklājumu.,other,tatoeba:lvs
Es zinu Džonu kopš 1976. gada.,other,tatoeba:lvs
Es aizmirsu kā viņu sauc.,other,tatoeba:lvs
Es nevaru aizmirst viņa labsirdību.,other,tatoeba:lvs
Es aizmirsu izslēgt gāzi!,other,tatoeba:lvs
"Es gandrīz aizmirsu, ka tā bija viņa dzimšanas diena.",other,tatoeba:lvs
"Es nezinu viņas vārdu, bet es zinu, kā viņa izskatās.",other,tatoeba:lvs
"Es nezinu par šo lugu, bet es labi zinu tas autoru.",other,tatoeba:lvs
Es nezinu un negribu zināt.,other,tatoeba:lvs
"Nezinot, ko darīt, es nedarīju neko.",other,tatoeba:lvs
"Es nezinu, kad Bobs atbrauca uz Japānu.",other,tatoeba:lvs
"Es nezinu, ko pateikt.",other,tatoeba:lvs
Man nav vārdu.,other,tatoeba:lvs
"Es nezinu, ko teikt.",other,tatoeba:lvs
"Atceries, ka tu esi pīšļi.",other,tatoeba:lvs
"Es atceros, es jau lasīju šo romānu.",other,tatoeba:lvs
Es neatceros tavu vārdu.,other,tatoeba:lvs
Vai tu atceries viņa vārdu?,other,tatoeba:lvs
"Ak, jā, es atceros.",other,tatoeba:lvs
"Atcerieties, ka mēs visi esam vienā laivā.",other,tatoeba:lvs
"Vai tu atceries dienu, kad mēs pirmo reizi satikāmies?",other,tatoeba:lvs
Kā tevi sauc?,other,tatoeba:lvs
Kā Jūs sauc?,other,tatoeba:lvs
Man patīk matemātika.,other,tatoeba:lvs
Viņiem ir vienādi paradumi.,other,tatoeba:lvs
Vai Jums ir bērni?,other,tatoeba:lvs
"Vienīgais, kо tu vari darīt ir - gaidīt.",other,tatoeba:lvs
Vai jums ir svaigas zemenes?,other,tatoeba:lvs
Es nedzeru un nesmēķēju.,other,tatoeba:lvs
Debesīs peldēja mākoņis.,other,tatoeba:lvs
"Es domāju, ka šodien ir pirmdiena.",other,tatoeba:lvs
Vai jums ir dziļš šķīvis zupai?,other,tatoeba:lvs
Es esmu students.,other,tatoeba:lvs
Es gribu zobenu!,other,tatoeba:lvs
"Ārst, man ir sāpes kuņģī.",other,tatoeba:lvs
Tēvs ir drēbnieks.,other,tatoeba:lvs
Japāna atrodas austrumos no Ķīnas.,other,tatoeba:lvs
Ticība dara brīnumus!,other,tatoeba:lvs
Es esmu veģetārietis.,other,tatoeba:lvs
Zemes mēness ir dabīgais pavadonis.,other,tatoeba:lvs
Jūs esat Eiropā!,other,tatoeba:lvs
Viņš ir komiķis.,other,tatoeba:lvs
Es domāju tāpat.,other,tatoeba:lvs
Etiķim ir asa garša.,other,tatoeba:lvs
"Šī ir māja, kurā dzīvo premjerministrs.",other,tatoeba:lvs
Situācija ir nopietna.,other,tatoeba:lvs
Mēs dzīvojam mierā.,other,tatoeba:lvs
Jums ir laba atmiņa.,other,tatoeba:lvs
Kāpēc cilvēki iet uz kino?,other,tatoeba:lvs
Bells izgudroja telefonu.,other,tatoeba:lvs
Man ir sāpes kuņģī.,other,tatoeba:lvs
Elbruss ir augstākais kalns Eiropā.,other,tatoeba:lvs
Viņam patīk spēlēt futbolu.,other,tatoeba:lvs
Viņi šķērsoja robežu.,other,tatoeba:lvs
Cilvēki nevar dzīvot uz Marsa.,other,tatoeba:lvs
Bobs un Toms ir brāļi.,other,tatoeba:lvs
Zirgi ir dzīvnieki.,other,tatoeba:lvs
Es lasu šo grāmatu.,other,tatoeba:lvs
Manā mājā ir sešas istabas.,other,tatoeba:lvs
Mana māte ir uz diētas.,other,tatoeba:lvs
Zeme ir mazāka nekā Saule.,other,tatoeba:lvs
Viņš pieņēma mūsu piedāvājumu.,other,tatoeba:lvs
Ir deviņi miljoni velosipēdu Pekinā.,other,tatoeba:lvs
Viņa iedeva man šīs vecās monētas.,other,tatoeba:lvs
Viņš lūdza tēvam nopirkt velosipēdu.,other,tatoeba:lvs
Vai jūs iesiet ar mums?,other,tatoeba:lvs
Viņš maksā ar kredītkarti.,other,tatoeba:lvs
Šī ir dāvana jums.,other,tatoeba:lvs
Es esmu ļoti laimīgs Gruzijā.,other,tatoeba:lvs
Mana dzimšanas diena ir novembrī.,other,tatoeba:lvs
Viņš pazaudēja savu jauno pulksteni.,other,tatoeba:lvs
Burj Khalīfah pašlaik ir pasaulē augstākais debesskrāpis.,other,tatoeba:lvs
Peters no mušas ziloni vienmēr var izpūst.,other,tatoeba:lvs
Karš ilga divus gadus.,other,tatoeba:lvs
Klusums ir zelta.,other,tatoeba:lvs
Francija ir Rietumeiropas.,other,tatoeba:lvs
Viņš var nokavēt lidmašīnu.,other,tatoeba:lvs
Toms ir labs kaimiņš.,other,tatoeba:lvs
Viņai ir labs rokraksts.,other,tatoeba:lvs
Es esmu noguris.,other,tatoeba:lvs
Viņš iedeva viņam grāmatu.,other,tatoeba:lvs
Šis ezers ir dziļākais Japānā.,other,tatoeba:lvs
Es esmu tavs tēvs.,other,tatoeba:lvs
Es mīlu amerikāņu pārtiku.,other,tatoeba:lvs
Es uzcēlu jaunu māju.,other,tatoeba:lvs
Kad tu esi aizņemts?,other,tatoeba:lvs
Kurš vēlas būt miljonārs?,other,tatoeba:lvs
Kaķis gulēja uz galda.,other,tatoeba:lvs
Vai vēlaties redzēt manus tulkojumus?,other,tatoeba:lvs
Šodien ir svētdiena.,other,tatoeba:lvs
Viņš ir dārznieks.,other,tatoeba:lvs
Tauta sacēlās pret ķēniņu.,other,tatoeba:lvs
Kur ir mans tētis?,other,tatoeba:lvs
Es nevaru pateikt nevienam.,other,tatoeba:lvs
Es nevaru stādīt kokus šeit. Šī zeme ir pārāk sausa.,other,tatoeba:lvs
Es gaidīju desmit minūtes.,other,tatoeba:lvs
Man ir gripa.,other,tatoeba:lvs
Es nevēlos piedalīties ceremonijā.,other,tatoeba:lvs
"Es domāju, ka es pazaudēju savas atslēgas.",other,tatoeba:lvs
Tonijs dzīvo Kobē.,other,tatoeba:lvs
Saule spīd spoži.,other,tatoeba:lvs
Mēs dārzā atradām bruņurupuci.,other,tatoeba:lvs
Vecāki mīl savus bērnus.,other,tatoeba:lvs
